ISO-10303-21;
HEADER;
FILE_DESCRIPTION(('KiCad electronic assembly'),'2;1');
FILE_NAME('pcb  ag.step','2026-10-03T21:20:12',('Pcbnew'),('Kicad'),
  'Open CASCADE STEP processor 7.9','KiCad to STEP converter','Unknown'
  );
FILE_SCHEMA(('AUTOMOTIVE_DESIGN { 1 0 10303 214 1 1 1 1 }'));
ENDSEC;
DATA;
#1 = APPLICATION_PROTOCOL_DEFINITION('international standard',
  'automotive_design',2000,#2);
#2 = APPLICATION_CONTEXT(
  'core data for automotive mechanical design processes');
#3 = SHAPE_DEFINITION_REPRESENTATION(#4,#10);
#4 = PRODUCT_DEFINITION_SHAPE('','',#5);
#5 = PRODUCT_DEFINITION('design','',#6,#9);
#6 = PRODUCT_DEFINITION_FORMATION('','',#7);
#7 = PRODUCT('pcb  ag 1','pcb  ag 1','',(#8));
#8 = PRODUCT_CONTEXT('',#2,'mechanical');
#9 = PRODUCT_DEFINITION_CONTEXT('part definition',#2,'design');
#10 = SHAPE_REPRESENTATION('',(#11,#15,#19,#23,#27,#31,#35,#39,#43,#47,
    #51,#55,#59,#63,#67,#71,#75,#79,#83,#87,#91,#95,#99,#103,#107,#111),
  #115);
#11 = AXIS2_PLACEMENT_3D('',#12,#13,#14);
#12 = CARTESIAN_POINT('',(0.,0.,0.));
#13 = DIRECTION('',(0.,0.,1.));
#14 = DIRECTION('',(1.,0.,-0.));
#15 = AXIS2_PLACEMENT_3D('',#16,#17,#18);
#16 = CARTESIAN_POINT('',(81.55,-80.94,1.595));
#17 = DIRECTION('',(0.,0.,1.));
#18 = DIRECTION('',(1.,0.,0.));
#19 = AXIS2_PLACEMENT_3D('',#20,#21,#22);
#20 = CARTESIAN_POINT('',(86.,-57.,1.595));
#21 = DIRECTION('',(0.,0.,1.));
#22 = DIRECTION('',(1.,0.,0.));
#23 = AXIS2_PLACEMENT_3D('',#24,#25,#26);
#24 = CARTESIAN_POINT('',(96.41,-107.8425,1.595));
#25 = DIRECTION('',(0.,-0.,1.));
#26 = DIRECTION('',(1.110223024625E-16,1.,0.));
#27 = AXIS2_PLACEMENT_3D('',#28,#29,#30);
#28 = CARTESIAN_POINT('',(66.74,-107.9825,1.595));
#29 = DIRECTION('',(0.,-0.,1.));
#30 = DIRECTION('',(1.110223024625E-16,1.,0.));
#31 = AXIS2_PLACEMENT_3D('',#32,#33,#34);
#32 = CARTESIAN_POINT('',(91.45,-62.9075,1.595));
#33 = DIRECTION('',(-0.,0.,1.));
#34 = DIRECTION('',(1.110223024625E-16,-1.,0.));
#35 = AXIS2_PLACEMENT_3D('',#36,#37,#38);
#36 = CARTESIAN_POINT('',(81.78,-107.9625,1.595));
#37 = DIRECTION('',(0.,-0.,1.));
#38 = DIRECTION('',(1.110223024625E-16,1.,0.));
#39 = AXIS2_PLACEMENT_3D('',#40,#41,#42);
#40 = CARTESIAN_POINT('',(76.55,-113.,1.595));
#41 = DIRECTION('',(0.,0.,1.));
#42 = DIRECTION('',(1.,0.,0.));
#43 = AXIS2_PLACEMENT_3D('',#44,#45,#46);
#44 = CARTESIAN_POINT('',(61.55,-113.,1.595));
#45 = DIRECTION('',(0.,0.,1.));
#46 = DIRECTION('',(1.,0.,0.));
#47 = AXIS2_PLACEMENT_3D('',#48,#49,#50);
#48 = CARTESIAN_POINT('',(75.56,-62.98,1.595));
#49 = DIRECTION('',(-0.,0.,1.));
#50 = DIRECTION('',(1.110223024625E-16,-1.,0.));
#51 = AXIS2_PLACEMENT_3D('',#52,#53,#54);
#52 = CARTESIAN_POINT('',(70.,-57.,1.595));
#53 = DIRECTION('',(0.,0.,1.));
#54 = DIRECTION('',(1.,0.,0.));
#55 = AXIS2_PLACEMENT_3D('',#56,#57,#58);
#56 = CARTESIAN_POINT('',(91.55,-113.,1.595));
#57 = DIRECTION('',(0.,0.,1.));
#58 = DIRECTION('',(1.,0.,0.));
#59 = AXIS2_PLACEMENT_3D('',#60,#61,#62);
#60 = CARTESIAN_POINT('',(101.359992,-57.174164,-8.5E-02));
#61 = DIRECTION('',(1.499759782662E-32,1.224646799147E-16,-1.));
#62 = DIRECTION('',(-1.,1.224646799147E-16,0.));
#63 = AXIS2_PLACEMENT_3D('',#64,#65,#66);
#64 = CARTESIAN_POINT('',(111.479056,-80.675,-8.5E-02));
#65 = DIRECTION('',(1.499759782662E-32,1.224646799147E-16,-1.));
#66 = DIRECTION('',(-1.,1.224646799147E-16,0.));
#67 = AXIS2_PLACEMENT_3D('',#68,#69,#70);
#68 = CARTESIAN_POINT('',(111.48,-85.865,-8.5E-02));
#69 = DIRECTION('',(1.499759782662E-32,1.224646799147E-16,-1.));
#70 = DIRECTION('',(-1.,1.224646799147E-16,0.));
#71 = AXIS2_PLACEMENT_3D('',#72,#73,#74);
#72 = CARTESIAN_POINT('',(115.96,-64.315,-8.5E-02));
#73 = DIRECTION('',(1.499759782662E-32,1.224646799147E-16,-1.));
#74 = DIRECTION('',(-1.,1.224646799147E-16,0.));
#75 = AXIS2_PLACEMENT_3D('',#76,#77,#78);
#76 = CARTESIAN_POINT('',(106.7375,-48.22,-8.5E-02));
#77 = DIRECTION('',(1.499759782662E-32,1.224646799147E-16,-1.));
#78 = DIRECTION('',(-1.,1.224646799147E-16,0.));
#79 = AXIS2_PLACEMENT_3D('',#80,#81,#82);
#80 = CARTESIAN_POINT('',(106.529992,-57.019164,-8.5E-02));
#81 = DIRECTION('',(1.499759782662E-32,1.224646799147E-16,-1.));
#82 = DIRECTION('',(-1.,1.224646799147E-16,0.));
#83 = AXIS2_PLACEMENT_3D('',#84,#85,#86);
#84 = CARTESIAN_POINT('',(96.1475,-70.54,-8.5E-02));
#85 = DIRECTION('',(1.499759782662E-32,1.224646799147E-16,-1.));
#86 = DIRECTION('',(-1.,1.224646799147E-16,0.));
#87 = AXIS2_PLACEMENT_3D('',#88,#89,#90);
#88 = CARTESIAN_POINT('',(111.479056,-76.05,-8.5E-02));
#89 = DIRECTION('',(1.499759782662E-32,1.224646799147E-16,-1.));
#90 = DIRECTION('',(-1.,1.224646799147E-16,0.));
#91 = AXIS2_PLACEMENT_3D('',#92,#93,#94);
#92 = CARTESIAN_POINT('',(113.21,-47.3,-8.5E-02));
#93 = DIRECTION('',(1.499759782662E-32,1.224646799147E-16,-1.));
#94 = DIRECTION('',(-1.,1.224646799147E-16,0.));
#95 = AXIS2_PLACEMENT_3D('',#96,#97,#98);
#96 = CARTESIAN_POINT('',(100.44,-75.97,-8.5E-02));
#97 = DIRECTION('',(1.499759782662E-32,1.224646799147E-16,-1.));
#98 = DIRECTION('',(-1.,1.224646799147E-16,0.));
#99 = AXIS2_PLACEMENT_3D('',#100,#101,#102);
#100 = CARTESIAN_POINT('',(97.03,-63.33,-8.5E-02));
#101 = DIRECTION('',(1.499759782662E-32,1.224646799147E-16,-1.));
#102 = DIRECTION('',(-1.,1.224646799147E-16,0.));
#103 = AXIS2_PLACEMENT_3D('',#104,#105,#106);
#104 = CARTESIAN_POINT('',(106.329056,-80.675,-8.5E-02));
#105 = DIRECTION('',(1.499759782662E-32,1.224646799147E-16,-1.));
#106 = DIRECTION('',(-1.,1.224646799147E-16,0.));
#107 = AXIS2_PLACEMENT_3D('',#108,#109,#110);
#108 = CARTESIAN_POINT('',(119.709056,-71.335,-8.5E-02));
#109 = DIRECTION('',(1.499759782662E-32,1.224646799147E-16,-1.));
#110 = DIRECTION('',(-1.,1.224646799147E-16,0.));
#111 = AXIS2_PLACEMENT_3D('',#112,#113,#114);
#112 = CARTESIAN_POINT('',(0.,0.,0.));
#113 = DIRECTION('',(0.,0.,1.));
#114 = DIRECTION('',(1.,0.,-0.));
#115 = ( GEOMETRIC_REPRESENTATION_CONTEXT(3) 
GLOBAL_UNCERTAINTY_ASSIGNED_CONTEXT((#119)) GLOBAL_UNIT_ASSIGNED_CONTEXT
((#116,#117,#118)) REPRESENTATION_CONTEXT('Context #1',
  '3D Context with UNIT and UNCERTAINTY') );
#116 = ( LENGTH_UNIT() NAMED_UNIT(*) SI_UNIT(.MILLI.,.METRE.) );
#117 = ( NAMED_UNIT(*) PLANE_ANGLE_UNIT() SI_UNIT($,.RADIAN.) );
#118 = ( NAMED_UNIT(*) SI_UNIT($,.STERADIAN.) SOLID_ANGLE_UNIT() );
#119 = UNCERTAINTY_MEASURE_WITH_UNIT(LENGTH_MEASURE(1.E-07),#116,
  'distance_accuracy_value','confusion accuracy');
#120 = PRODUCT_RELATED_PRODUCT_CATEGORY('part',$,(#7));
#121 = SHAPE_DEFINITION_REPRESENTATION(#122,#128);
#122 = PRODUCT_DEFINITION_SHAPE('','',#123);
#123 = PRODUCT_DEFINITION('design','',#124,#127);
#124 = PRODUCT_DEFINITION_FORMATION('','',#125);
#125 = PRODUCT('PinHeader_1x05_P2.54mm_Vertical',
  'PinHeader_1x05_P2.54mm_Vertical','',(#126));
#126 = PRODUCT_CONTEXT('',#2,'mechanical');
#127 = PRODUCT_DEFINITION_CONTEXT('part definition',#2,'design');
#128 = SHAPE_REPRESENTATION('',(#11,#129),#133);
#129 = AXIS2_PLACEMENT_3D('',#130,#131,#132);
#130 = CARTESIAN_POINT('',(0.,0.,0.));
#131 = DIRECTION('',(0.,0.,1.));
#132 = DIRECTION('',(1.,0.,-0.));
#133 = ( GEOMETRIC_REPRESENTATION_CONTEXT(3) 
GLOBAL_UNCERTAINTY_ASSIGNED_CONTEXT((#137)) GLOBAL_UNIT_ASSIGNED_CONTEXT
((#134,#135,#136)) REPRESENTATION_CONTEXT('Context #1',
  '3D Context with UNIT and UNCERTAINTY') );
#134 = ( LENGTH_UNIT() NAMED_UNIT(*) SI_UNIT(.MILLI.,.METRE.) );
#135 = ( NAMED_UNIT(*) PLANE_ANGLE_UNIT() SI_UNIT($,.RADIAN.) );
#136 = ( NAMED_UNIT(*) SI_UNIT($,.STERADIAN.) SOLID_ANGLE_UNIT() );
#137 = UNCERTAINTY_MEASURE_WITH_UNIT(LENGTH_MEASURE(1.E-07),#134,
  'distance_accuracy_value','confusion accuracy');
#138 = CONTEXT_DEPENDENT_SHAPE_REPRESENTATION(#139,#141);
#139 = ( REPRESENTATION_RELATIONSHIP('','',#128,#10) 
REPRESENTATION_RELATIONSHIP_WITH_TRANSFORMATION(#140) 
SHAPE_REPRESENTATION_RELATIONSHIP() );
#140 = ITEM_DEFINED_TRANSFORMATION('','',#11,#15);
#141 = PRODUCT_DEFINITION_SHAPE('Placement','Placement of an item',#142
  );
#142 = NEXT_ASSEMBLY_USAGE_OCCURRENCE('2','J2','',#5,#123,$);
#143 = PRODUCT_RELATED_PRODUCT_CATEGORY('part',$,(#125));
#144 = SHAPE_DEFINITION_REPRESENTATION(#145,#151);
#145 = PRODUCT_DEFINITION_SHAPE('','',#146);
#146 = PRODUCT_DEFINITION('design','',#147,#150);
#147 = PRODUCT_DEFINITION_FORMATION('','',#148);
#148 = PRODUCT('PinHeader_1x05_P254mm_Vertical',
  'PinHeader_1x05_P254mm_Vertical','',(#149));
#149 = PRODUCT_CONTEXT('',#2,'mechanical');
#150 = PRODUCT_DEFINITION_CONTEXT('part definition',#2,'design');
#151 = ADVANCED_BREP_SHAPE_REPRESENTATION('',(#11,#152),#3606);
#152 = MANIFOLD_SOLID_BREP('',#153);
#153 = CLOSED_SHELL('',(#154,#194,#225,#256,#667,#1078,#1095,#1112,#1129
    ,#1146,#1163,#1180,#1197,#1214,#1231,#1248,#1265,#1282,#1299,#1316,
    #1333,#1350,#1367,#1384,#1401,#1418,#1435,#1452,#1469,#1486,#1503,
    #1520,#1537,#1554,#1566,#1597,#1621,#1645,#1662,#1693,#1717,#1741,
    #1758,#1789,#1813,#1837,#1854,#1885,#1909,#1933,#1950,#1981,#2005,
    #2029,#2046,#2077,#2101,#2125,#2142,#2173,#2197,#2221,#2238,#2269,
    #2293,#2317,#2334,#2365,#2389,#2413,#2430,#2461,#2485,#2509,#2526,
    #2557,#2581,#2605,#2622,#2653,#2677,#2701,#2718,#2749,#2773,#2797,
    #2814,#2845,#2869,#2893,#2910,#2941,#2965,#2989,#3006,#3037,#3061,
    #3085,#3102,#3133,#3157,#3181,#3198,#3229,#3253,#3277,#3294,#3325,
    #3349,#3373,#3390,#3421,#3445,#3469,#3486,#3498,#3510,#3522,#3534,
    #3546,#3558,#3570,#3582,#3594));
#154 = ADVANCED_FACE('',(#155),#189,.F.);
#155 = FACE_BOUND('',#156,.F.);
#156 = EDGE_LOOP('',(#157,#167,#175,#183));
#157 = ORIENTED_EDGE('',*,*,#158,.T.);
#158 = EDGE_CURVE('',#159,#161,#163,.T.);
#159 = VERTEX_POINT('',#160);
#160 = CARTESIAN_POINT('',(-1.016,1.27,0.));
#161 = VERTEX_POINT('',#162);
#162 = CARTESIAN_POINT('',(-1.016,1.27,2.54));
#163 = LINE('',#164,#165);
#164 = CARTESIAN_POINT('',(-1.016,1.27,0.));
#165 = VECTOR('',#166,1.);
#166 = DIRECTION('',(0.,0.,1.));
#167 = ORIENTED_EDGE('',*,*,#168,.T.);
#168 = EDGE_CURVE('',#161,#169,#171,.T.);
#169 = VERTEX_POINT('',#170);
#170 = CARTESIAN_POINT('',(-1.27,1.016,2.54));
#171 = LINE('',#172,#173);
#172 = CARTESIAN_POINT('',(-1.016,1.27,2.54));
#173 = VECTOR('',#174,1.);
#174 = DIRECTION('',(-0.707106781187,-0.707106781187,0.));
#175 = ORIENTED_EDGE('',*,*,#176,.F.);
#176 = EDGE_CURVE('',#177,#169,#179,.T.);
#177 = VERTEX_POINT('',#178);
#178 = CARTESIAN_POINT('',(-1.27,1.016,0.));
#179 = LINE('',#180,#181);
#180 = CARTESIAN_POINT('',(-1.27,1.016,0.));
#181 = VECTOR('',#182,1.);
#182 = DIRECTION('',(0.,0.,1.));
#183 = ORIENTED_EDGE('',*,*,#184,.F.);
#184 = EDGE_CURVE('',#159,#177,#185,.T.);
#185 = LINE('',#186,#187);
#186 = CARTESIAN_POINT('',(-1.016,1.27,0.));
#187 = VECTOR('',#188,1.);
#188 = DIRECTION('',(-0.707106781187,-0.707106781187,0.));
#189 = PLANE('',#190);
#190 = AXIS2_PLACEMENT_3D('',#191,#192,#193);
#191 = CARTESIAN_POINT('',(-1.016,1.27,0.));
#192 = DIRECTION('',(0.707106781187,-0.707106781187,0.));
#193 = DIRECTION('',(-0.707106781187,-0.707106781187,0.));
#194 = ADVANCED_FACE('',(#195),#220,.F.);
#195 = FACE_BOUND('',#196,.F.);
#196 = EDGE_LOOP('',(#197,#207,#213,#214));
#197 = ORIENTED_EDGE('',*,*,#198,.T.);
#198 = EDGE_CURVE('',#199,#201,#203,.T.);
#199 = VERTEX_POINT('',#200);
#200 = CARTESIAN_POINT('',(1.016,1.27,0.));
#201 = VERTEX_POINT('',#202);
#202 = CARTESIAN_POINT('',(1.016,1.27,2.54));
#203 = LINE('',#204,#205);
#204 = CARTESIAN_POINT('',(1.016,1.27,0.));
#205 = VECTOR('',#206,1.);
#206 = DIRECTION('',(0.,0.,1.));
#207 = ORIENTED_EDGE('',*,*,#208,.T.);
#208 = EDGE_CURVE('',#201,#161,#209,.T.);
#209 = LINE('',#210,#211);
#210 = CARTESIAN_POINT('',(1.016,1.27,2.54));
#211 = VECTOR('',#212,1.);
#212 = DIRECTION('',(-1.,0.,0.));
#213 = ORIENTED_EDGE('',*,*,#158,.F.);
#214 = ORIENTED_EDGE('',*,*,#215,.F.);
#215 = EDGE_CURVE('',#199,#159,#216,.T.);
#216 = LINE('',#217,#218);
#217 = CARTESIAN_POINT('',(1.016,1.27,0.));
#218 = VECTOR('',#219,1.);
#219 = DIRECTION('',(-1.,0.,0.));
#220 = PLANE('',#221);
#221 = AXIS2_PLACEMENT_3D('',#222,#223,#224);
#222 = CARTESIAN_POINT('',(1.016,1.27,0.));
#223 = DIRECTION('',(0.,-1.,0.));
#224 = DIRECTION('',(-1.,0.,0.));
#225 = ADVANCED_FACE('',(#226),#251,.F.);
#226 = FACE_BOUND('',#227,.F.);
#227 = EDGE_LOOP('',(#228,#229,#237,#245));
#228 = ORIENTED_EDGE('',*,*,#176,.T.);
#229 = ORIENTED_EDGE('',*,*,#230,.T.);
#230 = EDGE_CURVE('',#169,#231,#233,.T.);
#231 = VERTEX_POINT('',#232);
#232 = CARTESIAN_POINT('',(-1.27,-1.016,2.54));
#233 = LINE('',#234,#235);
#234 = CARTESIAN_POINT('',(-1.27,1.016,2.54));
#235 = VECTOR('',#236,1.);
#236 = DIRECTION('',(0.,-1.,0.));
#237 = ORIENTED_EDGE('',*,*,#238,.F.);
#238 = EDGE_CURVE('',#239,#231,#241,.T.);
#239 = VERTEX_POINT('',#240);
#240 = CARTESIAN_POINT('',(-1.27,-1.016,0.));
#241 = LINE('',#242,#243);
#242 = CARTESIAN_POINT('',(-1.27,-1.016,0.));
#243 = VECTOR('',#244,1.);
#244 = DIRECTION('',(0.,0.,1.));
#245 = ORIENTED_EDGE('',*,*,#246,.F.);
#246 = EDGE_CURVE('',#177,#239,#247,.T.);
#247 = LINE('',#248,#249);
#248 = CARTESIAN_POINT('',(-1.27,1.016,0.));
#249 = VECTOR('',#250,1.);
#250 = DIRECTION('',(0.,-1.,0.));
#251 = PLANE('',#252);
#252 = AXIS2_PLACEMENT_3D('',#253,#254,#255);
#253 = CARTESIAN_POINT('',(-1.27,1.016,0.));
#254 = DIRECTION('',(1.,0.,0.));
#255 = DIRECTION('',(0.,-1.,0.));
#256 = ADVANCED_FACE('',(#257,#492,#526,#560,#594,#628),#662,.F.);
#257 = FACE_BOUND('',#258,.F.);
#258 = EDGE_LOOP('',(#259,#260,#261,#269,#277,#285,#293,#301,#309,#317,
    #325,#333,#341,#349,#357,#365,#373,#381,#389,#397,#405,#413,#421,
    #429,#437,#445,#453,#461,#469,#477,#485,#491));
#259 = ORIENTED_EDGE('',*,*,#184,.T.);
#260 = ORIENTED_EDGE('',*,*,#246,.T.);
#261 = ORIENTED_EDGE('',*,*,#262,.T.);
#262 = EDGE_CURVE('',#239,#263,#265,.T.);
#263 = VERTEX_POINT('',#264);
#264 = CARTESIAN_POINT('',(-1.016,-1.27,0.));
#265 = LINE('',#266,#267);
#266 = CARTESIAN_POINT('',(-1.27,-1.016,0.));
#267 = VECTOR('',#268,1.);
#268 = DIRECTION('',(0.707106781187,-0.707106781187,0.));
#269 = ORIENTED_EDGE('',*,*,#270,.T.);
#270 = EDGE_CURVE('',#263,#271,#273,.T.);
#271 = VERTEX_POINT('',#272);
#272 = CARTESIAN_POINT('',(-1.27,-1.524,0.));
#273 = LINE('',#274,#275);
#274 = CARTESIAN_POINT('',(-1.016,-1.27,0.));
#275 = VECTOR('',#276,1.);
#276 = DIRECTION('',(-0.707106781187,-0.707106781187,0.));
#277 = ORIENTED_EDGE('',*,*,#278,.T.);
#278 = EDGE_CURVE('',#271,#279,#281,.T.);
#279 = VERTEX_POINT('',#280);
#280 = CARTESIAN_POINT('',(-1.27,-3.556,0.));
#281 = LINE('',#282,#283);
#282 = CARTESIAN_POINT('',(-1.27,-1.524,0.));
#283 = VECTOR('',#284,1.);
#284 = DIRECTION('',(0.,-1.,0.));
#285 = ORIENTED_EDGE('',*,*,#286,.T.);
#286 = EDGE_CURVE('',#279,#287,#289,.T.);
#287 = VERTEX_POINT('',#288);
#288 = CARTESIAN_POINT('',(-1.016,-3.81,0.));
#289 = LINE('',#290,#291);
#290 = CARTESIAN_POINT('',(-1.27,-3.556,0.));
#291 = VECTOR('',#292,1.);
#292 = DIRECTION('',(0.707106781187,-0.707106781187,0.));
#293 = ORIENTED_EDGE('',*,*,#294,.T.);
#294 = EDGE_CURVE('',#287,#295,#297,.T.);
#295 = VERTEX_POINT('',#296);
#296 = CARTESIAN_POINT('',(-1.27,-4.064,0.));
#297 = LINE('',#298,#299);
#298 = CARTESIAN_POINT('',(-1.016,-3.81,0.));
#299 = VECTOR('',#300,1.);
#300 = DIRECTION('',(-0.707106781187,-0.707106781187,0.));
#301 = ORIENTED_EDGE('',*,*,#302,.T.);
#302 = EDGE_CURVE('',#295,#303,#305,.T.);
#303 = VERTEX_POINT('',#304);
#304 = CARTESIAN_POINT('',(-1.27,-6.096,0.));
#305 = LINE('',#306,#307);
#306 = CARTESIAN_POINT('',(-1.27,-4.064,0.));
#307 = VECTOR('',#308,1.);
#308 = DIRECTION('',(0.,-1.,0.));
#309 = ORIENTED_EDGE('',*,*,#310,.T.);
#310 = EDGE_CURVE('',#303,#311,#313,.T.);
#311 = VERTEX_POINT('',#312);
#312 = CARTESIAN_POINT('',(-1.016,-6.35,0.));
#313 = LINE('',#314,#315);
#314 = CARTESIAN_POINT('',(-1.27,-6.096,0.));
#315 = VECTOR('',#316,1.);
#316 = DIRECTION('',(0.707106781187,-0.707106781187,0.));
#317 = ORIENTED_EDGE('',*,*,#318,.T.);
#318 = EDGE_CURVE('',#311,#319,#321,.T.);
#319 = VERTEX_POINT('',#320);
#320 = CARTESIAN_POINT('',(-1.27,-6.604,0.));
#321 = LINE('',#322,#323);
#322 = CARTESIAN_POINT('',(-1.016,-6.35,0.));
#323 = VECTOR('',#324,1.);
#324 = DIRECTION('',(-0.707106781187,-0.707106781187,0.));
#325 = ORIENTED_EDGE('',*,*,#326,.T.);
#326 = EDGE_CURVE('',#319,#327,#329,.T.);
#327 = VERTEX_POINT('',#328);
#328 = CARTESIAN_POINT('',(-1.27,-8.636,0.));
#329 = LINE('',#330,#331);
#330 = CARTESIAN_POINT('',(-1.27,-6.604,0.));
#331 = VECTOR('',#332,1.);
#332 = DIRECTION('',(0.,-1.,0.));
#333 = ORIENTED_EDGE('',*,*,#334,.T.);
#334 = EDGE_CURVE('',#327,#335,#337,.T.);
#335 = VERTEX_POINT('',#336);
#336 = CARTESIAN_POINT('',(-1.016,-8.89,0.));
#337 = LINE('',#338,#339);
#338 = CARTESIAN_POINT('',(-1.27,-8.636,0.));
#339 = VECTOR('',#340,1.);
#340 = DIRECTION('',(0.707106781187,-0.707106781187,0.));
#341 = ORIENTED_EDGE('',*,*,#342,.T.);
#342 = EDGE_CURVE('',#335,#343,#345,.T.);
#343 = VERTEX_POINT('',#344);
#344 = CARTESIAN_POINT('',(-1.27,-9.144,0.));
#345 = LINE('',#346,#347);
#346 = CARTESIAN_POINT('',(-1.016,-8.89,0.));
#347 = VECTOR('',#348,1.);
#348 = DIRECTION('',(-0.707106781187,-0.707106781187,0.));
#349 = ORIENTED_EDGE('',*,*,#350,.T.);
#350 = EDGE_CURVE('',#343,#351,#353,.T.);
#351 = VERTEX_POINT('',#352);
#352 = CARTESIAN_POINT('',(-1.27,-11.176,0.));
#353 = LINE('',#354,#355);
#354 = CARTESIAN_POINT('',(-1.27,-9.144,0.));
#355 = VECTOR('',#356,1.);
#356 = DIRECTION('',(0.,-1.,0.));
#357 = ORIENTED_EDGE('',*,*,#358,.T.);
#358 = EDGE_CURVE('',#351,#359,#361,.T.);
#359 = VERTEX_POINT('',#360);
#360 = CARTESIAN_POINT('',(-1.016,-11.43,0.));
#361 = LINE('',#362,#363);
#362 = CARTESIAN_POINT('',(-1.27,-11.176,0.));
#363 = VECTOR('',#364,1.);
#364 = DIRECTION('',(0.707106781187,-0.707106781187,0.));
#365 = ORIENTED_EDGE('',*,*,#366,.T.);
#366 = EDGE_CURVE('',#359,#367,#369,.T.);
#367 = VERTEX_POINT('',#368);
#368 = CARTESIAN_POINT('',(1.016,-11.43,0.));
#369 = LINE('',#370,#371);
#370 = CARTESIAN_POINT('',(-1.016,-11.43,0.));
#371 = VECTOR('',#372,1.);
#372 = DIRECTION('',(1.,0.,0.));
#373 = ORIENTED_EDGE('',*,*,#374,.T.);
#374 = EDGE_CURVE('',#367,#375,#377,.T.);
#375 = VERTEX_POINT('',#376);
#376 = CARTESIAN_POINT('',(1.27,-11.176,0.));
#377 = LINE('',#378,#379);
#378 = CARTESIAN_POINT('',(1.016,-11.43,0.));
#379 = VECTOR('',#380,1.);
#380 = DIRECTION('',(0.707106781187,0.707106781187,0.));
#381 = ORIENTED_EDGE('',*,*,#382,.T.);
#382 = EDGE_CURVE('',#375,#383,#385,.T.);
#383 = VERTEX_POINT('',#384);
#384 = CARTESIAN_POINT('',(1.27,-9.144,0.));
#385 = LINE('',#386,#387);
#386 = CARTESIAN_POINT('',(1.27,-11.176,0.));
#387 = VECTOR('',#388,1.);
#388 = DIRECTION('',(0.,1.,0.));
#389 = ORIENTED_EDGE('',*,*,#390,.T.);
#390 = EDGE_CURVE('',#383,#391,#393,.T.);
#391 = VERTEX_POINT('',#392);
#392 = CARTESIAN_POINT('',(1.016,-8.89,0.));
#393 = LINE('',#394,#395);
#394 = CARTESIAN_POINT('',(1.27,-9.144,0.));
#395 = VECTOR('',#396,1.);
#396 = DIRECTION('',(-0.707106781187,0.707106781187,0.));
#397 = ORIENTED_EDGE('',*,*,#398,.T.);
#398 = EDGE_CURVE('',#391,#399,#401,.T.);
#399 = VERTEX_POINT('',#400);
#400 = CARTESIAN_POINT('',(1.27,-8.636,0.));
#401 = LINE('',#402,#403);
#402 = CARTESIAN_POINT('',(1.016,-8.89,0.));
#403 = VECTOR('',#404,1.);
#404 = DIRECTION('',(0.707106781187,0.707106781187,0.));
#405 = ORIENTED_EDGE('',*,*,#406,.T.);
#406 = EDGE_CURVE('',#399,#407,#409,.T.);
#407 = VERTEX_POINT('',#408);
#408 = CARTESIAN_POINT('',(1.27,-6.604,0.));
#409 = LINE('',#410,#411);
#410 = CARTESIAN_POINT('',(1.27,-8.636,0.));
#411 = VECTOR('',#412,1.);
#412 = DIRECTION('',(0.,1.,0.));
#413 = ORIENTED_EDGE('',*,*,#414,.T.);
#414 = EDGE_CURVE('',#407,#415,#417,.T.);
#415 = VERTEX_POINT('',#416);
#416 = CARTESIAN_POINT('',(1.016,-6.35,0.));
#417 = LINE('',#418,#419);
#418 = CARTESIAN_POINT('',(1.27,-6.604,0.));
#419 = VECTOR('',#420,1.);
#420 = DIRECTION('',(-0.707106781187,0.707106781187,0.));
#421 = ORIENTED_EDGE('',*,*,#422,.T.);
#422 = EDGE_CURVE('',#415,#423,#425,.T.);
#423 = VERTEX_POINT('',#424);
#424 = CARTESIAN_POINT('',(1.27,-6.096,0.));
#425 = LINE('',#426,#427);
#426 = CARTESIAN_POINT('',(1.016,-6.35,0.));
#427 = VECTOR('',#428,1.);
#428 = DIRECTION('',(0.707106781187,0.707106781187,0.));
#429 = ORIENTED_EDGE('',*,*,#430,.T.);
#430 = EDGE_CURVE('',#423,#431,#433,.T.);
#431 = VERTEX_POINT('',#432);
#432 = CARTESIAN_POINT('',(1.27,-4.064,0.));
#433 = LINE('',#434,#435);
#434 = CARTESIAN_POINT('',(1.27,-6.096,0.));
#435 = VECTOR('',#436,1.);
#436 = DIRECTION('',(0.,1.,0.));
#437 = ORIENTED_EDGE('',*,*,#438,.T.);
#438 = EDGE_CURVE('',#431,#439,#441,.T.);
#439 = VERTEX_POINT('',#440);
#440 = CARTESIAN_POINT('',(1.016,-3.81,0.));
#441 = LINE('',#442,#443);
#442 = CARTESIAN_POINT('',(1.27,-4.064,0.));
#443 = VECTOR('',#444,1.);
#444 = DIRECTION('',(-0.707106781187,0.707106781187,0.));
#445 = ORIENTED_EDGE('',*,*,#446,.T.);
#446 = EDGE_CURVE('',#439,#447,#449,.T.);
#447 = VERTEX_POINT('',#448);
#448 = CARTESIAN_POINT('',(1.27,-3.556,0.));
#449 = LINE('',#450,#451);
#450 = CARTESIAN_POINT('',(1.016,-3.81,0.));
#451 = VECTOR('',#452,1.);
#452 = DIRECTION('',(0.707106781187,0.707106781187,0.));
#453 = ORIENTED_EDGE('',*,*,#454,.T.);
#454 = EDGE_CURVE('',#447,#455,#457,.T.);
#455 = VERTEX_POINT('',#456);
#456 = CARTESIAN_POINT('',(1.27,-1.524,0.));
#457 = LINE('',#458,#459);
#458 = CARTESIAN_POINT('',(1.27,-3.556,0.));
#459 = VECTOR('',#460,1.);
#460 = DIRECTION('',(0.,1.,0.));
#461 = ORIENTED_EDGE('',*,*,#462,.T.);
#462 = EDGE_CURVE('',#455,#463,#465,.T.);
#463 = VERTEX_POINT('',#464);
#464 = CARTESIAN_POINT('',(1.016,-1.27,0.));
#465 = LINE('',#466,#467);
#466 = CARTESIAN_POINT('',(1.27,-1.524,0.));
#467 = VECTOR('',#468,1.);
#468 = DIRECTION('',(-0.707106781187,0.707106781187,0.));
#469 = ORIENTED_EDGE('',*,*,#470,.T.);
#470 = EDGE_CURVE('',#463,#471,#473,.T.);
#471 = VERTEX_POINT('',#472);
#472 = CARTESIAN_POINT('',(1.27,-1.016,0.));
#473 = LINE('',#474,#475);
#474 = CARTESIAN_POINT('',(1.016,-1.27,0.));
#475 = VECTOR('',#476,1.);
#476 = DIRECTION('',(0.707106781187,0.707106781187,0.));
#477 = ORIENTED_EDGE('',*,*,#478,.T.);
#478 = EDGE_CURVE('',#471,#479,#481,.T.);
#479 = VERTEX_POINT('',#480);
#480 = CARTESIAN_POINT('',(1.27,1.016,0.));
#481 = LINE('',#482,#483);
#482 = CARTESIAN_POINT('',(1.27,-1.016,0.));
#483 = VECTOR('',#484,1.);
#484 = DIRECTION('',(0.,1.,0.));
#485 = ORIENTED_EDGE('',*,*,#486,.T.);
#486 = EDGE_CURVE('',#479,#199,#487,.T.);
#487 = LINE('',#488,#489);
#488 = CARTESIAN_POINT('',(1.27,1.016,0.));
#489 = VECTOR('',#490,1.);
#490 = DIRECTION('',(-0.707106781187,0.707106781187,0.));
#491 = ORIENTED_EDGE('',*,*,#215,.T.);
#492 = FACE_BOUND('',#493,.F.);
#493 = EDGE_LOOP('',(#494,#504,#512,#520));
#494 = ORIENTED_EDGE('',*,*,#495,.F.);
#495 = EDGE_CURVE('',#496,#498,#500,.T.);
#496 = VERTEX_POINT('',#497);
#497 = CARTESIAN_POINT('',(0.32,-0.32,0.));
#498 = VERTEX_POINT('',#499);
#499 = CARTESIAN_POINT('',(0.32,0.32,0.));
#500 = LINE('',#501,#502);
#501 = CARTESIAN_POINT('',(0.32,-2.7,0.));
#502 = VECTOR('',#503,1.);
#503 = DIRECTION('',(0.,1.,0.));
#504 = ORIENTED_EDGE('',*,*,#505,.T.);
#505 = EDGE_CURVE('',#496,#506,#508,.T.);
#506 = VERTEX_POINT('',#507);
#507 = CARTESIAN_POINT('',(-0.32,-0.32,0.));
#508 = LINE('',#509,#510);
#509 = CARTESIAN_POINT('',(-0.16,-0.32,0.));
#510 = VECTOR('',#511,1.);
#511 = DIRECTION('',(-1.,0.,0.));
#512 = ORIENTED_EDGE('',*,*,#513,.T.);
#513 = EDGE_CURVE('',#506,#514,#516,.T.);
#514 = VERTEX_POINT('',#515);
#515 = CARTESIAN_POINT('',(-0.32,0.32,0.));
#516 = LINE('',#517,#518);
#517 = CARTESIAN_POINT('',(-0.32,-2.7,0.));
#518 = VECTOR('',#519,1.);
#519 = DIRECTION('',(0.,1.,0.));
#520 = ORIENTED_EDGE('',*,*,#521,.F.);
#521 = EDGE_CURVE('',#498,#514,#522,.T.);
#522 = LINE('',#523,#524);
#523 = CARTESIAN_POINT('',(-0.16,0.32,0.));
#524 = VECTOR('',#525,1.);
#525 = DIRECTION('',(-1.,0.,0.));
#526 = FACE_BOUND('',#527,.F.);
#527 = EDGE_LOOP('',(#528,#538,#546,#554));
#528 = ORIENTED_EDGE('',*,*,#529,.F.);
#529 = EDGE_CURVE('',#530,#532,#534,.T.);
#530 = VERTEX_POINT('',#531);
#531 = CARTESIAN_POINT('',(0.32,-2.22,0.));
#532 = VERTEX_POINT('',#533);
#533 = CARTESIAN_POINT('',(-0.32,-2.22,0.));
#534 = LINE('',#535,#536);
#535 = CARTESIAN_POINT('',(-0.16,-2.22,0.));
#536 = VECTOR('',#537,1.);
#537 = DIRECTION('',(-1.,0.,0.));
#538 = ORIENTED_EDGE('',*,*,#539,.F.);
#539 = EDGE_CURVE('',#540,#530,#542,.T.);
#540 = VERTEX_POINT('',#541);
#541 = CARTESIAN_POINT('',(0.32,-2.86,0.));
#542 = LINE('',#543,#544);
#543 = CARTESIAN_POINT('',(0.32,-3.97,0.));
#544 = VECTOR('',#545,1.);
#545 = DIRECTION('',(0.,1.,0.));
#546 = ORIENTED_EDGE('',*,*,#547,.T.);
#547 = EDGE_CURVE('',#540,#548,#550,.T.);
#548 = VERTEX_POINT('',#549);
#549 = CARTESIAN_POINT('',(-0.32,-2.86,0.));
#550 = LINE('',#551,#552);
#551 = CARTESIAN_POINT('',(-0.16,-2.86,0.));
#552 = VECTOR('',#553,1.);
#553 = DIRECTION('',(-1.,0.,0.));
#554 = ORIENTED_EDGE('',*,*,#555,.T.);
#555 = EDGE_CURVE('',#548,#532,#556,.T.);
#556 = LINE('',#557,#558);
#557 = CARTESIAN_POINT('',(-0.32,-3.97,0.));
#558 = VECTOR('',#559,1.);
#559 = DIRECTION('',(0.,1.,0.));
#560 = FACE_BOUND('',#561,.F.);
#561 = EDGE_LOOP('',(#562,#572,#580,#588));
#562 = ORIENTED_EDGE('',*,*,#563,.F.);
#563 = EDGE_CURVE('',#564,#566,#568,.T.);
#564 = VERTEX_POINT('',#565);
#565 = CARTESIAN_POINT('',(0.32,-4.76,0.));
#566 = VERTEX_POINT('',#567);
#567 = CARTESIAN_POINT('',(-0.32,-4.76,0.));
#568 = LINE('',#569,#570);
#569 = CARTESIAN_POINT('',(-0.16,-4.76,0.));
#570 = VECTOR('',#571,1.);
#571 = DIRECTION('',(-1.,0.,0.));
#572 = ORIENTED_EDGE('',*,*,#573,.F.);
#573 = EDGE_CURVE('',#574,#564,#576,.T.);
#574 = VERTEX_POINT('',#575);
#575 = CARTESIAN_POINT('',(0.32,-5.4,0.));
#576 = LINE('',#577,#578);
#577 = CARTESIAN_POINT('',(0.32,-5.24,0.));
#578 = VECTOR('',#579,1.);
#579 = DIRECTION('',(0.,1.,0.));
#580 = ORIENTED_EDGE('',*,*,#581,.T.);
#581 = EDGE_CURVE('',#574,#582,#584,.T.);
#582 = VERTEX_POINT('',#583);
#583 = CARTESIAN_POINT('',(-0.32,-5.4,0.));
#584 = LINE('',#585,#586);
#585 = CARTESIAN_POINT('',(-0.16,-5.4,0.));
#586 = VECTOR('',#587,1.);
#587 = DIRECTION('',(-1.,0.,0.));
#588 = ORIENTED_EDGE('',*,*,#589,.T.);
#589 = EDGE_CURVE('',#582,#566,#590,.T.);
#590 = LINE('',#591,#592);
#591 = CARTESIAN_POINT('',(-0.32,-5.24,0.));
#592 = VECTOR('',#593,1.);
#593 = DIRECTION('',(0.,1.,0.));
#594 = FACE_BOUND('',#595,.F.);
#595 = EDGE_LOOP('',(#596,#606,#614,#622));
#596 = ORIENTED_EDGE('',*,*,#597,.F.);
#597 = EDGE_CURVE('',#598,#600,#602,.T.);
#598 = VERTEX_POINT('',#599);
#599 = CARTESIAN_POINT('',(0.32,-9.84,0.));
#600 = VERTEX_POINT('',#601);
#601 = CARTESIAN_POINT('',(-0.32,-9.84,0.));
#602 = LINE('',#603,#604);
#603 = CARTESIAN_POINT('',(-0.16,-9.84,0.));
#604 = VECTOR('',#605,1.);
#605 = DIRECTION('',(-1.,0.,0.));
#606 = ORIENTED_EDGE('',*,*,#607,.F.);
#607 = EDGE_CURVE('',#608,#598,#610,.T.);
#608 = VERTEX_POINT('',#609);
#609 = CARTESIAN_POINT('',(0.32,-10.48,0.));
#610 = LINE('',#611,#612);
#611 = CARTESIAN_POINT('',(0.32,-7.78,0.));
#612 = VECTOR('',#613,1.);
#613 = DIRECTION('',(0.,1.,0.));
#614 = ORIENTED_EDGE('',*,*,#615,.T.);
#615 = EDGE_CURVE('',#608,#616,#618,.T.);
#616 = VERTEX_POINT('',#617);
#617 = CARTESIAN_POINT('',(-0.32,-10.48,0.));
#618 = LINE('',#619,#620);
#619 = CARTESIAN_POINT('',(-0.16,-10.48,0.));
#620 = VECTOR('',#621,1.);
#621 = DIRECTION('',(-1.,0.,0.));
#622 = ORIENTED_EDGE('',*,*,#623,.T.);
#623 = EDGE_CURVE('',#616,#600,#624,.T.);
#624 = LINE('',#625,#626);
#625 = CARTESIAN_POINT('',(-0.32,-7.78,0.));
#626 = VECTOR('',#627,1.);
#627 = DIRECTION('',(0.,1.,0.));
#628 = FACE_BOUND('',#629,.F.);
#629 = EDGE_LOOP('',(#630,#640,#648,#656));
#630 = ORIENTED_EDGE('',*,*,#631,.T.);
#631 = EDGE_CURVE('',#632,#634,#636,.T.);
#632 = VERTEX_POINT('',#633);
#633 = CARTESIAN_POINT('',(0.32,-7.94,0.));
#634 = VERTEX_POINT('',#635);
#635 = CARTESIAN_POINT('',(-0.32,-7.94,0.));
#636 = LINE('',#637,#638);
#637 = CARTESIAN_POINT('',(-0.16,-7.94,0.));
#638 = VECTOR('',#639,1.);
#639 = DIRECTION('',(-1.,0.,0.));
#640 = ORIENTED_EDGE('',*,*,#641,.T.);
#641 = EDGE_CURVE('',#634,#642,#644,.T.);
#642 = VERTEX_POINT('',#643);
#643 = CARTESIAN_POINT('',(-0.32,-7.3,0.));
#644 = LINE('',#645,#646);
#645 = CARTESIAN_POINT('',(-0.32,-6.51,0.));
#646 = VECTOR('',#647,1.);
#647 = DIRECTION('',(0.,1.,0.));
#648 = ORIENTED_EDGE('',*,*,#649,.F.);
#649 = EDGE_CURVE('',#650,#642,#652,.T.);
#650 = VERTEX_POINT('',#651);
#651 = CARTESIAN_POINT('',(0.32,-7.3,0.));
#652 = LINE('',#653,#654);
#653 = CARTESIAN_POINT('',(-0.16,-7.3,0.));
#654 = VECTOR('',#655,1.);
#655 = DIRECTION('',(-1.,0.,0.));
#656 = ORIENTED_EDGE('',*,*,#657,.F.);
#657 = EDGE_CURVE('',#632,#650,#658,.T.);
#658 = LINE('',#659,#660);
#659 = CARTESIAN_POINT('',(0.32,-6.51,0.));
#660 = VECTOR('',#661,1.);
#661 = DIRECTION('',(0.,1.,0.));
#662 = PLANE('',#663);
#663 = AXIS2_PLACEMENT_3D('',#664,#665,#666);
#664 = CARTESIAN_POINT('',(-2.110141571089E-17,-5.08,0.));
#665 = DIRECTION('',(0.,0.,1.));
#666 = DIRECTION('',(1.,0.,-0.));
#667 = ADVANCED_FACE('',(#668,#903,#937,#971,#1005,#1039),#1073,.T.);
#668 = FACE_BOUND('',#669,.T.);
#669 = EDGE_LOOP('',(#670,#671,#672,#680,#688,#696,#704,#712,#720,#728,
    #736,#744,#752,#760,#768,#776,#784,#792,#800,#808,#816,#824,#832,
    #840,#848,#856,#864,#872,#880,#888,#896,#902));
#670 = ORIENTED_EDGE('',*,*,#168,.T.);
#671 = ORIENTED_EDGE('',*,*,#230,.T.);
#672 = ORIENTED_EDGE('',*,*,#673,.T.);
#673 = EDGE_CURVE('',#231,#674,#676,.T.);
#674 = VERTEX_POINT('',#675);
#675 = CARTESIAN_POINT('',(-1.016,-1.27,2.54));
#676 = LINE('',#677,#678);
#677 = CARTESIAN_POINT('',(-1.27,-1.016,2.54));
#678 = VECTOR('',#679,1.);
#679 = DIRECTION('',(0.707106781187,-0.707106781187,0.));
#680 = ORIENTED_EDGE('',*,*,#681,.T.);
#681 = EDGE_CURVE('',#674,#682,#684,.T.);
#682 = VERTEX_POINT('',#683);
#683 = CARTESIAN_POINT('',(-1.27,-1.524,2.54));
#684 = LINE('',#685,#686);
#685 = CARTESIAN_POINT('',(-1.016,-1.27,2.54));
#686 = VECTOR('',#687,1.);
#687 = DIRECTION('',(-0.707106781187,-0.707106781187,0.));
#688 = ORIENTED_EDGE('',*,*,#689,.T.);
#689 = EDGE_CURVE('',#682,#690,#692,.T.);
#690 = VERTEX_POINT('',#691);
#691 = CARTESIAN_POINT('',(-1.27,-3.556,2.54));
#692 = LINE('',#693,#694);
#693 = CARTESIAN_POINT('',(-1.27,-1.524,2.54));
#694 = VECTOR('',#695,1.);
#695 = DIRECTION('',(0.,-1.,0.));
#696 = ORIENTED_EDGE('',*,*,#697,.T.);
#697 = EDGE_CURVE('',#690,#698,#700,.T.);
#698 = VERTEX_POINT('',#699);
#699 = CARTESIAN_POINT('',(-1.016,-3.81,2.54));
#700 = LINE('',#701,#702);
#701 = CARTESIAN_POINT('',(-1.27,-3.556,2.54));
#702 = VECTOR('',#703,1.);
#703 = DIRECTION('',(0.707106781187,-0.707106781187,0.));
#704 = ORIENTED_EDGE('',*,*,#705,.T.);
#705 = EDGE_CURVE('',#698,#706,#708,.T.);
#706 = VERTEX_POINT('',#707);
#707 = CARTESIAN_POINT('',(-1.27,-4.064,2.54));
#708 = LINE('',#709,#710);
#709 = CARTESIAN_POINT('',(-1.016,-3.81,2.54));
#710 = VECTOR('',#711,1.);
#711 = DIRECTION('',(-0.707106781187,-0.707106781187,0.));
#712 = ORIENTED_EDGE('',*,*,#713,.T.);
#713 = EDGE_CURVE('',#706,#714,#716,.T.);
#714 = VERTEX_POINT('',#715);
#715 = CARTESIAN_POINT('',(-1.27,-6.096,2.54));
#716 = LINE('',#717,#718);
#717 = CARTESIAN_POINT('',(-1.27,-4.064,2.54));
#718 = VECTOR('',#719,1.);
#719 = DIRECTION('',(0.,-1.,0.));
#720 = ORIENTED_EDGE('',*,*,#721,.T.);
#721 = EDGE_CURVE('',#714,#722,#724,.T.);
#722 = VERTEX_POINT('',#723);
#723 = CARTESIAN_POINT('',(-1.016,-6.35,2.54));
#724 = LINE('',#725,#726);
#725 = CARTESIAN_POINT('',(-1.27,-6.096,2.54));
#726 = VECTOR('',#727,1.);
#727 = DIRECTION('',(0.707106781187,-0.707106781187,0.));
#728 = ORIENTED_EDGE('',*,*,#729,.T.);
#729 = EDGE_CURVE('',#722,#730,#732,.T.);
#730 = VERTEX_POINT('',#731);
#731 = CARTESIAN_POINT('',(-1.27,-6.604,2.54));
#732 = LINE('',#733,#734);
#733 = CARTESIAN_POINT('',(-1.016,-6.35,2.54));
#734 = VECTOR('',#735,1.);
#735 = DIRECTION('',(-0.707106781187,-0.707106781187,0.));
#736 = ORIENTED_EDGE('',*,*,#737,.T.);
#737 = EDGE_CURVE('',#730,#738,#740,.T.);
#738 = VERTEX_POINT('',#739);
#739 = CARTESIAN_POINT('',(-1.27,-8.636,2.54));
#740 = LINE('',#741,#742);
#741 = CARTESIAN_POINT('',(-1.27,-6.604,2.54));
#742 = VECTOR('',#743,1.);
#743 = DIRECTION('',(0.,-1.,0.));
#744 = ORIENTED_EDGE('',*,*,#745,.T.);
#745 = EDGE_CURVE('',#738,#746,#748,.T.);
#746 = VERTEX_POINT('',#747);
#747 = CARTESIAN_POINT('',(-1.016,-8.89,2.54));
#748 = LINE('',#749,#750);
#749 = CARTESIAN_POINT('',(-1.27,-8.636,2.54));
#750 = VECTOR('',#751,1.);
#751 = DIRECTION('',(0.707106781187,-0.707106781187,0.));
#752 = ORIENTED_EDGE('',*,*,#753,.T.);
#753 = EDGE_CURVE('',#746,#754,#756,.T.);
#754 = VERTEX_POINT('',#755);
#755 = CARTESIAN_POINT('',(-1.27,-9.144,2.54));
#756 = LINE('',#757,#758);
#757 = CARTESIAN_POINT('',(-1.016,-8.89,2.54));
#758 = VECTOR('',#759,1.);
#759 = DIRECTION('',(-0.707106781187,-0.707106781187,0.));
#760 = ORIENTED_EDGE('',*,*,#761,.T.);
#761 = EDGE_CURVE('',#754,#762,#764,.T.);
#762 = VERTEX_POINT('',#763);
#763 = CARTESIAN_POINT('',(-1.27,-11.176,2.54));
#764 = LINE('',#765,#766);
#765 = CARTESIAN_POINT('',(-1.27,-9.144,2.54));
#766 = VECTOR('',#767,1.);
#767 = DIRECTION('',(0.,-1.,0.));
#768 = ORIENTED_EDGE('',*,*,#769,.T.);
#769 = EDGE_CURVE('',#762,#770,#772,.T.);
#770 = VERTEX_POINT('',#771);
#771 = CARTESIAN_POINT('',(-1.016,-11.43,2.54));
#772 = LINE('',#773,#774);
#773 = CARTESIAN_POINT('',(-1.27,-11.176,2.54));
#774 = VECTOR('',#775,1.);
#775 = DIRECTION('',(0.707106781187,-0.707106781187,0.));
#776 = ORIENTED_EDGE('',*,*,#777,.T.);
#777 = EDGE_CURVE('',#770,#778,#780,.T.);
#778 = VERTEX_POINT('',#779);
#779 = CARTESIAN_POINT('',(1.016,-11.43,2.54));
#780 = LINE('',#781,#782);
#781 = CARTESIAN_POINT('',(-1.016,-11.43,2.54));
#782 = VECTOR('',#783,1.);
#783 = DIRECTION('',(1.,0.,0.));
#784 = ORIENTED_EDGE('',*,*,#785,.T.);
#785 = EDGE_CURVE('',#778,#786,#788,.T.);
#786 = VERTEX_POINT('',#787);
#787 = CARTESIAN_POINT('',(1.27,-11.176,2.54));
#788 = LINE('',#789,#790);
#789 = CARTESIAN_POINT('',(1.016,-11.43,2.54));
#790 = VECTOR('',#791,1.);
#791 = DIRECTION('',(0.707106781187,0.707106781187,0.));
#792 = ORIENTED_EDGE('',*,*,#793,.T.);
#793 = EDGE_CURVE('',#786,#794,#796,.T.);
#794 = VERTEX_POINT('',#795);
#795 = CARTESIAN_POINT('',(1.27,-9.144,2.54));
#796 = LINE('',#797,#798);
#797 = CARTESIAN_POINT('',(1.27,-11.176,2.54));
#798 = VECTOR('',#799,1.);
#799 = DIRECTION('',(0.,1.,0.));
#800 = ORIENTED_EDGE('',*,*,#801,.T.);
#801 = EDGE_CURVE('',#794,#802,#804,.T.);
#802 = VERTEX_POINT('',#803);
#803 = CARTESIAN_POINT('',(1.016,-8.89,2.54));
#804 = LINE('',#805,#806);
#805 = CARTESIAN_POINT('',(1.27,-9.144,2.54));
#806 = VECTOR('',#807,1.);
#807 = DIRECTION('',(-0.707106781187,0.707106781187,0.));
#808 = ORIENTED_EDGE('',*,*,#809,.T.);
#809 = EDGE_CURVE('',#802,#810,#812,.T.);
#810 = VERTEX_POINT('',#811);
#811 = CARTESIAN_POINT('',(1.27,-8.636,2.54));
#812 = LINE('',#813,#814);
#813 = CARTESIAN_POINT('',(1.016,-8.89,2.54));
#814 = VECTOR('',#815,1.);
#815 = DIRECTION('',(0.707106781187,0.707106781187,0.));
#816 = ORIENTED_EDGE('',*,*,#817,.T.);
#817 = EDGE_CURVE('',#810,#818,#820,.T.);
#818 = VERTEX_POINT('',#819);
#819 = CARTESIAN_POINT('',(1.27,-6.604,2.54));
#820 = LINE('',#821,#822);
#821 = CARTESIAN_POINT('',(1.27,-8.636,2.54));
#822 = VECTOR('',#823,1.);
#823 = DIRECTION('',(0.,1.,0.));
#824 = ORIENTED_EDGE('',*,*,#825,.T.);
#825 = EDGE_CURVE('',#818,#826,#828,.T.);
#826 = VERTEX_POINT('',#827);
#827 = CARTESIAN_POINT('',(1.016,-6.35,2.54));
#828 = LINE('',#829,#830);
#829 = CARTESIAN_POINT('',(1.27,-6.604,2.54));
#830 = VECTOR('',#831,1.);
#831 = DIRECTION('',(-0.707106781187,0.707106781187,0.));
#832 = ORIENTED_EDGE('',*,*,#833,.T.);
#833 = EDGE_CURVE('',#826,#834,#836,.T.);
#834 = VERTEX_POINT('',#835);
#835 = CARTESIAN_POINT('',(1.27,-6.096,2.54));
#836 = LINE('',#837,#838);
#837 = CARTESIAN_POINT('',(1.016,-6.35,2.54));
#838 = VECTOR('',#839,1.);
#839 = DIRECTION('',(0.707106781187,0.707106781187,0.));
#840 = ORIENTED_EDGE('',*,*,#841,.T.);
#841 = EDGE_CURVE('',#834,#842,#844,.T.);
#842 = VERTEX_POINT('',#843);
#843 = CARTESIAN_POINT('',(1.27,-4.064,2.54));
#844 = LINE('',#845,#846);
#845 = CARTESIAN_POINT('',(1.27,-6.096,2.54));
#846 = VECTOR('',#847,1.);
#847 = DIRECTION('',(0.,1.,0.));
#848 = ORIENTED_EDGE('',*,*,#849,.T.);
#849 = EDGE_CURVE('',#842,#850,#852,.T.);
#850 = VERTEX_POINT('',#851);
#851 = CARTESIAN_POINT('',(1.016,-3.81,2.54));
#852 = LINE('',#853,#854);
#853 = CARTESIAN_POINT('',(1.27,-4.064,2.54));
#854 = VECTOR('',#855,1.);
#855 = DIRECTION('',(-0.707106781187,0.707106781187,0.));
#856 = ORIENTED_EDGE('',*,*,#857,.T.);
#857 = EDGE_CURVE('',#850,#858,#860,.T.);
#858 = VERTEX_POINT('',#859);
#859 = CARTESIAN_POINT('',(1.27,-3.556,2.54));
#860 = LINE('',#861,#862);
#861 = CARTESIAN_POINT('',(1.016,-3.81,2.54));
#862 = VECTOR('',#863,1.);
#863 = DIRECTION('',(0.707106781187,0.707106781187,0.));
#864 = ORIENTED_EDGE('',*,*,#865,.T.);
#865 = EDGE_CURVE('',#858,#866,#868,.T.);
#866 = VERTEX_POINT('',#867);
#867 = CARTESIAN_POINT('',(1.27,-1.524,2.54));
#868 = LINE('',#869,#870);
#869 = CARTESIAN_POINT('',(1.27,-3.556,2.54));
#870 = VECTOR('',#871,1.);
#871 = DIRECTION('',(0.,1.,0.));
#872 = ORIENTED_EDGE('',*,*,#873,.T.);
#873 = EDGE_CURVE('',#866,#874,#876,.T.);
#874 = VERTEX_POINT('',#875);
#875 = CARTESIAN_POINT('',(1.016,-1.27,2.54));
#876 = LINE('',#877,#878);
#877 = CARTESIAN_POINT('',(1.27,-1.524,2.54));
#878 = VECTOR('',#879,1.);
#879 = DIRECTION('',(-0.707106781187,0.707106781187,0.));
#880 = ORIENTED_EDGE('',*,*,#881,.T.);
#881 = EDGE_CURVE('',#874,#882,#884,.T.);
#882 = VERTEX_POINT('',#883);
#883 = CARTESIAN_POINT('',(1.27,-1.016,2.54));
#884 = LINE('',#885,#886);
#885 = CARTESIAN_POINT('',(1.016,-1.27,2.54));
#886 = VECTOR('',#887,1.);
#887 = DIRECTION('',(0.707106781187,0.707106781187,0.));
#888 = ORIENTED_EDGE('',*,*,#889,.T.);
#889 = EDGE_CURVE('',#882,#890,#892,.T.);
#890 = VERTEX_POINT('',#891);
#891 = CARTESIAN_POINT('',(1.27,1.016,2.54));
#892 = LINE('',#893,#894);
#893 = CARTESIAN_POINT('',(1.27,-1.016,2.54));
#894 = VECTOR('',#895,1.);
#895 = DIRECTION('',(0.,1.,0.));
#896 = ORIENTED_EDGE('',*,*,#897,.T.);
#897 = EDGE_CURVE('',#890,#201,#898,.T.);
#898 = LINE('',#899,#900);
#899 = CARTESIAN_POINT('',(1.27,1.016,2.54));
#900 = VECTOR('',#901,1.);
#901 = DIRECTION('',(-0.707106781187,0.707106781187,0.));
#902 = ORIENTED_EDGE('',*,*,#208,.T.);
#903 = FACE_BOUND('',#904,.T.);
#904 = EDGE_LOOP('',(#905,#915,#923,#931));
#905 = ORIENTED_EDGE('',*,*,#906,.F.);
#906 = EDGE_CURVE('',#907,#909,#911,.T.);
#907 = VERTEX_POINT('',#908);
#908 = CARTESIAN_POINT('',(0.32,-0.32,2.54));
#909 = VERTEX_POINT('',#910);
#910 = CARTESIAN_POINT('',(0.32,0.32,2.54));
#911 = LINE('',#912,#913);
#912 = CARTESIAN_POINT('',(0.32,-2.7,2.54));
#913 = VECTOR('',#914,1.);
#914 = DIRECTION('',(0.,1.,0.));
#915 = ORIENTED_EDGE('',*,*,#916,.T.);
#916 = EDGE_CURVE('',#907,#917,#919,.T.);
#917 = VERTEX_POINT('',#918);
#918 = CARTESIAN_POINT('',(-0.32,-0.32,2.54));
#919 = LINE('',#920,#921);
#920 = CARTESIAN_POINT('',(-0.16,-0.32,2.54));
#921 = VECTOR('',#922,1.);
#922 = DIRECTION('',(-1.,0.,0.));
#923 = ORIENTED_EDGE('',*,*,#924,.T.);
#924 = EDGE_CURVE('',#917,#925,#927,.T.);
#925 = VERTEX_POINT('',#926);
#926 = CARTESIAN_POINT('',(-0.32,0.32,2.54));
#927 = LINE('',#928,#929);
#928 = CARTESIAN_POINT('',(-0.32,-2.7,2.54));
#929 = VECTOR('',#930,1.);
#930 = DIRECTION('',(0.,1.,0.));
#931 = ORIENTED_EDGE('',*,*,#932,.F.);
#932 = EDGE_CURVE('',#909,#925,#933,.T.);
#933 = LINE('',#934,#935);
#934 = CARTESIAN_POINT('',(-0.16,0.32,2.54));
#935 = VECTOR('',#936,1.);
#936 = DIRECTION('',(-1.,0.,0.));
#937 = FACE_BOUND('',#938,.T.);
#938 = EDGE_LOOP('',(#939,#949,#957,#965));
#939 = ORIENTED_EDGE('',*,*,#940,.F.);
#940 = EDGE_CURVE('',#941,#943,#945,.T.);
#941 = VERTEX_POINT('',#942);
#942 = CARTESIAN_POINT('',(0.32,-2.22,2.54));
#943 = VERTEX_POINT('',#944);
#944 = CARTESIAN_POINT('',(-0.32,-2.22,2.54));
#945 = LINE('',#946,#947);
#946 = CARTESIAN_POINT('',(-0.16,-2.22,2.54));
#947 = VECTOR('',#948,1.);
#948 = DIRECTION('',(-1.,0.,0.));
#949 = ORIENTED_EDGE('',*,*,#950,.F.);
#950 = EDGE_CURVE('',#951,#941,#953,.T.);
#951 = VERTEX_POINT('',#952);
#952 = CARTESIAN_POINT('',(0.32,-2.86,2.54));
#953 = LINE('',#954,#955);
#954 = CARTESIAN_POINT('',(0.32,-3.97,2.54));
#955 = VECTOR('',#956,1.);
#956 = DIRECTION('',(0.,1.,0.));
#957 = ORIENTED_EDGE('',*,*,#958,.T.);
#958 = EDGE_CURVE('',#951,#959,#961,.T.);
#959 = VERTEX_POINT('',#960);
#960 = CARTESIAN_POINT('',(-0.32,-2.86,2.54));
#961 = LINE('',#962,#963);
#962 = CARTESIAN_POINT('',(-0.16,-2.86,2.54));
#963 = VECTOR('',#964,1.);
#964 = DIRECTION('',(-1.,0.,0.));
#965 = ORIENTED_EDGE('',*,*,#966,.T.);
#966 = EDGE_CURVE('',#959,#943,#967,.T.);
#967 = LINE('',#968,#969);
#968 = CARTESIAN_POINT('',(-0.32,-3.97,2.54));
#969 = VECTOR('',#970,1.);
#970 = DIRECTION('',(0.,1.,0.));
#971 = FACE_BOUND('',#972,.T.);
#972 = EDGE_LOOP('',(#973,#983,#991,#999));
#973 = ORIENTED_EDGE('',*,*,#974,.F.);
#974 = EDGE_CURVE('',#975,#977,#979,.T.);
#975 = VERTEX_POINT('',#976);
#976 = CARTESIAN_POINT('',(0.32,-4.76,2.54));
#977 = VERTEX_POINT('',#978);
#978 = CARTESIAN_POINT('',(-0.32,-4.76,2.54));
#979 = LINE('',#980,#981);
#980 = CARTESIAN_POINT('',(-0.16,-4.76,2.54));
#981 = VECTOR('',#982,1.);
#982 = DIRECTION('',(-1.,0.,0.));
#983 = ORIENTED_EDGE('',*,*,#984,.F.);
#984 = EDGE_CURVE('',#985,#975,#987,.T.);
#985 = VERTEX_POINT('',#986);
#986 = CARTESIAN_POINT('',(0.32,-5.4,2.54));
#987 = LINE('',#988,#989);
#988 = CARTESIAN_POINT('',(0.32,-5.24,2.54));
#989 = VECTOR('',#990,1.);
#990 = DIRECTION('',(0.,1.,0.));
#991 = ORIENTED_EDGE('',*,*,#992,.T.);
#992 = EDGE_CURVE('',#985,#993,#995,.T.);
#993 = VERTEX_POINT('',#994);
#994 = CARTESIAN_POINT('',(-0.32,-5.4,2.54));
#995 = LINE('',#996,#997);
#996 = CARTESIAN_POINT('',(-0.16,-5.4,2.54));
#997 = VECTOR('',#998,1.);
#998 = DIRECTION('',(-1.,0.,0.));
#999 = ORIENTED_EDGE('',*,*,#1000,.T.);
#1000 = EDGE_CURVE('',#993,#977,#1001,.T.);
#1001 = LINE('',#1002,#1003);
#1002 = CARTESIAN_POINT('',(-0.32,-5.24,2.54));
#1003 = VECTOR('',#1004,1.);
#1004 = DIRECTION('',(0.,1.,0.));
#1005 = FACE_BOUND('',#1006,.T.);
#1006 = EDGE_LOOP('',(#1007,#1017,#1025,#1033));
#1007 = ORIENTED_EDGE('',*,*,#1008,.F.);
#1008 = EDGE_CURVE('',#1009,#1011,#1013,.T.);
#1009 = VERTEX_POINT('',#1010);
#1010 = CARTESIAN_POINT('',(0.32,-9.84,2.54));
#1011 = VERTEX_POINT('',#1012);
#1012 = CARTESIAN_POINT('',(-0.32,-9.84,2.54));
#1013 = LINE('',#1014,#1015);
#1014 = CARTESIAN_POINT('',(-0.16,-9.84,2.54));
#1015 = VECTOR('',#1016,1.);
#1016 = DIRECTION('',(-1.,0.,0.));
#1017 = ORIENTED_EDGE('',*,*,#1018,.F.);
#1018 = EDGE_CURVE('',#1019,#1009,#1021,.T.);
#1019 = VERTEX_POINT('',#1020);
#1020 = CARTESIAN_POINT('',(0.32,-10.48,2.54));
#1021 = LINE('',#1022,#1023);
#1022 = CARTESIAN_POINT('',(0.32,-7.78,2.54));
#1023 = VECTOR('',#1024,1.);
#1024 = DIRECTION('',(0.,1.,0.));
#1025 = ORIENTED_EDGE('',*,*,#1026,.T.);
#1026 = EDGE_CURVE('',#1019,#1027,#1029,.T.);
#1027 = VERTEX_POINT('',#1028);
#1028 = CARTESIAN_POINT('',(-0.32,-10.48,2.54));
#1029 = LINE('',#1030,#1031);
#1030 = CARTESIAN_POINT('',(-0.16,-10.48,2.54));
#1031 = VECTOR('',#1032,1.);
#1032 = DIRECTION('',(-1.,0.,0.));
#1033 = ORIENTED_EDGE('',*,*,#1034,.T.);
#1034 = EDGE_CURVE('',#1027,#1011,#1035,.T.);
#1035 = LINE('',#1036,#1037);
#1036 = CARTESIAN_POINT('',(-0.32,-7.78,2.54));
#1037 = VECTOR('',#1038,1.);
#1038 = DIRECTION('',(0.,1.,0.));
#1039 = FACE_BOUND('',#1040,.T.);
#1040 = EDGE_LOOP('',(#1041,#1051,#1059,#1067));
#1041 = ORIENTED_EDGE('',*,*,#1042,.T.);
#1042 = EDGE_CURVE('',#1043,#1045,#1047,.T.);
#1043 = VERTEX_POINT('',#1044);
#1044 = CARTESIAN_POINT('',(0.32,-7.94,2.54));
#1045 = VERTEX_POINT('',#1046);
#1046 = CARTESIAN_POINT('',(-0.32,-7.94,2.54));
#1047 = LINE('',#1048,#1049);
#1048 = CARTESIAN_POINT('',(-0.16,-7.94,2.54));
#1049 = VECTOR('',#1050,1.);
#1050 = DIRECTION('',(-1.,0.,0.));
#1051 = ORIENTED_EDGE('',*,*,#1052,.T.);
#1052 = EDGE_CURVE('',#1045,#1053,#1055,.T.);
#1053 = VERTEX_POINT('',#1054);
#1054 = CARTESIAN_POINT('',(-0.32,-7.3,2.54));
#1055 = LINE('',#1056,#1057);
#1056 = CARTESIAN_POINT('',(-0.32,-6.51,2.54));
#1057 = VECTOR('',#1058,1.);
#1058 = DIRECTION('',(0.,1.,0.));
#1059 = ORIENTED_EDGE('',*,*,#1060,.F.);
#1060 = EDGE_CURVE('',#1061,#1053,#1063,.T.);
#1061 = VERTEX_POINT('',#1062);
#1062 = CARTESIAN_POINT('',(0.32,-7.3,2.54));
#1063 = LINE('',#1064,#1065);
#1064 = CARTESIAN_POINT('',(-0.16,-7.3,2.54));
#1065 = VECTOR('',#1066,1.);
#1066 = DIRECTION('',(-1.,0.,0.));
#1067 = ORIENTED_EDGE('',*,*,#1068,.F.);
#1068 = EDGE_CURVE('',#1043,#1061,#1069,.T.);
#1069 = LINE('',#1070,#1071);
#1070 = CARTESIAN_POINT('',(0.32,-6.51,2.54));
#1071 = VECTOR('',#1072,1.);
#1072 = DIRECTION('',(0.,1.,0.));
#1073 = PLANE('',#1074);
#1074 = AXIS2_PLACEMENT_3D('',#1075,#1076,#1077);
#1075 = CARTESIAN_POINT('',(-2.110141571089E-17,-5.08,2.54));
#1076 = DIRECTION('',(0.,0.,1.));
#1077 = DIRECTION('',(1.,0.,-0.));
#1078 = ADVANCED_FACE('',(#1079),#1090,.F.);
#1079 = FACE_BOUND('',#1080,.F.);
#1080 = EDGE_LOOP('',(#1081,#1087,#1088,#1089));
#1081 = ORIENTED_EDGE('',*,*,#1082,.T.);
#1082 = EDGE_CURVE('',#479,#890,#1083,.T.);
#1083 = LINE('',#1084,#1085);
#1084 = CARTESIAN_POINT('',(1.27,1.016,0.));
#1085 = VECTOR('',#1086,1.);
#1086 = DIRECTION('',(0.,0.,1.));
#1087 = ORIENTED_EDGE('',*,*,#897,.T.);
#1088 = ORIENTED_EDGE('',*,*,#198,.F.);
#1089 = ORIENTED_EDGE('',*,*,#486,.F.);
#1090 = PLANE('',#1091);
#1091 = AXIS2_PLACEMENT_3D('',#1092,#1093,#1094);
#1092 = CARTESIAN_POINT('',(1.27,1.016,0.));
#1093 = DIRECTION('',(-0.707106781187,-0.707106781187,0.));
#1094 = DIRECTION('',(-0.707106781187,0.707106781187,0.));
#1095 = ADVANCED_FACE('',(#1096),#1107,.F.);
#1096 = FACE_BOUND('',#1097,.F.);
#1097 = EDGE_LOOP('',(#1098,#1099,#1100,#1106));
#1098 = ORIENTED_EDGE('',*,*,#238,.T.);
#1099 = ORIENTED_EDGE('',*,*,#673,.T.);
#1100 = ORIENTED_EDGE('',*,*,#1101,.F.);
#1101 = EDGE_CURVE('',#263,#674,#1102,.T.);
#1102 = LINE('',#1103,#1104);
#1103 = CARTESIAN_POINT('',(-1.016,-1.27,0.));
#1104 = VECTOR('',#1105,1.);
#1105 = DIRECTION('',(0.,0.,1.));
#1106 = ORIENTED_EDGE('',*,*,#262,.F.);
#1107 = PLANE('',#1108);
#1108 = AXIS2_PLACEMENT_3D('',#1109,#1110,#1111);
#1109 = CARTESIAN_POINT('',(-1.27,-1.016,0.));
#1110 = DIRECTION('',(0.707106781187,0.707106781187,0.));
#1111 = DIRECTION('',(0.707106781187,-0.707106781187,0.));
#1112 = ADVANCED_FACE('',(#1113),#1124,.F.);
#1113 = FACE_BOUND('',#1114,.F.);
#1114 = EDGE_LOOP('',(#1115,#1121,#1122,#1123));
#1115 = ORIENTED_EDGE('',*,*,#1116,.T.);
#1116 = EDGE_CURVE('',#471,#882,#1117,.T.);
#1117 = LINE('',#1118,#1119);
#1118 = CARTESIAN_POINT('',(1.27,-1.016,0.));
#1119 = VECTOR('',#1120,1.);
#1120 = DIRECTION('',(0.,0.,1.));
#1121 = ORIENTED_EDGE('',*,*,#889,.T.);
#1122 = ORIENTED_EDGE('',*,*,#1082,.F.);
#1123 = ORIENTED_EDGE('',*,*,#478,.F.);
#1124 = PLANE('',#1125);
#1125 = AXIS2_PLACEMENT_3D('',#1126,#1127,#1128);
#1126 = CARTESIAN_POINT('',(1.27,-1.016,0.));
#1127 = DIRECTION('',(-1.,0.,0.));
#1128 = DIRECTION('',(0.,1.,0.));
#1129 = ADVANCED_FACE('',(#1130),#1141,.F.);
#1130 = FACE_BOUND('',#1131,.F.);
#1131 = EDGE_LOOP('',(#1132,#1133,#1134,#1140));
#1132 = ORIENTED_EDGE('',*,*,#1101,.T.);
#1133 = ORIENTED_EDGE('',*,*,#681,.T.);
#1134 = ORIENTED_EDGE('',*,*,#1135,.F.);
#1135 = EDGE_CURVE('',#271,#682,#1136,.T.);
#1136 = LINE('',#1137,#1138);
#1137 = CARTESIAN_POINT('',(-1.27,-1.524,0.));
#1138 = VECTOR('',#1139,1.);
#1139 = DIRECTION('',(0.,0.,1.));
#1140 = ORIENTED_EDGE('',*,*,#270,.F.);
#1141 = PLANE('',#1142);
#1142 = AXIS2_PLACEMENT_3D('',#1143,#1144,#1145);
#1143 = CARTESIAN_POINT('',(-1.016,-1.27,0.));
#1144 = DIRECTION('',(0.707106781187,-0.707106781187,0.));
#1145 = DIRECTION('',(-0.707106781187,-0.707106781187,0.));
#1146 = ADVANCED_FACE('',(#1147),#1158,.F.);
#1147 = FACE_BOUND('',#1148,.F.);
#1148 = EDGE_LOOP('',(#1149,#1155,#1156,#1157));
#1149 = ORIENTED_EDGE('',*,*,#1150,.T.);
#1150 = EDGE_CURVE('',#463,#874,#1151,.T.);
#1151 = LINE('',#1152,#1153);
#1152 = CARTESIAN_POINT('',(1.016,-1.27,0.));
#1153 = VECTOR('',#1154,1.);
#1154 = DIRECTION('',(0.,0.,1.));
#1155 = ORIENTED_EDGE('',*,*,#881,.T.);
#1156 = ORIENTED_EDGE('',*,*,#1116,.F.);
#1157 = ORIENTED_EDGE('',*,*,#470,.F.);
#1158 = PLANE('',#1159);
#1159 = AXIS2_PLACEMENT_3D('',#1160,#1161,#1162);
#1160 = CARTESIAN_POINT('',(1.016,-1.27,0.));
#1161 = DIRECTION('',(-0.707106781187,0.707106781187,0.));
#1162 = DIRECTION('',(0.707106781187,0.707106781187,0.));
#1163 = ADVANCED_FACE('',(#1164),#1175,.F.);
#1164 = FACE_BOUND('',#1165,.F.);
#1165 = EDGE_LOOP('',(#1166,#1167,#1168,#1174));
#1166 = ORIENTED_EDGE('',*,*,#1135,.T.);
#1167 = ORIENTED_EDGE('',*,*,#689,.T.);
#1168 = ORIENTED_EDGE('',*,*,#1169,.F.);
#1169 = EDGE_CURVE('',#279,#690,#1170,.T.);
#1170 = LINE('',#1171,#1172);
#1171 = CARTESIAN_POINT('',(-1.27,-3.556,0.));
#1172 = VECTOR('',#1173,1.);
#1173 = DIRECTION('',(0.,0.,1.));
#1174 = ORIENTED_EDGE('',*,*,#278,.F.);
#1175 = PLANE('',#1176);
#1176 = AXIS2_PLACEMENT_3D('',#1177,#1178,#1179);
#1177 = CARTESIAN_POINT('',(-1.27,-1.524,0.));
#1178 = DIRECTION('',(1.,0.,0.));
#1179 = DIRECTION('',(0.,-1.,0.));
#1180 = ADVANCED_FACE('',(#1181),#1192,.F.);
#1181 = FACE_BOUND('',#1182,.F.);
#1182 = EDGE_LOOP('',(#1183,#1189,#1190,#1191));
#1183 = ORIENTED_EDGE('',*,*,#1184,.T.);
#1184 = EDGE_CURVE('',#455,#866,#1185,.T.);
#1185 = LINE('',#1186,#1187);
#1186 = CARTESIAN_POINT('',(1.27,-1.524,0.));
#1187 = VECTOR('',#1188,1.);
#1188 = DIRECTION('',(0.,0.,1.));
#1189 = ORIENTED_EDGE('',*,*,#873,.T.);
#1190 = ORIENTED_EDGE('',*,*,#1150,.F.);
#1191 = ORIENTED_EDGE('',*,*,#462,.F.);
#1192 = PLANE('',#1193);
#1193 = AXIS2_PLACEMENT_3D('',#1194,#1195,#1196);
#1194 = CARTESIAN_POINT('',(1.27,-1.524,0.));
#1195 = DIRECTION('',(-0.707106781187,-0.707106781187,0.));
#1196 = DIRECTION('',(-0.707106781187,0.707106781187,0.));
#1197 = ADVANCED_FACE('',(#1198),#1209,.F.);
#1198 = FACE_BOUND('',#1199,.F.);
#1199 = EDGE_LOOP('',(#1200,#1201,#1202,#1208));
#1200 = ORIENTED_EDGE('',*,*,#1169,.T.);
#1201 = ORIENTED_EDGE('',*,*,#697,.T.);
#1202 = ORIENTED_EDGE('',*,*,#1203,.F.);
#1203 = EDGE_CURVE('',#287,#698,#1204,.T.);
#1204 = LINE('',#1205,#1206);
#1205 = CARTESIAN_POINT('',(-1.016,-3.81,0.));
#1206 = VECTOR('',#1207,1.);
#1207 = DIRECTION('',(0.,0.,1.));
#1208 = ORIENTED_EDGE('',*,*,#286,.F.);
#1209 = PLANE('',#1210);
#1210 = AXIS2_PLACEMENT_3D('',#1211,#1212,#1213);
#1211 = CARTESIAN_POINT('',(-1.27,-3.556,0.));
#1212 = DIRECTION('',(0.707106781187,0.707106781187,0.));
#1213 = DIRECTION('',(0.707106781187,-0.707106781187,0.));
#1214 = ADVANCED_FACE('',(#1215),#1226,.F.);
#1215 = FACE_BOUND('',#1216,.F.);
#1216 = EDGE_LOOP('',(#1217,#1223,#1224,#1225));
#1217 = ORIENTED_EDGE('',*,*,#1218,.T.);
#1218 = EDGE_CURVE('',#447,#858,#1219,.T.);
#1219 = LINE('',#1220,#1221);
#1220 = CARTESIAN_POINT('',(1.27,-3.556,0.));
#1221 = VECTOR('',#1222,1.);
#1222 = DIRECTION('',(0.,0.,1.));
#1223 = ORIENTED_EDGE('',*,*,#865,.T.);
#1224 = ORIENTED_EDGE('',*,*,#1184,.F.);
#1225 = ORIENTED_EDGE('',*,*,#454,.F.);
#1226 = PLANE('',#1227);
#1227 = AXIS2_PLACEMENT_3D('',#1228,#1229,#1230);
#1228 = CARTESIAN_POINT('',(1.27,-3.556,0.));
#1229 = DIRECTION('',(-1.,0.,0.));
#1230 = DIRECTION('',(0.,1.,0.));
#1231 = ADVANCED_FACE('',(#1232),#1243,.F.);
#1232 = FACE_BOUND('',#1233,.F.);
#1233 = EDGE_LOOP('',(#1234,#1235,#1236,#1242));
#1234 = ORIENTED_EDGE('',*,*,#1203,.T.);
#1235 = ORIENTED_EDGE('',*,*,#705,.T.);
#1236 = ORIENTED_EDGE('',*,*,#1237,.F.);
#1237 = EDGE_CURVE('',#295,#706,#1238,.T.);
#1238 = LINE('',#1239,#1240);
#1239 = CARTESIAN_POINT('',(-1.27,-4.064,0.));
#1240 = VECTOR('',#1241,1.);
#1241 = DIRECTION('',(0.,0.,1.));
#1242 = ORIENTED_EDGE('',*,*,#294,.F.);
#1243 = PLANE('',#1244);
#1244 = AXIS2_PLACEMENT_3D('',#1245,#1246,#1247);
#1245 = CARTESIAN_POINT('',(-1.016,-3.81,0.));
#1246 = DIRECTION('',(0.707106781187,-0.707106781187,0.));
#1247 = DIRECTION('',(-0.707106781187,-0.707106781187,0.));
#1248 = ADVANCED_FACE('',(#1249),#1260,.F.);
#1249 = FACE_BOUND('',#1250,.F.);
#1250 = EDGE_LOOP('',(#1251,#1257,#1258,#1259));
#1251 = ORIENTED_EDGE('',*,*,#1252,.T.);
#1252 = EDGE_CURVE('',#439,#850,#1253,.T.);
#1253 = LINE('',#1254,#1255);
#1254 = CARTESIAN_POINT('',(1.016,-3.81,0.));
#1255 = VECTOR('',#1256,1.);
#1256 = DIRECTION('',(0.,0.,1.));
#1257 = ORIENTED_EDGE('',*,*,#857,.T.);
#1258 = ORIENTED_EDGE('',*,*,#1218,.F.);
#1259 = ORIENTED_EDGE('',*,*,#446,.F.);
#1260 = PLANE('',#1261);
#1261 = AXIS2_PLACEMENT_3D('',#1262,#1263,#1264);
#1262 = CARTESIAN_POINT('',(1.016,-3.81,0.));
#1263 = DIRECTION('',(-0.707106781187,0.707106781187,0.));
#1264 = DIRECTION('',(0.707106781187,0.707106781187,0.));
#1265 = ADVANCED_FACE('',(#1266),#1277,.F.);
#1266 = FACE_BOUND('',#1267,.F.);
#1267 = EDGE_LOOP('',(#1268,#1269,#1270,#1276));
#1268 = ORIENTED_EDGE('',*,*,#1237,.T.);
#1269 = ORIENTED_EDGE('',*,*,#713,.T.);
#1270 = ORIENTED_EDGE('',*,*,#1271,.F.);
#1271 = EDGE_CURVE('',#303,#714,#1272,.T.);
#1272 = LINE('',#1273,#1274);
#1273 = CARTESIAN_POINT('',(-1.27,-6.096,0.));
#1274 = VECTOR('',#1275,1.);
#1275 = DIRECTION('',(0.,0.,1.));
#1276 = ORIENTED_EDGE('',*,*,#302,.F.);
#1277 = PLANE('',#1278);
#1278 = AXIS2_PLACEMENT_3D('',#1279,#1280,#1281);
#1279 = CARTESIAN_POINT('',(-1.27,-4.064,0.));
#1280 = DIRECTION('',(1.,0.,0.));
#1281 = DIRECTION('',(0.,-1.,0.));
#1282 = ADVANCED_FACE('',(#1283),#1294,.F.);
#1283 = FACE_BOUND('',#1284,.F.);
#1284 = EDGE_LOOP('',(#1285,#1291,#1292,#1293));
#1285 = ORIENTED_EDGE('',*,*,#1286,.T.);
#1286 = EDGE_CURVE('',#431,#842,#1287,.T.);
#1287 = LINE('',#1288,#1289);
#1288 = CARTESIAN_POINT('',(1.27,-4.064,0.));
#1289 = VECTOR('',#1290,1.);
#1290 = DIRECTION('',(0.,0.,1.));
#1291 = ORIENTED_EDGE('',*,*,#849,.T.);
#1292 = ORIENTED_EDGE('',*,*,#1252,.F.);
#1293 = ORIENTED_EDGE('',*,*,#438,.F.);
#1294 = PLANE('',#1295);
#1295 = AXIS2_PLACEMENT_3D('',#1296,#1297,#1298);
#1296 = CARTESIAN_POINT('',(1.27,-4.064,0.));
#1297 = DIRECTION('',(-0.707106781187,-0.707106781187,0.));
#1298 = DIRECTION('',(-0.707106781187,0.707106781187,0.));
#1299 = ADVANCED_FACE('',(#1300),#1311,.F.);
#1300 = FACE_BOUND('',#1301,.F.);
#1301 = EDGE_LOOP('',(#1302,#1303,#1304,#1310));
#1302 = ORIENTED_EDGE('',*,*,#1271,.T.);
#1303 = ORIENTED_EDGE('',*,*,#721,.T.);
#1304 = ORIENTED_EDGE('',*,*,#1305,.F.);
#1305 = EDGE_CURVE('',#311,#722,#1306,.T.);
#1306 = LINE('',#1307,#1308);
#1307 = CARTESIAN_POINT('',(-1.016,-6.35,0.));
#1308 = VECTOR('',#1309,1.);
#1309 = DIRECTION('',(0.,0.,1.));
#1310 = ORIENTED_EDGE('',*,*,#310,.F.);
#1311 = PLANE('',#1312);
#1312 = AXIS2_PLACEMENT_3D('',#1313,#1314,#1315);
#1313 = CARTESIAN_POINT('',(-1.27,-6.096,0.));
#1314 = DIRECTION('',(0.707106781187,0.707106781187,0.));
#1315 = DIRECTION('',(0.707106781187,-0.707106781187,0.));
#1316 = ADVANCED_FACE('',(#1317),#1328,.F.);
#1317 = FACE_BOUND('',#1318,.F.);
#1318 = EDGE_LOOP('',(#1319,#1325,#1326,#1327));
#1319 = ORIENTED_EDGE('',*,*,#1320,.T.);
#1320 = EDGE_CURVE('',#423,#834,#1321,.T.);
#1321 = LINE('',#1322,#1323);
#1322 = CARTESIAN_POINT('',(1.27,-6.096,0.));
#1323 = VECTOR('',#1324,1.);
#1324 = DIRECTION('',(0.,0.,1.));
#1325 = ORIENTED_EDGE('',*,*,#841,.T.);
#1326 = ORIENTED_EDGE('',*,*,#1286,.F.);
#1327 = ORIENTED_EDGE('',*,*,#430,.F.);
#1328 = PLANE('',#1329);
#1329 = AXIS2_PLACEMENT_3D('',#1330,#1331,#1332);
#1330 = CARTESIAN_POINT('',(1.27,-6.096,0.));
#1331 = DIRECTION('',(-1.,0.,0.));
#1332 = DIRECTION('',(0.,1.,0.));
#1333 = ADVANCED_FACE('',(#1334),#1345,.F.);
#1334 = FACE_BOUND('',#1335,.F.);
#1335 = EDGE_LOOP('',(#1336,#1337,#1338,#1344));
#1336 = ORIENTED_EDGE('',*,*,#1305,.T.);
#1337 = ORIENTED_EDGE('',*,*,#729,.T.);
#1338 = ORIENTED_EDGE('',*,*,#1339,.F.);
#1339 = EDGE_CURVE('',#319,#730,#1340,.T.);
#1340 = LINE('',#1341,#1342);
#1341 = CARTESIAN_POINT('',(-1.27,-6.604,0.));
#1342 = VECTOR('',#1343,1.);
#1343 = DIRECTION('',(0.,0.,1.));
#1344 = ORIENTED_EDGE('',*,*,#318,.F.);
#1345 = PLANE('',#1346);
#1346 = AXIS2_PLACEMENT_3D('',#1347,#1348,#1349);
#1347 = CARTESIAN_POINT('',(-1.016,-6.35,0.));
#1348 = DIRECTION('',(0.707106781187,-0.707106781187,0.));
#1349 = DIRECTION('',(-0.707106781187,-0.707106781187,0.));
#1350 = ADVANCED_FACE('',(#1351),#1362,.F.);
#1351 = FACE_BOUND('',#1352,.F.);
#1352 = EDGE_LOOP('',(#1353,#1359,#1360,#1361));
#1353 = ORIENTED_EDGE('',*,*,#1354,.T.);
#1354 = EDGE_CURVE('',#415,#826,#1355,.T.);
#1355 = LINE('',#1356,#1357);
#1356 = CARTESIAN_POINT('',(1.016,-6.35,0.));
#1357 = VECTOR('',#1358,1.);
#1358 = DIRECTION('',(0.,0.,1.));
#1359 = ORIENTED_EDGE('',*,*,#833,.T.);
#1360 = ORIENTED_EDGE('',*,*,#1320,.F.);
#1361 = ORIENTED_EDGE('',*,*,#422,.F.);
#1362 = PLANE('',#1363);
#1363 = AXIS2_PLACEMENT_3D('',#1364,#1365,#1366);
#1364 = CARTESIAN_POINT('',(1.016,-6.35,0.));
#1365 = DIRECTION('',(-0.707106781187,0.707106781187,0.));
#1366 = DIRECTION('',(0.707106781187,0.707106781187,0.));
#1367 = ADVANCED_FACE('',(#1368),#1379,.F.);
#1368 = FACE_BOUND('',#1369,.F.);
#1369 = EDGE_LOOP('',(#1370,#1371,#1372,#1378));
#1370 = ORIENTED_EDGE('',*,*,#1339,.T.);
#1371 = ORIENTED_EDGE('',*,*,#737,.T.);
#1372 = ORIENTED_EDGE('',*,*,#1373,.F.);
#1373 = EDGE_CURVE('',#327,#738,#1374,.T.);
#1374 = LINE('',#1375,#1376);
#1375 = CARTESIAN_POINT('',(-1.27,-8.636,0.));
#1376 = VECTOR('',#1377,1.);
#1377 = DIRECTION('',(0.,0.,1.));
#1378 = ORIENTED_EDGE('',*,*,#326,.F.);
#1379 = PLANE('',#1380);
#1380 = AXIS2_PLACEMENT_3D('',#1381,#1382,#1383);
#1381 = CARTESIAN_POINT('',(-1.27,-6.604,0.));
#1382 = DIRECTION('',(1.,0.,0.));
#1383 = DIRECTION('',(0.,-1.,0.));
#1384 = ADVANCED_FACE('',(#1385),#1396,.F.);
#1385 = FACE_BOUND('',#1386,.F.);
#1386 = EDGE_LOOP('',(#1387,#1393,#1394,#1395));
#1387 = ORIENTED_EDGE('',*,*,#1388,.T.);
#1388 = EDGE_CURVE('',#407,#818,#1389,.T.);
#1389 = LINE('',#1390,#1391);
#1390 = CARTESIAN_POINT('',(1.27,-6.604,0.));
#1391 = VECTOR('',#1392,1.);
#1392 = DIRECTION('',(0.,0.,1.));
#1393 = ORIENTED_EDGE('',*,*,#825,.T.);
#1394 = ORIENTED_EDGE('',*,*,#1354,.F.);
#1395 = ORIENTED_EDGE('',*,*,#414,.F.);
#1396 = PLANE('',#1397);
#1397 = AXIS2_PLACEMENT_3D('',#1398,#1399,#1400);
#1398 = CARTESIAN_POINT('',(1.27,-6.604,0.));
#1399 = DIRECTION('',(-0.707106781187,-0.707106781187,0.));
#1400 = DIRECTION('',(-0.707106781187,0.707106781187,0.));
#1401 = ADVANCED_FACE('',(#1402),#1413,.F.);
#1402 = FACE_BOUND('',#1403,.F.);
#1403 = EDGE_LOOP('',(#1404,#1405,#1406,#1412));
#1404 = ORIENTED_EDGE('',*,*,#1373,.T.);
#1405 = ORIENTED_EDGE('',*,*,#745,.T.);
#1406 = ORIENTED_EDGE('',*,*,#1407,.F.);
#1407 = EDGE_CURVE('',#335,#746,#1408,.T.);
#1408 = LINE('',#1409,#1410);
#1409 = CARTESIAN_POINT('',(-1.016,-8.89,0.));
#1410 = VECTOR('',#1411,1.);
#1411 = DIRECTION('',(0.,0.,1.));
#1412 = ORIENTED_EDGE('',*,*,#334,.F.);
#1413 = PLANE('',#1414);
#1414 = AXIS2_PLACEMENT_3D('',#1415,#1416,#1417);
#1415 = CARTESIAN_POINT('',(-1.27,-8.636,0.));
#1416 = DIRECTION('',(0.707106781187,0.707106781187,0.));
#1417 = DIRECTION('',(0.707106781187,-0.707106781187,0.));
#1418 = ADVANCED_FACE('',(#1419),#1430,.F.);
#1419 = FACE_BOUND('',#1420,.F.);
#1420 = EDGE_LOOP('',(#1421,#1427,#1428,#1429));
#1421 = ORIENTED_EDGE('',*,*,#1422,.T.);
#1422 = EDGE_CURVE('',#399,#810,#1423,.T.);
#1423 = LINE('',#1424,#1425);
#1424 = CARTESIAN_POINT('',(1.27,-8.636,0.));
#1425 = VECTOR('',#1426,1.);
#1426 = DIRECTION('',(0.,0.,1.));
#1427 = ORIENTED_EDGE('',*,*,#817,.T.);
#1428 = ORIENTED_EDGE('',*,*,#1388,.F.);
#1429 = ORIENTED_EDGE('',*,*,#406,.F.);
#1430 = PLANE('',#1431);
#1431 = AXIS2_PLACEMENT_3D('',#1432,#1433,#1434);
#1432 = CARTESIAN_POINT('',(1.27,-8.636,0.));
#1433 = DIRECTION('',(-1.,0.,0.));
#1434 = DIRECTION('',(0.,1.,0.));
#1435 = ADVANCED_FACE('',(#1436),#1447,.F.);
#1436 = FACE_BOUND('',#1437,.F.);
#1437 = EDGE_LOOP('',(#1438,#1439,#1440,#1446));
#1438 = ORIENTED_EDGE('',*,*,#1407,.T.);
#1439 = ORIENTED_EDGE('',*,*,#753,.T.);
#1440 = ORIENTED_EDGE('',*,*,#1441,.F.);
#1441 = EDGE_CURVE('',#343,#754,#1442,.T.);
#1442 = LINE('',#1443,#1444);
#1443 = CARTESIAN_POINT('',(-1.27,-9.144,0.));
#1444 = VECTOR('',#1445,1.);
#1445 = DIRECTION('',(0.,0.,1.));
#1446 = ORIENTED_EDGE('',*,*,#342,.F.);
#1447 = PLANE('',#1448);
#1448 = AXIS2_PLACEMENT_3D('',#1449,#1450,#1451);
#1449 = CARTESIAN_POINT('',(-1.016,-8.89,0.));
#1450 = DIRECTION('',(0.707106781187,-0.707106781187,0.));
#1451 = DIRECTION('',(-0.707106781187,-0.707106781187,0.));
#1452 = ADVANCED_FACE('',(#1453),#1464,.F.);
#1453 = FACE_BOUND('',#1454,.F.);
#1454 = EDGE_LOOP('',(#1455,#1461,#1462,#1463));
#1455 = ORIENTED_EDGE('',*,*,#1456,.T.);
#1456 = EDGE_CURVE('',#391,#802,#1457,.T.);
#1457 = LINE('',#1458,#1459);
#1458 = CARTESIAN_POINT('',(1.016,-8.89,0.));
#1459 = VECTOR('',#1460,1.);
#1460 = DIRECTION('',(0.,0.,1.));
#1461 = ORIENTED_EDGE('',*,*,#809,.T.);
#1462 = ORIENTED_EDGE('',*,*,#1422,.F.);
#1463 = ORIENTED_EDGE('',*,*,#398,.F.);
#1464 = PLANE('',#1465);
#1465 = AXIS2_PLACEMENT_3D('',#1466,#1467,#1468);
#1466 = CARTESIAN_POINT('',(1.016,-8.89,0.));
#1467 = DIRECTION('',(-0.707106781187,0.707106781187,0.));
#1468 = DIRECTION('',(0.707106781187,0.707106781187,0.));
#1469 = ADVANCED_FACE('',(#1470),#1481,.F.);
#1470 = FACE_BOUND('',#1471,.F.);
#1471 = EDGE_LOOP('',(#1472,#1473,#1474,#1480));
#1472 = ORIENTED_EDGE('',*,*,#1441,.T.);
#1473 = ORIENTED_EDGE('',*,*,#761,.T.);
#1474 = ORIENTED_EDGE('',*,*,#1475,.F.);
#1475 = EDGE_CURVE('',#351,#762,#1476,.T.);
#1476 = LINE('',#1477,#1478);
#1477 = CARTESIAN_POINT('',(-1.27,-11.176,0.));
#1478 = VECTOR('',#1479,1.);
#1479 = DIRECTION('',(0.,0.,1.));
#1480 = ORIENTED_EDGE('',*,*,#350,.F.);
#1481 = PLANE('',#1482);
#1482 = AXIS2_PLACEMENT_3D('',#1483,#1484,#1485);
#1483 = CARTESIAN_POINT('',(-1.27,-9.144,0.));
#1484 = DIRECTION('',(1.,0.,0.));
#1485 = DIRECTION('',(0.,-1.,0.));
#1486 = ADVANCED_FACE('',(#1487),#1498,.F.);
#1487 = FACE_BOUND('',#1488,.F.);
#1488 = EDGE_LOOP('',(#1489,#1495,#1496,#1497));
#1489 = ORIENTED_EDGE('',*,*,#1490,.T.);
#1490 = EDGE_CURVE('',#383,#794,#1491,.T.);
#1491 = LINE('',#1492,#1493);
#1492 = CARTESIAN_POINT('',(1.27,-9.144,0.));
#1493 = VECTOR('',#1494,1.);
#1494 = DIRECTION('',(0.,0.,1.));
#1495 = ORIENTED_EDGE('',*,*,#801,.T.);
#1496 = ORIENTED_EDGE('',*,*,#1456,.F.);
#1497 = ORIENTED_EDGE('',*,*,#390,.F.);
#1498 = PLANE('',#1499);
#1499 = AXIS2_PLACEMENT_3D('',#1500,#1501,#1502);
#1500 = CARTESIAN_POINT('',(1.27,-9.144,0.));
#1501 = DIRECTION('',(-0.707106781187,-0.707106781187,0.));
#1502 = DIRECTION('',(-0.707106781187,0.707106781187,0.));
#1503 = ADVANCED_FACE('',(#1504),#1515,.F.);
#1504 = FACE_BOUND('',#1505,.F.);
#1505 = EDGE_LOOP('',(#1506,#1507,#1508,#1514));
#1506 = ORIENTED_EDGE('',*,*,#1475,.T.);
#1507 = ORIENTED_EDGE('',*,*,#769,.T.);
#1508 = ORIENTED_EDGE('',*,*,#1509,.F.);
#1509 = EDGE_CURVE('',#359,#770,#1510,.T.);
#1510 = LINE('',#1511,#1512);
#1511 = CARTESIAN_POINT('',(-1.016,-11.43,0.));
#1512 = VECTOR('',#1513,1.);
#1513 = DIRECTION('',(0.,0.,1.));
#1514 = ORIENTED_EDGE('',*,*,#358,.F.);
#1515 = PLANE('',#1516);
#1516 = AXIS2_PLACEMENT_3D('',#1517,#1518,#1519);
#1517 = CARTESIAN_POINT('',(-1.27,-11.176,0.));
#1518 = DIRECTION('',(0.707106781187,0.707106781187,0.));
#1519 = DIRECTION('',(0.707106781187,-0.707106781187,0.));
#1520 = ADVANCED_FACE('',(#1521),#1532,.F.);
#1521 = FACE_BOUND('',#1522,.F.);
#1522 = EDGE_LOOP('',(#1523,#1529,#1530,#1531));
#1523 = ORIENTED_EDGE('',*,*,#1524,.T.);
#1524 = EDGE_CURVE('',#375,#786,#1525,.T.);
#1525 = LINE('',#1526,#1527);
#1526 = CARTESIAN_POINT('',(1.27,-11.176,0.));
#1527 = VECTOR('',#1528,1.);
#1528 = DIRECTION('',(0.,0.,1.));
#1529 = ORIENTED_EDGE('',*,*,#793,.T.);
#1530 = ORIENTED_EDGE('',*,*,#1490,.F.);
#1531 = ORIENTED_EDGE('',*,*,#382,.F.);
#1532 = PLANE('',#1533);
#1533 = AXIS2_PLACEMENT_3D('',#1534,#1535,#1536);
#1534 = CARTESIAN_POINT('',(1.27,-11.176,0.));
#1535 = DIRECTION('',(-1.,0.,0.));
#1536 = DIRECTION('',(0.,1.,0.));
#1537 = ADVANCED_FACE('',(#1538),#1549,.F.);
#1538 = FACE_BOUND('',#1539,.F.);
#1539 = EDGE_LOOP('',(#1540,#1541,#1542,#1548));
#1540 = ORIENTED_EDGE('',*,*,#1509,.T.);
#1541 = ORIENTED_EDGE('',*,*,#777,.T.);
#1542 = ORIENTED_EDGE('',*,*,#1543,.F.);
#1543 = EDGE_CURVE('',#367,#778,#1544,.T.);
#1544 = LINE('',#1545,#1546);
#1545 = CARTESIAN_POINT('',(1.016,-11.43,0.));
#1546 = VECTOR('',#1547,1.);
#1547 = DIRECTION('',(0.,0.,1.));
#1548 = ORIENTED_EDGE('',*,*,#366,.F.);
#1549 = PLANE('',#1550);
#1550 = AXIS2_PLACEMENT_3D('',#1551,#1552,#1553);
#1551 = CARTESIAN_POINT('',(-1.016,-11.43,0.));
#1552 = DIRECTION('',(0.,1.,0.));
#1553 = DIRECTION('',(1.,0.,0.));
#1554 = ADVANCED_FACE('',(#1555),#1561,.F.);
#1555 = FACE_BOUND('',#1556,.F.);
#1556 = EDGE_LOOP('',(#1557,#1558,#1559,#1560));
#1557 = ORIENTED_EDGE('',*,*,#1543,.T.);
#1558 = ORIENTED_EDGE('',*,*,#785,.T.);
#1559 = ORIENTED_EDGE('',*,*,#1524,.F.);
#1560 = ORIENTED_EDGE('',*,*,#374,.F.);
#1561 = PLANE('',#1562);
#1562 = AXIS2_PLACEMENT_3D('',#1563,#1564,#1565);
#1563 = CARTESIAN_POINT('',(1.016,-11.43,0.));
#1564 = DIRECTION('',(-0.707106781187,0.707106781187,0.));
#1565 = DIRECTION('',(0.707106781187,0.707106781187,0.));
#1566 = ADVANCED_FACE('',(#1567),#1592,.T.);
#1567 = FACE_BOUND('',#1568,.T.);
#1568 = EDGE_LOOP('',(#1569,#1577,#1585,#1591));
#1569 = ORIENTED_EDGE('',*,*,#1570,.F.);
#1570 = EDGE_CURVE('',#1571,#496,#1573,.T.);
#1571 = VERTEX_POINT('',#1572);
#1572 = CARTESIAN_POINT('',(0.32,-0.32,-2.84));
#1573 = LINE('',#1574,#1575);
#1574 = CARTESIAN_POINT('',(0.32,-0.32,-3.));
#1575 = VECTOR('',#1576,1.);
#1576 = DIRECTION('',(0.,0.,1.));
#1577 = ORIENTED_EDGE('',*,*,#1578,.T.);
#1578 = EDGE_CURVE('',#1571,#1579,#1581,.T.);
#1579 = VERTEX_POINT('',#1580);
#1580 = CARTESIAN_POINT('',(0.32,0.32,-2.84));
#1581 = LINE('',#1582,#1583);
#1582 = CARTESIAN_POINT('',(0.32,-0.32,-2.84));
#1583 = VECTOR('',#1584,1.);
#1584 = DIRECTION('',(0.,1.,0.));
#1585 = ORIENTED_EDGE('',*,*,#1586,.T.);
#1586 = EDGE_CURVE('',#1579,#498,#1587,.T.);
#1587 = LINE('',#1588,#1589);
#1588 = CARTESIAN_POINT('',(0.32,0.32,-3.));
#1589 = VECTOR('',#1590,1.);
#1590 = DIRECTION('',(0.,0.,1.));
#1591 = ORIENTED_EDGE('',*,*,#495,.F.);
#1592 = PLANE('',#1593);
#1593 = AXIS2_PLACEMENT_3D('',#1594,#1595,#1596);
#1594 = CARTESIAN_POINT('',(0.32,-0.32,-3.));
#1595 = DIRECTION('',(1.,0.,0.));
#1596 = DIRECTION('',(0.,0.,1.));
#1597 = ADVANCED_FACE('',(#1598),#1616,.T.);
#1598 = FACE_BOUND('',#1599,.T.);
#1599 = EDGE_LOOP('',(#1600,#1601,#1609,#1615));
#1600 = ORIENTED_EDGE('',*,*,#1586,.F.);
#1601 = ORIENTED_EDGE('',*,*,#1602,.F.);
#1602 = EDGE_CURVE('',#1603,#1579,#1605,.T.);
#1603 = VERTEX_POINT('',#1604);
#1604 = CARTESIAN_POINT('',(-0.32,0.32,-2.84));
#1605 = LINE('',#1606,#1607);
#1606 = CARTESIAN_POINT('',(-0.32,0.32,-2.84));
#1607 = VECTOR('',#1608,1.);
#1608 = DIRECTION('',(1.,0.,0.));
#1609 = ORIENTED_EDGE('',*,*,#1610,.T.);
#1610 = EDGE_CURVE('',#1603,#514,#1611,.T.);
#1611 = LINE('',#1612,#1613);
#1612 = CARTESIAN_POINT('',(-0.32,0.32,-3.));
#1613 = VECTOR('',#1614,1.);
#1614 = DIRECTION('',(0.,0.,1.));
#1615 = ORIENTED_EDGE('',*,*,#521,.F.);
#1616 = PLANE('',#1617);
#1617 = AXIS2_PLACEMENT_3D('',#1618,#1619,#1620);
#1618 = CARTESIAN_POINT('',(-0.32,0.32,-3.));
#1619 = DIRECTION('',(0.,1.,0.));
#1620 = DIRECTION('',(0.,-0.,1.));
#1621 = ADVANCED_FACE('',(#1622),#1640,.F.);
#1622 = FACE_BOUND('',#1623,.F.);
#1623 = EDGE_LOOP('',(#1624,#1632,#1638,#1639));
#1624 = ORIENTED_EDGE('',*,*,#1625,.F.);
#1625 = EDGE_CURVE('',#1626,#506,#1628,.T.);
#1626 = VERTEX_POINT('',#1627);
#1627 = CARTESIAN_POINT('',(-0.32,-0.32,-2.84));
#1628 = LINE('',#1629,#1630);
#1629 = CARTESIAN_POINT('',(-0.32,-0.32,-3.));
#1630 = VECTOR('',#1631,1.);
#1631 = DIRECTION('',(0.,0.,1.));
#1632 = ORIENTED_EDGE('',*,*,#1633,.T.);
#1633 = EDGE_CURVE('',#1626,#1603,#1634,.T.);
#1634 = LINE('',#1635,#1636);
#1635 = CARTESIAN_POINT('',(-0.32,-0.32,-2.84));
#1636 = VECTOR('',#1637,1.);
#1637 = DIRECTION('',(0.,1.,0.));
#1638 = ORIENTED_EDGE('',*,*,#1610,.T.);
#1639 = ORIENTED_EDGE('',*,*,#513,.F.);
#1640 = PLANE('',#1641);
#1641 = AXIS2_PLACEMENT_3D('',#1642,#1643,#1644);
#1642 = CARTESIAN_POINT('',(-0.32,-0.32,-3.));
#1643 = DIRECTION('',(1.,0.,0.));
#1644 = DIRECTION('',(0.,0.,1.));
#1645 = ADVANCED_FACE('',(#1646),#1657,.F.);
#1646 = FACE_BOUND('',#1647,.F.);
#1647 = EDGE_LOOP('',(#1648,#1649,#1655,#1656));
#1648 = ORIENTED_EDGE('',*,*,#1570,.F.);
#1649 = ORIENTED_EDGE('',*,*,#1650,.F.);
#1650 = EDGE_CURVE('',#1626,#1571,#1651,.T.);
#1651 = LINE('',#1652,#1653);
#1652 = CARTESIAN_POINT('',(-0.32,-0.32,-2.84));
#1653 = VECTOR('',#1654,1.);
#1654 = DIRECTION('',(1.,0.,0.));
#1655 = ORIENTED_EDGE('',*,*,#1625,.T.);
#1656 = ORIENTED_EDGE('',*,*,#505,.F.);
#1657 = PLANE('',#1658);
#1658 = AXIS2_PLACEMENT_3D('',#1659,#1660,#1661);
#1659 = CARTESIAN_POINT('',(-0.32,-0.32,-3.));
#1660 = DIRECTION('',(0.,1.,0.));
#1661 = DIRECTION('',(0.,-0.,1.));
#1662 = ADVANCED_FACE('',(#1663),#1688,.T.);
#1663 = FACE_BOUND('',#1664,.T.);
#1664 = EDGE_LOOP('',(#1665,#1673,#1681,#1687));
#1665 = ORIENTED_EDGE('',*,*,#1666,.F.);
#1666 = EDGE_CURVE('',#1667,#530,#1669,.T.);
#1667 = VERTEX_POINT('',#1668);
#1668 = CARTESIAN_POINT('',(0.32,-2.22,-2.84));
#1669 = LINE('',#1670,#1671);
#1670 = CARTESIAN_POINT('',(0.32,-2.22,-3.));
#1671 = VECTOR('',#1672,1.);
#1672 = DIRECTION('',(0.,0.,1.));
#1673 = ORIENTED_EDGE('',*,*,#1674,.F.);
#1674 = EDGE_CURVE('',#1675,#1667,#1677,.T.);
#1675 = VERTEX_POINT('',#1676);
#1676 = CARTESIAN_POINT('',(-0.32,-2.22,-2.84));
#1677 = LINE('',#1678,#1679);
#1678 = CARTESIAN_POINT('',(-0.32,-2.22,-2.84));
#1679 = VECTOR('',#1680,1.);
#1680 = DIRECTION('',(1.,0.,0.));
#1681 = ORIENTED_EDGE('',*,*,#1682,.T.);
#1682 = EDGE_CURVE('',#1675,#532,#1683,.T.);
#1683 = LINE('',#1684,#1685);
#1684 = CARTESIAN_POINT('',(-0.32,-2.22,-3.));
#1685 = VECTOR('',#1686,1.);
#1686 = DIRECTION('',(0.,0.,1.));
#1687 = ORIENTED_EDGE('',*,*,#529,.F.);
#1688 = PLANE('',#1689);
#1689 = AXIS2_PLACEMENT_3D('',#1690,#1691,#1692);
#1690 = CARTESIAN_POINT('',(-0.32,-2.22,-3.));
#1691 = DIRECTION('',(0.,1.,0.));
#1692 = DIRECTION('',(0.,-0.,1.));
#1693 = ADVANCED_FACE('',(#1694),#1712,.F.);
#1694 = FACE_BOUND('',#1695,.F.);
#1695 = EDGE_LOOP('',(#1696,#1704,#1710,#1711));
#1696 = ORIENTED_EDGE('',*,*,#1697,.F.);
#1697 = EDGE_CURVE('',#1698,#548,#1700,.T.);
#1698 = VERTEX_POINT('',#1699);
#1699 = CARTESIAN_POINT('',(-0.32,-2.86,-2.84));
#1700 = LINE('',#1701,#1702);
#1701 = CARTESIAN_POINT('',(-0.32,-2.86,-3.));
#1702 = VECTOR('',#1703,1.);
#1703 = DIRECTION('',(0.,0.,1.));
#1704 = ORIENTED_EDGE('',*,*,#1705,.T.);
#1705 = EDGE_CURVE('',#1698,#1675,#1706,.T.);
#1706 = LINE('',#1707,#1708);
#1707 = CARTESIAN_POINT('',(-0.32,-2.86,-2.84));
#1708 = VECTOR('',#1709,1.);
#1709 = DIRECTION('',(0.,1.,0.));
#1710 = ORIENTED_EDGE('',*,*,#1682,.T.);
#1711 = ORIENTED_EDGE('',*,*,#555,.F.);
#1712 = PLANE('',#1713);
#1713 = AXIS2_PLACEMENT_3D('',#1714,#1715,#1716);
#1714 = CARTESIAN_POINT('',(-0.32,-2.86,-3.));
#1715 = DIRECTION('',(1.,0.,0.));
#1716 = DIRECTION('',(0.,0.,1.));
#1717 = ADVANCED_FACE('',(#1718),#1736,.F.);
#1718 = FACE_BOUND('',#1719,.F.);
#1719 = EDGE_LOOP('',(#1720,#1728,#1734,#1735));
#1720 = ORIENTED_EDGE('',*,*,#1721,.F.);
#1721 = EDGE_CURVE('',#1722,#540,#1724,.T.);
#1722 = VERTEX_POINT('',#1723);
#1723 = CARTESIAN_POINT('',(0.32,-2.86,-2.84));
#1724 = LINE('',#1725,#1726);
#1725 = CARTESIAN_POINT('',(0.32,-2.86,-3.));
#1726 = VECTOR('',#1727,1.);
#1727 = DIRECTION('',(0.,0.,1.));
#1728 = ORIENTED_EDGE('',*,*,#1729,.F.);
#1729 = EDGE_CURVE('',#1698,#1722,#1730,.T.);
#1730 = LINE('',#1731,#1732);
#1731 = CARTESIAN_POINT('',(-0.32,-2.86,-2.84));
#1732 = VECTOR('',#1733,1.);
#1733 = DIRECTION('',(1.,0.,0.));
#1734 = ORIENTED_EDGE('',*,*,#1697,.T.);
#1735 = ORIENTED_EDGE('',*,*,#547,.F.);
#1736 = PLANE('',#1737);
#1737 = AXIS2_PLACEMENT_3D('',#1738,#1739,#1740);
#1738 = CARTESIAN_POINT('',(-0.32,-2.86,-3.));
#1739 = DIRECTION('',(0.,1.,0.));
#1740 = DIRECTION('',(0.,-0.,1.));
#1741 = ADVANCED_FACE('',(#1742),#1753,.T.);
#1742 = FACE_BOUND('',#1743,.T.);
#1743 = EDGE_LOOP('',(#1744,#1745,#1751,#1752));
#1744 = ORIENTED_EDGE('',*,*,#1721,.F.);
#1745 = ORIENTED_EDGE('',*,*,#1746,.T.);
#1746 = EDGE_CURVE('',#1722,#1667,#1747,.T.);
#1747 = LINE('',#1748,#1749);
#1748 = CARTESIAN_POINT('',(0.32,-2.86,-2.84));
#1749 = VECTOR('',#1750,1.);
#1750 = DIRECTION('',(0.,1.,0.));
#1751 = ORIENTED_EDGE('',*,*,#1666,.T.);
#1752 = ORIENTED_EDGE('',*,*,#539,.F.);
#1753 = PLANE('',#1754);
#1754 = AXIS2_PLACEMENT_3D('',#1755,#1756,#1757);
#1755 = CARTESIAN_POINT('',(0.32,-2.86,-3.));
#1756 = DIRECTION('',(1.,0.,0.));
#1757 = DIRECTION('',(0.,0.,1.));
#1758 = ADVANCED_FACE('',(#1759),#1784,.T.);
#1759 = FACE_BOUND('',#1760,.T.);
#1760 = EDGE_LOOP('',(#1761,#1769,#1777,#1783));
#1761 = ORIENTED_EDGE('',*,*,#1762,.F.);
#1762 = EDGE_CURVE('',#1763,#564,#1765,.T.);
#1763 = VERTEX_POINT('',#1764);
#1764 = CARTESIAN_POINT('',(0.32,-4.76,-2.84));
#1765 = LINE('',#1766,#1767);
#1766 = CARTESIAN_POINT('',(0.32,-4.76,-3.));
#1767 = VECTOR('',#1768,1.);
#1768 = DIRECTION('',(0.,0.,1.));
#1769 = ORIENTED_EDGE('',*,*,#1770,.F.);
#1770 = EDGE_CURVE('',#1771,#1763,#1773,.T.);
#1771 = VERTEX_POINT('',#1772);
#1772 = CARTESIAN_POINT('',(-0.32,-4.76,-2.84));
#1773 = LINE('',#1774,#1775);
#1774 = CARTESIAN_POINT('',(-0.32,-4.76,-2.84));
#1775 = VECTOR('',#1776,1.);
#1776 = DIRECTION('',(1.,0.,0.));
#1777 = ORIENTED_EDGE('',*,*,#1778,.T.);
#1778 = EDGE_CURVE('',#1771,#566,#1779,.T.);
#1779 = LINE('',#1780,#1781);
#1780 = CARTESIAN_POINT('',(-0.32,-4.76,-3.));
#1781 = VECTOR('',#1782,1.);
#1782 = DIRECTION('',(0.,0.,1.));
#1783 = ORIENTED_EDGE('',*,*,#563,.F.);
#1784 = PLANE('',#1785);
#1785 = AXIS2_PLACEMENT_3D('',#1786,#1787,#1788);
#1786 = CARTESIAN_POINT('',(-0.32,-4.76,-3.));
#1787 = DIRECTION('',(0.,1.,0.));
#1788 = DIRECTION('',(0.,-0.,1.));
#1789 = ADVANCED_FACE('',(#1790),#1808,.F.);
#1790 = FACE_BOUND('',#1791,.F.);
#1791 = EDGE_LOOP('',(#1792,#1800,#1806,#1807));
#1792 = ORIENTED_EDGE('',*,*,#1793,.F.);
#1793 = EDGE_CURVE('',#1794,#582,#1796,.T.);
#1794 = VERTEX_POINT('',#1795);
#1795 = CARTESIAN_POINT('',(-0.32,-5.4,-2.84));
#1796 = LINE('',#1797,#1798);
#1797 = CARTESIAN_POINT('',(-0.32,-5.4,-3.));
#1798 = VECTOR('',#1799,1.);
#1799 = DIRECTION('',(0.,0.,1.));
#1800 = ORIENTED_EDGE('',*,*,#1801,.T.);
#1801 = EDGE_CURVE('',#1794,#1771,#1802,.T.);
#1802 = LINE('',#1803,#1804);
#1803 = CARTESIAN_POINT('',(-0.32,-5.4,-2.84));
#1804 = VECTOR('',#1805,1.);
#1805 = DIRECTION('',(0.,1.,0.));
#1806 = ORIENTED_EDGE('',*,*,#1778,.T.);
#1807 = ORIENTED_EDGE('',*,*,#589,.F.);
#1808 = PLANE('',#1809);
#1809 = AXIS2_PLACEMENT_3D('',#1810,#1811,#1812);
#1810 = CARTESIAN_POINT('',(-0.32,-5.4,-3.));
#1811 = DIRECTION('',(1.,0.,0.));
#1812 = DIRECTION('',(0.,0.,1.));
#1813 = ADVANCED_FACE('',(#1814),#1832,.F.);
#1814 = FACE_BOUND('',#1815,.F.);
#1815 = EDGE_LOOP('',(#1816,#1824,#1830,#1831));
#1816 = ORIENTED_EDGE('',*,*,#1817,.F.);
#1817 = EDGE_CURVE('',#1818,#574,#1820,.T.);
#1818 = VERTEX_POINT('',#1819);
#1819 = CARTESIAN_POINT('',(0.32,-5.4,-2.84));
#1820 = LINE('',#1821,#1822);
#1821 = CARTESIAN_POINT('',(0.32,-5.4,-3.));
#1822 = VECTOR('',#1823,1.);
#1823 = DIRECTION('',(0.,0.,1.));
#1824 = ORIENTED_EDGE('',*,*,#1825,.F.);
#1825 = EDGE_CURVE('',#1794,#1818,#1826,.T.);
#1826 = LINE('',#1827,#1828);
#1827 = CARTESIAN_POINT('',(-0.32,-5.4,-2.84));
#1828 = VECTOR('',#1829,1.);
#1829 = DIRECTION('',(1.,0.,0.));
#1830 = ORIENTED_EDGE('',*,*,#1793,.T.);
#1831 = ORIENTED_EDGE('',*,*,#581,.F.);
#1832 = PLANE('',#1833);
#1833 = AXIS2_PLACEMENT_3D('',#1834,#1835,#1836);
#1834 = CARTESIAN_POINT('',(-0.32,-5.4,-3.));
#1835 = DIRECTION('',(0.,1.,0.));
#1836 = DIRECTION('',(0.,-0.,1.));
#1837 = ADVANCED_FACE('',(#1838),#1849,.T.);
#1838 = FACE_BOUND('',#1839,.T.);
#1839 = EDGE_LOOP('',(#1840,#1841,#1847,#1848));
#1840 = ORIENTED_EDGE('',*,*,#1817,.F.);
#1841 = ORIENTED_EDGE('',*,*,#1842,.T.);
#1842 = EDGE_CURVE('',#1818,#1763,#1843,.T.);
#1843 = LINE('',#1844,#1845);
#1844 = CARTESIAN_POINT('',(0.32,-5.4,-2.84));
#1845 = VECTOR('',#1846,1.);
#1846 = DIRECTION('',(0.,1.,0.));
#1847 = ORIENTED_EDGE('',*,*,#1762,.T.);
#1848 = ORIENTED_EDGE('',*,*,#573,.F.);
#1849 = PLANE('',#1850);
#1850 = AXIS2_PLACEMENT_3D('',#1851,#1852,#1853);
#1851 = CARTESIAN_POINT('',(0.32,-5.4,-3.));
#1852 = DIRECTION('',(1.,0.,0.));
#1853 = DIRECTION('',(0.,0.,1.));
#1854 = ADVANCED_FACE('',(#1855),#1880,.T.);
#1855 = FACE_BOUND('',#1856,.T.);
#1856 = EDGE_LOOP('',(#1857,#1865,#1873,#1879));
#1857 = ORIENTED_EDGE('',*,*,#1858,.F.);
#1858 = EDGE_CURVE('',#1859,#598,#1861,.T.);
#1859 = VERTEX_POINT('',#1860);
#1860 = CARTESIAN_POINT('',(0.32,-9.84,-2.84));
#1861 = LINE('',#1862,#1863);
#1862 = CARTESIAN_POINT('',(0.32,-9.84,-3.));
#1863 = VECTOR('',#1864,1.);
#1864 = DIRECTION('',(0.,0.,1.));
#1865 = ORIENTED_EDGE('',*,*,#1866,.F.);
#1866 = EDGE_CURVE('',#1867,#1859,#1869,.T.);
#1867 = VERTEX_POINT('',#1868);
#1868 = CARTESIAN_POINT('',(-0.32,-9.84,-2.84));
#1869 = LINE('',#1870,#1871);
#1870 = CARTESIAN_POINT('',(-0.32,-9.84,-2.84));
#1871 = VECTOR('',#1872,1.);
#1872 = DIRECTION('',(1.,0.,0.));
#1873 = ORIENTED_EDGE('',*,*,#1874,.T.);
#1874 = EDGE_CURVE('',#1867,#600,#1875,.T.);
#1875 = LINE('',#1876,#1877);
#1876 = CARTESIAN_POINT('',(-0.32,-9.84,-3.));
#1877 = VECTOR('',#1878,1.);
#1878 = DIRECTION('',(0.,0.,1.));
#1879 = ORIENTED_EDGE('',*,*,#597,.F.);
#1880 = PLANE('',#1881);
#1881 = AXIS2_PLACEMENT_3D('',#1882,#1883,#1884);
#1882 = CARTESIAN_POINT('',(-0.32,-9.84,-3.));
#1883 = DIRECTION('',(0.,1.,0.));
#1884 = DIRECTION('',(0.,-0.,1.));
#1885 = ADVANCED_FACE('',(#1886),#1904,.F.);
#1886 = FACE_BOUND('',#1887,.F.);
#1887 = EDGE_LOOP('',(#1888,#1896,#1902,#1903));
#1888 = ORIENTED_EDGE('',*,*,#1889,.F.);
#1889 = EDGE_CURVE('',#1890,#616,#1892,.T.);
#1890 = VERTEX_POINT('',#1891);
#1891 = CARTESIAN_POINT('',(-0.32,-10.48,-2.84));
#1892 = LINE('',#1893,#1894);
#1893 = CARTESIAN_POINT('',(-0.32,-10.48,-3.));
#1894 = VECTOR('',#1895,1.);
#1895 = DIRECTION('',(0.,0.,1.));
#1896 = ORIENTED_EDGE('',*,*,#1897,.T.);
#1897 = EDGE_CURVE('',#1890,#1867,#1898,.T.);
#1898 = LINE('',#1899,#1900);
#1899 = CARTESIAN_POINT('',(-0.32,-10.48,-2.84));
#1900 = VECTOR('',#1901,1.);
#1901 = DIRECTION('',(0.,1.,0.));
#1902 = ORIENTED_EDGE('',*,*,#1874,.T.);
#1903 = ORIENTED_EDGE('',*,*,#623,.F.);
#1904 = PLANE('',#1905);
#1905 = AXIS2_PLACEMENT_3D('',#1906,#1907,#1908);
#1906 = CARTESIAN_POINT('',(-0.32,-10.48,-3.));
#1907 = DIRECTION('',(1.,0.,0.));
#1908 = DIRECTION('',(0.,0.,1.));
#1909 = ADVANCED_FACE('',(#1910),#1928,.F.);
#1910 = FACE_BOUND('',#1911,.F.);
#1911 = EDGE_LOOP('',(#1912,#1920,#1926,#1927));
#1912 = ORIENTED_EDGE('',*,*,#1913,.F.);
#1913 = EDGE_CURVE('',#1914,#608,#1916,.T.);
#1914 = VERTEX_POINT('',#1915);
#1915 = CARTESIAN_POINT('',(0.32,-10.48,-2.84));
#1916 = LINE('',#1917,#1918);
#1917 = CARTESIAN_POINT('',(0.32,-10.48,-3.));
#1918 = VECTOR('',#1919,1.);
#1919 = DIRECTION('',(0.,0.,1.));
#1920 = ORIENTED_EDGE('',*,*,#1921,.F.);
#1921 = EDGE_CURVE('',#1890,#1914,#1922,.T.);
#1922 = LINE('',#1923,#1924);
#1923 = CARTESIAN_POINT('',(-0.32,-10.48,-2.84));
#1924 = VECTOR('',#1925,1.);
#1925 = DIRECTION('',(1.,0.,0.));
#1926 = ORIENTED_EDGE('',*,*,#1889,.T.);
#1927 = ORIENTED_EDGE('',*,*,#615,.F.);
#1928 = PLANE('',#1929);
#1929 = AXIS2_PLACEMENT_3D('',#1930,#1931,#1932);
#1930 = CARTESIAN_POINT('',(-0.32,-10.48,-3.));
#1931 = DIRECTION('',(0.,1.,0.));
#1932 = DIRECTION('',(0.,-0.,1.));
#1933 = ADVANCED_FACE('',(#1934),#1945,.T.);
#1934 = FACE_BOUND('',#1935,.T.);
#1935 = EDGE_LOOP('',(#1936,#1937,#1943,#1944));
#1936 = ORIENTED_EDGE('',*,*,#1913,.F.);
#1937 = ORIENTED_EDGE('',*,*,#1938,.T.);
#1938 = EDGE_CURVE('',#1914,#1859,#1939,.T.);
#1939 = LINE('',#1940,#1941);
#1940 = CARTESIAN_POINT('',(0.32,-10.48,-2.84));
#1941 = VECTOR('',#1942,1.);
#1942 = DIRECTION('',(0.,1.,0.));
#1943 = ORIENTED_EDGE('',*,*,#1858,.T.);
#1944 = ORIENTED_EDGE('',*,*,#607,.F.);
#1945 = PLANE('',#1946);
#1946 = AXIS2_PLACEMENT_3D('',#1947,#1948,#1949);
#1947 = CARTESIAN_POINT('',(0.32,-10.48,-3.));
#1948 = DIRECTION('',(1.,0.,0.));
#1949 = DIRECTION('',(0.,0.,1.));
#1950 = ADVANCED_FACE('',(#1951),#1976,.F.);
#1951 = FACE_BOUND('',#1952,.F.);
#1952 = EDGE_LOOP('',(#1953,#1961,#1969,#1975));
#1953 = ORIENTED_EDGE('',*,*,#1954,.F.);
#1954 = EDGE_CURVE('',#1955,#632,#1957,.T.);
#1955 = VERTEX_POINT('',#1956);
#1956 = CARTESIAN_POINT('',(0.32,-7.94,-2.84));
#1957 = LINE('',#1958,#1959);
#1958 = CARTESIAN_POINT('',(0.32,-7.94,-3.));
#1959 = VECTOR('',#1960,1.);
#1960 = DIRECTION('',(0.,0.,1.));
#1961 = ORIENTED_EDGE('',*,*,#1962,.F.);
#1962 = EDGE_CURVE('',#1963,#1955,#1965,.T.);
#1963 = VERTEX_POINT('',#1964);
#1964 = CARTESIAN_POINT('',(-0.32,-7.94,-2.84));
#1965 = LINE('',#1966,#1967);
#1966 = CARTESIAN_POINT('',(-0.32,-7.94,-2.84));
#1967 = VECTOR('',#1968,1.);
#1968 = DIRECTION('',(1.,0.,0.));
#1969 = ORIENTED_EDGE('',*,*,#1970,.T.);
#1970 = EDGE_CURVE('',#1963,#634,#1971,.T.);
#1971 = LINE('',#1972,#1973);
#1972 = CARTESIAN_POINT('',(-0.32,-7.94,-3.));
#1973 = VECTOR('',#1974,1.);
#1974 = DIRECTION('',(0.,0.,1.));
#1975 = ORIENTED_EDGE('',*,*,#631,.F.);
#1976 = PLANE('',#1977);
#1977 = AXIS2_PLACEMENT_3D('',#1978,#1979,#1980);
#1978 = CARTESIAN_POINT('',(-0.32,-7.94,-3.));
#1979 = DIRECTION('',(0.,1.,0.));
#1980 = DIRECTION('',(0.,-0.,1.));
#1981 = ADVANCED_FACE('',(#1982),#2000,.T.);
#1982 = FACE_BOUND('',#1983,.T.);
#1983 = EDGE_LOOP('',(#1984,#1985,#1993,#1999));
#1984 = ORIENTED_EDGE('',*,*,#1954,.F.);
#1985 = ORIENTED_EDGE('',*,*,#1986,.T.);
#1986 = EDGE_CURVE('',#1955,#1987,#1989,.T.);
#1987 = VERTEX_POINT('',#1988);
#1988 = CARTESIAN_POINT('',(0.32,-7.3,-2.84));
#1989 = LINE('',#1990,#1991);
#1990 = CARTESIAN_POINT('',(0.32,-7.94,-2.84));
#1991 = VECTOR('',#1992,1.);
#1992 = DIRECTION('',(0.,1.,0.));
#1993 = ORIENTED_EDGE('',*,*,#1994,.T.);
#1994 = EDGE_CURVE('',#1987,#650,#1995,.T.);
#1995 = LINE('',#1996,#1997);
#1996 = CARTESIAN_POINT('',(0.32,-7.3,-3.));
#1997 = VECTOR('',#1998,1.);
#1998 = DIRECTION('',(0.,0.,1.));
#1999 = ORIENTED_EDGE('',*,*,#657,.F.);
#2000 = PLANE('',#2001);
#2001 = AXIS2_PLACEMENT_3D('',#2002,#2003,#2004);
#2002 = CARTESIAN_POINT('',(0.32,-7.94,-3.));
#2003 = DIRECTION('',(1.,0.,0.));
#2004 = DIRECTION('',(0.,0.,1.));
#2005 = ADVANCED_FACE('',(#2006),#2024,.T.);
#2006 = FACE_BOUND('',#2007,.T.);
#2007 = EDGE_LOOP('',(#2008,#2009,#2017,#2023));
#2008 = ORIENTED_EDGE('',*,*,#1994,.F.);
#2009 = ORIENTED_EDGE('',*,*,#2010,.F.);
#2010 = EDGE_CURVE('',#2011,#1987,#2013,.T.);
#2011 = VERTEX_POINT('',#2012);
#2012 = CARTESIAN_POINT('',(-0.32,-7.3,-2.84));
#2013 = LINE('',#2014,#2015);
#2014 = CARTESIAN_POINT('',(-0.32,-7.3,-2.84));
#2015 = VECTOR('',#2016,1.);
#2016 = DIRECTION('',(1.,0.,0.));
#2017 = ORIENTED_EDGE('',*,*,#2018,.T.);
#2018 = EDGE_CURVE('',#2011,#642,#2019,.T.);
#2019 = LINE('',#2020,#2021);
#2020 = CARTESIAN_POINT('',(-0.32,-7.3,-3.));
#2021 = VECTOR('',#2022,1.);
#2022 = DIRECTION('',(0.,0.,1.));
#2023 = ORIENTED_EDGE('',*,*,#649,.F.);
#2024 = PLANE('',#2025);
#2025 = AXIS2_PLACEMENT_3D('',#2026,#2027,#2028);
#2026 = CARTESIAN_POINT('',(-0.32,-7.3,-3.));
#2027 = DIRECTION('',(0.,1.,0.));
#2028 = DIRECTION('',(0.,-0.,1.));
#2029 = ADVANCED_FACE('',(#2030),#2041,.F.);
#2030 = FACE_BOUND('',#2031,.F.);
#2031 = EDGE_LOOP('',(#2032,#2033,#2039,#2040));
#2032 = ORIENTED_EDGE('',*,*,#1970,.F.);
#2033 = ORIENTED_EDGE('',*,*,#2034,.T.);
#2034 = EDGE_CURVE('',#1963,#2011,#2035,.T.);
#2035 = LINE('',#2036,#2037);
#2036 = CARTESIAN_POINT('',(-0.32,-7.94,-2.84));
#2037 = VECTOR('',#2038,1.);
#2038 = DIRECTION('',(0.,1.,0.));
#2039 = ORIENTED_EDGE('',*,*,#2018,.T.);
#2040 = ORIENTED_EDGE('',*,*,#641,.F.);
#2041 = PLANE('',#2042);
#2042 = AXIS2_PLACEMENT_3D('',#2043,#2044,#2045);
#2043 = CARTESIAN_POINT('',(-0.32,-7.94,-3.));
#2044 = DIRECTION('',(1.,0.,0.));
#2045 = DIRECTION('',(0.,0.,1.));
#2046 = ADVANCED_FACE('',(#2047),#2072,.T.);
#2047 = FACE_BOUND('',#2048,.T.);
#2048 = EDGE_LOOP('',(#2049,#2057,#2058,#2066));
#2049 = ORIENTED_EDGE('',*,*,#2050,.F.);
#2050 = EDGE_CURVE('',#907,#2051,#2053,.T.);
#2051 = VERTEX_POINT('',#2052);
#2052 = CARTESIAN_POINT('',(0.32,-0.32,8.38));
#2053 = LINE('',#2054,#2055);
#2054 = CARTESIAN_POINT('',(0.32,-0.32,-3.));
#2055 = VECTOR('',#2056,1.);
#2056 = DIRECTION('',(0.,0.,1.));
#2057 = ORIENTED_EDGE('',*,*,#906,.T.);
#2058 = ORIENTED_EDGE('',*,*,#2059,.T.);
#2059 = EDGE_CURVE('',#909,#2060,#2062,.T.);
#2060 = VERTEX_POINT('',#2061);
#2061 = CARTESIAN_POINT('',(0.32,0.32,8.38));
#2062 = LINE('',#2063,#2064);
#2063 = CARTESIAN_POINT('',(0.32,0.32,-3.));
#2064 = VECTOR('',#2065,1.);
#2065 = DIRECTION('',(0.,0.,1.));
#2066 = ORIENTED_EDGE('',*,*,#2067,.F.);
#2067 = EDGE_CURVE('',#2051,#2060,#2068,.T.);
#2068 = LINE('',#2069,#2070);
#2069 = CARTESIAN_POINT('',(0.32,-0.32,8.38));
#2070 = VECTOR('',#2071,1.);
#2071 = DIRECTION('',(0.,1.,0.));
#2072 = PLANE('',#2073);
#2073 = AXIS2_PLACEMENT_3D('',#2074,#2075,#2076);
#2074 = CARTESIAN_POINT('',(0.32,-0.32,-3.));
#2075 = DIRECTION('',(1.,0.,0.));
#2076 = DIRECTION('',(0.,0.,1.));
#2077 = ADVANCED_FACE('',(#2078),#2096,.T.);
#2078 = FACE_BOUND('',#2079,.T.);
#2079 = EDGE_LOOP('',(#2080,#2081,#2082,#2090));
#2080 = ORIENTED_EDGE('',*,*,#2059,.F.);
#2081 = ORIENTED_EDGE('',*,*,#932,.T.);
#2082 = ORIENTED_EDGE('',*,*,#2083,.T.);
#2083 = EDGE_CURVE('',#925,#2084,#2086,.T.);
#2084 = VERTEX_POINT('',#2085);
#2085 = CARTESIAN_POINT('',(-0.32,0.32,8.38));
#2086 = LINE('',#2087,#2088);
#2087 = CARTESIAN_POINT('',(-0.32,0.32,-3.));
#2088 = VECTOR('',#2089,1.);
#2089 = DIRECTION('',(0.,0.,1.));
#2090 = ORIENTED_EDGE('',*,*,#2091,.T.);
#2091 = EDGE_CURVE('',#2084,#2060,#2092,.T.);
#2092 = LINE('',#2093,#2094);
#2093 = CARTESIAN_POINT('',(-0.32,0.32,8.38));
#2094 = VECTOR('',#2095,1.);
#2095 = DIRECTION('',(1.,0.,0.));
#2096 = PLANE('',#2097);
#2097 = AXIS2_PLACEMENT_3D('',#2098,#2099,#2100);
#2098 = CARTESIAN_POINT('',(-0.32,0.32,-3.));
#2099 = DIRECTION('',(0.,1.,0.));
#2100 = DIRECTION('',(0.,-0.,1.));
#2101 = ADVANCED_FACE('',(#2102),#2120,.F.);
#2102 = FACE_BOUND('',#2103,.F.);
#2103 = EDGE_LOOP('',(#2104,#2112,#2113,#2114));
#2104 = ORIENTED_EDGE('',*,*,#2105,.F.);
#2105 = EDGE_CURVE('',#917,#2106,#2108,.T.);
#2106 = VERTEX_POINT('',#2107);
#2107 = CARTESIAN_POINT('',(-0.32,-0.32,8.38));
#2108 = LINE('',#2109,#2110);
#2109 = CARTESIAN_POINT('',(-0.32,-0.32,-3.));
#2110 = VECTOR('',#2111,1.);
#2111 = DIRECTION('',(0.,0.,1.));
#2112 = ORIENTED_EDGE('',*,*,#924,.T.);
#2113 = ORIENTED_EDGE('',*,*,#2083,.T.);
#2114 = ORIENTED_EDGE('',*,*,#2115,.F.);
#2115 = EDGE_CURVE('',#2106,#2084,#2116,.T.);
#2116 = LINE('',#2117,#2118);
#2117 = CARTESIAN_POINT('',(-0.32,-0.32,8.38));
#2118 = VECTOR('',#2119,1.);
#2119 = DIRECTION('',(0.,1.,0.));
#2120 = PLANE('',#2121);
#2121 = AXIS2_PLACEMENT_3D('',#2122,#2123,#2124);
#2122 = CARTESIAN_POINT('',(-0.32,-0.32,-3.));
#2123 = DIRECTION('',(1.,0.,0.));
#2124 = DIRECTION('',(0.,0.,1.));
#2125 = ADVANCED_FACE('',(#2126),#2137,.F.);
#2126 = FACE_BOUND('',#2127,.F.);
#2127 = EDGE_LOOP('',(#2128,#2129,#2130,#2131));
#2128 = ORIENTED_EDGE('',*,*,#2050,.F.);
#2129 = ORIENTED_EDGE('',*,*,#916,.T.);
#2130 = ORIENTED_EDGE('',*,*,#2105,.T.);
#2131 = ORIENTED_EDGE('',*,*,#2132,.T.);
#2132 = EDGE_CURVE('',#2106,#2051,#2133,.T.);
#2133 = LINE('',#2134,#2135);
#2134 = CARTESIAN_POINT('',(-0.32,-0.32,8.38));
#2135 = VECTOR('',#2136,1.);
#2136 = DIRECTION('',(1.,0.,0.));
#2137 = PLANE('',#2138);
#2138 = AXIS2_PLACEMENT_3D('',#2139,#2140,#2141);
#2139 = CARTESIAN_POINT('',(-0.32,-0.32,-3.));
#2140 = DIRECTION('',(0.,1.,0.));
#2141 = DIRECTION('',(0.,-0.,1.));
#2142 = ADVANCED_FACE('',(#2143),#2168,.T.);
#2143 = FACE_BOUND('',#2144,.T.);
#2144 = EDGE_LOOP('',(#2145,#2153,#2154,#2162));
#2145 = ORIENTED_EDGE('',*,*,#2146,.F.);
#2146 = EDGE_CURVE('',#941,#2147,#2149,.T.);
#2147 = VERTEX_POINT('',#2148);
#2148 = CARTESIAN_POINT('',(0.32,-2.22,8.38));
#2149 = LINE('',#2150,#2151);
#2150 = CARTESIAN_POINT('',(0.32,-2.22,-3.));
#2151 = VECTOR('',#2152,1.);
#2152 = DIRECTION('',(0.,0.,1.));
#2153 = ORIENTED_EDGE('',*,*,#940,.T.);
#2154 = ORIENTED_EDGE('',*,*,#2155,.T.);
#2155 = EDGE_CURVE('',#943,#2156,#2158,.T.);
#2156 = VERTEX_POINT('',#2157);
#2157 = CARTESIAN_POINT('',(-0.32,-2.22,8.38));
#2158 = LINE('',#2159,#2160);
#2159 = CARTESIAN_POINT('',(-0.32,-2.22,-3.));
#2160 = VECTOR('',#2161,1.);
#2161 = DIRECTION('',(0.,0.,1.));
#2162 = ORIENTED_EDGE('',*,*,#2163,.T.);
#2163 = EDGE_CURVE('',#2156,#2147,#2164,.T.);
#2164 = LINE('',#2165,#2166);
#2165 = CARTESIAN_POINT('',(-0.32,-2.22,8.38));
#2166 = VECTOR('',#2167,1.);
#2167 = DIRECTION('',(1.,0.,0.));
#2168 = PLANE('',#2169);
#2169 = AXIS2_PLACEMENT_3D('',#2170,#2171,#2172);
#2170 = CARTESIAN_POINT('',(-0.32,-2.22,-3.));
#2171 = DIRECTION('',(0.,1.,0.));
#2172 = DIRECTION('',(0.,-0.,1.));
#2173 = ADVANCED_FACE('',(#2174),#2192,.F.);
#2174 = FACE_BOUND('',#2175,.F.);
#2175 = EDGE_LOOP('',(#2176,#2184,#2185,#2186));
#2176 = ORIENTED_EDGE('',*,*,#2177,.F.);
#2177 = EDGE_CURVE('',#959,#2178,#2180,.T.);
#2178 = VERTEX_POINT('',#2179);
#2179 = CARTESIAN_POINT('',(-0.32,-2.86,8.38));
#2180 = LINE('',#2181,#2182);
#2181 = CARTESIAN_POINT('',(-0.32,-2.86,-3.));
#2182 = VECTOR('',#2183,1.);
#2183 = DIRECTION('',(0.,0.,1.));
#2184 = ORIENTED_EDGE('',*,*,#966,.T.);
#2185 = ORIENTED_EDGE('',*,*,#2155,.T.);
#2186 = ORIENTED_EDGE('',*,*,#2187,.F.);
#2187 = EDGE_CURVE('',#2178,#2156,#2188,.T.);
#2188 = LINE('',#2189,#2190);
#2189 = CARTESIAN_POINT('',(-0.32,-2.86,8.38));
#2190 = VECTOR('',#2191,1.);
#2191 = DIRECTION('',(0.,1.,0.));
#2192 = PLANE('',#2193);
#2193 = AXIS2_PLACEMENT_3D('',#2194,#2195,#2196);
#2194 = CARTESIAN_POINT('',(-0.32,-2.86,-3.));
#2195 = DIRECTION('',(1.,0.,0.));
#2196 = DIRECTION('',(0.,0.,1.));
#2197 = ADVANCED_FACE('',(#2198),#2216,.F.);
#2198 = FACE_BOUND('',#2199,.F.);
#2199 = EDGE_LOOP('',(#2200,#2208,#2209,#2210));
#2200 = ORIENTED_EDGE('',*,*,#2201,.F.);
#2201 = EDGE_CURVE('',#951,#2202,#2204,.T.);
#2202 = VERTEX_POINT('',#2203);
#2203 = CARTESIAN_POINT('',(0.32,-2.86,8.38));
#2204 = LINE('',#2205,#2206);
#2205 = CARTESIAN_POINT('',(0.32,-2.86,-3.));
#2206 = VECTOR('',#2207,1.);
#2207 = DIRECTION('',(0.,0.,1.));
#2208 = ORIENTED_EDGE('',*,*,#958,.T.);
#2209 = ORIENTED_EDGE('',*,*,#2177,.T.);
#2210 = ORIENTED_EDGE('',*,*,#2211,.T.);
#2211 = EDGE_CURVE('',#2178,#2202,#2212,.T.);
#2212 = LINE('',#2213,#2214);
#2213 = CARTESIAN_POINT('',(-0.32,-2.86,8.38));
#2214 = VECTOR('',#2215,1.);
#2215 = DIRECTION('',(1.,0.,0.));
#2216 = PLANE('',#2217);
#2217 = AXIS2_PLACEMENT_3D('',#2218,#2219,#2220);
#2218 = CARTESIAN_POINT('',(-0.32,-2.86,-3.));
#2219 = DIRECTION('',(0.,1.,0.));
#2220 = DIRECTION('',(0.,-0.,1.));
#2221 = ADVANCED_FACE('',(#2222),#2233,.T.);
#2222 = FACE_BOUND('',#2223,.T.);
#2223 = EDGE_LOOP('',(#2224,#2225,#2226,#2227));
#2224 = ORIENTED_EDGE('',*,*,#2201,.F.);
#2225 = ORIENTED_EDGE('',*,*,#950,.T.);
#2226 = ORIENTED_EDGE('',*,*,#2146,.T.);
#2227 = ORIENTED_EDGE('',*,*,#2228,.F.);
#2228 = EDGE_CURVE('',#2202,#2147,#2229,.T.);
#2229 = LINE('',#2230,#2231);
#2230 = CARTESIAN_POINT('',(0.32,-2.86,8.38));
#2231 = VECTOR('',#2232,1.);
#2232 = DIRECTION('',(0.,1.,0.));
#2233 = PLANE('',#2234);
#2234 = AXIS2_PLACEMENT_3D('',#2235,#2236,#2237);
#2235 = CARTESIAN_POINT('',(0.32,-2.86,-3.));
#2236 = DIRECTION('',(1.,0.,0.));
#2237 = DIRECTION('',(0.,0.,1.));
#2238 = ADVANCED_FACE('',(#2239),#2264,.T.);
#2239 = FACE_BOUND('',#2240,.T.);
#2240 = EDGE_LOOP('',(#2241,#2249,#2250,#2258));
#2241 = ORIENTED_EDGE('',*,*,#2242,.F.);
#2242 = EDGE_CURVE('',#975,#2243,#2245,.T.);
#2243 = VERTEX_POINT('',#2244);
#2244 = CARTESIAN_POINT('',(0.32,-4.76,8.38));
#2245 = LINE('',#2246,#2247);
#2246 = CARTESIAN_POINT('',(0.32,-4.76,-3.));
#2247 = VECTOR('',#2248,1.);
#2248 = DIRECTION('',(0.,0.,1.));
#2249 = ORIENTED_EDGE('',*,*,#974,.T.);
#2250 = ORIENTED_EDGE('',*,*,#2251,.T.);
#2251 = EDGE_CURVE('',#977,#2252,#2254,.T.);
#2252 = VERTEX_POINT('',#2253);
#2253 = CARTESIAN_POINT('',(-0.32,-4.76,8.38));
#2254 = LINE('',#2255,#2256);
#2255 = CARTESIAN_POINT('',(-0.32,-4.76,-3.));
#2256 = VECTOR('',#2257,1.);
#2257 = DIRECTION('',(0.,0.,1.));
#2258 = ORIENTED_EDGE('',*,*,#2259,.T.);
#2259 = EDGE_CURVE('',#2252,#2243,#2260,.T.);
#2260 = LINE('',#2261,#2262);
#2261 = CARTESIAN_POINT('',(-0.32,-4.76,8.38));
#2262 = VECTOR('',#2263,1.);
#2263 = DIRECTION('',(1.,0.,0.));
#2264 = PLANE('',#2265);
#2265 = AXIS2_PLACEMENT_3D('',#2266,#2267,#2268);
#2266 = CARTESIAN_POINT('',(-0.32,-4.76,-3.));
#2267 = DIRECTION('',(0.,1.,0.));
#2268 = DIRECTION('',(0.,-0.,1.));
#2269 = ADVANCED_FACE('',(#2270),#2288,.F.);
#2270 = FACE_BOUND('',#2271,.F.);
#2271 = EDGE_LOOP('',(#2272,#2280,#2281,#2282));
#2272 = ORIENTED_EDGE('',*,*,#2273,.F.);
#2273 = EDGE_CURVE('',#993,#2274,#2276,.T.);
#2274 = VERTEX_POINT('',#2275);
#2275 = CARTESIAN_POINT('',(-0.32,-5.4,8.38));
#2276 = LINE('',#2277,#2278);
#2277 = CARTESIAN_POINT('',(-0.32,-5.4,-3.));
#2278 = VECTOR('',#2279,1.);
#2279 = DIRECTION('',(0.,0.,1.));
#2280 = ORIENTED_EDGE('',*,*,#1000,.T.);
#2281 = ORIENTED_EDGE('',*,*,#2251,.T.);
#2282 = ORIENTED_EDGE('',*,*,#2283,.F.);
#2283 = EDGE_CURVE('',#2274,#2252,#2284,.T.);
#2284 = LINE('',#2285,#2286);
#2285 = CARTESIAN_POINT('',(-0.32,-5.4,8.38));
#2286 = VECTOR('',#2287,1.);
#2287 = DIRECTION('',(0.,1.,0.));
#2288 = PLANE('',#2289);
#2289 = AXIS2_PLACEMENT_3D('',#2290,#2291,#2292);
#2290 = CARTESIAN_POINT('',(-0.32,-5.4,-3.));
#2291 = DIRECTION('',(1.,0.,0.));
#2292 = DIRECTION('',(0.,0.,1.));
#2293 = ADVANCED_FACE('',(#2294),#2312,.F.);
#2294 = FACE_BOUND('',#2295,.F.);
#2295 = EDGE_LOOP('',(#2296,#2304,#2305,#2306));
#2296 = ORIENTED_EDGE('',*,*,#2297,.F.);
#2297 = EDGE_CURVE('',#985,#2298,#2300,.T.);
#2298 = VERTEX_POINT('',#2299);
#2299 = CARTESIAN_POINT('',(0.32,-5.4,8.38));
#2300 = LINE('',#2301,#2302);
#2301 = CARTESIAN_POINT('',(0.32,-5.4,-3.));
#2302 = VECTOR('',#2303,1.);
#2303 = DIRECTION('',(0.,0.,1.));
#2304 = ORIENTED_EDGE('',*,*,#992,.T.);
#2305 = ORIENTED_EDGE('',*,*,#2273,.T.);
#2306 = ORIENTED_EDGE('',*,*,#2307,.T.);
#2307 = EDGE_CURVE('',#2274,#2298,#2308,.T.);
#2308 = LINE('',#2309,#2310);
#2309 = CARTESIAN_POINT('',(-0.32,-5.4,8.38));
#2310 = VECTOR('',#2311,1.);
#2311 = DIRECTION('',(1.,0.,0.));
#2312 = PLANE('',#2313);
#2313 = AXIS2_PLACEMENT_3D('',#2314,#2315,#2316);
#2314 = CARTESIAN_POINT('',(-0.32,-5.4,-3.));
#2315 = DIRECTION('',(0.,1.,0.));
#2316 = DIRECTION('',(0.,-0.,1.));
#2317 = ADVANCED_FACE('',(#2318),#2329,.T.);
#2318 = FACE_BOUND('',#2319,.T.);
#2319 = EDGE_LOOP('',(#2320,#2321,#2322,#2323));
#2320 = ORIENTED_EDGE('',*,*,#2297,.F.);
#2321 = ORIENTED_EDGE('',*,*,#984,.T.);
#2322 = ORIENTED_EDGE('',*,*,#2242,.T.);
#2323 = ORIENTED_EDGE('',*,*,#2324,.F.);
#2324 = EDGE_CURVE('',#2298,#2243,#2325,.T.);
#2325 = LINE('',#2326,#2327);
#2326 = CARTESIAN_POINT('',(0.32,-5.4,8.38));
#2327 = VECTOR('',#2328,1.);
#2328 = DIRECTION('',(0.,1.,0.));
#2329 = PLANE('',#2330);
#2330 = AXIS2_PLACEMENT_3D('',#2331,#2332,#2333);
#2331 = CARTESIAN_POINT('',(0.32,-5.4,-3.));
#2332 = DIRECTION('',(1.,0.,0.));
#2333 = DIRECTION('',(0.,0.,1.));
#2334 = ADVANCED_FACE('',(#2335),#2360,.T.);
#2335 = FACE_BOUND('',#2336,.T.);
#2336 = EDGE_LOOP('',(#2337,#2345,#2346,#2354));
#2337 = ORIENTED_EDGE('',*,*,#2338,.F.);
#2338 = EDGE_CURVE('',#1009,#2339,#2341,.T.);
#2339 = VERTEX_POINT('',#2340);
#2340 = CARTESIAN_POINT('',(0.32,-9.84,8.38));
#2341 = LINE('',#2342,#2343);
#2342 = CARTESIAN_POINT('',(0.32,-9.84,-3.));
#2343 = VECTOR('',#2344,1.);
#2344 = DIRECTION('',(0.,0.,1.));
#2345 = ORIENTED_EDGE('',*,*,#1008,.T.);
#2346 = ORIENTED_EDGE('',*,*,#2347,.T.);
#2347 = EDGE_CURVE('',#1011,#2348,#2350,.T.);
#2348 = VERTEX_POINT('',#2349);
#2349 = CARTESIAN_POINT('',(-0.32,-9.84,8.38));
#2350 = LINE('',#2351,#2352);
#2351 = CARTESIAN_POINT('',(-0.32,-9.84,-3.));
#2352 = VECTOR('',#2353,1.);
#2353 = DIRECTION('',(0.,0.,1.));
#2354 = ORIENTED_EDGE('',*,*,#2355,.T.);
#2355 = EDGE_CURVE('',#2348,#2339,#2356,.T.);
#2356 = LINE('',#2357,#2358);
#2357 = CARTESIAN_POINT('',(-0.32,-9.84,8.38));
#2358 = VECTOR('',#2359,1.);
#2359 = DIRECTION('',(1.,0.,0.));
#2360 = PLANE('',#2361);
#2361 = AXIS2_PLACEMENT_3D('',#2362,#2363,#2364);
#2362 = CARTESIAN_POINT('',(-0.32,-9.84,-3.));
#2363 = DIRECTION('',(0.,1.,0.));
#2364 = DIRECTION('',(0.,-0.,1.));
#2365 = ADVANCED_FACE('',(#2366),#2384,.F.);
#2366 = FACE_BOUND('',#2367,.F.);
#2367 = EDGE_LOOP('',(#2368,#2376,#2377,#2378));
#2368 = ORIENTED_EDGE('',*,*,#2369,.F.);
#2369 = EDGE_CURVE('',#1027,#2370,#2372,.T.);
#2370 = VERTEX_POINT('',#2371);
#2371 = CARTESIAN_POINT('',(-0.32,-10.48,8.38));
#2372 = LINE('',#2373,#2374);
#2373 = CARTESIAN_POINT('',(-0.32,-10.48,-3.));
#2374 = VECTOR('',#2375,1.);
#2375 = DIRECTION('',(0.,0.,1.));
#2376 = ORIENTED_EDGE('',*,*,#1034,.T.);
#2377 = ORIENTED_EDGE('',*,*,#2347,.T.);
#2378 = ORIENTED_EDGE('',*,*,#2379,.F.);
#2379 = EDGE_CURVE('',#2370,#2348,#2380,.T.);
#2380 = LINE('',#2381,#2382);
#2381 = CARTESIAN_POINT('',(-0.32,-10.48,8.38));
#2382 = VECTOR('',#2383,1.);
#2383 = DIRECTION('',(0.,1.,0.));
#2384 = PLANE('',#2385);
#2385 = AXIS2_PLACEMENT_3D('',#2386,#2387,#2388);
#2386 = CARTESIAN_POINT('',(-0.32,-10.48,-3.));
#2387 = DIRECTION('',(1.,0.,0.));
#2388 = DIRECTION('',(0.,0.,1.));
#2389 = ADVANCED_FACE('',(#2390),#2408,.F.);
#2390 = FACE_BOUND('',#2391,.F.);
#2391 = EDGE_LOOP('',(#2392,#2400,#2401,#2402));
#2392 = ORIENTED_EDGE('',*,*,#2393,.F.);
#2393 = EDGE_CURVE('',#1019,#2394,#2396,.T.);
#2394 = VERTEX_POINT('',#2395);
#2395 = CARTESIAN_POINT('',(0.32,-10.48,8.38));
#2396 = LINE('',#2397,#2398);
#2397 = CARTESIAN_POINT('',(0.32,-10.48,-3.));
#2398 = VECTOR('',#2399,1.);
#2399 = DIRECTION('',(0.,0.,1.));
#2400 = ORIENTED_EDGE('',*,*,#1026,.T.);
#2401 = ORIENTED_EDGE('',*,*,#2369,.T.);
#2402 = ORIENTED_EDGE('',*,*,#2403,.T.);
#2403 = EDGE_CURVE('',#2370,#2394,#2404,.T.);
#2404 = LINE('',#2405,#2406);
#2405 = CARTESIAN_POINT('',(-0.32,-10.48,8.38));
#2406 = VECTOR('',#2407,1.);
#2407 = DIRECTION('',(1.,0.,0.));
#2408 = PLANE('',#2409);
#2409 = AXIS2_PLACEMENT_3D('',#2410,#2411,#2412);
#2410 = CARTESIAN_POINT('',(-0.32,-10.48,-3.));
#2411 = DIRECTION('',(0.,1.,0.));
#2412 = DIRECTION('',(0.,-0.,1.));
#2413 = ADVANCED_FACE('',(#2414),#2425,.T.);
#2414 = FACE_BOUND('',#2415,.T.);
#2415 = EDGE_LOOP('',(#2416,#2417,#2418,#2419));
#2416 = ORIENTED_EDGE('',*,*,#2393,.F.);
#2417 = ORIENTED_EDGE('',*,*,#1018,.T.);
#2418 = ORIENTED_EDGE('',*,*,#2338,.T.);
#2419 = ORIENTED_EDGE('',*,*,#2420,.F.);
#2420 = EDGE_CURVE('',#2394,#2339,#2421,.T.);
#2421 = LINE('',#2422,#2423);
#2422 = CARTESIAN_POINT('',(0.32,-10.48,8.38));
#2423 = VECTOR('',#2424,1.);
#2424 = DIRECTION('',(0.,1.,0.));
#2425 = PLANE('',#2426);
#2426 = AXIS2_PLACEMENT_3D('',#2427,#2428,#2429);
#2427 = CARTESIAN_POINT('',(0.32,-10.48,-3.));
#2428 = DIRECTION('',(1.,0.,0.));
#2429 = DIRECTION('',(0.,0.,1.));
#2430 = ADVANCED_FACE('',(#2431),#2456,.F.);
#2431 = FACE_BOUND('',#2432,.F.);
#2432 = EDGE_LOOP('',(#2433,#2441,#2442,#2450));
#2433 = ORIENTED_EDGE('',*,*,#2434,.F.);
#2434 = EDGE_CURVE('',#1043,#2435,#2437,.T.);
#2435 = VERTEX_POINT('',#2436);
#2436 = CARTESIAN_POINT('',(0.32,-7.94,8.38));
#2437 = LINE('',#2438,#2439);
#2438 = CARTESIAN_POINT('',(0.32,-7.94,-3.));
#2439 = VECTOR('',#2440,1.);
#2440 = DIRECTION('',(0.,0.,1.));
#2441 = ORIENTED_EDGE('',*,*,#1042,.T.);
#2442 = ORIENTED_EDGE('',*,*,#2443,.T.);
#2443 = EDGE_CURVE('',#1045,#2444,#2446,.T.);
#2444 = VERTEX_POINT('',#2445);
#2445 = CARTESIAN_POINT('',(-0.32,-7.94,8.38));
#2446 = LINE('',#2447,#2448);
#2447 = CARTESIAN_POINT('',(-0.32,-7.94,-3.));
#2448 = VECTOR('',#2449,1.);
#2449 = DIRECTION('',(0.,0.,1.));
#2450 = ORIENTED_EDGE('',*,*,#2451,.T.);
#2451 = EDGE_CURVE('',#2444,#2435,#2452,.T.);
#2452 = LINE('',#2453,#2454);
#2453 = CARTESIAN_POINT('',(-0.32,-7.94,8.38));
#2454 = VECTOR('',#2455,1.);
#2455 = DIRECTION('',(1.,0.,0.));
#2456 = PLANE('',#2457);
#2457 = AXIS2_PLACEMENT_3D('',#2458,#2459,#2460);
#2458 = CARTESIAN_POINT('',(-0.32,-7.94,-3.));
#2459 = DIRECTION('',(0.,1.,0.));
#2460 = DIRECTION('',(0.,-0.,1.));
#2461 = ADVANCED_FACE('',(#2462),#2480,.T.);
#2462 = FACE_BOUND('',#2463,.T.);
#2463 = EDGE_LOOP('',(#2464,#2465,#2466,#2474));
#2464 = ORIENTED_EDGE('',*,*,#2434,.F.);
#2465 = ORIENTED_EDGE('',*,*,#1068,.T.);
#2466 = ORIENTED_EDGE('',*,*,#2467,.T.);
#2467 = EDGE_CURVE('',#1061,#2468,#2470,.T.);
#2468 = VERTEX_POINT('',#2469);
#2469 = CARTESIAN_POINT('',(0.32,-7.3,8.38));
#2470 = LINE('',#2471,#2472);
#2471 = CARTESIAN_POINT('',(0.32,-7.3,-3.));
#2472 = VECTOR('',#2473,1.);
#2473 = DIRECTION('',(0.,0.,1.));
#2474 = ORIENTED_EDGE('',*,*,#2475,.F.);
#2475 = EDGE_CURVE('',#2435,#2468,#2476,.T.);
#2476 = LINE('',#2477,#2478);
#2477 = CARTESIAN_POINT('',(0.32,-7.94,8.38));
#2478 = VECTOR('',#2479,1.);
#2479 = DIRECTION('',(0.,1.,0.));
#2480 = PLANE('',#2481);
#2481 = AXIS2_PLACEMENT_3D('',#2482,#2483,#2484);
#2482 = CARTESIAN_POINT('',(0.32,-7.94,-3.));
#2483 = DIRECTION('',(1.,0.,0.));
#2484 = DIRECTION('',(0.,0.,1.));
#2485 = ADVANCED_FACE('',(#2486),#2504,.T.);
#2486 = FACE_BOUND('',#2487,.T.);
#2487 = EDGE_LOOP('',(#2488,#2489,#2490,#2498));
#2488 = ORIENTED_EDGE('',*,*,#2467,.F.);
#2489 = ORIENTED_EDGE('',*,*,#1060,.T.);
#2490 = ORIENTED_EDGE('',*,*,#2491,.T.);
#2491 = EDGE_CURVE('',#1053,#2492,#2494,.T.);
#2492 = VERTEX_POINT('',#2493);
#2493 = CARTESIAN_POINT('',(-0.32,-7.3,8.38));
#2494 = LINE('',#2495,#2496);
#2495 = CARTESIAN_POINT('',(-0.32,-7.3,-3.));
#2496 = VECTOR('',#2497,1.);
#2497 = DIRECTION('',(0.,0.,1.));
#2498 = ORIENTED_EDGE('',*,*,#2499,.T.);
#2499 = EDGE_CURVE('',#2492,#2468,#2500,.T.);
#2500 = LINE('',#2501,#2502);
#2501 = CARTESIAN_POINT('',(-0.32,-7.3,8.38));
#2502 = VECTOR('',#2503,1.);
#2503 = DIRECTION('',(1.,0.,0.));
#2504 = PLANE('',#2505);
#2505 = AXIS2_PLACEMENT_3D('',#2506,#2507,#2508);
#2506 = CARTESIAN_POINT('',(-0.32,-7.3,-3.));
#2507 = DIRECTION('',(0.,1.,0.));
#2508 = DIRECTION('',(0.,-0.,1.));
#2509 = ADVANCED_FACE('',(#2510),#2521,.F.);
#2510 = FACE_BOUND('',#2511,.F.);
#2511 = EDGE_LOOP('',(#2512,#2513,#2514,#2515));
#2512 = ORIENTED_EDGE('',*,*,#2443,.F.);
#2513 = ORIENTED_EDGE('',*,*,#1052,.T.);
#2514 = ORIENTED_EDGE('',*,*,#2491,.T.);
#2515 = ORIENTED_EDGE('',*,*,#2516,.F.);
#2516 = EDGE_CURVE('',#2444,#2492,#2517,.T.);
#2517 = LINE('',#2518,#2519);
#2518 = CARTESIAN_POINT('',(-0.32,-7.94,8.38));
#2519 = VECTOR('',#2520,1.);
#2520 = DIRECTION('',(0.,1.,0.));
#2521 = PLANE('',#2522);
#2522 = AXIS2_PLACEMENT_3D('',#2523,#2524,#2525);
#2523 = CARTESIAN_POINT('',(-0.32,-7.94,-3.));
#2524 = DIRECTION('',(1.,0.,0.));
#2525 = DIRECTION('',(0.,0.,1.));
#2526 = ADVANCED_FACE('',(#2527),#2552,.F.);
#2527 = FACE_BOUND('',#2528,.F.);
#2528 = EDGE_LOOP('',(#2529,#2537,#2538,#2546));
#2529 = ORIENTED_EDGE('',*,*,#2530,.F.);
#2530 = EDGE_CURVE('',#1571,#2531,#2533,.T.);
#2531 = VERTEX_POINT('',#2532);
#2532 = CARTESIAN_POINT('',(0.16,-0.16,-3.));
#2533 = LINE('',#2534,#2535);
#2534 = CARTESIAN_POINT('',(0.16,-0.16,-3.));
#2535 = VECTOR('',#2536,1.);
#2536 = DIRECTION('',(-0.57735026919,0.57735026919,-0.57735026919));
#2537 = ORIENTED_EDGE('',*,*,#1578,.T.);
#2538 = ORIENTED_EDGE('',*,*,#2539,.T.);
#2539 = EDGE_CURVE('',#1579,#2540,#2542,.T.);
#2540 = VERTEX_POINT('',#2541);
#2541 = CARTESIAN_POINT('',(0.16,0.16,-3.));
#2542 = LINE('',#2543,#2544);
#2543 = CARTESIAN_POINT('',(5.333333333333E-02,5.333333333333E-02,
    -3.106666666667));
#2544 = VECTOR('',#2545,1.);
#2545 = DIRECTION('',(-0.57735026919,-0.57735026919,-0.57735026919));
#2546 = ORIENTED_EDGE('',*,*,#2547,.F.);
#2547 = EDGE_CURVE('',#2531,#2540,#2548,.T.);
#2548 = LINE('',#2549,#2550);
#2549 = CARTESIAN_POINT('',(0.16,-0.32,-3.));
#2550 = VECTOR('',#2551,1.);
#2551 = DIRECTION('',(0.,1.,0.));
#2552 = PLANE('',#2553);
#2553 = AXIS2_PLACEMENT_3D('',#2554,#2555,#2556);
#2554 = CARTESIAN_POINT('',(0.24,-0.32,-2.92));
#2555 = DIRECTION('',(-0.707106781187,1.735167508357E-18,0.707106781187)
  );
#2556 = DIRECTION('',(1.226948711654E-18,1.,-1.226948711654E-18));
#2557 = ADVANCED_FACE('',(#2558),#2576,.F.);
#2558 = FACE_BOUND('',#2559,.T.);
#2559 = EDGE_LOOP('',(#2560,#2568,#2569,#2570));
#2560 = ORIENTED_EDGE('',*,*,#2561,.F.);
#2561 = EDGE_CURVE('',#1603,#2562,#2564,.T.);
#2562 = VERTEX_POINT('',#2563);
#2563 = CARTESIAN_POINT('',(-0.16,0.16,-3.));
#2564 = LINE('',#2565,#2566);
#2565 = CARTESIAN_POINT('',(-0.16,0.16,-3.));
#2566 = VECTOR('',#2567,1.);
#2567 = DIRECTION('',(0.57735026919,-0.57735026919,-0.57735026919));
#2568 = ORIENTED_EDGE('',*,*,#1602,.T.);
#2569 = ORIENTED_EDGE('',*,*,#2539,.T.);
#2570 = ORIENTED_EDGE('',*,*,#2571,.F.);
#2571 = EDGE_CURVE('',#2562,#2540,#2572,.T.);
#2572 = LINE('',#2573,#2574);
#2573 = CARTESIAN_POINT('',(-0.32,0.16,-3.));
#2574 = VECTOR('',#2575,1.);
#2575 = DIRECTION('',(1.,0.,0.));
#2576 = PLANE('',#2577);
#2577 = AXIS2_PLACEMENT_3D('',#2578,#2579,#2580);
#2578 = CARTESIAN_POINT('',(-0.32,0.24,-2.92));
#2579 = DIRECTION('',(-1.735167508357E-18,-0.707106781187,0.707106781187
    ));
#2580 = DIRECTION('',(-1.,1.226948711654E-18,-1.226948711654E-18));
#2581 = ADVANCED_FACE('',(#2582),#2600,.T.);
#2582 = FACE_BOUND('',#2583,.T.);
#2583 = EDGE_LOOP('',(#2584,#2592,#2593,#2594));
#2584 = ORIENTED_EDGE('',*,*,#2585,.F.);
#2585 = EDGE_CURVE('',#1626,#2586,#2588,.T.);
#2586 = VERTEX_POINT('',#2587);
#2587 = CARTESIAN_POINT('',(-0.16,-0.16,-3.));
#2588 = LINE('',#2589,#2590);
#2589 = CARTESIAN_POINT('',(-0.266666666667,-0.266666666667,
    -2.893333333333));
#2590 = VECTOR('',#2591,1.);
#2591 = DIRECTION('',(0.57735026919,0.57735026919,-0.57735026919));
#2592 = ORIENTED_EDGE('',*,*,#1633,.T.);
#2593 = ORIENTED_EDGE('',*,*,#2561,.T.);
#2594 = ORIENTED_EDGE('',*,*,#2595,.F.);
#2595 = EDGE_CURVE('',#2586,#2562,#2596,.T.);
#2596 = LINE('',#2597,#2598);
#2597 = CARTESIAN_POINT('',(-0.16,-0.32,-3.));
#2598 = VECTOR('',#2599,1.);
#2599 = DIRECTION('',(0.,1.,0.));
#2600 = PLANE('',#2601);
#2601 = AXIS2_PLACEMENT_3D('',#2602,#2603,#2604);
#2602 = CARTESIAN_POINT('',(-0.24,-0.32,-2.92));
#2603 = DIRECTION('',(-0.707106781187,-1.735167508357E-18,
    -0.707106781187));
#2604 = DIRECTION('',(-1.226948711654E-18,1.,-1.226948711654E-18));
#2605 = ADVANCED_FACE('',(#2606),#2617,.T.);
#2606 = FACE_BOUND('',#2607,.F.);
#2607 = EDGE_LOOP('',(#2608,#2609,#2610,#2611));
#2608 = ORIENTED_EDGE('',*,*,#2585,.F.);
#2609 = ORIENTED_EDGE('',*,*,#1650,.T.);
#2610 = ORIENTED_EDGE('',*,*,#2530,.T.);
#2611 = ORIENTED_EDGE('',*,*,#2612,.F.);
#2612 = EDGE_CURVE('',#2586,#2531,#2613,.T.);
#2613 = LINE('',#2614,#2615);
#2614 = CARTESIAN_POINT('',(-0.32,-0.16,-3.));
#2615 = VECTOR('',#2616,1.);
#2616 = DIRECTION('',(1.,0.,0.));
#2617 = PLANE('',#2618);
#2618 = AXIS2_PLACEMENT_3D('',#2619,#2620,#2621);
#2619 = CARTESIAN_POINT('',(-0.32,-0.24,-2.92));
#2620 = DIRECTION('',(1.735167508357E-18,-0.707106781187,-0.707106781187
    ));
#2621 = DIRECTION('',(-1.,-1.226948711654E-18,-1.226948711654E-18));
#2622 = ADVANCED_FACE('',(#2623),#2648,.F.);
#2623 = FACE_BOUND('',#2624,.T.);
#2624 = EDGE_LOOP('',(#2625,#2633,#2634,#2642));
#2625 = ORIENTED_EDGE('',*,*,#2626,.F.);
#2626 = EDGE_CURVE('',#1675,#2627,#2629,.T.);
#2627 = VERTEX_POINT('',#2628);
#2628 = CARTESIAN_POINT('',(-0.16,-2.38,-3.));
#2629 = LINE('',#2630,#2631);
#2630 = CARTESIAN_POINT('',(-0.16,-2.38,-3.));
#2631 = VECTOR('',#2632,1.);
#2632 = DIRECTION('',(0.57735026919,-0.57735026919,-0.57735026919));
#2633 = ORIENTED_EDGE('',*,*,#1674,.T.);
#2634 = ORIENTED_EDGE('',*,*,#2635,.T.);
#2635 = EDGE_CURVE('',#1667,#2636,#2638,.T.);
#2636 = VERTEX_POINT('',#2637);
#2637 = CARTESIAN_POINT('',(0.16,-2.38,-3.));
#2638 = LINE('',#2639,#2640);
#2639 = CARTESIAN_POINT('',(5.333333333333E-02,-2.486666666667,
    -3.106666666667));
#2640 = VECTOR('',#2641,1.);
#2641 = DIRECTION('',(-0.57735026919,-0.57735026919,-0.57735026919));
#2642 = ORIENTED_EDGE('',*,*,#2643,.F.);
#2643 = EDGE_CURVE('',#2627,#2636,#2644,.T.);
#2644 = LINE('',#2645,#2646);
#2645 = CARTESIAN_POINT('',(-0.32,-2.38,-3.));
#2646 = VECTOR('',#2647,1.);
#2647 = DIRECTION('',(1.,0.,0.));
#2648 = PLANE('',#2649);
#2649 = AXIS2_PLACEMENT_3D('',#2650,#2651,#2652);
#2650 = CARTESIAN_POINT('',(-0.32,-2.3,-2.92));
#2651 = DIRECTION('',(-1.735167508357E-18,-0.707106781187,0.707106781187
    ));
#2652 = DIRECTION('',(-1.,1.226948711654E-18,-1.226948711654E-18));
#2653 = ADVANCED_FACE('',(#2654),#2672,.T.);
#2654 = FACE_BOUND('',#2655,.T.);
#2655 = EDGE_LOOP('',(#2656,#2664,#2665,#2666));
#2656 = ORIENTED_EDGE('',*,*,#2657,.F.);
#2657 = EDGE_CURVE('',#1698,#2658,#2660,.T.);
#2658 = VERTEX_POINT('',#2659);
#2659 = CARTESIAN_POINT('',(-0.16,-2.7,-3.));
#2660 = LINE('',#2661,#2662);
#2661 = CARTESIAN_POINT('',(-0.266666666667,-2.806666666667,
    -2.893333333333));
#2662 = VECTOR('',#2663,1.);
#2663 = DIRECTION('',(0.57735026919,0.57735026919,-0.57735026919));
#2664 = ORIENTED_EDGE('',*,*,#1705,.T.);
#2665 = ORIENTED_EDGE('',*,*,#2626,.T.);
#2666 = ORIENTED_EDGE('',*,*,#2667,.F.);
#2667 = EDGE_CURVE('',#2658,#2627,#2668,.T.);
#2668 = LINE('',#2669,#2670);
#2669 = CARTESIAN_POINT('',(-0.16,-2.86,-3.));
#2670 = VECTOR('',#2671,1.);
#2671 = DIRECTION('',(0.,1.,0.));
#2672 = PLANE('',#2673);
#2673 = AXIS2_PLACEMENT_3D('',#2674,#2675,#2676);
#2674 = CARTESIAN_POINT('',(-0.24,-2.86,-2.92));
#2675 = DIRECTION('',(-0.707106781187,-1.735167508357E-18,
    -0.707106781187));
#2676 = DIRECTION('',(-1.226948711654E-18,1.,-1.226948711654E-18));
#2677 = ADVANCED_FACE('',(#2678),#2696,.T.);
#2678 = FACE_BOUND('',#2679,.F.);
#2679 = EDGE_LOOP('',(#2680,#2681,#2682,#2690));
#2680 = ORIENTED_EDGE('',*,*,#2657,.F.);
#2681 = ORIENTED_EDGE('',*,*,#1729,.T.);
#2682 = ORIENTED_EDGE('',*,*,#2683,.T.);
#2683 = EDGE_CURVE('',#1722,#2684,#2686,.T.);
#2684 = VERTEX_POINT('',#2685);
#2685 = CARTESIAN_POINT('',(0.16,-2.7,-3.));
#2686 = LINE('',#2687,#2688);
#2687 = CARTESIAN_POINT('',(0.16,-2.7,-3.));
#2688 = VECTOR('',#2689,1.);
#2689 = DIRECTION('',(-0.57735026919,0.57735026919,-0.57735026919));
#2690 = ORIENTED_EDGE('',*,*,#2691,.F.);
#2691 = EDGE_CURVE('',#2658,#2684,#2692,.T.);
#2692 = LINE('',#2693,#2694);
#2693 = CARTESIAN_POINT('',(-0.32,-2.7,-3.));
#2694 = VECTOR('',#2695,1.);
#2695 = DIRECTION('',(1.,0.,0.));
#2696 = PLANE('',#2697);
#2697 = AXIS2_PLACEMENT_3D('',#2698,#2699,#2700);
#2698 = CARTESIAN_POINT('',(-0.32,-2.78,-2.92));
#2699 = DIRECTION('',(1.735167508357E-18,-0.707106781187,-0.707106781187
    ));
#2700 = DIRECTION('',(-1.,-1.226948711654E-18,-1.226948711654E-18));
#2701 = ADVANCED_FACE('',(#2702),#2713,.F.);
#2702 = FACE_BOUND('',#2703,.F.);
#2703 = EDGE_LOOP('',(#2704,#2705,#2706,#2707));
#2704 = ORIENTED_EDGE('',*,*,#2683,.F.);
#2705 = ORIENTED_EDGE('',*,*,#1746,.T.);
#2706 = ORIENTED_EDGE('',*,*,#2635,.T.);
#2707 = ORIENTED_EDGE('',*,*,#2708,.F.);
#2708 = EDGE_CURVE('',#2684,#2636,#2709,.T.);
#2709 = LINE('',#2710,#2711);
#2710 = CARTESIAN_POINT('',(0.16,-2.86,-3.));
#2711 = VECTOR('',#2712,1.);
#2712 = DIRECTION('',(0.,1.,0.));
#2713 = PLANE('',#2714);
#2714 = AXIS2_PLACEMENT_3D('',#2715,#2716,#2717);
#2715 = CARTESIAN_POINT('',(0.24,-2.86,-2.92));
#2716 = DIRECTION('',(-0.707106781187,1.735167508357E-18,0.707106781187)
  );
#2717 = DIRECTION('',(1.226948711654E-18,1.,-1.226948711654E-18));
#2718 = ADVANCED_FACE('',(#2719),#2744,.F.);
#2719 = FACE_BOUND('',#2720,.T.);
#2720 = EDGE_LOOP('',(#2721,#2729,#2730,#2738));
#2721 = ORIENTED_EDGE('',*,*,#2722,.F.);
#2722 = EDGE_CURVE('',#1771,#2723,#2725,.T.);
#2723 = VERTEX_POINT('',#2724);
#2724 = CARTESIAN_POINT('',(-0.16,-4.92,-3.));
#2725 = LINE('',#2726,#2727);
#2726 = CARTESIAN_POINT('',(-0.16,-4.92,-3.));
#2727 = VECTOR('',#2728,1.);
#2728 = DIRECTION('',(0.57735026919,-0.57735026919,-0.57735026919));
#2729 = ORIENTED_EDGE('',*,*,#1770,.T.);
#2730 = ORIENTED_EDGE('',*,*,#2731,.T.);
#2731 = EDGE_CURVE('',#1763,#2732,#2734,.T.);
#2732 = VERTEX_POINT('',#2733);
#2733 = CARTESIAN_POINT('',(0.16,-4.92,-3.));
#2734 = LINE('',#2735,#2736);
#2735 = CARTESIAN_POINT('',(5.333333333333E-02,-5.026666666667,
    -3.106666666667));
#2736 = VECTOR('',#2737,1.);
#2737 = DIRECTION('',(-0.57735026919,-0.57735026919,-0.57735026919));
#2738 = ORIENTED_EDGE('',*,*,#2739,.F.);
#2739 = EDGE_CURVE('',#2723,#2732,#2740,.T.);
#2740 = LINE('',#2741,#2742);
#2741 = CARTESIAN_POINT('',(-0.32,-4.92,-3.));
#2742 = VECTOR('',#2743,1.);
#2743 = DIRECTION('',(1.,0.,0.));
#2744 = PLANE('',#2745);
#2745 = AXIS2_PLACEMENT_3D('',#2746,#2747,#2748);
#2746 = CARTESIAN_POINT('',(-0.32,-4.84,-2.92));
#2747 = DIRECTION('',(-1.735167508357E-18,-0.707106781187,0.707106781187
    ));
#2748 = DIRECTION('',(-1.,1.226948711654E-18,-1.226948711654E-18));
#2749 = ADVANCED_FACE('',(#2750),#2768,.T.);
#2750 = FACE_BOUND('',#2751,.T.);
#2751 = EDGE_LOOP('',(#2752,#2760,#2761,#2762));
#2752 = ORIENTED_EDGE('',*,*,#2753,.F.);
#2753 = EDGE_CURVE('',#1794,#2754,#2756,.T.);
#2754 = VERTEX_POINT('',#2755);
#2755 = CARTESIAN_POINT('',(-0.16,-5.24,-3.));
#2756 = LINE('',#2757,#2758);
#2757 = CARTESIAN_POINT('',(-0.266666666667,-5.346666666667,
    -2.893333333333));
#2758 = VECTOR('',#2759,1.);
#2759 = DIRECTION('',(0.57735026919,0.57735026919,-0.57735026919));
#2760 = ORIENTED_EDGE('',*,*,#1801,.T.);
#2761 = ORIENTED_EDGE('',*,*,#2722,.T.);
#2762 = ORIENTED_EDGE('',*,*,#2763,.F.);
#2763 = EDGE_CURVE('',#2754,#2723,#2764,.T.);
#2764 = LINE('',#2765,#2766);
#2765 = CARTESIAN_POINT('',(-0.16,-5.4,-3.));
#2766 = VECTOR('',#2767,1.);
#2767 = DIRECTION('',(0.,1.,0.));
#2768 = PLANE('',#2769);
#2769 = AXIS2_PLACEMENT_3D('',#2770,#2771,#2772);
#2770 = CARTESIAN_POINT('',(-0.24,-5.4,-2.92));
#2771 = DIRECTION('',(-0.707106781187,-1.735167508357E-18,
    -0.707106781187));
#2772 = DIRECTION('',(-1.226948711654E-18,1.,-1.226948711654E-18));
#2773 = ADVANCED_FACE('',(#2774),#2792,.T.);
#2774 = FACE_BOUND('',#2775,.F.);
#2775 = EDGE_LOOP('',(#2776,#2777,#2778,#2786));
#2776 = ORIENTED_EDGE('',*,*,#2753,.F.);
#2777 = ORIENTED_EDGE('',*,*,#1825,.T.);
#2778 = ORIENTED_EDGE('',*,*,#2779,.T.);
#2779 = EDGE_CURVE('',#1818,#2780,#2782,.T.);
#2780 = VERTEX_POINT('',#2781);
#2781 = CARTESIAN_POINT('',(0.16,-5.24,-3.));
#2782 = LINE('',#2783,#2784);
#2783 = CARTESIAN_POINT('',(0.16,-5.24,-3.));
#2784 = VECTOR('',#2785,1.);
#2785 = DIRECTION('',(-0.57735026919,0.57735026919,-0.57735026919));
#2786 = ORIENTED_EDGE('',*,*,#2787,.F.);
#2787 = EDGE_CURVE('',#2754,#2780,#2788,.T.);
#2788 = LINE('',#2789,#2790);
#2789 = CARTESIAN_POINT('',(-0.32,-5.24,-3.));
#2790 = VECTOR('',#2791,1.);
#2791 = DIRECTION('',(1.,0.,0.));
#2792 = PLANE('',#2793);
#2793 = AXIS2_PLACEMENT_3D('',#2794,#2795,#2796);
#2794 = CARTESIAN_POINT('',(-0.32,-5.32,-2.92));
#2795 = DIRECTION('',(1.735167508357E-18,-0.707106781187,-0.707106781187
    ));
#2796 = DIRECTION('',(-1.,-1.226948711654E-18,-1.226948711654E-18));
#2797 = ADVANCED_FACE('',(#2798),#2809,.F.);
#2798 = FACE_BOUND('',#2799,.F.);
#2799 = EDGE_LOOP('',(#2800,#2801,#2802,#2803));
#2800 = ORIENTED_EDGE('',*,*,#2779,.F.);
#2801 = ORIENTED_EDGE('',*,*,#1842,.T.);
#2802 = ORIENTED_EDGE('',*,*,#2731,.T.);
#2803 = ORIENTED_EDGE('',*,*,#2804,.F.);
#2804 = EDGE_CURVE('',#2780,#2732,#2805,.T.);
#2805 = LINE('',#2806,#2807);
#2806 = CARTESIAN_POINT('',(0.16,-5.4,-3.));
#2807 = VECTOR('',#2808,1.);
#2808 = DIRECTION('',(0.,1.,0.));
#2809 = PLANE('',#2810);
#2810 = AXIS2_PLACEMENT_3D('',#2811,#2812,#2813);
#2811 = CARTESIAN_POINT('',(0.24,-5.4,-2.92));
#2812 = DIRECTION('',(-0.707106781187,1.735167508357E-18,0.707106781187)
  );
#2813 = DIRECTION('',(1.226948711654E-18,1.,-1.226948711654E-18));
#2814 = ADVANCED_FACE('',(#2815),#2840,.F.);
#2815 = FACE_BOUND('',#2816,.T.);
#2816 = EDGE_LOOP('',(#2817,#2825,#2826,#2834));
#2817 = ORIENTED_EDGE('',*,*,#2818,.F.);
#2818 = EDGE_CURVE('',#1867,#2819,#2821,.T.);
#2819 = VERTEX_POINT('',#2820);
#2820 = CARTESIAN_POINT('',(-0.16,-10.,-3.));
#2821 = LINE('',#2822,#2823);
#2822 = CARTESIAN_POINT('',(-0.16,-10.,-3.));
#2823 = VECTOR('',#2824,1.);
#2824 = DIRECTION('',(0.57735026919,-0.57735026919,-0.57735026919));
#2825 = ORIENTED_EDGE('',*,*,#1866,.T.);
#2826 = ORIENTED_EDGE('',*,*,#2827,.T.);
#2827 = EDGE_CURVE('',#1859,#2828,#2830,.T.);
#2828 = VERTEX_POINT('',#2829);
#2829 = CARTESIAN_POINT('',(0.16,-10.,-3.));
#2830 = LINE('',#2831,#2832);
#2831 = CARTESIAN_POINT('',(5.333333333333E-02,-10.10666666666,
    -3.106666666667));
#2832 = VECTOR('',#2833,1.);
#2833 = DIRECTION('',(-0.57735026919,-0.57735026919,-0.57735026919));
#2834 = ORIENTED_EDGE('',*,*,#2835,.F.);
#2835 = EDGE_CURVE('',#2819,#2828,#2836,.T.);
#2836 = LINE('',#2837,#2838);
#2837 = CARTESIAN_POINT('',(-0.32,-10.,-3.));
#2838 = VECTOR('',#2839,1.);
#2839 = DIRECTION('',(1.,0.,0.));
#2840 = PLANE('',#2841);
#2841 = AXIS2_PLACEMENT_3D('',#2842,#2843,#2844);
#2842 = CARTESIAN_POINT('',(-0.32,-9.92,-2.92));
#2843 = DIRECTION('',(-1.735167508357E-18,-0.707106781187,0.707106781187
    ));
#2844 = DIRECTION('',(-1.,1.226948711654E-18,-1.226948711654E-18));
#2845 = ADVANCED_FACE('',(#2846),#2864,.T.);
#2846 = FACE_BOUND('',#2847,.T.);
#2847 = EDGE_LOOP('',(#2848,#2856,#2857,#2858));
#2848 = ORIENTED_EDGE('',*,*,#2849,.F.);
#2849 = EDGE_CURVE('',#1890,#2850,#2852,.T.);
#2850 = VERTEX_POINT('',#2851);
#2851 = CARTESIAN_POINT('',(-0.16,-10.32,-3.));
#2852 = LINE('',#2853,#2854);
#2853 = CARTESIAN_POINT('',(-0.266666666667,-10.42666666666,
    -2.893333333333));
#2854 = VECTOR('',#2855,1.);
#2855 = DIRECTION('',(0.57735026919,0.57735026919,-0.57735026919));
#2856 = ORIENTED_EDGE('',*,*,#1897,.T.);
#2857 = ORIENTED_EDGE('',*,*,#2818,.T.);
#2858 = ORIENTED_EDGE('',*,*,#2859,.F.);
#2859 = EDGE_CURVE('',#2850,#2819,#2860,.T.);
#2860 = LINE('',#2861,#2862);
#2861 = CARTESIAN_POINT('',(-0.16,-10.48,-3.));
#2862 = VECTOR('',#2863,1.);
#2863 = DIRECTION('',(0.,1.,0.));
#2864 = PLANE('',#2865);
#2865 = AXIS2_PLACEMENT_3D('',#2866,#2867,#2868);
#2866 = CARTESIAN_POINT('',(-0.24,-10.48,-2.92));
#2867 = DIRECTION('',(-0.707106781187,-1.735167508357E-18,
    -0.707106781187));
#2868 = DIRECTION('',(-1.226948711654E-18,1.,-1.226948711654E-18));
#2869 = ADVANCED_FACE('',(#2870),#2888,.T.);
#2870 = FACE_BOUND('',#2871,.F.);
#2871 = EDGE_LOOP('',(#2872,#2873,#2874,#2882));
#2872 = ORIENTED_EDGE('',*,*,#2849,.F.);
#2873 = ORIENTED_EDGE('',*,*,#1921,.T.);
#2874 = ORIENTED_EDGE('',*,*,#2875,.T.);
#2875 = EDGE_CURVE('',#1914,#2876,#2878,.T.);
#2876 = VERTEX_POINT('',#2877);
#2877 = CARTESIAN_POINT('',(0.16,-10.32,-3.));
#2878 = LINE('',#2879,#2880);
#2879 = CARTESIAN_POINT('',(0.16,-10.32,-3.));
#2880 = VECTOR('',#2881,1.);
#2881 = DIRECTION('',(-0.57735026919,0.57735026919,-0.57735026919));
#2882 = ORIENTED_EDGE('',*,*,#2883,.F.);
#2883 = EDGE_CURVE('',#2850,#2876,#2884,.T.);
#2884 = LINE('',#2885,#2886);
#2885 = CARTESIAN_POINT('',(-0.32,-10.32,-3.));
#2886 = VECTOR('',#2887,1.);
#2887 = DIRECTION('',(1.,0.,0.));
#2888 = PLANE('',#2889);
#2889 = AXIS2_PLACEMENT_3D('',#2890,#2891,#2892);
#2890 = CARTESIAN_POINT('',(-0.32,-10.4,-2.92));
#2891 = DIRECTION('',(1.735167508357E-18,-0.707106781187,-0.707106781187
    ));
#2892 = DIRECTION('',(-1.,-1.226948711654E-18,-1.226948711654E-18));
#2893 = ADVANCED_FACE('',(#2894),#2905,.F.);
#2894 = FACE_BOUND('',#2895,.F.);
#2895 = EDGE_LOOP('',(#2896,#2897,#2898,#2899));
#2896 = ORIENTED_EDGE('',*,*,#2875,.F.);
#2897 = ORIENTED_EDGE('',*,*,#1938,.T.);
#2898 = ORIENTED_EDGE('',*,*,#2827,.T.);
#2899 = ORIENTED_EDGE('',*,*,#2900,.F.);
#2900 = EDGE_CURVE('',#2876,#2828,#2901,.T.);
#2901 = LINE('',#2902,#2903);
#2902 = CARTESIAN_POINT('',(0.16,-10.48,-3.));
#2903 = VECTOR('',#2904,1.);
#2904 = DIRECTION('',(0.,1.,0.));
#2905 = PLANE('',#2906);
#2906 = AXIS2_PLACEMENT_3D('',#2907,#2908,#2909);
#2907 = CARTESIAN_POINT('',(0.24,-10.48,-2.92));
#2908 = DIRECTION('',(-0.707106781187,1.735167508357E-18,0.707106781187)
  );
#2909 = DIRECTION('',(1.226948711654E-18,1.,-1.226948711654E-18));
#2910 = ADVANCED_FACE('',(#2911),#2936,.T.);
#2911 = FACE_BOUND('',#2912,.F.);
#2912 = EDGE_LOOP('',(#2913,#2921,#2922,#2930));
#2913 = ORIENTED_EDGE('',*,*,#2914,.F.);
#2914 = EDGE_CURVE('',#1963,#2915,#2917,.T.);
#2915 = VERTEX_POINT('',#2916);
#2916 = CARTESIAN_POINT('',(-0.16,-7.78,-3.));
#2917 = LINE('',#2918,#2919);
#2918 = CARTESIAN_POINT('',(-0.266666666667,-7.886666666667,
    -2.893333333333));
#2919 = VECTOR('',#2920,1.);
#2920 = DIRECTION('',(0.57735026919,0.57735026919,-0.57735026919));
#2921 = ORIENTED_EDGE('',*,*,#1962,.T.);
#2922 = ORIENTED_EDGE('',*,*,#2923,.T.);
#2923 = EDGE_CURVE('',#1955,#2924,#2926,.T.);
#2924 = VERTEX_POINT('',#2925);
#2925 = CARTESIAN_POINT('',(0.16,-7.78,-3.));
#2926 = LINE('',#2927,#2928);
#2927 = CARTESIAN_POINT('',(0.16,-7.78,-3.));
#2928 = VECTOR('',#2929,1.);
#2929 = DIRECTION('',(-0.57735026919,0.57735026919,-0.57735026919));
#2930 = ORIENTED_EDGE('',*,*,#2931,.F.);
#2931 = EDGE_CURVE('',#2915,#2924,#2932,.T.);
#2932 = LINE('',#2933,#2934);
#2933 = CARTESIAN_POINT('',(-0.32,-7.78,-3.));
#2934 = VECTOR('',#2935,1.);
#2935 = DIRECTION('',(1.,0.,0.));
#2936 = PLANE('',#2937);
#2937 = AXIS2_PLACEMENT_3D('',#2938,#2939,#2940);
#2938 = CARTESIAN_POINT('',(-0.32,-7.86,-2.92));
#2939 = DIRECTION('',(1.735167508357E-18,-0.707106781187,-0.707106781187
    ));
#2940 = DIRECTION('',(-1.,-1.226948711654E-18,-1.226948711654E-18));
#2941 = ADVANCED_FACE('',(#2942),#2960,.F.);
#2942 = FACE_BOUND('',#2943,.F.);
#2943 = EDGE_LOOP('',(#2944,#2945,#2946,#2954));
#2944 = ORIENTED_EDGE('',*,*,#2923,.F.);
#2945 = ORIENTED_EDGE('',*,*,#1986,.T.);
#2946 = ORIENTED_EDGE('',*,*,#2947,.T.);
#2947 = EDGE_CURVE('',#1987,#2948,#2950,.T.);
#2948 = VERTEX_POINT('',#2949);
#2949 = CARTESIAN_POINT('',(0.16,-7.46,-3.));
#2950 = LINE('',#2951,#2952);
#2951 = CARTESIAN_POINT('',(5.333333333333E-02,-7.566666666667,
    -3.106666666667));
#2952 = VECTOR('',#2953,1.);
#2953 = DIRECTION('',(-0.57735026919,-0.57735026919,-0.57735026919));
#2954 = ORIENTED_EDGE('',*,*,#2955,.F.);
#2955 = EDGE_CURVE('',#2924,#2948,#2956,.T.);
#2956 = LINE('',#2957,#2958);
#2957 = CARTESIAN_POINT('',(0.16,-7.94,-3.));
#2958 = VECTOR('',#2959,1.);
#2959 = DIRECTION('',(0.,1.,0.));
#2960 = PLANE('',#2961);
#2961 = AXIS2_PLACEMENT_3D('',#2962,#2963,#2964);
#2962 = CARTESIAN_POINT('',(0.24,-7.94,-2.92));
#2963 = DIRECTION('',(-0.707106781187,1.735167508357E-18,0.707106781187)
  );
#2964 = DIRECTION('',(1.226948711654E-18,1.,-1.226948711654E-18));
#2965 = ADVANCED_FACE('',(#2966),#2984,.F.);
#2966 = FACE_BOUND('',#2967,.T.);
#2967 = EDGE_LOOP('',(#2968,#2976,#2977,#2978));
#2968 = ORIENTED_EDGE('',*,*,#2969,.F.);
#2969 = EDGE_CURVE('',#2011,#2970,#2972,.T.);
#2970 = VERTEX_POINT('',#2971);
#2971 = CARTESIAN_POINT('',(-0.16,-7.46,-3.));
#2972 = LINE('',#2973,#2974);
#2973 = CARTESIAN_POINT('',(-0.16,-7.46,-3.));
#2974 = VECTOR('',#2975,1.);
#2975 = DIRECTION('',(0.57735026919,-0.57735026919,-0.57735026919));
#2976 = ORIENTED_EDGE('',*,*,#2010,.T.);
#2977 = ORIENTED_EDGE('',*,*,#2947,.T.);
#2978 = ORIENTED_EDGE('',*,*,#2979,.F.);
#2979 = EDGE_CURVE('',#2970,#2948,#2980,.T.);
#2980 = LINE('',#2981,#2982);
#2981 = CARTESIAN_POINT('',(-0.32,-7.46,-3.));
#2982 = VECTOR('',#2983,1.);
#2983 = DIRECTION('',(1.,0.,0.));
#2984 = PLANE('',#2985);
#2985 = AXIS2_PLACEMENT_3D('',#2986,#2987,#2988);
#2986 = CARTESIAN_POINT('',(-0.32,-7.38,-2.92));
#2987 = DIRECTION('',(-1.735167508357E-18,-0.707106781187,0.707106781187
    ));
#2988 = DIRECTION('',(-1.,1.226948711654E-18,-1.226948711654E-18));
#2989 = ADVANCED_FACE('',(#2990),#3001,.T.);
#2990 = FACE_BOUND('',#2991,.T.);
#2991 = EDGE_LOOP('',(#2992,#2993,#2994,#2995));
#2992 = ORIENTED_EDGE('',*,*,#2914,.F.);
#2993 = ORIENTED_EDGE('',*,*,#2034,.T.);
#2994 = ORIENTED_EDGE('',*,*,#2969,.T.);
#2995 = ORIENTED_EDGE('',*,*,#2996,.F.);
#2996 = EDGE_CURVE('',#2915,#2970,#2997,.T.);
#2997 = LINE('',#2998,#2999);
#2998 = CARTESIAN_POINT('',(-0.16,-7.94,-3.));
#2999 = VECTOR('',#3000,1.);
#3000 = DIRECTION('',(0.,1.,0.));
#3001 = PLANE('',#3002);
#3002 = AXIS2_PLACEMENT_3D('',#3003,#3004,#3005);
#3003 = CARTESIAN_POINT('',(-0.24,-7.94,-2.92));
#3004 = DIRECTION('',(-0.707106781187,-1.735167508357E-18,
    -0.707106781187));
#3005 = DIRECTION('',(-1.226948711654E-18,1.,-1.226948711654E-18));
#3006 = ADVANCED_FACE('',(#3007),#3032,.T.);
#3007 = FACE_BOUND('',#3008,.T.);
#3008 = EDGE_LOOP('',(#3009,#3017,#3018,#3026));
#3009 = ORIENTED_EDGE('',*,*,#3010,.F.);
#3010 = EDGE_CURVE('',#2051,#3011,#3013,.T.);
#3011 = VERTEX_POINT('',#3012);
#3012 = CARTESIAN_POINT('',(0.16,-0.16,8.54));
#3013 = LINE('',#3014,#3015);
#3014 = CARTESIAN_POINT('',(0.16,-0.16,8.54));
#3015 = VECTOR('',#3016,1.);
#3016 = DIRECTION('',(-0.57735026919,0.57735026919,0.57735026919));
#3017 = ORIENTED_EDGE('',*,*,#2067,.T.);
#3018 = ORIENTED_EDGE('',*,*,#3019,.T.);
#3019 = EDGE_CURVE('',#2060,#3020,#3022,.T.);
#3020 = VERTEX_POINT('',#3021);
#3021 = CARTESIAN_POINT('',(0.16,0.16,8.54));
#3022 = LINE('',#3023,#3024);
#3023 = CARTESIAN_POINT('',(5.333333333333E-02,5.333333333333E-02,
    8.646666666667));
#3024 = VECTOR('',#3025,1.);
#3025 = DIRECTION('',(-0.57735026919,-0.57735026919,0.57735026919));
#3026 = ORIENTED_EDGE('',*,*,#3027,.F.);
#3027 = EDGE_CURVE('',#3011,#3020,#3028,.T.);
#3028 = LINE('',#3029,#3030);
#3029 = CARTESIAN_POINT('',(0.16,-0.32,8.54));
#3030 = VECTOR('',#3031,1.);
#3031 = DIRECTION('',(0.,1.,0.));
#3032 = PLANE('',#3033);
#3033 = AXIS2_PLACEMENT_3D('',#3034,#3035,#3036);
#3034 = CARTESIAN_POINT('',(0.24,-0.32,8.46));
#3035 = DIRECTION('',(0.707106781187,-1.735167508357E-18,0.707106781187)
  );
#3036 = DIRECTION('',(1.226948711654E-18,1.,1.226948711654E-18));
#3037 = ADVANCED_FACE('',(#3038),#3056,.T.);
#3038 = FACE_BOUND('',#3039,.F.);
#3039 = EDGE_LOOP('',(#3040,#3048,#3049,#3050));
#3040 = ORIENTED_EDGE('',*,*,#3041,.F.);
#3041 = EDGE_CURVE('',#2084,#3042,#3044,.T.);
#3042 = VERTEX_POINT('',#3043);
#3043 = CARTESIAN_POINT('',(-0.16,0.16,8.54));
#3044 = LINE('',#3045,#3046);
#3045 = CARTESIAN_POINT('',(-0.16,0.16,8.54));
#3046 = VECTOR('',#3047,1.);
#3047 = DIRECTION('',(0.57735026919,-0.57735026919,0.57735026919));
#3048 = ORIENTED_EDGE('',*,*,#2091,.T.);
#3049 = ORIENTED_EDGE('',*,*,#3019,.T.);
#3050 = ORIENTED_EDGE('',*,*,#3051,.F.);
#3051 = EDGE_CURVE('',#3042,#3020,#3052,.T.);
#3052 = LINE('',#3053,#3054);
#3053 = CARTESIAN_POINT('',(-0.32,0.16,8.54));
#3054 = VECTOR('',#3055,1.);
#3055 = DIRECTION('',(1.,0.,0.));
#3056 = PLANE('',#3057);
#3057 = AXIS2_PLACEMENT_3D('',#3058,#3059,#3060);
#3058 = CARTESIAN_POINT('',(-0.32,0.24,8.46));
#3059 = DIRECTION('',(1.735167508357E-18,0.707106781187,0.707106781187)
  );
#3060 = DIRECTION('',(-1.,1.226948711654E-18,1.226948711654E-18));
#3061 = ADVANCED_FACE('',(#3062),#3080,.F.);
#3062 = FACE_BOUND('',#3063,.F.);
#3063 = EDGE_LOOP('',(#3064,#3072,#3073,#3074));
#3064 = ORIENTED_EDGE('',*,*,#3065,.F.);
#3065 = EDGE_CURVE('',#2106,#3066,#3068,.T.);
#3066 = VERTEX_POINT('',#3067);
#3067 = CARTESIAN_POINT('',(-0.16,-0.16,8.54));
#3068 = LINE('',#3069,#3070);
#3069 = CARTESIAN_POINT('',(-0.266666666667,-0.266666666667,
    8.433333333333));
#3070 = VECTOR('',#3071,1.);
#3071 = DIRECTION('',(0.57735026919,0.57735026919,0.57735026919));
#3072 = ORIENTED_EDGE('',*,*,#2115,.T.);
#3073 = ORIENTED_EDGE('',*,*,#3041,.T.);
#3074 = ORIENTED_EDGE('',*,*,#3075,.F.);
#3075 = EDGE_CURVE('',#3066,#3042,#3076,.T.);
#3076 = LINE('',#3077,#3078);
#3077 = CARTESIAN_POINT('',(-0.16,-0.32,8.54));
#3078 = VECTOR('',#3079,1.);
#3079 = DIRECTION('',(0.,1.,0.));
#3080 = PLANE('',#3081);
#3081 = AXIS2_PLACEMENT_3D('',#3082,#3083,#3084);
#3082 = CARTESIAN_POINT('',(-0.24,-0.32,8.46));
#3083 = DIRECTION('',(0.707106781187,1.735167508357E-18,-0.707106781187)
  );
#3084 = DIRECTION('',(-1.226948711654E-18,1.,1.226948711654E-18));
#3085 = ADVANCED_FACE('',(#3086),#3097,.F.);
#3086 = FACE_BOUND('',#3087,.T.);
#3087 = EDGE_LOOP('',(#3088,#3089,#3090,#3091));
#3088 = ORIENTED_EDGE('',*,*,#3065,.F.);
#3089 = ORIENTED_EDGE('',*,*,#2132,.T.);
#3090 = ORIENTED_EDGE('',*,*,#3010,.T.);
#3091 = ORIENTED_EDGE('',*,*,#3092,.F.);
#3092 = EDGE_CURVE('',#3066,#3011,#3093,.T.);
#3093 = LINE('',#3094,#3095);
#3094 = CARTESIAN_POINT('',(-0.32,-0.16,8.54));
#3095 = VECTOR('',#3096,1.);
#3096 = DIRECTION('',(1.,0.,0.));
#3097 = PLANE('',#3098);
#3098 = AXIS2_PLACEMENT_3D('',#3099,#3100,#3101);
#3099 = CARTESIAN_POINT('',(-0.32,-0.24,8.46));
#3100 = DIRECTION('',(-1.735167508357E-18,0.707106781187,-0.707106781187
    ));
#3101 = DIRECTION('',(-1.,-1.226948711654E-18,1.226948711654E-18));
#3102 = ADVANCED_FACE('',(#3103),#3128,.T.);
#3103 = FACE_BOUND('',#3104,.F.);
#3104 = EDGE_LOOP('',(#3105,#3113,#3114,#3122));
#3105 = ORIENTED_EDGE('',*,*,#3106,.F.);
#3106 = EDGE_CURVE('',#2156,#3107,#3109,.T.);
#3107 = VERTEX_POINT('',#3108);
#3108 = CARTESIAN_POINT('',(-0.16,-2.38,8.54));
#3109 = LINE('',#3110,#3111);
#3110 = CARTESIAN_POINT('',(-0.16,-2.38,8.54));
#3111 = VECTOR('',#3112,1.);
#3112 = DIRECTION('',(0.57735026919,-0.57735026919,0.57735026919));
#3113 = ORIENTED_EDGE('',*,*,#2163,.T.);
#3114 = ORIENTED_EDGE('',*,*,#3115,.T.);
#3115 = EDGE_CURVE('',#2147,#3116,#3118,.T.);
#3116 = VERTEX_POINT('',#3117);
#3117 = CARTESIAN_POINT('',(0.16,-2.38,8.54));
#3118 = LINE('',#3119,#3120);
#3119 = CARTESIAN_POINT('',(5.333333333333E-02,-2.486666666667,
    8.646666666667));
#3120 = VECTOR('',#3121,1.);
#3121 = DIRECTION('',(-0.57735026919,-0.57735026919,0.57735026919));
#3122 = ORIENTED_EDGE('',*,*,#3123,.F.);
#3123 = EDGE_CURVE('',#3107,#3116,#3124,.T.);
#3124 = LINE('',#3125,#3126);
#3125 = CARTESIAN_POINT('',(-0.32,-2.38,8.54));
#3126 = VECTOR('',#3127,1.);
#3127 = DIRECTION('',(1.,0.,0.));
#3128 = PLANE('',#3129);
#3129 = AXIS2_PLACEMENT_3D('',#3130,#3131,#3132);
#3130 = CARTESIAN_POINT('',(-0.32,-2.3,8.46));
#3131 = DIRECTION('',(1.735167508357E-18,0.707106781187,0.707106781187)
  );
#3132 = DIRECTION('',(-1.,1.226948711654E-18,1.226948711654E-18));
#3133 = ADVANCED_FACE('',(#3134),#3152,.F.);
#3134 = FACE_BOUND('',#3135,.F.);
#3135 = EDGE_LOOP('',(#3136,#3144,#3145,#3146));
#3136 = ORIENTED_EDGE('',*,*,#3137,.F.);
#3137 = EDGE_CURVE('',#2178,#3138,#3140,.T.);
#3138 = VERTEX_POINT('',#3139);
#3139 = CARTESIAN_POINT('',(-0.16,-2.7,8.54));
#3140 = LINE('',#3141,#3142);
#3141 = CARTESIAN_POINT('',(-0.266666666667,-2.806666666667,
    8.433333333333));
#3142 = VECTOR('',#3143,1.);
#3143 = DIRECTION('',(0.57735026919,0.57735026919,0.57735026919));
#3144 = ORIENTED_EDGE('',*,*,#2187,.T.);
#3145 = ORIENTED_EDGE('',*,*,#3106,.T.);
#3146 = ORIENTED_EDGE('',*,*,#3147,.F.);
#3147 = EDGE_CURVE('',#3138,#3107,#3148,.T.);
#3148 = LINE('',#3149,#3150);
#3149 = CARTESIAN_POINT('',(-0.16,-2.86,8.54));
#3150 = VECTOR('',#3151,1.);
#3151 = DIRECTION('',(0.,1.,0.));
#3152 = PLANE('',#3153);
#3153 = AXIS2_PLACEMENT_3D('',#3154,#3155,#3156);
#3154 = CARTESIAN_POINT('',(-0.24,-2.86,8.46));
#3155 = DIRECTION('',(0.707106781187,1.735167508357E-18,-0.707106781187)
  );
#3156 = DIRECTION('',(-1.226948711654E-18,1.,1.226948711654E-18));
#3157 = ADVANCED_FACE('',(#3158),#3176,.F.);
#3158 = FACE_BOUND('',#3159,.T.);
#3159 = EDGE_LOOP('',(#3160,#3161,#3162,#3170));
#3160 = ORIENTED_EDGE('',*,*,#3137,.F.);
#3161 = ORIENTED_EDGE('',*,*,#2211,.T.);
#3162 = ORIENTED_EDGE('',*,*,#3163,.T.);
#3163 = EDGE_CURVE('',#2202,#3164,#3166,.T.);
#3164 = VERTEX_POINT('',#3165);
#3165 = CARTESIAN_POINT('',(0.16,-2.7,8.54));
#3166 = LINE('',#3167,#3168);
#3167 = CARTESIAN_POINT('',(0.16,-2.7,8.54));
#3168 = VECTOR('',#3169,1.);
#3169 = DIRECTION('',(-0.57735026919,0.57735026919,0.57735026919));
#3170 = ORIENTED_EDGE('',*,*,#3171,.F.);
#3171 = EDGE_CURVE('',#3138,#3164,#3172,.T.);
#3172 = LINE('',#3173,#3174);
#3173 = CARTESIAN_POINT('',(-0.32,-2.7,8.54));
#3174 = VECTOR('',#3175,1.);
#3175 = DIRECTION('',(1.,0.,0.));
#3176 = PLANE('',#3177);
#3177 = AXIS2_PLACEMENT_3D('',#3178,#3179,#3180);
#3178 = CARTESIAN_POINT('',(-0.32,-2.78,8.46));
#3179 = DIRECTION('',(-1.735167508357E-18,0.707106781187,-0.707106781187
    ));
#3180 = DIRECTION('',(-1.,-1.226948711654E-18,1.226948711654E-18));
#3181 = ADVANCED_FACE('',(#3182),#3193,.T.);
#3182 = FACE_BOUND('',#3183,.T.);
#3183 = EDGE_LOOP('',(#3184,#3185,#3186,#3187));
#3184 = ORIENTED_EDGE('',*,*,#3163,.F.);
#3185 = ORIENTED_EDGE('',*,*,#2228,.T.);
#3186 = ORIENTED_EDGE('',*,*,#3115,.T.);
#3187 = ORIENTED_EDGE('',*,*,#3188,.F.);
#3188 = EDGE_CURVE('',#3164,#3116,#3189,.T.);
#3189 = LINE('',#3190,#3191);
#3190 = CARTESIAN_POINT('',(0.16,-2.86,8.54));
#3191 = VECTOR('',#3192,1.);
#3192 = DIRECTION('',(0.,1.,0.));
#3193 = PLANE('',#3194);
#3194 = AXIS2_PLACEMENT_3D('',#3195,#3196,#3197);
#3195 = CARTESIAN_POINT('',(0.24,-2.86,8.46));
#3196 = DIRECTION('',(0.707106781187,-1.735167508357E-18,0.707106781187)
  );
#3197 = DIRECTION('',(1.226948711654E-18,1.,1.226948711654E-18));
#3198 = ADVANCED_FACE('',(#3199),#3224,.T.);
#3199 = FACE_BOUND('',#3200,.F.);
#3200 = EDGE_LOOP('',(#3201,#3209,#3210,#3218));
#3201 = ORIENTED_EDGE('',*,*,#3202,.F.);
#3202 = EDGE_CURVE('',#2252,#3203,#3205,.T.);
#3203 = VERTEX_POINT('',#3204);
#3204 = CARTESIAN_POINT('',(-0.16,-4.92,8.54));
#3205 = LINE('',#3206,#3207);
#3206 = CARTESIAN_POINT('',(-0.16,-4.92,8.54));
#3207 = VECTOR('',#3208,1.);
#3208 = DIRECTION('',(0.57735026919,-0.57735026919,0.57735026919));
#3209 = ORIENTED_EDGE('',*,*,#2259,.T.);
#3210 = ORIENTED_EDGE('',*,*,#3211,.T.);
#3211 = EDGE_CURVE('',#2243,#3212,#3214,.T.);
#3212 = VERTEX_POINT('',#3213);
#3213 = CARTESIAN_POINT('',(0.16,-4.92,8.54));
#3214 = LINE('',#3215,#3216);
#3215 = CARTESIAN_POINT('',(5.333333333333E-02,-5.026666666667,
    8.646666666667));
#3216 = VECTOR('',#3217,1.);
#3217 = DIRECTION('',(-0.57735026919,-0.57735026919,0.57735026919));
#3218 = ORIENTED_EDGE('',*,*,#3219,.F.);
#3219 = EDGE_CURVE('',#3203,#3212,#3220,.T.);
#3220 = LINE('',#3221,#3222);
#3221 = CARTESIAN_POINT('',(-0.32,-4.92,8.54));
#3222 = VECTOR('',#3223,1.);
#3223 = DIRECTION('',(1.,0.,0.));
#3224 = PLANE('',#3225);
#3225 = AXIS2_PLACEMENT_3D('',#3226,#3227,#3228);
#3226 = CARTESIAN_POINT('',(-0.32,-4.84,8.46));
#3227 = DIRECTION('',(1.735167508357E-18,0.707106781187,0.707106781187)
  );
#3228 = DIRECTION('',(-1.,1.226948711654E-18,1.226948711654E-18));
#3229 = ADVANCED_FACE('',(#3230),#3248,.F.);
#3230 = FACE_BOUND('',#3231,.F.);
#3231 = EDGE_LOOP('',(#3232,#3240,#3241,#3242));
#3232 = ORIENTED_EDGE('',*,*,#3233,.F.);
#3233 = EDGE_CURVE('',#2274,#3234,#3236,.T.);
#3234 = VERTEX_POINT('',#3235);
#3235 = CARTESIAN_POINT('',(-0.16,-5.24,8.54));
#3236 = LINE('',#3237,#3238);
#3237 = CARTESIAN_POINT('',(-0.266666666667,-5.346666666667,
    8.433333333333));
#3238 = VECTOR('',#3239,1.);
#3239 = DIRECTION('',(0.57735026919,0.57735026919,0.57735026919));
#3240 = ORIENTED_EDGE('',*,*,#2283,.T.);
#3241 = ORIENTED_EDGE('',*,*,#3202,.T.);
#3242 = ORIENTED_EDGE('',*,*,#3243,.F.);
#3243 = EDGE_CURVE('',#3234,#3203,#3244,.T.);
#3244 = LINE('',#3245,#3246);
#3245 = CARTESIAN_POINT('',(-0.16,-5.4,8.54));
#3246 = VECTOR('',#3247,1.);
#3247 = DIRECTION('',(0.,1.,0.));
#3248 = PLANE('',#3249);
#3249 = AXIS2_PLACEMENT_3D('',#3250,#3251,#3252);
#3250 = CARTESIAN_POINT('',(-0.24,-5.4,8.46));
#3251 = DIRECTION('',(0.707106781187,1.735167508357E-18,-0.707106781187)
  );
#3252 = DIRECTION('',(-1.226948711654E-18,1.,1.226948711654E-18));
#3253 = ADVANCED_FACE('',(#3254),#3272,.F.);
#3254 = FACE_BOUND('',#3255,.T.);
#3255 = EDGE_LOOP('',(#3256,#3257,#3258,#3266));
#3256 = ORIENTED_EDGE('',*,*,#3233,.F.);
#3257 = ORIENTED_EDGE('',*,*,#2307,.T.);
#3258 = ORIENTED_EDGE('',*,*,#3259,.T.);
#3259 = EDGE_CURVE('',#2298,#3260,#3262,.T.);
#3260 = VERTEX_POINT('',#3261);
#3261 = CARTESIAN_POINT('',(0.16,-5.24,8.54));
#3262 = LINE('',#3263,#3264);
#3263 = CARTESIAN_POINT('',(0.16,-5.24,8.54));
#3264 = VECTOR('',#3265,1.);
#3265 = DIRECTION('',(-0.57735026919,0.57735026919,0.57735026919));
#3266 = ORIENTED_EDGE('',*,*,#3267,.F.);
#3267 = EDGE_CURVE('',#3234,#3260,#3268,.T.);
#3268 = LINE('',#3269,#3270);
#3269 = CARTESIAN_POINT('',(-0.32,-5.24,8.54));
#3270 = VECTOR('',#3271,1.);
#3271 = DIRECTION('',(1.,0.,0.));
#3272 = PLANE('',#3273);
#3273 = AXIS2_PLACEMENT_3D('',#3274,#3275,#3276);
#3274 = CARTESIAN_POINT('',(-0.32,-5.32,8.46));
#3275 = DIRECTION('',(-1.735167508357E-18,0.707106781187,-0.707106781187
    ));
#3276 = DIRECTION('',(-1.,-1.226948711654E-18,1.226948711654E-18));
#3277 = ADVANCED_FACE('',(#3278),#3289,.T.);
#3278 = FACE_BOUND('',#3279,.T.);
#3279 = EDGE_LOOP('',(#3280,#3281,#3282,#3283));
#3280 = ORIENTED_EDGE('',*,*,#3259,.F.);
#3281 = ORIENTED_EDGE('',*,*,#2324,.T.);
#3282 = ORIENTED_EDGE('',*,*,#3211,.T.);
#3283 = ORIENTED_EDGE('',*,*,#3284,.F.);
#3284 = EDGE_CURVE('',#3260,#3212,#3285,.T.);
#3285 = LINE('',#3286,#3287);
#3286 = CARTESIAN_POINT('',(0.16,-5.4,8.54));
#3287 = VECTOR('',#3288,1.);
#3288 = DIRECTION('',(0.,1.,0.));
#3289 = PLANE('',#3290);
#3290 = AXIS2_PLACEMENT_3D('',#3291,#3292,#3293);
#3291 = CARTESIAN_POINT('',(0.24,-5.4,8.46));
#3292 = DIRECTION('',(0.707106781187,-1.735167508357E-18,0.707106781187)
  );
#3293 = DIRECTION('',(1.226948711654E-18,1.,1.226948711654E-18));
#3294 = ADVANCED_FACE('',(#3295),#3320,.T.);
#3295 = FACE_BOUND('',#3296,.F.);
#3296 = EDGE_LOOP('',(#3297,#3305,#3306,#3314));
#3297 = ORIENTED_EDGE('',*,*,#3298,.F.);
#3298 = EDGE_CURVE('',#2348,#3299,#3301,.T.);
#3299 = VERTEX_POINT('',#3300);
#3300 = CARTESIAN_POINT('',(-0.16,-10.,8.54));
#3301 = LINE('',#3302,#3303);
#3302 = CARTESIAN_POINT('',(-0.16,-10.,8.54));
#3303 = VECTOR('',#3304,1.);
#3304 = DIRECTION('',(0.57735026919,-0.57735026919,0.57735026919));
#3305 = ORIENTED_EDGE('',*,*,#2355,.T.);
#3306 = ORIENTED_EDGE('',*,*,#3307,.T.);
#3307 = EDGE_CURVE('',#2339,#3308,#3310,.T.);
#3308 = VERTEX_POINT('',#3309);
#3309 = CARTESIAN_POINT('',(0.16,-10.,8.54));
#3310 = LINE('',#3311,#3312);
#3311 = CARTESIAN_POINT('',(5.333333333333E-02,-10.10666666666,
    8.646666666667));
#3312 = VECTOR('',#3313,1.);
#3313 = DIRECTION('',(-0.57735026919,-0.57735026919,0.57735026919));
#3314 = ORIENTED_EDGE('',*,*,#3315,.F.);
#3315 = EDGE_CURVE('',#3299,#3308,#3316,.T.);
#3316 = LINE('',#3317,#3318);
#3317 = CARTESIAN_POINT('',(-0.32,-10.,8.54));
#3318 = VECTOR('',#3319,1.);
#3319 = DIRECTION('',(1.,0.,0.));
#3320 = PLANE('',#3321);
#3321 = AXIS2_PLACEMENT_3D('',#3322,#3323,#3324);
#3322 = CARTESIAN_POINT('',(-0.32,-9.92,8.46));
#3323 = DIRECTION('',(1.735167508357E-18,0.707106781187,0.707106781187)
  );
#3324 = DIRECTION('',(-1.,1.226948711654E-18,1.226948711654E-18));
#3325 = ADVANCED_FACE('',(#3326),#3344,.F.);
#3326 = FACE_BOUND('',#3327,.F.);
#3327 = EDGE_LOOP('',(#3328,#3336,#3337,#3338));
#3328 = ORIENTED_EDGE('',*,*,#3329,.F.);
#3329 = EDGE_CURVE('',#2370,#3330,#3332,.T.);
#3330 = VERTEX_POINT('',#3331);
#3331 = CARTESIAN_POINT('',(-0.16,-10.32,8.54));
#3332 = LINE('',#3333,#3334);
#3333 = CARTESIAN_POINT('',(-0.266666666667,-10.42666666666,
    8.433333333333));
#3334 = VECTOR('',#3335,1.);
#3335 = DIRECTION('',(0.57735026919,0.57735026919,0.57735026919));
#3336 = ORIENTED_EDGE('',*,*,#2379,.T.);
#3337 = ORIENTED_EDGE('',*,*,#3298,.T.);
#3338 = ORIENTED_EDGE('',*,*,#3339,.F.);
#3339 = EDGE_CURVE('',#3330,#3299,#3340,.T.);
#3340 = LINE('',#3341,#3342);
#3341 = CARTESIAN_POINT('',(-0.16,-10.48,8.54));
#3342 = VECTOR('',#3343,1.);
#3343 = DIRECTION('',(0.,1.,0.));
#3344 = PLANE('',#3345);
#3345 = AXIS2_PLACEMENT_3D('',#3346,#3347,#3348);
#3346 = CARTESIAN_POINT('',(-0.24,-10.48,8.46));
#3347 = DIRECTION('',(0.707106781187,1.735167508357E-18,-0.707106781187)
  );
#3348 = DIRECTION('',(-1.226948711654E-18,1.,1.226948711654E-18));
#3349 = ADVANCED_FACE('',(#3350),#3368,.F.);
#3350 = FACE_BOUND('',#3351,.T.);
#3351 = EDGE_LOOP('',(#3352,#3353,#3354,#3362));
#3352 = ORIENTED_EDGE('',*,*,#3329,.F.);
#3353 = ORIENTED_EDGE('',*,*,#2403,.T.);
#3354 = ORIENTED_EDGE('',*,*,#3355,.T.);
#3355 = EDGE_CURVE('',#2394,#3356,#3358,.T.);
#3356 = VERTEX_POINT('',#3357);
#3357 = CARTESIAN_POINT('',(0.16,-10.32,8.54));
#3358 = LINE('',#3359,#3360);
#3359 = CARTESIAN_POINT('',(0.16,-10.32,8.54));
#3360 = VECTOR('',#3361,1.);
#3361 = DIRECTION('',(-0.57735026919,0.57735026919,0.57735026919));
#3362 = ORIENTED_EDGE('',*,*,#3363,.F.);
#3363 = EDGE_CURVE('',#3330,#3356,#3364,.T.);
#3364 = LINE('',#3365,#3366);
#3365 = CARTESIAN_POINT('',(-0.32,-10.32,8.54));
#3366 = VECTOR('',#3367,1.);
#3367 = DIRECTION('',(1.,0.,0.));
#3368 = PLANE('',#3369);
#3369 = AXIS2_PLACEMENT_3D('',#3370,#3371,#3372);
#3370 = CARTESIAN_POINT('',(-0.32,-10.4,8.46));
#3371 = DIRECTION('',(-1.735167508357E-18,0.707106781187,-0.707106781187
    ));
#3372 = DIRECTION('',(-1.,-1.226948711654E-18,1.226948711654E-18));
#3373 = ADVANCED_FACE('',(#3374),#3385,.T.);
#3374 = FACE_BOUND('',#3375,.T.);
#3375 = EDGE_LOOP('',(#3376,#3377,#3378,#3379));
#3376 = ORIENTED_EDGE('',*,*,#3355,.F.);
#3377 = ORIENTED_EDGE('',*,*,#2420,.T.);
#3378 = ORIENTED_EDGE('',*,*,#3307,.T.);
#3379 = ORIENTED_EDGE('',*,*,#3380,.F.);
#3380 = EDGE_CURVE('',#3356,#3308,#3381,.T.);
#3381 = LINE('',#3382,#3383);
#3382 = CARTESIAN_POINT('',(0.16,-10.48,8.54));
#3383 = VECTOR('',#3384,1.);
#3384 = DIRECTION('',(0.,1.,0.));
#3385 = PLANE('',#3386);
#3386 = AXIS2_PLACEMENT_3D('',#3387,#3388,#3389);
#3387 = CARTESIAN_POINT('',(0.24,-10.48,8.46));
#3388 = DIRECTION('',(0.707106781187,-1.735167508357E-18,0.707106781187)
  );
#3389 = DIRECTION('',(1.226948711654E-18,1.,1.226948711654E-18));
#3390 = ADVANCED_FACE('',(#3391),#3416,.F.);
#3391 = FACE_BOUND('',#3392,.T.);
#3392 = EDGE_LOOP('',(#3393,#3401,#3402,#3410));
#3393 = ORIENTED_EDGE('',*,*,#3394,.F.);
#3394 = EDGE_CURVE('',#2444,#3395,#3397,.T.);
#3395 = VERTEX_POINT('',#3396);
#3396 = CARTESIAN_POINT('',(-0.16,-7.78,8.54));
#3397 = LINE('',#3398,#3399);
#3398 = CARTESIAN_POINT('',(-0.266666666667,-7.886666666667,
    8.433333333333));
#3399 = VECTOR('',#3400,1.);
#3400 = DIRECTION('',(0.57735026919,0.57735026919,0.57735026919));
#3401 = ORIENTED_EDGE('',*,*,#2451,.T.);
#3402 = ORIENTED_EDGE('',*,*,#3403,.T.);
#3403 = EDGE_CURVE('',#2435,#3404,#3406,.T.);
#3404 = VERTEX_POINT('',#3405);
#3405 = CARTESIAN_POINT('',(0.16,-7.78,8.54));
#3406 = LINE('',#3407,#3408);
#3407 = CARTESIAN_POINT('',(0.16,-7.78,8.54));
#3408 = VECTOR('',#3409,1.);
#3409 = DIRECTION('',(-0.57735026919,0.57735026919,0.57735026919));
#3410 = ORIENTED_EDGE('',*,*,#3411,.F.);
#3411 = EDGE_CURVE('',#3395,#3404,#3412,.T.);
#3412 = LINE('',#3413,#3414);
#3413 = CARTESIAN_POINT('',(-0.32,-7.78,8.54));
#3414 = VECTOR('',#3415,1.);
#3415 = DIRECTION('',(1.,0.,0.));
#3416 = PLANE('',#3417);
#3417 = AXIS2_PLACEMENT_3D('',#3418,#3419,#3420);
#3418 = CARTESIAN_POINT('',(-0.32,-7.86,8.46));
#3419 = DIRECTION('',(-1.735167508357E-18,0.707106781187,-0.707106781187
    ));
#3420 = DIRECTION('',(-1.,-1.226948711654E-18,1.226948711654E-18));
#3421 = ADVANCED_FACE('',(#3422),#3440,.T.);
#3422 = FACE_BOUND('',#3423,.T.);
#3423 = EDGE_LOOP('',(#3424,#3425,#3426,#3434));
#3424 = ORIENTED_EDGE('',*,*,#3403,.F.);
#3425 = ORIENTED_EDGE('',*,*,#2475,.T.);
#3426 = ORIENTED_EDGE('',*,*,#3427,.T.);
#3427 = EDGE_CURVE('',#2468,#3428,#3430,.T.);
#3428 = VERTEX_POINT('',#3429);
#3429 = CARTESIAN_POINT('',(0.16,-7.46,8.54));
#3430 = LINE('',#3431,#3432);
#3431 = CARTESIAN_POINT('',(5.333333333333E-02,-7.566666666667,
    8.646666666667));
#3432 = VECTOR('',#3433,1.);
#3433 = DIRECTION('',(-0.57735026919,-0.57735026919,0.57735026919));
#3434 = ORIENTED_EDGE('',*,*,#3435,.F.);
#3435 = EDGE_CURVE('',#3404,#3428,#3436,.T.);
#3436 = LINE('',#3437,#3438);
#3437 = CARTESIAN_POINT('',(0.16,-7.94,8.54));
#3438 = VECTOR('',#3439,1.);
#3439 = DIRECTION('',(0.,1.,0.));
#3440 = PLANE('',#3441);
#3441 = AXIS2_PLACEMENT_3D('',#3442,#3443,#3444);
#3442 = CARTESIAN_POINT('',(0.24,-7.94,8.46));
#3443 = DIRECTION('',(0.707106781187,-1.735167508357E-18,0.707106781187)
  );
#3444 = DIRECTION('',(1.226948711654E-18,1.,1.226948711654E-18));
#3445 = ADVANCED_FACE('',(#3446),#3464,.T.);
#3446 = FACE_BOUND('',#3447,.F.);
#3447 = EDGE_LOOP('',(#3448,#3456,#3457,#3458));
#3448 = ORIENTED_EDGE('',*,*,#3449,.F.);
#3449 = EDGE_CURVE('',#2492,#3450,#3452,.T.);
#3450 = VERTEX_POINT('',#3451);
#3451 = CARTESIAN_POINT('',(-0.16,-7.46,8.54));
#3452 = LINE('',#3453,#3454);
#3453 = CARTESIAN_POINT('',(-0.16,-7.46,8.54));
#3454 = VECTOR('',#3455,1.);
#3455 = DIRECTION('',(0.57735026919,-0.57735026919,0.57735026919));
#3456 = ORIENTED_EDGE('',*,*,#2499,.T.);
#3457 = ORIENTED_EDGE('',*,*,#3427,.T.);
#3458 = ORIENTED_EDGE('',*,*,#3459,.F.);
#3459 = EDGE_CURVE('',#3450,#3428,#3460,.T.);
#3460 = LINE('',#3461,#3462);
#3461 = CARTESIAN_POINT('',(-0.32,-7.46,8.54));
#3462 = VECTOR('',#3463,1.);
#3463 = DIRECTION('',(1.,0.,0.));
#3464 = PLANE('',#3465);
#3465 = AXIS2_PLACEMENT_3D('',#3466,#3467,#3468);
#3466 = CARTESIAN_POINT('',(-0.32,-7.38,8.46));
#3467 = DIRECTION('',(1.735167508357E-18,0.707106781187,0.707106781187)
  );
#3468 = DIRECTION('',(-1.,1.226948711654E-18,1.226948711654E-18));
#3469 = ADVANCED_FACE('',(#3470),#3481,.F.);
#3470 = FACE_BOUND('',#3471,.F.);
#3471 = EDGE_LOOP('',(#3472,#3473,#3474,#3475));
#3472 = ORIENTED_EDGE('',*,*,#3394,.F.);
#3473 = ORIENTED_EDGE('',*,*,#2516,.T.);
#3474 = ORIENTED_EDGE('',*,*,#3449,.T.);
#3475 = ORIENTED_EDGE('',*,*,#3476,.F.);
#3476 = EDGE_CURVE('',#3395,#3450,#3477,.T.);
#3477 = LINE('',#3478,#3479);
#3478 = CARTESIAN_POINT('',(-0.16,-7.94,8.54));
#3479 = VECTOR('',#3480,1.);
#3480 = DIRECTION('',(0.,1.,0.));
#3481 = PLANE('',#3482);
#3482 = AXIS2_PLACEMENT_3D('',#3483,#3484,#3485);
#3483 = CARTESIAN_POINT('',(-0.24,-7.94,8.46));
#3484 = DIRECTION('',(0.707106781187,1.735167508357E-18,-0.707106781187)
  );
#3485 = DIRECTION('',(-1.226948711654E-18,1.,1.226948711654E-18));
#3486 = ADVANCED_FACE('',(#3487),#3493,.F.);
#3487 = FACE_BOUND('',#3488,.F.);
#3488 = EDGE_LOOP('',(#3489,#3490,#3491,#3492));
#3489 = ORIENTED_EDGE('',*,*,#2612,.T.);
#3490 = ORIENTED_EDGE('',*,*,#2547,.T.);
#3491 = ORIENTED_EDGE('',*,*,#2571,.F.);
#3492 = ORIENTED_EDGE('',*,*,#2595,.F.);
#3493 = PLANE('',#3494);
#3494 = AXIS2_PLACEMENT_3D('',#3495,#3496,#3497);
#3495 = CARTESIAN_POINT('',(-0.32,-0.32,-3.));
#3496 = DIRECTION('',(0.,0.,1.));
#3497 = DIRECTION('',(1.,0.,-0.));
#3498 = ADVANCED_FACE('',(#3499),#3505,.F.);
#3499 = FACE_BOUND('',#3500,.F.);
#3500 = EDGE_LOOP('',(#3501,#3502,#3503,#3504));
#3501 = ORIENTED_EDGE('',*,*,#2691,.T.);
#3502 = ORIENTED_EDGE('',*,*,#2708,.T.);
#3503 = ORIENTED_EDGE('',*,*,#2643,.F.);
#3504 = ORIENTED_EDGE('',*,*,#2667,.F.);
#3505 = PLANE('',#3506);
#3506 = AXIS2_PLACEMENT_3D('',#3507,#3508,#3509);
#3507 = CARTESIAN_POINT('',(-0.32,-2.86,-3.));
#3508 = DIRECTION('',(0.,0.,1.));
#3509 = DIRECTION('',(1.,0.,-0.));
#3510 = ADVANCED_FACE('',(#3511),#3517,.F.);
#3511 = FACE_BOUND('',#3512,.F.);
#3512 = EDGE_LOOP('',(#3513,#3514,#3515,#3516));
#3513 = ORIENTED_EDGE('',*,*,#2787,.T.);
#3514 = ORIENTED_EDGE('',*,*,#2804,.T.);
#3515 = ORIENTED_EDGE('',*,*,#2739,.F.);
#3516 = ORIENTED_EDGE('',*,*,#2763,.F.);
#3517 = PLANE('',#3518);
#3518 = AXIS2_PLACEMENT_3D('',#3519,#3520,#3521);
#3519 = CARTESIAN_POINT('',(-0.32,-5.4,-3.));
#3520 = DIRECTION('',(0.,0.,1.));
#3521 = DIRECTION('',(1.,0.,-0.));
#3522 = ADVANCED_FACE('',(#3523),#3529,.F.);
#3523 = FACE_BOUND('',#3524,.F.);
#3524 = EDGE_LOOP('',(#3525,#3526,#3527,#3528));
#3525 = ORIENTED_EDGE('',*,*,#2883,.T.);
#3526 = ORIENTED_EDGE('',*,*,#2900,.T.);
#3527 = ORIENTED_EDGE('',*,*,#2835,.F.);
#3528 = ORIENTED_EDGE('',*,*,#2859,.F.);
#3529 = PLANE('',#3530);
#3530 = AXIS2_PLACEMENT_3D('',#3531,#3532,#3533);
#3531 = CARTESIAN_POINT('',(-0.32,-10.48,-3.));
#3532 = DIRECTION('',(0.,0.,1.));
#3533 = DIRECTION('',(1.,0.,-0.));
#3534 = ADVANCED_FACE('',(#3535),#3541,.F.);
#3535 = FACE_BOUND('',#3536,.F.);
#3536 = EDGE_LOOP('',(#3537,#3538,#3539,#3540));
#3537 = ORIENTED_EDGE('',*,*,#2931,.T.);
#3538 = ORIENTED_EDGE('',*,*,#2955,.T.);
#3539 = ORIENTED_EDGE('',*,*,#2979,.F.);
#3540 = ORIENTED_EDGE('',*,*,#2996,.F.);
#3541 = PLANE('',#3542);
#3542 = AXIS2_PLACEMENT_3D('',#3543,#3544,#3545);
#3543 = CARTESIAN_POINT('',(-0.32,-7.94,-3.));
#3544 = DIRECTION('',(0.,0.,1.));
#3545 = DIRECTION('',(1.,0.,-0.));
#3546 = ADVANCED_FACE('',(#3547),#3553,.T.);
#3547 = FACE_BOUND('',#3548,.T.);
#3548 = EDGE_LOOP('',(#3549,#3550,#3551,#3552));
#3549 = ORIENTED_EDGE('',*,*,#3027,.T.);
#3550 = ORIENTED_EDGE('',*,*,#3051,.F.);
#3551 = ORIENTED_EDGE('',*,*,#3075,.F.);
#3552 = ORIENTED_EDGE('',*,*,#3092,.T.);
#3553 = PLANE('',#3554);
#3554 = AXIS2_PLACEMENT_3D('',#3555,#3556,#3557);
#3555 = CARTESIAN_POINT('',(-0.32,-0.32,8.54));
#3556 = DIRECTION('',(0.,0.,1.));
#3557 = DIRECTION('',(1.,0.,-0.));
#3558 = ADVANCED_FACE('',(#3559),#3565,.T.);
#3559 = FACE_BOUND('',#3560,.T.);
#3560 = EDGE_LOOP('',(#3561,#3562,#3563,#3564));
#3561 = ORIENTED_EDGE('',*,*,#3188,.T.);
#3562 = ORIENTED_EDGE('',*,*,#3123,.F.);
#3563 = ORIENTED_EDGE('',*,*,#3147,.F.);
#3564 = ORIENTED_EDGE('',*,*,#3171,.T.);
#3565 = PLANE('',#3566);
#3566 = AXIS2_PLACEMENT_3D('',#3567,#3568,#3569);
#3567 = CARTESIAN_POINT('',(-0.32,-2.86,8.54));
#3568 = DIRECTION('',(0.,0.,1.));
#3569 = DIRECTION('',(1.,0.,-0.));
#3570 = ADVANCED_FACE('',(#3571),#3577,.T.);
#3571 = FACE_BOUND('',#3572,.T.);
#3572 = EDGE_LOOP('',(#3573,#3574,#3575,#3576));
#3573 = ORIENTED_EDGE('',*,*,#3284,.T.);
#3574 = ORIENTED_EDGE('',*,*,#3219,.F.);
#3575 = ORIENTED_EDGE('',*,*,#3243,.F.);
#3576 = ORIENTED_EDGE('',*,*,#3267,.T.);
#3577 = PLANE('',#3578);
#3578 = AXIS2_PLACEMENT_3D('',#3579,#3580,#3581);
#3579 = CARTESIAN_POINT('',(-0.32,-5.4,8.54));
#3580 = DIRECTION('',(0.,0.,1.));
#3581 = DIRECTION('',(1.,0.,-0.));
#3582 = ADVANCED_FACE('',(#3583),#3589,.T.);
#3583 = FACE_BOUND('',#3584,.T.);
#3584 = EDGE_LOOP('',(#3585,#3586,#3587,#3588));
#3585 = ORIENTED_EDGE('',*,*,#3380,.T.);
#3586 = ORIENTED_EDGE('',*,*,#3315,.F.);
#3587 = ORIENTED_EDGE('',*,*,#3339,.F.);
#3588 = ORIENTED_EDGE('',*,*,#3363,.T.);
#3589 = PLANE('',#3590);
#3590 = AXIS2_PLACEMENT_3D('',#3591,#3592,#3593);
#3591 = CARTESIAN_POINT('',(-0.32,-10.48,8.54));
#3592 = DIRECTION('',(0.,0.,1.));
#3593 = DIRECTION('',(1.,0.,-0.));
#3594 = ADVANCED_FACE('',(#3595),#3601,.T.);
#3595 = FACE_BOUND('',#3596,.T.);
#3596 = EDGE_LOOP('',(#3597,#3598,#3599,#3600));
#3597 = ORIENTED_EDGE('',*,*,#3435,.T.);
#3598 = ORIENTED_EDGE('',*,*,#3459,.F.);
#3599 = ORIENTED_EDGE('',*,*,#3476,.F.);
#3600 = ORIENTED_EDGE('',*,*,#3411,.T.);
#3601 = PLANE('',#3602);
#3602 = AXIS2_PLACEMENT_3D('',#3603,#3604,#3605);
#3603 = CARTESIAN_POINT('',(-0.32,-7.94,8.54));
#3604 = DIRECTION('',(0.,0.,1.));
#3605 = DIRECTION('',(1.,0.,-0.));
#3606 = ( GEOMETRIC_REPRESENTATION_CONTEXT(3) 
GLOBAL_UNCERTAINTY_ASSIGNED_CONTEXT((#3610)) 
GLOBAL_UNIT_ASSIGNED_CONTEXT((#3607,#3608,#3609)) REPRESENTATION_CONTEXT
('Context #1','3D Context with UNIT and UNCERTAINTY') );
#3607 = ( LENGTH_UNIT() NAMED_UNIT(*) SI_UNIT(.MILLI.,.METRE.) );
#3608 = ( NAMED_UNIT(*) PLANE_ANGLE_UNIT() SI_UNIT($,.RADIAN.) );
#3609 = ( NAMED_UNIT(*) SI_UNIT($,.STERADIAN.) SOLID_ANGLE_UNIT() );
#3610 = UNCERTAINTY_MEASURE_WITH_UNIT(LENGTH_MEASURE(1.E-07),#3607,
  'distance_accuracy_value','confusion accuracy');
#3611 = CONTEXT_DEPENDENT_SHAPE_REPRESENTATION(#3612,#3614);
#3612 = ( REPRESENTATION_RELATIONSHIP('','',#151,#128) 
REPRESENTATION_RELATIONSHIP_WITH_TRANSFORMATION(#3613) 
SHAPE_REPRESENTATION_RELATIONSHIP() );
#3613 = ITEM_DEFINED_TRANSFORMATION('','',#11,#129);
#3614 = PRODUCT_DEFINITION_SHAPE('Placement','Placement of an item',
  #3615);
#3615 = NEXT_ASSEMBLY_USAGE_OCCURRENCE('1','=>[0:1:1:3]','',#123,#146,$
  );
#3616 = PRODUCT_RELATED_PRODUCT_CATEGORY('part',$,(#148));
#3617 = SHAPE_DEFINITION_REPRESENTATION(#3618,#3624);
#3618 = PRODUCT_DEFINITION_SHAPE('','',#3619);
#3619 = PRODUCT_DEFINITION('design','',#3620,#3623);
#3620 = PRODUCT_DEFINITION_FORMATION('','',#3621);
#3621 = PRODUCT('FanPinHeader_1x04_P2.54mm_Vertical',
  'FanPinHeader_1x04_P2.54mm_Vertical','',(#3622));
#3622 = PRODUCT_CONTEXT('',#2,'mechanical');
#3623 = PRODUCT_DEFINITION_CONTEXT('part definition',#2,'design');
#3624 = SHAPE_REPRESENTATION('',(#11,#3625),#3629);
#3625 = AXIS2_PLACEMENT_3D('',#3626,#3627,#3628);
#3626 = CARTESIAN_POINT('',(0.,0.,0.));
#3627 = DIRECTION('',(0.,0.,1.));
#3628 = DIRECTION('',(1.,0.,-0.));
#3629 = ( GEOMETRIC_REPRESENTATION_CONTEXT(3) 
GLOBAL_UNCERTAINTY_ASSIGNED_CONTEXT((#3633)) 
GLOBAL_UNIT_ASSIGNED_CONTEXT((#3630,#3631,#3632)) REPRESENTATION_CONTEXT
('Context #1','3D Context with UNIT and UNCERTAINTY') );
#3630 = ( LENGTH_UNIT() NAMED_UNIT(*) SI_UNIT(.MILLI.,.METRE.) );
#3631 = ( NAMED_UNIT(*) PLANE_ANGLE_UNIT() SI_UNIT($,.RADIAN.) );
#3632 = ( NAMED_UNIT(*) SI_UNIT($,.STERADIAN.) SOLID_ANGLE_UNIT() );
#3633 = UNCERTAINTY_MEASURE_WITH_UNIT(LENGTH_MEASURE(1.E-07),#3630,
  'distance_accuracy_value','confusion accuracy');
#3634 = CONTEXT_DEPENDENT_SHAPE_REPRESENTATION(#3635,#3637);
#3635 = ( REPRESENTATION_RELATIONSHIP('','',#3624,#10) 
REPRESENTATION_RELATIONSHIP_WITH_TRANSFORMATION(#3636) 
SHAPE_REPRESENTATION_RELATIONSHIP() );
#3636 = ITEM_DEFINED_TRANSFORMATION('','',#11,#19);
#3637 = PRODUCT_DEFINITION_SHAPE('Placement','Placement of an item',
  #3638);
#3638 = NEXT_ASSEMBLY_USAGE_OCCURRENCE('4','SW6','',#5,#3619,$);
#3639 = PRODUCT_RELATED_PRODUCT_CATEGORY('part',$,(#3621));
#3640 = SHAPE_DEFINITION_REPRESENTATION(#3641,#3647);
#3641 = PRODUCT_DEFINITION_SHAPE('','',#3642);
#3642 = PRODUCT_DEFINITION('design','',#3643,#3646);
#3643 = PRODUCT_DEFINITION_FORMATION('','',#3644);
#3644 = PRODUCT('Fan_Pin_Header_Straight_1x04',
  'Fan_Pin_Header_Straight_1x04','',(#3645));
#3645 = PRODUCT_CONTEXT('',#2,'mechanical');
#3646 = PRODUCT_DEFINITION_CONTEXT('part definition',#2,'design');
#3647 = ADVANCED_BREP_SHAPE_REPRESENTATION('',(#11,#3648),#6304);
#3648 = MANIFOLD_SOLID_BREP('',#3649);
#3649 = CLOSED_SHELL('',(#3650,#3690,#3770,#3850,#3902,#4055,#4077,#4094
    ,#4247,#4259,#4292,#4316,#4342,#4359,#4390,#4415,#4439,#4456,#4487,
    #4511,#4535,#4552,#4583,#4607,#4631,#4648,#4679,#4703,#4727,#4744,
    #4775,#4799,#4823,#4840,#4871,#4895,#4919,#4936,#4967,#4991,#5015,
    #5032,#5063,#5087,#5111,#5128,#5159,#5183,#5207,#5224,#5255,#5287,
    #5311,#5336,#5348,#5379,#5403,#5427,#5444,#5475,#5499,#5523,#5540,
    #5571,#5595,#5619,#5636,#5667,#5691,#5715,#5732,#5763,#5787,#5811,
    #5828,#5859,#5883,#5907,#5924,#5955,#5979,#6003,#6020,#6051,#6075,
    #6099,#6116,#6147,#6164,#6180,#6196,#6208,#6220,#6232,#6244,#6256,
    #6268,#6280,#6292));
#3650 = ADVANCED_FACE('',(#3651),#3685,.F.);
#3651 = FACE_BOUND('',#3652,.F.);
#3652 = EDGE_LOOP('',(#3653,#3663,#3671,#3679));
#3653 = ORIENTED_EDGE('',*,*,#3654,.T.);
#3654 = EDGE_CURVE('',#3655,#3657,#3659,.T.);
#3655 = VERTEX_POINT('',#3656);
#3656 = CARTESIAN_POINT('',(8.91,2.54,0.));
#3657 = VERTEX_POINT('',#3658);
#3658 = CARTESIAN_POINT('',(8.91,2.54,2.5));
#3659 = LINE('',#3660,#3661);
#3660 = CARTESIAN_POINT('',(8.91,2.54,0.));
#3661 = VECTOR('',#3662,1.);
#3662 = DIRECTION('',(0.,0.,1.));
#3663 = ORIENTED_EDGE('',*,*,#3664,.T.);
#3664 = EDGE_CURVE('',#3657,#3665,#3667,.T.);
#3665 = VERTEX_POINT('',#3666);
#3666 = CARTESIAN_POINT('',(-1.29,2.54,2.5));
#3667 = LINE('',#3668,#3669);
#3668 = CARTESIAN_POINT('',(8.91,2.54,2.5));
#3669 = VECTOR('',#3670,1.);
#3670 = DIRECTION('',(-1.,1.224646799147E-16,0.));
#3671 = ORIENTED_EDGE('',*,*,#3672,.F.);
#3672 = EDGE_CURVE('',#3673,#3665,#3675,.T.);
#3673 = VERTEX_POINT('',#3674);
#3674 = CARTESIAN_POINT('',(-1.29,2.54,0.));
#3675 = LINE('',#3676,#3677);
#3676 = CARTESIAN_POINT('',(-1.29,2.54,0.));
#3677 = VECTOR('',#3678,1.);
#3678 = DIRECTION('',(0.,0.,1.));
#3679 = ORIENTED_EDGE('',*,*,#3680,.F.);
#3680 = EDGE_CURVE('',#3655,#3673,#3681,.T.);
#3681 = LINE('',#3682,#3683);
#3682 = CARTESIAN_POINT('',(8.91,2.54,0.));
#3683 = VECTOR('',#3684,1.);
#3684 = DIRECTION('',(-1.,1.224646799147E-16,0.));
#3685 = PLANE('',#3686);
#3686 = AXIS2_PLACEMENT_3D('',#3687,#3688,#3689);
#3687 = CARTESIAN_POINT('',(8.91,2.54,0.));
#3688 = DIRECTION('',(-1.224646799147E-16,-1.,0.));
#3689 = DIRECTION('',(-1.,1.224646799147E-16,0.));
#3690 = ADVANCED_FACE('',(#3691),#3765,.F.);
#3691 = FACE_BOUND('',#3692,.F.);
#3692 = EDGE_LOOP('',(#3693,#3703,#3711,#3719,#3728,#3734,#3735,#3743,
    #3751,#3759));
#3693 = ORIENTED_EDGE('',*,*,#3694,.F.);
#3694 = EDGE_CURVE('',#3695,#3697,#3699,.T.);
#3695 = VERTEX_POINT('',#3696);
#3696 = CARTESIAN_POINT('',(8.91,-3.3,0.));
#3697 = VERTEX_POINT('',#3698);
#3698 = CARTESIAN_POINT('',(8.91,-2.1,-6.827871601445E-16));
#3699 = LINE('',#3700,#3701);
#3700 = CARTESIAN_POINT('',(8.91,-3.3,0.));
#3701 = VECTOR('',#3702,1.);
#3702 = DIRECTION('',(1.224646799147E-16,1.,0.));
#3703 = ORIENTED_EDGE('',*,*,#3704,.T.);
#3704 = EDGE_CURVE('',#3695,#3705,#3707,.T.);
#3705 = VERTEX_POINT('',#3706);
#3706 = CARTESIAN_POINT('',(8.91,-3.3,2.5));
#3707 = LINE('',#3708,#3709);
#3708 = CARTESIAN_POINT('',(8.91,-3.3,0.));
#3709 = VECTOR('',#3710,1.);
#3710 = DIRECTION('',(0.,0.,1.));
#3711 = ORIENTED_EDGE('',*,*,#3712,.T.);
#3712 = EDGE_CURVE('',#3705,#3713,#3715,.T.);
#3713 = VERTEX_POINT('',#3714);
#3714 = CARTESIAN_POINT('',(8.91,-2.3,2.5));
#3715 = LINE('',#3716,#3717);
#3716 = CARTESIAN_POINT('',(8.91,-3.3,2.5));
#3717 = VECTOR('',#3718,1.);
#3718 = DIRECTION('',(1.224646799147E-16,1.,0.));
#3719 = ORIENTED_EDGE('',*,*,#3720,.F.);
#3720 = EDGE_CURVE('',#3721,#3713,#3723,.T.);
#3721 = VERTEX_POINT('',#3722);
#3722 = CARTESIAN_POINT('',(8.91,-1.3,2.5));
#3723 = CIRCLE('',#3724,0.5);
#3724 = AXIS2_PLACEMENT_3D('',#3725,#3726,#3727);
#3725 = CARTESIAN_POINT('',(8.91,-1.8,2.5));
#3726 = DIRECTION('',(-1.,2.22044604925E-16,1.110223024625E-16));
#3727 = DIRECTION('',(-2.22044604925E-16,-1.,-1.110223024625E-16));
#3728 = ORIENTED_EDGE('',*,*,#3729,.T.);
#3729 = EDGE_CURVE('',#3721,#3657,#3730,.T.);
#3730 = LINE('',#3731,#3732);
#3731 = CARTESIAN_POINT('',(8.91,-3.3,2.5));
#3732 = VECTOR('',#3733,1.);
#3733 = DIRECTION('',(1.224646799147E-16,1.,0.));
#3734 = ORIENTED_EDGE('',*,*,#3654,.F.);
#3735 = ORIENTED_EDGE('',*,*,#3736,.F.);
#3736 = EDGE_CURVE('',#3737,#3655,#3739,.T.);
#3737 = VERTEX_POINT('',#3738);
#3738 = CARTESIAN_POINT('',(8.91,1.34,-4.918287999089E-16));
#3739 = LINE('',#3740,#3741);
#3740 = CARTESIAN_POINT('',(8.91,-3.3,0.));
#3741 = VECTOR('',#3742,1.);
#3742 = DIRECTION('',(1.224646799147E-16,1.,0.));
#3743 = ORIENTED_EDGE('',*,*,#3744,.F.);
#3744 = EDGE_CURVE('',#3745,#3737,#3747,.T.);
#3745 = VERTEX_POINT('',#3746);
#3746 = CARTESIAN_POINT('',(8.91,1.34,0.5));
#3747 = LINE('',#3748,#3749);
#3748 = CARTESIAN_POINT('',(8.91,1.34,0.25));
#3749 = VECTOR('',#3750,1.);
#3750 = DIRECTION('',(1.359631073447E-32,1.110223024625E-16,-1.));
#3751 = ORIENTED_EDGE('',*,*,#3752,.F.);
#3752 = EDGE_CURVE('',#3753,#3745,#3755,.T.);
#3753 = VERTEX_POINT('',#3754);
#3754 = CARTESIAN_POINT('',(8.91,-2.1,0.5));
#3755 = LINE('',#3756,#3757);
#3756 = CARTESIAN_POINT('',(8.91,-2.7,0.5));
#3757 = VECTOR('',#3758,1.);
#3758 = DIRECTION('',(1.224646799147E-16,1.,1.110223024625E-16));
#3759 = ORIENTED_EDGE('',*,*,#3760,.F.);
#3760 = EDGE_CURVE('',#3697,#3753,#3761,.T.);
#3761 = LINE('',#3762,#3763);
#3762 = CARTESIAN_POINT('',(8.91,-2.1,-4.996003610813E-17));
#3763 = VECTOR('',#3764,1.);
#3764 = DIRECTION('',(-1.359631073447E-32,-1.110223024625E-16,1.));
#3765 = PLANE('',#3766);
#3766 = AXIS2_PLACEMENT_3D('',#3767,#3768,#3769);
#3767 = CARTESIAN_POINT('',(8.91,-3.3,0.));
#3768 = DIRECTION('',(-1.,1.224646799147E-16,0.));
#3769 = DIRECTION('',(1.224646799147E-16,1.,0.));
#3770 = ADVANCED_FACE('',(#3771),#3845,.F.);
#3771 = FACE_BOUND('',#3772,.F.);
#3772 = EDGE_LOOP('',(#3773,#3781,#3782,#3790,#3799,#3807,#3815,#3823,
    #3831,#3839));
#3773 = ORIENTED_EDGE('',*,*,#3774,.F.);
#3774 = EDGE_CURVE('',#3673,#3775,#3777,.T.);
#3775 = VERTEX_POINT('',#3776);
#3776 = CARTESIAN_POINT('',(-1.29,1.34,1.487698852998E-16));
#3777 = LINE('',#3778,#3779);
#3778 = CARTESIAN_POINT('',(-1.29,2.54,0.));
#3779 = VECTOR('',#3780,1.);
#3780 = DIRECTION('',(-1.224646799147E-16,-1.,0.));
#3781 = ORIENTED_EDGE('',*,*,#3672,.T.);
#3782 = ORIENTED_EDGE('',*,*,#3783,.T.);
#3783 = EDGE_CURVE('',#3665,#3784,#3786,.T.);
#3784 = VERTEX_POINT('',#3785);
#3785 = CARTESIAN_POINT('',(-1.29,-1.3,2.5));
#3786 = LINE('',#3787,#3788);
#3787 = CARTESIAN_POINT('',(-1.29,2.54,2.5));
#3788 = VECTOR('',#3789,1.);
#3789 = DIRECTION('',(-1.224646799147E-16,-1.,0.));
#3790 = ORIENTED_EDGE('',*,*,#3791,.T.);
#3791 = EDGE_CURVE('',#3784,#3792,#3794,.T.);
#3792 = VERTEX_POINT('',#3793);
#3793 = CARTESIAN_POINT('',(-1.29,-2.3,2.5));
#3794 = CIRCLE('',#3795,0.5);
#3795 = AXIS2_PLACEMENT_3D('',#3796,#3797,#3798);
#3796 = CARTESIAN_POINT('',(-1.29,-1.8,2.5));
#3797 = DIRECTION('',(-1.,2.22044604925E-16,1.110223024625E-16));
#3798 = DIRECTION('',(-2.22044604925E-16,-1.,-1.110223024625E-16));
#3799 = ORIENTED_EDGE('',*,*,#3800,.T.);
#3800 = EDGE_CURVE('',#3792,#3801,#3803,.T.);
#3801 = VERTEX_POINT('',#3802);
#3802 = CARTESIAN_POINT('',(-1.29,-3.3,2.5));
#3803 = LINE('',#3804,#3805);
#3804 = CARTESIAN_POINT('',(-1.29,2.54,2.5));
#3805 = VECTOR('',#3806,1.);
#3806 = DIRECTION('',(-1.224646799147E-16,-1.,0.));
#3807 = ORIENTED_EDGE('',*,*,#3808,.F.);
#3808 = EDGE_CURVE('',#3809,#3801,#3811,.T.);
#3809 = VERTEX_POINT('',#3810);
#3810 = CARTESIAN_POINT('',(-1.29,-3.3,0.));
#3811 = LINE('',#3812,#3813);
#3812 = CARTESIAN_POINT('',(-1.29,-3.3,0.));
#3813 = VECTOR('',#3814,1.);
#3814 = DIRECTION('',(0.,0.,1.));
#3815 = ORIENTED_EDGE('',*,*,#3816,.F.);
#3816 = EDGE_CURVE('',#3817,#3809,#3819,.T.);
#3817 = VERTEX_POINT('',#3818);
#3818 = CARTESIAN_POINT('',(-1.29,-2.1,-2.331468351713E-16));
#3819 = LINE('',#3820,#3821);
#3820 = CARTESIAN_POINT('',(-1.29,2.54,0.));
#3821 = VECTOR('',#3822,1.);
#3822 = DIRECTION('',(-1.224646799147E-16,-1.,0.));
#3823 = ORIENTED_EDGE('',*,*,#3824,.T.);
#3824 = EDGE_CURVE('',#3817,#3825,#3827,.T.);
#3825 = VERTEX_POINT('',#3826);
#3826 = CARTESIAN_POINT('',(-1.29,-2.1,0.5));
#3827 = LINE('',#3828,#3829);
#3828 = CARTESIAN_POINT('',(-1.29,-2.1,-2.331468351713E-16));
#3829 = VECTOR('',#3830,1.);
#3830 = DIRECTION('',(1.110223024625E-16,-1.110223024625E-16,1.));
#3831 = ORIENTED_EDGE('',*,*,#3832,.T.);
#3832 = EDGE_CURVE('',#3825,#3833,#3835,.T.);
#3833 = VERTEX_POINT('',#3834);
#3834 = CARTESIAN_POINT('',(-1.29,1.34,0.5));
#3835 = LINE('',#3836,#3837);
#3836 = CARTESIAN_POINT('',(-1.29,-2.1,0.5));
#3837 = VECTOR('',#3838,1.);
#3838 = DIRECTION('',(2.22044604925E-16,1.,1.110223024625E-16));
#3839 = ORIENTED_EDGE('',*,*,#3840,.T.);
#3840 = EDGE_CURVE('',#3833,#3775,#3841,.T.);
#3841 = LINE('',#3842,#3843);
#3842 = CARTESIAN_POINT('',(-1.29,1.34,0.5));
#3843 = VECTOR('',#3844,1.);
#3844 = DIRECTION('',(-1.110223024625E-16,1.110223024625E-16,-1.));
#3845 = PLANE('',#3846);
#3846 = AXIS2_PLACEMENT_3D('',#3847,#3848,#3849);
#3847 = CARTESIAN_POINT('',(-1.29,2.54,0.));
#3848 = DIRECTION('',(1.,-1.224646799147E-16,0.));
#3849 = DIRECTION('',(-1.224646799147E-16,-1.,0.));
#3850 = ADVANCED_FACE('',(#3851,#3862),#3897,.T.);
#3851 = FACE_BOUND('',#3852,.T.);
#3852 = EDGE_LOOP('',(#3853,#3854,#3855,#3861));
#3853 = ORIENTED_EDGE('',*,*,#3680,.F.);
#3854 = ORIENTED_EDGE('',*,*,#3736,.F.);
#3855 = ORIENTED_EDGE('',*,*,#3856,.F.);
#3856 = EDGE_CURVE('',#3775,#3737,#3857,.T.);
#3857 = LINE('',#3858,#3859);
#3858 = CARTESIAN_POINT('',(-1.29,1.34,1.487698852998E-16));
#3859 = VECTOR('',#3860,1.);
#3860 = DIRECTION('',(1.,-1.110223024625E-16,-1.110223024625E-16));
#3861 = ORIENTED_EDGE('',*,*,#3774,.F.);
#3862 = FACE_BOUND('',#3863,.T.);
#3863 = EDGE_LOOP('',(#3864,#3874,#3882,#3890));
#3864 = ORIENTED_EDGE('',*,*,#3865,.T.);
#3865 = EDGE_CURVE('',#3866,#3868,#3870,.T.);
#3866 = VERTEX_POINT('',#3867);
#3867 = CARTESIAN_POINT('',(5.554999991327,1.906620214849,0.));
#3868 = VERTEX_POINT('',#3869);
#3869 = CARTESIAN_POINT('',(5.554999991327,2.156620214849,0.));
#3870 = LINE('',#3871,#3872);
#3871 = CARTESIAN_POINT('',(5.554999991327,1.906620214849,0.));
#3872 = VECTOR('',#3873,1.);
#3873 = DIRECTION('',(1.224646799147E-16,1.,0.));
#3874 = ORIENTED_EDGE('',*,*,#3875,.T.);
#3875 = EDGE_CURVE('',#3868,#3876,#3878,.T.);
#3876 = VERTEX_POINT('',#3877);
#3877 = CARTESIAN_POINT('',(4.604999991327,2.156620214849,0.));
#3878 = LINE('',#3879,#3880);
#3879 = CARTESIAN_POINT('',(5.554999991327,2.156620214849,0.));
#3880 = VECTOR('',#3881,1.);
#3881 = DIRECTION('',(-1.,1.224646799147E-16,0.));
#3882 = ORIENTED_EDGE('',*,*,#3883,.T.);
#3883 = EDGE_CURVE('',#3876,#3884,#3886,.T.);
#3884 = VERTEX_POINT('',#3885);
#3885 = CARTESIAN_POINT('',(4.604999991327,1.906620214849,0.));
#3886 = LINE('',#3887,#3888);
#3887 = CARTESIAN_POINT('',(4.604999991327,2.156620214849,0.));
#3888 = VECTOR('',#3889,1.);
#3889 = DIRECTION('',(-1.224646799147E-16,-1.,0.));
#3890 = ORIENTED_EDGE('',*,*,#3891,.T.);
#3891 = EDGE_CURVE('',#3884,#3866,#3892,.T.);
#3892 = CIRCLE('',#3893,0.475);
#3893 = AXIS2_PLACEMENT_3D('',#3894,#3895,#3896);
#3894 = CARTESIAN_POINT('',(5.079999991327,1.906620214849,0.));
#3895 = DIRECTION('',(0.,0.,1.));
#3896 = DIRECTION('',(-1.,1.224646799147E-16,0.));
#3897 = PLANE('',#3898);
#3898 = AXIS2_PLACEMENT_3D('',#3899,#3900,#3901);
#3899 = CARTESIAN_POINT('',(8.91,2.54,0.));
#3900 = DIRECTION('',(0.,0.,-1.));
#3901 = DIRECTION('',(-1.,0.,0.));
#3902 = ADVANCED_FACE('',(#3903,#3914,#3948,#3982,#4016),#4050,.F.);
#3903 = FACE_BOUND('',#3904,.F.);
#3904 = EDGE_LOOP('',(#3905,#3906,#3907,#3913));
#3905 = ORIENTED_EDGE('',*,*,#3664,.F.);
#3906 = ORIENTED_EDGE('',*,*,#3729,.F.);
#3907 = ORIENTED_EDGE('',*,*,#3908,.F.);
#3908 = EDGE_CURVE('',#3784,#3721,#3909,.T.);
#3909 = LINE('',#3910,#3911);
#3910 = CARTESIAN_POINT('',(-1.29,-1.3,2.5));
#3911 = VECTOR('',#3912,1.);
#3912 = DIRECTION('',(1.,-1.110223024625E-16,-1.110223024625E-16));
#3913 = ORIENTED_EDGE('',*,*,#3783,.F.);
#3914 = FACE_BOUND('',#3915,.F.);
#3915 = EDGE_LOOP('',(#3916,#3926,#3934,#3942));
#3916 = ORIENTED_EDGE('',*,*,#3917,.F.);
#3917 = EDGE_CURVE('',#3918,#3920,#3922,.T.);
#3918 = VERTEX_POINT('',#3919);
#3919 = CARTESIAN_POINT('',(2.86,-0.32,2.5));
#3920 = VERTEX_POINT('',#3921);
#3921 = CARTESIAN_POINT('',(2.22,-0.32,2.5));
#3922 = LINE('',#3923,#3924);
#3923 = CARTESIAN_POINT('',(5.885,-0.32,2.5));
#3924 = VECTOR('',#3925,1.);
#3925 = DIRECTION('',(-1.,1.224646799147E-16,0.));
#3926 = ORIENTED_EDGE('',*,*,#3927,.F.);
#3927 = EDGE_CURVE('',#3928,#3918,#3930,.T.);
#3928 = VERTEX_POINT('',#3929);
#3929 = CARTESIAN_POINT('',(2.86,0.32,2.5));
#3930 = LINE('',#3931,#3932);
#3931 = CARTESIAN_POINT('',(2.86,1.43,2.5));
#3932 = VECTOR('',#3933,1.);
#3933 = DIRECTION('',(-1.224646799147E-16,-1.,-0.));
#3934 = ORIENTED_EDGE('',*,*,#3935,.F.);
#3935 = EDGE_CURVE('',#3936,#3928,#3938,.T.);
#3936 = VERTEX_POINT('',#3937);
#3937 = CARTESIAN_POINT('',(2.22,0.32,2.5));
#3938 = LINE('',#3939,#3940);
#3939 = CARTESIAN_POINT('',(5.565,0.32,2.5));
#3940 = VECTOR('',#3941,1.);
#3941 = DIRECTION('',(1.,-1.224646799147E-16,0.));
#3942 = ORIENTED_EDGE('',*,*,#3943,.F.);
#3943 = EDGE_CURVE('',#3920,#3936,#3944,.T.);
#3944 = LINE('',#3945,#3946);
#3945 = CARTESIAN_POINT('',(2.22,1.11,2.5));
#3946 = VECTOR('',#3947,1.);
#3947 = DIRECTION('',(1.224646799147E-16,1.,0.));
#3948 = FACE_BOUND('',#3949,.F.);
#3949 = EDGE_LOOP('',(#3950,#3960,#3968,#3976));
#3950 = ORIENTED_EDGE('',*,*,#3951,.F.);
#3951 = EDGE_CURVE('',#3952,#3954,#3956,.T.);
#3952 = VERTEX_POINT('',#3953);
#3953 = CARTESIAN_POINT('',(0.32,0.32,2.5));
#3954 = VERTEX_POINT('',#3955);
#3955 = CARTESIAN_POINT('',(0.32,-0.32,2.5));
#3956 = LINE('',#3957,#3958);
#3957 = CARTESIAN_POINT('',(0.32,1.43,2.5));
#3958 = VECTOR('',#3959,1.);
#3959 = DIRECTION('',(-1.224646799147E-16,-1.,-0.));
#3960 = ORIENTED_EDGE('',*,*,#3961,.F.);
#3961 = EDGE_CURVE('',#3962,#3952,#3964,.T.);
#3962 = VERTEX_POINT('',#3963);
#3963 = CARTESIAN_POINT('',(-0.32,0.32,2.5));
#3964 = LINE('',#3965,#3966);
#3965 = CARTESIAN_POINT('',(4.295,0.32,2.5));
#3966 = VECTOR('',#3967,1.);
#3967 = DIRECTION('',(1.,-1.224646799147E-16,0.));
#3968 = ORIENTED_EDGE('',*,*,#3969,.F.);
#3969 = EDGE_CURVE('',#3970,#3962,#3972,.T.);
#3970 = VERTEX_POINT('',#3971);
#3971 = CARTESIAN_POINT('',(-0.32,-0.32,2.5));
#3972 = LINE('',#3973,#3974);
#3973 = CARTESIAN_POINT('',(-0.32,1.11,2.5));
#3974 = VECTOR('',#3975,1.);
#3975 = DIRECTION('',(1.224646799147E-16,1.,0.));
#3976 = ORIENTED_EDGE('',*,*,#3977,.F.);
#3977 = EDGE_CURVE('',#3954,#3970,#3978,.T.);
#3978 = LINE('',#3979,#3980);
#3979 = CARTESIAN_POINT('',(4.615,-0.32,2.5));
#3980 = VECTOR('',#3981,1.);
#3981 = DIRECTION('',(-1.,1.224646799147E-16,0.));
#3982 = FACE_BOUND('',#3983,.F.);
#3983 = EDGE_LOOP('',(#3984,#3994,#4002,#4010));
#3984 = ORIENTED_EDGE('',*,*,#3985,.F.);
#3985 = EDGE_CURVE('',#3986,#3988,#3990,.T.);
#3986 = VERTEX_POINT('',#3987);
#3987 = CARTESIAN_POINT('',(4.76,-0.32,2.5));
#3988 = VERTEX_POINT('',#3989);
#3989 = CARTESIAN_POINT('',(4.76,0.32,2.5));
#3990 = LINE('',#3991,#3992);
#3991 = CARTESIAN_POINT('',(4.76,1.11,2.5));
#3992 = VECTOR('',#3993,1.);
#3993 = DIRECTION('',(1.224646799147E-16,1.,0.));
#3994 = ORIENTED_EDGE('',*,*,#3995,.F.);
#3995 = EDGE_CURVE('',#3996,#3986,#3998,.T.);
#3996 = VERTEX_POINT('',#3997);
#3997 = CARTESIAN_POINT('',(5.4,-0.32,2.5));
#3998 = LINE('',#3999,#4000);
#3999 = CARTESIAN_POINT('',(7.155,-0.32,2.5));
#4000 = VECTOR('',#4001,1.);
#4001 = DIRECTION('',(-1.,1.224646799147E-16,0.));
#4002 = ORIENTED_EDGE('',*,*,#4003,.F.);
#4003 = EDGE_CURVE('',#4004,#3996,#4006,.T.);
#4004 = VERTEX_POINT('',#4005);
#4005 = CARTESIAN_POINT('',(5.4,0.32,2.5));
#4006 = LINE('',#4007,#4008);
#4007 = CARTESIAN_POINT('',(5.4,1.43,2.5));
#4008 = VECTOR('',#4009,1.);
#4009 = DIRECTION('',(-1.224646799147E-16,-1.,-0.));
#4010 = ORIENTED_EDGE('',*,*,#4011,.F.);
#4011 = EDGE_CURVE('',#3988,#4004,#4012,.T.);
#4012 = LINE('',#4013,#4014);
#4013 = CARTESIAN_POINT('',(6.835,0.32,2.5));
#4014 = VECTOR('',#4015,1.);
#4015 = DIRECTION('',(1.,-1.224646799147E-16,0.));
#4016 = FACE_BOUND('',#4017,.F.);
#4017 = EDGE_LOOP('',(#4018,#4028,#4036,#4044));
#4018 = ORIENTED_EDGE('',*,*,#4019,.F.);
#4019 = EDGE_CURVE('',#4020,#4022,#4024,.T.);
#4020 = VERTEX_POINT('',#4021);
#4021 = CARTESIAN_POINT('',(7.94,-0.32,2.5));
#4022 = VERTEX_POINT('',#4023);
#4023 = CARTESIAN_POINT('',(7.3,-0.32,2.5));
#4024 = LINE('',#4025,#4026);
#4025 = CARTESIAN_POINT('',(8.425,-0.32,2.5));
#4026 = VECTOR('',#4027,1.);
#4027 = DIRECTION('',(-1.,1.224646799147E-16,0.));
#4028 = ORIENTED_EDGE('',*,*,#4029,.F.);
#4029 = EDGE_CURVE('',#4030,#4020,#4032,.T.);
#4030 = VERTEX_POINT('',#4031);
#4031 = CARTESIAN_POINT('',(7.94,0.32,2.5));
#4032 = LINE('',#4033,#4034);
#4033 = CARTESIAN_POINT('',(7.94,1.43,2.5));
#4034 = VECTOR('',#4035,1.);
#4035 = DIRECTION('',(-1.224646799147E-16,-1.,-0.));
#4036 = ORIENTED_EDGE('',*,*,#4037,.F.);
#4037 = EDGE_CURVE('',#4038,#4030,#4040,.T.);
#4038 = VERTEX_POINT('',#4039);
#4039 = CARTESIAN_POINT('',(7.3,0.32,2.5));
#4040 = LINE('',#4041,#4042);
#4041 = CARTESIAN_POINT('',(8.105,0.32,2.5));
#4042 = VECTOR('',#4043,1.);
#4043 = DIRECTION('',(1.,-1.224646799147E-16,0.));
#4044 = ORIENTED_EDGE('',*,*,#4045,.F.);
#4045 = EDGE_CURVE('',#4022,#4038,#4046,.T.);
#4046 = LINE('',#4047,#4048);
#4047 = CARTESIAN_POINT('',(7.3,1.11,2.5));
#4048 = VECTOR('',#4049,1.);
#4049 = DIRECTION('',(1.224646799147E-16,1.,0.));
#4050 = PLANE('',#4051);
#4051 = AXIS2_PLACEMENT_3D('',#4052,#4053,#4054);
#4052 = CARTESIAN_POINT('',(8.91,2.54,2.5));
#4053 = DIRECTION('',(0.,0.,-1.));
#4054 = DIRECTION('',(-1.,0.,0.));
#4055 = ADVANCED_FACE('',(#4056),#4072,.T.);
#4056 = FACE_BOUND('',#4057,.T.);
#4057 = EDGE_LOOP('',(#4058,#4064,#4065,#4071));
#4058 = ORIENTED_EDGE('',*,*,#4059,.T.);
#4059 = EDGE_CURVE('',#3817,#3697,#4060,.T.);
#4060 = LINE('',#4061,#4062);
#4061 = CARTESIAN_POINT('',(-1.29,-2.1,-2.331468351713E-16));
#4062 = VECTOR('',#4063,1.);
#4063 = DIRECTION('',(1.,-1.110223024625E-16,-1.110223024625E-16));
#4064 = ORIENTED_EDGE('',*,*,#3694,.F.);
#4065 = ORIENTED_EDGE('',*,*,#4066,.F.);
#4066 = EDGE_CURVE('',#3809,#3695,#4067,.T.);
#4067 = LINE('',#4068,#4069);
#4068 = CARTESIAN_POINT('',(-1.29,-3.3,0.));
#4069 = VECTOR('',#4070,1.);
#4070 = DIRECTION('',(1.,-1.224646799147E-16,0.));
#4071 = ORIENTED_EDGE('',*,*,#3816,.F.);
#4072 = PLANE('',#4073);
#4073 = AXIS2_PLACEMENT_3D('',#4074,#4075,#4076);
#4074 = CARTESIAN_POINT('',(8.91,2.54,0.));
#4075 = DIRECTION('',(0.,0.,-1.));
#4076 = DIRECTION('',(-1.,0.,0.));
#4077 = ADVANCED_FACE('',(#4078),#4089,.F.);
#4078 = FACE_BOUND('',#4079,.F.);
#4079 = EDGE_LOOP('',(#4080,#4081,#4082,#4083));
#4080 = ORIENTED_EDGE('',*,*,#3824,.F.);
#4081 = ORIENTED_EDGE('',*,*,#4059,.T.);
#4082 = ORIENTED_EDGE('',*,*,#3760,.T.);
#4083 = ORIENTED_EDGE('',*,*,#4084,.F.);
#4084 = EDGE_CURVE('',#3825,#3753,#4085,.T.);
#4085 = LINE('',#4086,#4087);
#4086 = CARTESIAN_POINT('',(-1.29,-2.1,0.5));
#4087 = VECTOR('',#4088,1.);
#4088 = DIRECTION('',(1.,-1.110223024625E-16,-1.110223024625E-16));
#4089 = PLANE('',#4090);
#4090 = AXIS2_PLACEMENT_3D('',#4091,#4092,#4093);
#4091 = CARTESIAN_POINT('',(-1.29,-2.1,-2.331468351713E-16));
#4092 = DIRECTION('',(-1.110223024625E-16,-1.,-1.110223024625E-16));
#4093 = DIRECTION('',(1.110223024625E-16,-1.110223024625E-16,1.));
#4094 = ADVANCED_FACE('',(#4095,#4106,#4140,#4174,#4208),#4242,.F.);
#4095 = FACE_BOUND('',#4096,.F.);
#4096 = EDGE_LOOP('',(#4097,#4098,#4099,#4100));
#4097 = ORIENTED_EDGE('',*,*,#3832,.F.);
#4098 = ORIENTED_EDGE('',*,*,#4084,.T.);
#4099 = ORIENTED_EDGE('',*,*,#3752,.T.);
#4100 = ORIENTED_EDGE('',*,*,#4101,.F.);
#4101 = EDGE_CURVE('',#3833,#3745,#4102,.T.);
#4102 = LINE('',#4103,#4104);
#4103 = CARTESIAN_POINT('',(-1.29,1.34,0.5));
#4104 = VECTOR('',#4105,1.);
#4105 = DIRECTION('',(1.,-1.110223024625E-16,-1.110223024625E-16));
#4106 = FACE_BOUND('',#4107,.F.);
#4107 = EDGE_LOOP('',(#4108,#4118,#4126,#4134));
#4108 = ORIENTED_EDGE('',*,*,#4109,.F.);
#4109 = EDGE_CURVE('',#4110,#4112,#4114,.T.);
#4110 = VERTEX_POINT('',#4111);
#4111 = CARTESIAN_POINT('',(0.32,-0.32,0.5));
#4112 = VERTEX_POINT('',#4113);
#4113 = CARTESIAN_POINT('',(0.32,0.32,0.5));
#4114 = LINE('',#4115,#4116);
#4115 = CARTESIAN_POINT('',(0.32,-0.89,0.5));
#4116 = VECTOR('',#4117,1.);
#4117 = DIRECTION('',(1.224646799147E-16,1.,1.110223024625E-16));
#4118 = ORIENTED_EDGE('',*,*,#4119,.F.);
#4119 = EDGE_CURVE('',#4120,#4110,#4122,.T.);
#4120 = VERTEX_POINT('',#4121);
#4121 = CARTESIAN_POINT('',(-0.32,-0.32,0.5));
#4122 = LINE('',#4123,#4124);
#4123 = CARTESIAN_POINT('',(-0.485,-0.32,0.5));
#4124 = VECTOR('',#4125,1.);
#4125 = DIRECTION('',(1.,-1.224646799147E-16,-1.110223024625E-16));
#4126 = ORIENTED_EDGE('',*,*,#4127,.F.);
#4127 = EDGE_CURVE('',#4128,#4120,#4130,.T.);
#4128 = VERTEX_POINT('',#4129);
#4129 = CARTESIAN_POINT('',(-0.32,0.32,0.5));
#4130 = LINE('',#4131,#4132);
#4131 = CARTESIAN_POINT('',(-0.32,-1.21,0.5));
#4132 = VECTOR('',#4133,1.);
#4133 = DIRECTION('',(-1.224646799147E-16,-1.,-1.110223024625E-16));
#4134 = ORIENTED_EDGE('',*,*,#4135,.F.);
#4135 = EDGE_CURVE('',#4112,#4128,#4136,.T.);
#4136 = LINE('',#4137,#4138);
#4137 = CARTESIAN_POINT('',(-0.805,0.32,0.5));
#4138 = VECTOR('',#4139,1.);
#4139 = DIRECTION('',(-1.,1.224646799147E-16,1.110223024625E-16));
#4140 = FACE_BOUND('',#4141,.F.);
#4141 = EDGE_LOOP('',(#4142,#4152,#4160,#4168));
#4142 = ORIENTED_EDGE('',*,*,#4143,.F.);
#4143 = EDGE_CURVE('',#4144,#4146,#4148,.T.);
#4144 = VERTEX_POINT('',#4145);
#4145 = CARTESIAN_POINT('',(2.22,-0.32,0.5));
#4146 = VERTEX_POINT('',#4147);
#4147 = CARTESIAN_POINT('',(2.86,-0.32,0.5));
#4148 = LINE('',#4149,#4150);
#4149 = CARTESIAN_POINT('',(0.785,-0.32,0.5));
#4150 = VECTOR('',#4151,1.);
#4151 = DIRECTION('',(1.,-1.224646799147E-16,-1.110223024625E-16));
#4152 = ORIENTED_EDGE('',*,*,#4153,.F.);
#4153 = EDGE_CURVE('',#4154,#4144,#4156,.T.);
#4154 = VERTEX_POINT('',#4155);
#4155 = CARTESIAN_POINT('',(2.22,0.32,0.5));
#4156 = LINE('',#4157,#4158);
#4157 = CARTESIAN_POINT('',(2.22,-1.21,0.5));
#4158 = VECTOR('',#4159,1.);
#4159 = DIRECTION('',(-1.224646799147E-16,-1.,-1.110223024625E-16));
#4160 = ORIENTED_EDGE('',*,*,#4161,.F.);
#4161 = EDGE_CURVE('',#4162,#4154,#4164,.T.);
#4162 = VERTEX_POINT('',#4163);
#4163 = CARTESIAN_POINT('',(2.86,0.32,0.5));
#4164 = LINE('',#4165,#4166);
#4165 = CARTESIAN_POINT('',(0.465,0.32,0.5));
#4166 = VECTOR('',#4167,1.);
#4167 = DIRECTION('',(-1.,1.224646799147E-16,1.110223024625E-16));
#4168 = ORIENTED_EDGE('',*,*,#4169,.F.);
#4169 = EDGE_CURVE('',#4146,#4162,#4170,.T.);
#4170 = LINE('',#4171,#4172);
#4171 = CARTESIAN_POINT('',(2.86,-0.89,0.5));
#4172 = VECTOR('',#4173,1.);
#4173 = DIRECTION('',(1.224646799147E-16,1.,1.110223024625E-16));
#4174 = FACE_BOUND('',#4175,.F.);
#4175 = EDGE_LOOP('',(#4176,#4186,#4194,#4202));
#4176 = ORIENTED_EDGE('',*,*,#4177,.F.);
#4177 = EDGE_CURVE('',#4178,#4180,#4182,.T.);
#4178 = VERTEX_POINT('',#4179);
#4179 = CARTESIAN_POINT('',(4.76,0.32,0.5));
#4180 = VERTEX_POINT('',#4181);
#4181 = CARTESIAN_POINT('',(4.76,-0.32,0.5));
#4182 = LINE('',#4183,#4184);
#4183 = CARTESIAN_POINT('',(4.76,-1.21,0.5));
#4184 = VECTOR('',#4185,1.);
#4185 = DIRECTION('',(-1.224646799147E-16,-1.,-1.110223024625E-16));
#4186 = ORIENTED_EDGE('',*,*,#4187,.F.);
#4187 = EDGE_CURVE('',#4188,#4178,#4190,.T.);
#4188 = VERTEX_POINT('',#4189);
#4189 = CARTESIAN_POINT('',(5.4,0.32,0.5));
#4190 = LINE('',#4191,#4192);
#4191 = CARTESIAN_POINT('',(1.735,0.32,0.5));
#4192 = VECTOR('',#4193,1.);
#4193 = DIRECTION('',(-1.,1.224646799147E-16,1.110223024625E-16));
#4194 = ORIENTED_EDGE('',*,*,#4195,.F.);
#4195 = EDGE_CURVE('',#4196,#4188,#4198,.T.);
#4196 = VERTEX_POINT('',#4197);
#4197 = CARTESIAN_POINT('',(5.4,-0.32,0.5));
#4198 = LINE('',#4199,#4200);
#4199 = CARTESIAN_POINT('',(5.4,-0.89,0.5));
#4200 = VECTOR('',#4201,1.);
#4201 = DIRECTION('',(1.224646799147E-16,1.,1.110223024625E-16));
#4202 = ORIENTED_EDGE('',*,*,#4203,.F.);
#4203 = EDGE_CURVE('',#4180,#4196,#4204,.T.);
#4204 = LINE('',#4205,#4206);
#4205 = CARTESIAN_POINT('',(2.055,-0.32,0.5));
#4206 = VECTOR('',#4207,1.);
#4207 = DIRECTION('',(1.,-1.224646799147E-16,-1.110223024625E-16));
#4208 = FACE_BOUND('',#4209,.F.);
#4209 = EDGE_LOOP('',(#4210,#4220,#4228,#4236));
#4210 = ORIENTED_EDGE('',*,*,#4211,.F.);
#4211 = EDGE_CURVE('',#4212,#4214,#4216,.T.);
#4212 = VERTEX_POINT('',#4213);
#4213 = CARTESIAN_POINT('',(7.3,-0.32,0.5));
#4214 = VERTEX_POINT('',#4215);
#4215 = CARTESIAN_POINT('',(7.94,-0.32,0.5));
#4216 = LINE('',#4217,#4218);
#4217 = CARTESIAN_POINT('',(3.325,-0.32,0.5));
#4218 = VECTOR('',#4219,1.);
#4219 = DIRECTION('',(1.,-1.224646799147E-16,-1.110223024625E-16));
#4220 = ORIENTED_EDGE('',*,*,#4221,.F.);
#4221 = EDGE_CURVE('',#4222,#4212,#4224,.T.);
#4222 = VERTEX_POINT('',#4223);
#4223 = CARTESIAN_POINT('',(7.3,0.32,0.5));
#4224 = LINE('',#4225,#4226);
#4225 = CARTESIAN_POINT('',(7.3,-1.21,0.5));
#4226 = VECTOR('',#4227,1.);
#4227 = DIRECTION('',(-1.224646799147E-16,-1.,-1.110223024625E-16));
#4228 = ORIENTED_EDGE('',*,*,#4229,.F.);
#4229 = EDGE_CURVE('',#4230,#4222,#4232,.T.);
#4230 = VERTEX_POINT('',#4231);
#4231 = CARTESIAN_POINT('',(7.94,0.32,0.5));
#4232 = LINE('',#4233,#4234);
#4233 = CARTESIAN_POINT('',(3.005,0.32,0.5));
#4234 = VECTOR('',#4235,1.);
#4235 = DIRECTION('',(-1.,1.224646799147E-16,1.110223024625E-16));
#4236 = ORIENTED_EDGE('',*,*,#4237,.F.);
#4237 = EDGE_CURVE('',#4214,#4230,#4238,.T.);
#4238 = LINE('',#4239,#4240);
#4239 = CARTESIAN_POINT('',(7.94,-0.89,0.5));
#4240 = VECTOR('',#4241,1.);
#4241 = DIRECTION('',(1.224646799147E-16,1.,1.110223024625E-16));
#4242 = PLANE('',#4243);
#4243 = AXIS2_PLACEMENT_3D('',#4244,#4245,#4246);
#4244 = CARTESIAN_POINT('',(-1.29,-2.1,0.5));
#4245 = DIRECTION('',(1.110223024625E-16,-1.110223024625E-16,1.));
#4246 = DIRECTION('',(2.22044604925E-16,1.,1.110223024625E-16));
#4247 = ADVANCED_FACE('',(#4248),#4254,.F.);
#4248 = FACE_BOUND('',#4249,.F.);
#4249 = EDGE_LOOP('',(#4250,#4251,#4252,#4253));
#4250 = ORIENTED_EDGE('',*,*,#3840,.F.);
#4251 = ORIENTED_EDGE('',*,*,#4101,.T.);
#4252 = ORIENTED_EDGE('',*,*,#3744,.T.);
#4253 = ORIENTED_EDGE('',*,*,#3856,.F.);
#4254 = PLANE('',#4255);
#4255 = AXIS2_PLACEMENT_3D('',#4256,#4257,#4258);
#4256 = CARTESIAN_POINT('',(-1.29,1.34,0.5));
#4257 = DIRECTION('',(1.110223024625E-16,1.,1.110223024625E-16));
#4258 = DIRECTION('',(-1.110223024625E-16,1.110223024625E-16,-1.));
#4259 = ADVANCED_FACE('',(#4260),#4287,.F.);
#4260 = FACE_BOUND('',#4261,.F.);
#4261 = EDGE_LOOP('',(#4262,#4263,#4264,#4265,#4273,#4281));
#4262 = ORIENTED_EDGE('',*,*,#3791,.F.);
#4263 = ORIENTED_EDGE('',*,*,#3908,.T.);
#4264 = ORIENTED_EDGE('',*,*,#3720,.T.);
#4265 = ORIENTED_EDGE('',*,*,#4266,.F.);
#4266 = EDGE_CURVE('',#4267,#3713,#4269,.T.);
#4267 = VERTEX_POINT('',#4268);
#4268 = CARTESIAN_POINT('',(5.08,-2.3,2.5));
#4269 = LINE('',#4270,#4271);
#4270 = CARTESIAN_POINT('',(-1.29,-2.3,2.5));
#4271 = VECTOR('',#4272,1.);
#4272 = DIRECTION('',(1.,-1.110223024625E-16,-1.110223024625E-16));
#4273 = ORIENTED_EDGE('',*,*,#4274,.F.);
#4274 = EDGE_CURVE('',#4275,#4267,#4277,.T.);
#4275 = VERTEX_POINT('',#4276);
#4276 = CARTESIAN_POINT('',(-2.816687638039E-16,-2.3,2.5));
#4277 = LINE('',#4278,#4279);
#4278 = CARTESIAN_POINT('',(-1.29,-2.3,2.5));
#4279 = VECTOR('',#4280,1.);
#4280 = DIRECTION('',(1.,-1.110223024625E-16,-1.110223024625E-16));
#4281 = ORIENTED_EDGE('',*,*,#4282,.F.);
#4282 = EDGE_CURVE('',#3792,#4275,#4283,.T.);
#4283 = LINE('',#4284,#4285);
#4284 = CARTESIAN_POINT('',(-1.29,-2.3,2.5));
#4285 = VECTOR('',#4286,1.);
#4286 = DIRECTION('',(1.,-1.110223024625E-16,-1.110223024625E-16));
#4287 = CYLINDRICAL_SURFACE('',#4288,0.5);
#4288 = AXIS2_PLACEMENT_3D('',#4289,#4290,#4291);
#4289 = CARTESIAN_POINT('',(-1.29,-1.8,2.5));
#4290 = DIRECTION('',(-1.,2.22044604925E-16,1.110223024625E-16));
#4291 = DIRECTION('',(-2.22044604925E-16,-1.,-1.110223024625E-16));
#4292 = ADVANCED_FACE('',(#4293),#4311,.F.);
#4293 = FACE_BOUND('',#4294,.F.);
#4294 = EDGE_LOOP('',(#4295,#4296,#4297,#4305));
#4295 = ORIENTED_EDGE('',*,*,#4266,.T.);
#4296 = ORIENTED_EDGE('',*,*,#3712,.F.);
#4297 = ORIENTED_EDGE('',*,*,#4298,.F.);
#4298 = EDGE_CURVE('',#4299,#3705,#4301,.T.);
#4299 = VERTEX_POINT('',#4300);
#4300 = CARTESIAN_POINT('',(5.08,-3.3,2.5));
#4301 = LINE('',#4302,#4303);
#4302 = CARTESIAN_POINT('',(-1.29,-3.3,2.5));
#4303 = VECTOR('',#4304,1.);
#4304 = DIRECTION('',(1.,-1.224646799147E-16,0.));
#4305 = ORIENTED_EDGE('',*,*,#4306,.T.);
#4306 = EDGE_CURVE('',#4299,#4267,#4307,.T.);
#4307 = LINE('',#4308,#4309);
#4308 = CARTESIAN_POINT('',(5.08,-3.3,2.5));
#4309 = VECTOR('',#4310,1.);
#4310 = DIRECTION('',(1.224646799147E-16,1.,0.));
#4311 = PLANE('',#4312);
#4312 = AXIS2_PLACEMENT_3D('',#4313,#4314,#4315);
#4313 = CARTESIAN_POINT('',(8.91,2.54,2.5));
#4314 = DIRECTION('',(0.,0.,-1.));
#4315 = DIRECTION('',(-1.,0.,0.));
#4316 = ADVANCED_FACE('',(#4317),#4337,.F.);
#4317 = FACE_BOUND('',#4318,.F.);
#4318 = EDGE_LOOP('',(#4319,#4320,#4328,#4334,#4335,#4336));
#4319 = ORIENTED_EDGE('',*,*,#3808,.T.);
#4320 = ORIENTED_EDGE('',*,*,#4321,.T.);
#4321 = EDGE_CURVE('',#3801,#4322,#4324,.T.);
#4322 = VERTEX_POINT('',#4323);
#4323 = CARTESIAN_POINT('',(-4.041334437186E-16,-3.3,2.5));
#4324 = LINE('',#4325,#4326);
#4325 = CARTESIAN_POINT('',(-1.29,-3.3,2.5));
#4326 = VECTOR('',#4327,1.);
#4327 = DIRECTION('',(1.,-1.224646799147E-16,0.));
#4328 = ORIENTED_EDGE('',*,*,#4329,.T.);
#4329 = EDGE_CURVE('',#4322,#4299,#4330,.T.);
#4330 = LINE('',#4331,#4332);
#4331 = CARTESIAN_POINT('',(-4.041334437186E-16,-3.3,2.5));
#4332 = VECTOR('',#4333,1.);
#4333 = DIRECTION('',(1.,-1.224646799147E-16,0.));
#4334 = ORIENTED_EDGE('',*,*,#4298,.T.);
#4335 = ORIENTED_EDGE('',*,*,#3704,.F.);
#4336 = ORIENTED_EDGE('',*,*,#4066,.F.);
#4337 = PLANE('',#4338);
#4338 = AXIS2_PLACEMENT_3D('',#4339,#4340,#4341);
#4339 = CARTESIAN_POINT('',(-1.29,-3.3,0.));
#4340 = DIRECTION('',(1.224646799147E-16,1.,0.));
#4341 = DIRECTION('',(1.,-1.224646799147E-16,0.));
#4342 = ADVANCED_FACE('',(#4343),#4354,.F.);
#4343 = FACE_BOUND('',#4344,.F.);
#4344 = EDGE_LOOP('',(#4345,#4346,#4347,#4353));
#4345 = ORIENTED_EDGE('',*,*,#3800,.F.);
#4346 = ORIENTED_EDGE('',*,*,#4282,.T.);
#4347 = ORIENTED_EDGE('',*,*,#4348,.T.);
#4348 = EDGE_CURVE('',#4275,#4322,#4349,.T.);
#4349 = LINE('',#4350,#4351);
#4350 = CARTESIAN_POINT('',(-2.816687638039E-16,-2.3,2.5));
#4351 = VECTOR('',#4352,1.);
#4352 = DIRECTION('',(-1.224646799147E-16,-1.,0.));
#4353 = ORIENTED_EDGE('',*,*,#4321,.F.);
#4354 = PLANE('',#4355);
#4355 = AXIS2_PLACEMENT_3D('',#4356,#4357,#4358);
#4356 = CARTESIAN_POINT('',(8.91,2.54,2.5));
#4357 = DIRECTION('',(0.,0.,-1.));
#4358 = DIRECTION('',(-1.,0.,0.));
#4359 = ADVANCED_FACE('',(#4360),#4385,.T.);
#4360 = FACE_BOUND('',#4361,.T.);
#4361 = EDGE_LOOP('',(#4362,#4370,#4378,#4384));
#4362 = ORIENTED_EDGE('',*,*,#4363,.T.);
#4363 = EDGE_CURVE('',#3866,#4364,#4366,.T.);
#4364 = VERTEX_POINT('',#4365);
#4365 = CARTESIAN_POINT('',(5.554999991327,1.906620214849,-2.3));
#4366 = LINE('',#4367,#4368);
#4367 = CARTESIAN_POINT('',(5.554999991327,1.906620214849,0.));
#4368 = VECTOR('',#4369,1.);
#4369 = DIRECTION('',(0.,0.,-1.));
#4370 = ORIENTED_EDGE('',*,*,#4371,.T.);
#4371 = EDGE_CURVE('',#4364,#4372,#4374,.T.);
#4372 = VERTEX_POINT('',#4373);
#4373 = CARTESIAN_POINT('',(5.554999991327,2.156620214849,-2.3));
#4374 = LINE('',#4375,#4376);
#4375 = CARTESIAN_POINT('',(5.554999991327,1.906620214849,-2.3));
#4376 = VECTOR('',#4377,1.);
#4377 = DIRECTION('',(1.224646799147E-16,1.,0.));
#4378 = ORIENTED_EDGE('',*,*,#4379,.F.);
#4379 = EDGE_CURVE('',#3868,#4372,#4380,.T.);
#4380 = LINE('',#4381,#4382);
#4381 = CARTESIAN_POINT('',(5.554999991327,2.156620214849,0.));
#4382 = VECTOR('',#4383,1.);
#4383 = DIRECTION('',(0.,0.,-1.));
#4384 = ORIENTED_EDGE('',*,*,#3865,.F.);
#4385 = PLANE('',#4386);
#4386 = AXIS2_PLACEMENT_3D('',#4387,#4388,#4389);
#4387 = CARTESIAN_POINT('',(5.554999991327,1.906620214849,0.));
#4388 = DIRECTION('',(1.,-1.224646799147E-16,0.));
#4389 = DIRECTION('',(1.224646799147E-16,1.,0.));
#4390 = ADVANCED_FACE('',(#4391),#4410,.T.);
#4391 = FACE_BOUND('',#4392,.T.);
#4392 = EDGE_LOOP('',(#4393,#4401,#4408,#4409));
#4393 = ORIENTED_EDGE('',*,*,#4394,.T.);
#4394 = EDGE_CURVE('',#3884,#4395,#4397,.T.);
#4395 = VERTEX_POINT('',#4396);
#4396 = CARTESIAN_POINT('',(4.604999991327,1.906620214849,-2.3));
#4397 = LINE('',#4398,#4399);
#4398 = CARTESIAN_POINT('',(4.604999991327,1.906620214849,0.));
#4399 = VECTOR('',#4400,1.);
#4400 = DIRECTION('',(0.,0.,-1.));
#4401 = ORIENTED_EDGE('',*,*,#4402,.T.);
#4402 = EDGE_CURVE('',#4395,#4364,#4403,.T.);
#4403 = CIRCLE('',#4404,0.475);
#4404 = AXIS2_PLACEMENT_3D('',#4405,#4406,#4407);
#4405 = CARTESIAN_POINT('',(5.079999991327,1.906620214849,-2.3));
#4406 = DIRECTION('',(0.,0.,1.));
#4407 = DIRECTION('',(-1.,1.224646799147E-16,0.));
#4408 = ORIENTED_EDGE('',*,*,#4363,.F.);
#4409 = ORIENTED_EDGE('',*,*,#3891,.F.);
#4410 = CYLINDRICAL_SURFACE('',#4411,0.475);
#4411 = AXIS2_PLACEMENT_3D('',#4412,#4413,#4414);
#4412 = CARTESIAN_POINT('',(5.079999991327,1.906620214849,0.));
#4413 = DIRECTION('',(0.,0.,1.));
#4414 = DIRECTION('',(-1.,1.224646799147E-16,0.));
#4415 = ADVANCED_FACE('',(#4416),#4434,.T.);
#4416 = FACE_BOUND('',#4417,.T.);
#4417 = EDGE_LOOP('',(#4418,#4426,#4432,#4433));
#4418 = ORIENTED_EDGE('',*,*,#4419,.T.);
#4419 = EDGE_CURVE('',#3876,#4420,#4422,.T.);
#4420 = VERTEX_POINT('',#4421);
#4421 = CARTESIAN_POINT('',(4.604999991327,2.156620214849,-2.3));
#4422 = LINE('',#4423,#4424);
#4423 = CARTESIAN_POINT('',(4.604999991327,2.156620214849,0.));
#4424 = VECTOR('',#4425,1.);
#4425 = DIRECTION('',(0.,0.,-1.));
#4426 = ORIENTED_EDGE('',*,*,#4427,.T.);
#4427 = EDGE_CURVE('',#4420,#4395,#4428,.T.);
#4428 = LINE('',#4429,#4430);
#4429 = CARTESIAN_POINT('',(4.604999991327,2.156620214849,-2.3));
#4430 = VECTOR('',#4431,1.);
#4431 = DIRECTION('',(-1.224646799147E-16,-1.,0.));
#4432 = ORIENTED_EDGE('',*,*,#4394,.F.);
#4433 = ORIENTED_EDGE('',*,*,#3883,.F.);
#4434 = PLANE('',#4435);
#4435 = AXIS2_PLACEMENT_3D('',#4436,#4437,#4438);
#4436 = CARTESIAN_POINT('',(4.604999991327,2.156620214849,0.));
#4437 = DIRECTION('',(-1.,1.224646799147E-16,0.));
#4438 = DIRECTION('',(-1.224646799147E-16,-1.,0.));
#4439 = ADVANCED_FACE('',(#4440),#4451,.T.);
#4440 = FACE_BOUND('',#4441,.T.);
#4441 = EDGE_LOOP('',(#4442,#4443,#4449,#4450));
#4442 = ORIENTED_EDGE('',*,*,#4379,.T.);
#4443 = ORIENTED_EDGE('',*,*,#4444,.T.);
#4444 = EDGE_CURVE('',#4372,#4420,#4445,.T.);
#4445 = LINE('',#4446,#4447);
#4446 = CARTESIAN_POINT('',(5.554999991327,2.156620214849,-2.3));
#4447 = VECTOR('',#4448,1.);
#4448 = DIRECTION('',(-1.,1.224646799147E-16,0.));
#4449 = ORIENTED_EDGE('',*,*,#4419,.F.);
#4450 = ORIENTED_EDGE('',*,*,#3875,.F.);
#4451 = PLANE('',#4452);
#4452 = AXIS2_PLACEMENT_3D('',#4453,#4454,#4455);
#4453 = CARTESIAN_POINT('',(5.554999991327,2.156620214849,0.));
#4454 = DIRECTION('',(1.224646799147E-16,1.,0.));
#4455 = DIRECTION('',(-1.,1.224646799147E-16,0.));
#4456 = ADVANCED_FACE('',(#4457),#4482,.T.);
#4457 = FACE_BOUND('',#4458,.T.);
#4458 = EDGE_LOOP('',(#4459,#4460,#4468,#4476));
#4459 = ORIENTED_EDGE('',*,*,#3917,.F.);
#4460 = ORIENTED_EDGE('',*,*,#4461,.T.);
#4461 = EDGE_CURVE('',#3918,#4462,#4464,.T.);
#4462 = VERTEX_POINT('',#4463);
#4463 = CARTESIAN_POINT('',(2.86,-0.32,9.85));
#4464 = LINE('',#4465,#4466);
#4465 = CARTESIAN_POINT('',(2.86,-0.32,-3.5));
#4466 = VECTOR('',#4467,1.);
#4467 = DIRECTION('',(0.,0.,1.));
#4468 = ORIENTED_EDGE('',*,*,#4469,.T.);
#4469 = EDGE_CURVE('',#4462,#4470,#4472,.T.);
#4470 = VERTEX_POINT('',#4471);
#4471 = CARTESIAN_POINT('',(2.22,-0.32,9.85));
#4472 = LINE('',#4473,#4474);
#4473 = CARTESIAN_POINT('',(2.86,-0.32,9.85));
#4474 = VECTOR('',#4475,1.);
#4475 = DIRECTION('',(-1.,1.224646799147E-16,0.));
#4476 = ORIENTED_EDGE('',*,*,#4477,.F.);
#4477 = EDGE_CURVE('',#3920,#4470,#4478,.T.);
#4478 = LINE('',#4479,#4480);
#4479 = CARTESIAN_POINT('',(2.22,-0.32,-3.5));
#4480 = VECTOR('',#4481,1.);
#4481 = DIRECTION('',(0.,0.,1.));
#4482 = PLANE('',#4483);
#4483 = AXIS2_PLACEMENT_3D('',#4484,#4485,#4486);
#4484 = CARTESIAN_POINT('',(2.86,-0.32,-3.5));
#4485 = DIRECTION('',(-1.224646799147E-16,-1.,0.));
#4486 = DIRECTION('',(-1.,1.224646799147E-16,0.));
#4487 = ADVANCED_FACE('',(#4488),#4506,.T.);
#4488 = FACE_BOUND('',#4489,.T.);
#4489 = EDGE_LOOP('',(#4490,#4491,#4499,#4505));
#4490 = ORIENTED_EDGE('',*,*,#3927,.F.);
#4491 = ORIENTED_EDGE('',*,*,#4492,.T.);
#4492 = EDGE_CURVE('',#3928,#4493,#4495,.T.);
#4493 = VERTEX_POINT('',#4494);
#4494 = CARTESIAN_POINT('',(2.86,0.32,9.85));
#4495 = LINE('',#4496,#4497);
#4496 = CARTESIAN_POINT('',(2.86,0.32,-3.5));
#4497 = VECTOR('',#4498,1.);
#4498 = DIRECTION('',(0.,0.,1.));
#4499 = ORIENTED_EDGE('',*,*,#4500,.T.);
#4500 = EDGE_CURVE('',#4493,#4462,#4501,.T.);
#4501 = LINE('',#4502,#4503);
#4502 = CARTESIAN_POINT('',(2.86,0.32,9.85));
#4503 = VECTOR('',#4504,1.);
#4504 = DIRECTION('',(-1.224646799147E-16,-1.,0.));
#4505 = ORIENTED_EDGE('',*,*,#4461,.F.);
#4506 = PLANE('',#4507);
#4507 = AXIS2_PLACEMENT_3D('',#4508,#4509,#4510);
#4508 = CARTESIAN_POINT('',(2.86,0.32,-3.5));
#4509 = DIRECTION('',(1.,-1.224646799147E-16,0.));
#4510 = DIRECTION('',(-1.224646799147E-16,-1.,0.));
#4511 = ADVANCED_FACE('',(#4512),#4530,.T.);
#4512 = FACE_BOUND('',#4513,.T.);
#4513 = EDGE_LOOP('',(#4514,#4515,#4516,#4524));
#4514 = ORIENTED_EDGE('',*,*,#3943,.F.);
#4515 = ORIENTED_EDGE('',*,*,#4477,.T.);
#4516 = ORIENTED_EDGE('',*,*,#4517,.T.);
#4517 = EDGE_CURVE('',#4470,#4518,#4520,.T.);
#4518 = VERTEX_POINT('',#4519);
#4519 = CARTESIAN_POINT('',(2.22,0.32,9.85));
#4520 = LINE('',#4521,#4522);
#4521 = CARTESIAN_POINT('',(2.22,-0.32,9.85));
#4522 = VECTOR('',#4523,1.);
#4523 = DIRECTION('',(1.224646799147E-16,1.,0.));
#4524 = ORIENTED_EDGE('',*,*,#4525,.F.);
#4525 = EDGE_CURVE('',#3936,#4518,#4526,.T.);
#4526 = LINE('',#4527,#4528);
#4527 = CARTESIAN_POINT('',(2.22,0.32,-3.5));
#4528 = VECTOR('',#4529,1.);
#4529 = DIRECTION('',(0.,0.,1.));
#4530 = PLANE('',#4531);
#4531 = AXIS2_PLACEMENT_3D('',#4532,#4533,#4534);
#4532 = CARTESIAN_POINT('',(2.22,-0.32,-3.5));
#4533 = DIRECTION('',(-1.,1.224646799147E-16,0.));
#4534 = DIRECTION('',(1.224646799147E-16,1.,0.));
#4535 = ADVANCED_FACE('',(#4536),#4547,.T.);
#4536 = FACE_BOUND('',#4537,.T.);
#4537 = EDGE_LOOP('',(#4538,#4539,#4540,#4546));
#4538 = ORIENTED_EDGE('',*,*,#3935,.F.);
#4539 = ORIENTED_EDGE('',*,*,#4525,.T.);
#4540 = ORIENTED_EDGE('',*,*,#4541,.T.);
#4541 = EDGE_CURVE('',#4518,#4493,#4542,.T.);
#4542 = LINE('',#4543,#4544);
#4543 = CARTESIAN_POINT('',(2.22,0.32,9.85));
#4544 = VECTOR('',#4545,1.);
#4545 = DIRECTION('',(1.,-1.224646799147E-16,0.));
#4546 = ORIENTED_EDGE('',*,*,#4492,.F.);
#4547 = PLANE('',#4548);
#4548 = AXIS2_PLACEMENT_3D('',#4549,#4550,#4551);
#4549 = CARTESIAN_POINT('',(2.22,0.32,-3.5));
#4550 = DIRECTION('',(1.224646799147E-16,1.,0.));
#4551 = DIRECTION('',(1.,-1.224646799147E-16,0.));
#4552 = ADVANCED_FACE('',(#4553),#4578,.T.);
#4553 = FACE_BOUND('',#4554,.T.);
#4554 = EDGE_LOOP('',(#4555,#4556,#4564,#4572));
#4555 = ORIENTED_EDGE('',*,*,#3951,.F.);
#4556 = ORIENTED_EDGE('',*,*,#4557,.T.);
#4557 = EDGE_CURVE('',#3952,#4558,#4560,.T.);
#4558 = VERTEX_POINT('',#4559);
#4559 = CARTESIAN_POINT('',(0.32,0.32,9.85));
#4560 = LINE('',#4561,#4562);
#4561 = CARTESIAN_POINT('',(0.32,0.32,-3.5));
#4562 = VECTOR('',#4563,1.);
#4563 = DIRECTION('',(0.,0.,1.));
#4564 = ORIENTED_EDGE('',*,*,#4565,.T.);
#4565 = EDGE_CURVE('',#4558,#4566,#4568,.T.);
#4566 = VERTEX_POINT('',#4567);
#4567 = CARTESIAN_POINT('',(0.32,-0.32,9.85));
#4568 = LINE('',#4569,#4570);
#4569 = CARTESIAN_POINT('',(0.32,0.32,9.85));
#4570 = VECTOR('',#4571,1.);
#4571 = DIRECTION('',(-1.224646799147E-16,-1.,0.));
#4572 = ORIENTED_EDGE('',*,*,#4573,.F.);
#4573 = EDGE_CURVE('',#3954,#4566,#4574,.T.);
#4574 = LINE('',#4575,#4576);
#4575 = CARTESIAN_POINT('',(0.32,-0.32,-3.5));
#4576 = VECTOR('',#4577,1.);
#4577 = DIRECTION('',(0.,0.,1.));
#4578 = PLANE('',#4579);
#4579 = AXIS2_PLACEMENT_3D('',#4580,#4581,#4582);
#4580 = CARTESIAN_POINT('',(0.32,0.32,-3.5));
#4581 = DIRECTION('',(1.,-1.224646799147E-16,0.));
#4582 = DIRECTION('',(-1.224646799147E-16,-1.,0.));
#4583 = ADVANCED_FACE('',(#4584),#4602,.T.);
#4584 = FACE_BOUND('',#4585,.T.);
#4585 = EDGE_LOOP('',(#4586,#4587,#4595,#4601));
#4586 = ORIENTED_EDGE('',*,*,#3961,.F.);
#4587 = ORIENTED_EDGE('',*,*,#4588,.T.);
#4588 = EDGE_CURVE('',#3962,#4589,#4591,.T.);
#4589 = VERTEX_POINT('',#4590);
#4590 = CARTESIAN_POINT('',(-0.32,0.32,9.85));
#4591 = LINE('',#4592,#4593);
#4592 = CARTESIAN_POINT('',(-0.32,0.32,-3.5));
#4593 = VECTOR('',#4594,1.);
#4594 = DIRECTION('',(0.,0.,1.));
#4595 = ORIENTED_EDGE('',*,*,#4596,.T.);
#4596 = EDGE_CURVE('',#4589,#4558,#4597,.T.);
#4597 = LINE('',#4598,#4599);
#4598 = CARTESIAN_POINT('',(-0.32,0.32,9.85));
#4599 = VECTOR('',#4600,1.);
#4600 = DIRECTION('',(1.,-1.224646799147E-16,0.));
#4601 = ORIENTED_EDGE('',*,*,#4557,.F.);
#4602 = PLANE('',#4603);
#4603 = AXIS2_PLACEMENT_3D('',#4604,#4605,#4606);
#4604 = CARTESIAN_POINT('',(-0.32,0.32,-3.5));
#4605 = DIRECTION('',(1.224646799147E-16,1.,0.));
#4606 = DIRECTION('',(1.,-1.224646799147E-16,0.));
#4607 = ADVANCED_FACE('',(#4608),#4626,.T.);
#4608 = FACE_BOUND('',#4609,.T.);
#4609 = EDGE_LOOP('',(#4610,#4611,#4612,#4620));
#4610 = ORIENTED_EDGE('',*,*,#3977,.F.);
#4611 = ORIENTED_EDGE('',*,*,#4573,.T.);
#4612 = ORIENTED_EDGE('',*,*,#4613,.T.);
#4613 = EDGE_CURVE('',#4566,#4614,#4616,.T.);
#4614 = VERTEX_POINT('',#4615);
#4615 = CARTESIAN_POINT('',(-0.32,-0.32,9.85));
#4616 = LINE('',#4617,#4618);
#4617 = CARTESIAN_POINT('',(0.32,-0.32,9.85));
#4618 = VECTOR('',#4619,1.);
#4619 = DIRECTION('',(-1.,1.224646799147E-16,0.));
#4620 = ORIENTED_EDGE('',*,*,#4621,.F.);
#4621 = EDGE_CURVE('',#3970,#4614,#4622,.T.);
#4622 = LINE('',#4623,#4624);
#4623 = CARTESIAN_POINT('',(-0.32,-0.32,-3.5));
#4624 = VECTOR('',#4625,1.);
#4625 = DIRECTION('',(0.,0.,1.));
#4626 = PLANE('',#4627);
#4627 = AXIS2_PLACEMENT_3D('',#4628,#4629,#4630);
#4628 = CARTESIAN_POINT('',(0.32,-0.32,-3.5));
#4629 = DIRECTION('',(-1.224646799147E-16,-1.,0.));
#4630 = DIRECTION('',(-1.,1.224646799147E-16,0.));
#4631 = ADVANCED_FACE('',(#4632),#4643,.T.);
#4632 = FACE_BOUND('',#4633,.T.);
#4633 = EDGE_LOOP('',(#4634,#4635,#4636,#4642));
#4634 = ORIENTED_EDGE('',*,*,#3969,.F.);
#4635 = ORIENTED_EDGE('',*,*,#4621,.T.);
#4636 = ORIENTED_EDGE('',*,*,#4637,.T.);
#4637 = EDGE_CURVE('',#4614,#4589,#4638,.T.);
#4638 = LINE('',#4639,#4640);
#4639 = CARTESIAN_POINT('',(-0.32,-0.32,9.85));
#4640 = VECTOR('',#4641,1.);
#4641 = DIRECTION('',(1.224646799147E-16,1.,0.));
#4642 = ORIENTED_EDGE('',*,*,#4588,.F.);
#4643 = PLANE('',#4644);
#4644 = AXIS2_PLACEMENT_3D('',#4645,#4646,#4647);
#4645 = CARTESIAN_POINT('',(-0.32,-0.32,-3.5));
#4646 = DIRECTION('',(-1.,1.224646799147E-16,0.));
#4647 = DIRECTION('',(1.224646799147E-16,1.,0.));
#4648 = ADVANCED_FACE('',(#4649),#4674,.T.);
#4649 = FACE_BOUND('',#4650,.T.);
#4650 = EDGE_LOOP('',(#4651,#4652,#4660,#4668));
#4651 = ORIENTED_EDGE('',*,*,#3985,.F.);
#4652 = ORIENTED_EDGE('',*,*,#4653,.T.);
#4653 = EDGE_CURVE('',#3986,#4654,#4656,.T.);
#4654 = VERTEX_POINT('',#4655);
#4655 = CARTESIAN_POINT('',(4.76,-0.32,9.85));
#4656 = LINE('',#4657,#4658);
#4657 = CARTESIAN_POINT('',(4.76,-0.32,-3.5));
#4658 = VECTOR('',#4659,1.);
#4659 = DIRECTION('',(0.,0.,1.));
#4660 = ORIENTED_EDGE('',*,*,#4661,.T.);
#4661 = EDGE_CURVE('',#4654,#4662,#4664,.T.);
#4662 = VERTEX_POINT('',#4663);
#4663 = CARTESIAN_POINT('',(4.76,0.32,9.85));
#4664 = LINE('',#4665,#4666);
#4665 = CARTESIAN_POINT('',(4.76,-0.32,9.85));
#4666 = VECTOR('',#4667,1.);
#4667 = DIRECTION('',(1.224646799147E-16,1.,0.));
#4668 = ORIENTED_EDGE('',*,*,#4669,.F.);
#4669 = EDGE_CURVE('',#3988,#4662,#4670,.T.);
#4670 = LINE('',#4671,#4672);
#4671 = CARTESIAN_POINT('',(4.76,0.32,-3.5));
#4672 = VECTOR('',#4673,1.);
#4673 = DIRECTION('',(0.,0.,1.));
#4674 = PLANE('',#4675);
#4675 = AXIS2_PLACEMENT_3D('',#4676,#4677,#4678);
#4676 = CARTESIAN_POINT('',(4.76,-0.32,-3.5));
#4677 = DIRECTION('',(-1.,1.224646799147E-16,0.));
#4678 = DIRECTION('',(1.224646799147E-16,1.,0.));
#4679 = ADVANCED_FACE('',(#4680),#4698,.T.);
#4680 = FACE_BOUND('',#4681,.T.);
#4681 = EDGE_LOOP('',(#4682,#4683,#4691,#4697));
#4682 = ORIENTED_EDGE('',*,*,#3995,.F.);
#4683 = ORIENTED_EDGE('',*,*,#4684,.T.);
#4684 = EDGE_CURVE('',#3996,#4685,#4687,.T.);
#4685 = VERTEX_POINT('',#4686);
#4686 = CARTESIAN_POINT('',(5.4,-0.32,9.85));
#4687 = LINE('',#4688,#4689);
#4688 = CARTESIAN_POINT('',(5.4,-0.32,-3.5));
#4689 = VECTOR('',#4690,1.);
#4690 = DIRECTION('',(0.,0.,1.));
#4691 = ORIENTED_EDGE('',*,*,#4692,.T.);
#4692 = EDGE_CURVE('',#4685,#4654,#4693,.T.);
#4693 = LINE('',#4694,#4695);
#4694 = CARTESIAN_POINT('',(5.4,-0.32,9.85));
#4695 = VECTOR('',#4696,1.);
#4696 = DIRECTION('',(-1.,1.224646799147E-16,0.));
#4697 = ORIENTED_EDGE('',*,*,#4653,.F.);
#4698 = PLANE('',#4699);
#4699 = AXIS2_PLACEMENT_3D('',#4700,#4701,#4702);
#4700 = CARTESIAN_POINT('',(5.4,-0.32,-3.5));
#4701 = DIRECTION('',(-1.224646799147E-16,-1.,0.));
#4702 = DIRECTION('',(-1.,1.224646799147E-16,0.));
#4703 = ADVANCED_FACE('',(#4704),#4722,.T.);
#4704 = FACE_BOUND('',#4705,.T.);
#4705 = EDGE_LOOP('',(#4706,#4707,#4708,#4716));
#4706 = ORIENTED_EDGE('',*,*,#4011,.F.);
#4707 = ORIENTED_EDGE('',*,*,#4669,.T.);
#4708 = ORIENTED_EDGE('',*,*,#4709,.T.);
#4709 = EDGE_CURVE('',#4662,#4710,#4712,.T.);
#4710 = VERTEX_POINT('',#4711);
#4711 = CARTESIAN_POINT('',(5.4,0.32,9.85));
#4712 = LINE('',#4713,#4714);
#4713 = CARTESIAN_POINT('',(4.76,0.32,9.85));
#4714 = VECTOR('',#4715,1.);
#4715 = DIRECTION('',(1.,-1.224646799147E-16,0.));
#4716 = ORIENTED_EDGE('',*,*,#4717,.F.);
#4717 = EDGE_CURVE('',#4004,#4710,#4718,.T.);
#4718 = LINE('',#4719,#4720);
#4719 = CARTESIAN_POINT('',(5.4,0.32,-3.5));
#4720 = VECTOR('',#4721,1.);
#4721 = DIRECTION('',(0.,0.,1.));
#4722 = PLANE('',#4723);
#4723 = AXIS2_PLACEMENT_3D('',#4724,#4725,#4726);
#4724 = CARTESIAN_POINT('',(4.76,0.32,-3.5));
#4725 = DIRECTION('',(1.224646799147E-16,1.,0.));
#4726 = DIRECTION('',(1.,-1.224646799147E-16,0.));
#4727 = ADVANCED_FACE('',(#4728),#4739,.T.);
#4728 = FACE_BOUND('',#4729,.T.);
#4729 = EDGE_LOOP('',(#4730,#4731,#4732,#4738));
#4730 = ORIENTED_EDGE('',*,*,#4003,.F.);
#4731 = ORIENTED_EDGE('',*,*,#4717,.T.);
#4732 = ORIENTED_EDGE('',*,*,#4733,.T.);
#4733 = EDGE_CURVE('',#4710,#4685,#4734,.T.);
#4734 = LINE('',#4735,#4736);
#4735 = CARTESIAN_POINT('',(5.4,0.32,9.85));
#4736 = VECTOR('',#4737,1.);
#4737 = DIRECTION('',(-1.224646799147E-16,-1.,0.));
#4738 = ORIENTED_EDGE('',*,*,#4684,.F.);
#4739 = PLANE('',#4740);
#4740 = AXIS2_PLACEMENT_3D('',#4741,#4742,#4743);
#4741 = CARTESIAN_POINT('',(5.4,0.32,-3.5));
#4742 = DIRECTION('',(1.,-1.224646799147E-16,0.));
#4743 = DIRECTION('',(-1.224646799147E-16,-1.,0.));
#4744 = ADVANCED_FACE('',(#4745),#4770,.T.);
#4745 = FACE_BOUND('',#4746,.T.);
#4746 = EDGE_LOOP('',(#4747,#4748,#4756,#4764));
#4747 = ORIENTED_EDGE('',*,*,#4019,.F.);
#4748 = ORIENTED_EDGE('',*,*,#4749,.T.);
#4749 = EDGE_CURVE('',#4020,#4750,#4752,.T.);
#4750 = VERTEX_POINT('',#4751);
#4751 = CARTESIAN_POINT('',(7.94,-0.32,9.85));
#4752 = LINE('',#4753,#4754);
#4753 = CARTESIAN_POINT('',(7.94,-0.32,-3.5));
#4754 = VECTOR('',#4755,1.);
#4755 = DIRECTION('',(0.,0.,1.));
#4756 = ORIENTED_EDGE('',*,*,#4757,.T.);
#4757 = EDGE_CURVE('',#4750,#4758,#4760,.T.);
#4758 = VERTEX_POINT('',#4759);
#4759 = CARTESIAN_POINT('',(7.3,-0.32,9.85));
#4760 = LINE('',#4761,#4762);
#4761 = CARTESIAN_POINT('',(7.94,-0.32,9.85));
#4762 = VECTOR('',#4763,1.);
#4763 = DIRECTION('',(-1.,1.224646799147E-16,0.));
#4764 = ORIENTED_EDGE('',*,*,#4765,.F.);
#4765 = EDGE_CURVE('',#4022,#4758,#4766,.T.);
#4766 = LINE('',#4767,#4768);
#4767 = CARTESIAN_POINT('',(7.3,-0.32,-3.5));
#4768 = VECTOR('',#4769,1.);
#4769 = DIRECTION('',(0.,0.,1.));
#4770 = PLANE('',#4771);
#4771 = AXIS2_PLACEMENT_3D('',#4772,#4773,#4774);
#4772 = CARTESIAN_POINT('',(7.94,-0.32,-3.5));
#4773 = DIRECTION('',(-1.224646799147E-16,-1.,0.));
#4774 = DIRECTION('',(-1.,1.224646799147E-16,0.));
#4775 = ADVANCED_FACE('',(#4776),#4794,.T.);
#4776 = FACE_BOUND('',#4777,.T.);
#4777 = EDGE_LOOP('',(#4778,#4779,#4780,#4788));
#4778 = ORIENTED_EDGE('',*,*,#4045,.F.);
#4779 = ORIENTED_EDGE('',*,*,#4765,.T.);
#4780 = ORIENTED_EDGE('',*,*,#4781,.T.);
#4781 = EDGE_CURVE('',#4758,#4782,#4784,.T.);
#4782 = VERTEX_POINT('',#4783);
#4783 = CARTESIAN_POINT('',(7.3,0.32,9.85));
#4784 = LINE('',#4785,#4786);
#4785 = CARTESIAN_POINT('',(7.3,-0.32,9.85));
#4786 = VECTOR('',#4787,1.);
#4787 = DIRECTION('',(1.224646799147E-16,1.,0.));
#4788 = ORIENTED_EDGE('',*,*,#4789,.F.);
#4789 = EDGE_CURVE('',#4038,#4782,#4790,.T.);
#4790 = LINE('',#4791,#4792);
#4791 = CARTESIAN_POINT('',(7.3,0.32,-3.5));
#4792 = VECTOR('',#4793,1.);
#4793 = DIRECTION('',(0.,0.,1.));
#4794 = PLANE('',#4795);
#4795 = AXIS2_PLACEMENT_3D('',#4796,#4797,#4798);
#4796 = CARTESIAN_POINT('',(7.3,-0.32,-3.5));
#4797 = DIRECTION('',(-1.,1.224646799147E-16,0.));
#4798 = DIRECTION('',(1.224646799147E-16,1.,0.));
#4799 = ADVANCED_FACE('',(#4800),#4818,.T.);
#4800 = FACE_BOUND('',#4801,.T.);
#4801 = EDGE_LOOP('',(#4802,#4803,#4804,#4812));
#4802 = ORIENTED_EDGE('',*,*,#4037,.F.);
#4803 = ORIENTED_EDGE('',*,*,#4789,.T.);
#4804 = ORIENTED_EDGE('',*,*,#4805,.T.);
#4805 = EDGE_CURVE('',#4782,#4806,#4808,.T.);
#4806 = VERTEX_POINT('',#4807);
#4807 = CARTESIAN_POINT('',(7.94,0.32,9.85));
#4808 = LINE('',#4809,#4810);
#4809 = CARTESIAN_POINT('',(7.3,0.32,9.85));
#4810 = VECTOR('',#4811,1.);
#4811 = DIRECTION('',(1.,-1.224646799147E-16,0.));
#4812 = ORIENTED_EDGE('',*,*,#4813,.F.);
#4813 = EDGE_CURVE('',#4030,#4806,#4814,.T.);
#4814 = LINE('',#4815,#4816);
#4815 = CARTESIAN_POINT('',(7.94,0.32,-3.5));
#4816 = VECTOR('',#4817,1.);
#4817 = DIRECTION('',(0.,0.,1.));
#4818 = PLANE('',#4819);
#4819 = AXIS2_PLACEMENT_3D('',#4820,#4821,#4822);
#4820 = CARTESIAN_POINT('',(7.3,0.32,-3.5));
#4821 = DIRECTION('',(1.224646799147E-16,1.,0.));
#4822 = DIRECTION('',(1.,-1.224646799147E-16,0.));
#4823 = ADVANCED_FACE('',(#4824),#4835,.T.);
#4824 = FACE_BOUND('',#4825,.T.);
#4825 = EDGE_LOOP('',(#4826,#4827,#4828,#4834));
#4826 = ORIENTED_EDGE('',*,*,#4029,.F.);
#4827 = ORIENTED_EDGE('',*,*,#4813,.T.);
#4828 = ORIENTED_EDGE('',*,*,#4829,.T.);
#4829 = EDGE_CURVE('',#4806,#4750,#4830,.T.);
#4830 = LINE('',#4831,#4832);
#4831 = CARTESIAN_POINT('',(7.94,0.32,9.85));
#4832 = VECTOR('',#4833,1.);
#4833 = DIRECTION('',(-1.224646799147E-16,-1.,0.));
#4834 = ORIENTED_EDGE('',*,*,#4749,.F.);
#4835 = PLANE('',#4836);
#4836 = AXIS2_PLACEMENT_3D('',#4837,#4838,#4839);
#4837 = CARTESIAN_POINT('',(7.94,0.32,-3.5));
#4838 = DIRECTION('',(1.,-1.224646799147E-16,0.));
#4839 = DIRECTION('',(-1.224646799147E-16,-1.,0.));
#4840 = ADVANCED_FACE('',(#4841),#4866,.T.);
#4841 = FACE_BOUND('',#4842,.T.);
#4842 = EDGE_LOOP('',(#4843,#4853,#4859,#4860));
#4843 = ORIENTED_EDGE('',*,*,#4844,.F.);
#4844 = EDGE_CURVE('',#4845,#4847,#4849,.T.);
#4845 = VERTEX_POINT('',#4846);
#4846 = CARTESIAN_POINT('',(0.32,0.32,-3.35));
#4847 = VERTEX_POINT('',#4848);
#4848 = CARTESIAN_POINT('',(0.32,-0.32,-3.35));
#4849 = LINE('',#4850,#4851);
#4850 = CARTESIAN_POINT('',(0.32,0.32,-3.35));
#4851 = VECTOR('',#4852,1.);
#4852 = DIRECTION('',(-1.224646799147E-16,-1.,0.));
#4853 = ORIENTED_EDGE('',*,*,#4854,.T.);
#4854 = EDGE_CURVE('',#4845,#4112,#4855,.T.);
#4855 = LINE('',#4856,#4857);
#4856 = CARTESIAN_POINT('',(0.32,0.32,-3.5));
#4857 = VECTOR('',#4858,1.);
#4858 = DIRECTION('',(0.,0.,1.));
#4859 = ORIENTED_EDGE('',*,*,#4109,.F.);
#4860 = ORIENTED_EDGE('',*,*,#4861,.F.);
#4861 = EDGE_CURVE('',#4847,#4110,#4862,.T.);
#4862 = LINE('',#4863,#4864);
#4863 = CARTESIAN_POINT('',(0.32,-0.32,-3.5));
#4864 = VECTOR('',#4865,1.);
#4865 = DIRECTION('',(0.,0.,1.));
#4866 = PLANE('',#4867);
#4867 = AXIS2_PLACEMENT_3D('',#4868,#4869,#4870);
#4868 = CARTESIAN_POINT('',(0.32,0.32,-3.5));
#4869 = DIRECTION('',(1.,-1.224646799147E-16,0.));
#4870 = DIRECTION('',(-1.224646799147E-16,-1.,0.));
#4871 = ADVANCED_FACE('',(#4872),#4890,.T.);
#4872 = FACE_BOUND('',#4873,.T.);
#4873 = EDGE_LOOP('',(#4874,#4882,#4883,#4884));
#4874 = ORIENTED_EDGE('',*,*,#4875,.F.);
#4875 = EDGE_CURVE('',#4847,#4876,#4878,.T.);
#4876 = VERTEX_POINT('',#4877);
#4877 = CARTESIAN_POINT('',(-0.32,-0.32,-3.35));
#4878 = LINE('',#4879,#4880);
#4879 = CARTESIAN_POINT('',(0.32,-0.32,-3.35));
#4880 = VECTOR('',#4881,1.);
#4881 = DIRECTION('',(-1.,1.224646799147E-16,0.));
#4882 = ORIENTED_EDGE('',*,*,#4861,.T.);
#4883 = ORIENTED_EDGE('',*,*,#4119,.F.);
#4884 = ORIENTED_EDGE('',*,*,#4885,.F.);
#4885 = EDGE_CURVE('',#4876,#4120,#4886,.T.);
#4886 = LINE('',#4887,#4888);
#4887 = CARTESIAN_POINT('',(-0.32,-0.32,-3.5));
#4888 = VECTOR('',#4889,1.);
#4889 = DIRECTION('',(0.,0.,1.));
#4890 = PLANE('',#4891);
#4891 = AXIS2_PLACEMENT_3D('',#4892,#4893,#4894);
#4892 = CARTESIAN_POINT('',(0.32,-0.32,-3.5));
#4893 = DIRECTION('',(-1.224646799147E-16,-1.,0.));
#4894 = DIRECTION('',(-1.,1.224646799147E-16,0.));
#4895 = ADVANCED_FACE('',(#4896),#4914,.T.);
#4896 = FACE_BOUND('',#4897,.T.);
#4897 = EDGE_LOOP('',(#4898,#4906,#4912,#4913));
#4898 = ORIENTED_EDGE('',*,*,#4899,.F.);
#4899 = EDGE_CURVE('',#4900,#4845,#4902,.T.);
#4900 = VERTEX_POINT('',#4901);
#4901 = CARTESIAN_POINT('',(-0.32,0.32,-3.35));
#4902 = LINE('',#4903,#4904);
#4903 = CARTESIAN_POINT('',(-0.32,0.32,-3.35));
#4904 = VECTOR('',#4905,1.);
#4905 = DIRECTION('',(1.,-1.224646799147E-16,0.));
#4906 = ORIENTED_EDGE('',*,*,#4907,.T.);
#4907 = EDGE_CURVE('',#4900,#4128,#4908,.T.);
#4908 = LINE('',#4909,#4910);
#4909 = CARTESIAN_POINT('',(-0.32,0.32,-3.5));
#4910 = VECTOR('',#4911,1.);
#4911 = DIRECTION('',(0.,0.,1.));
#4912 = ORIENTED_EDGE('',*,*,#4135,.F.);
#4913 = ORIENTED_EDGE('',*,*,#4854,.F.);
#4914 = PLANE('',#4915);
#4915 = AXIS2_PLACEMENT_3D('',#4916,#4917,#4918);
#4916 = CARTESIAN_POINT('',(-0.32,0.32,-3.5));
#4917 = DIRECTION('',(1.224646799147E-16,1.,0.));
#4918 = DIRECTION('',(1.,-1.224646799147E-16,0.));
#4919 = ADVANCED_FACE('',(#4920),#4931,.T.);
#4920 = FACE_BOUND('',#4921,.T.);
#4921 = EDGE_LOOP('',(#4922,#4928,#4929,#4930));
#4922 = ORIENTED_EDGE('',*,*,#4923,.F.);
#4923 = EDGE_CURVE('',#4876,#4900,#4924,.T.);
#4924 = LINE('',#4925,#4926);
#4925 = CARTESIAN_POINT('',(-0.32,-0.32,-3.35));
#4926 = VECTOR('',#4927,1.);
#4927 = DIRECTION('',(1.224646799147E-16,1.,0.));
#4928 = ORIENTED_EDGE('',*,*,#4885,.T.);
#4929 = ORIENTED_EDGE('',*,*,#4127,.F.);
#4930 = ORIENTED_EDGE('',*,*,#4907,.F.);
#4931 = PLANE('',#4932);
#4932 = AXIS2_PLACEMENT_3D('',#4933,#4934,#4935);
#4933 = CARTESIAN_POINT('',(-0.32,-0.32,-3.5));
#4934 = DIRECTION('',(-1.,1.224646799147E-16,0.));
#4935 = DIRECTION('',(1.224646799147E-16,1.,0.));
#4936 = ADVANCED_FACE('',(#4937),#4962,.T.);
#4937 = FACE_BOUND('',#4938,.T.);
#4938 = EDGE_LOOP('',(#4939,#4949,#4955,#4956));
#4939 = ORIENTED_EDGE('',*,*,#4940,.F.);
#4940 = EDGE_CURVE('',#4941,#4943,#4945,.T.);
#4941 = VERTEX_POINT('',#4942);
#4942 = CARTESIAN_POINT('',(2.86,-0.32,-3.35));
#4943 = VERTEX_POINT('',#4944);
#4944 = CARTESIAN_POINT('',(2.22,-0.32,-3.35));
#4945 = LINE('',#4946,#4947);
#4946 = CARTESIAN_POINT('',(2.86,-0.32,-3.35));
#4947 = VECTOR('',#4948,1.);
#4948 = DIRECTION('',(-1.,1.224646799147E-16,0.));
#4949 = ORIENTED_EDGE('',*,*,#4950,.T.);
#4950 = EDGE_CURVE('',#4941,#4146,#4951,.T.);
#4951 = LINE('',#4952,#4953);
#4952 = CARTESIAN_POINT('',(2.86,-0.32,-3.5));
#4953 = VECTOR('',#4954,1.);
#4954 = DIRECTION('',(0.,0.,1.));
#4955 = ORIENTED_EDGE('',*,*,#4143,.F.);
#4956 = ORIENTED_EDGE('',*,*,#4957,.F.);
#4957 = EDGE_CURVE('',#4943,#4144,#4958,.T.);
#4958 = LINE('',#4959,#4960);
#4959 = CARTESIAN_POINT('',(2.22,-0.32,-3.5));
#4960 = VECTOR('',#4961,1.);
#4961 = DIRECTION('',(0.,0.,1.));
#4962 = PLANE('',#4963);
#4963 = AXIS2_PLACEMENT_3D('',#4964,#4965,#4966);
#4964 = CARTESIAN_POINT('',(2.86,-0.32,-3.5));
#4965 = DIRECTION('',(-1.224646799147E-16,-1.,0.));
#4966 = DIRECTION('',(-1.,1.224646799147E-16,0.));
#4967 = ADVANCED_FACE('',(#4968),#4986,.T.);
#4968 = FACE_BOUND('',#4969,.T.);
#4969 = EDGE_LOOP('',(#4970,#4978,#4979,#4980));
#4970 = ORIENTED_EDGE('',*,*,#4971,.F.);
#4971 = EDGE_CURVE('',#4943,#4972,#4974,.T.);
#4972 = VERTEX_POINT('',#4973);
#4973 = CARTESIAN_POINT('',(2.22,0.32,-3.35));
#4974 = LINE('',#4975,#4976);
#4975 = CARTESIAN_POINT('',(2.22,-0.32,-3.35));
#4976 = VECTOR('',#4977,1.);
#4977 = DIRECTION('',(1.224646799147E-16,1.,0.));
#4978 = ORIENTED_EDGE('',*,*,#4957,.T.);
#4979 = ORIENTED_EDGE('',*,*,#4153,.F.);
#4980 = ORIENTED_EDGE('',*,*,#4981,.F.);
#4981 = EDGE_CURVE('',#4972,#4154,#4982,.T.);
#4982 = LINE('',#4983,#4984);
#4983 = CARTESIAN_POINT('',(2.22,0.32,-3.5));
#4984 = VECTOR('',#4985,1.);
#4985 = DIRECTION('',(0.,0.,1.));
#4986 = PLANE('',#4987);
#4987 = AXIS2_PLACEMENT_3D('',#4988,#4989,#4990);
#4988 = CARTESIAN_POINT('',(2.22,-0.32,-3.5));
#4989 = DIRECTION('',(-1.,1.224646799147E-16,0.));
#4990 = DIRECTION('',(1.224646799147E-16,1.,0.));
#4991 = ADVANCED_FACE('',(#4992),#5010,.T.);
#4992 = FACE_BOUND('',#4993,.T.);
#4993 = EDGE_LOOP('',(#4994,#5002,#5008,#5009));
#4994 = ORIENTED_EDGE('',*,*,#4995,.F.);
#4995 = EDGE_CURVE('',#4996,#4941,#4998,.T.);
#4996 = VERTEX_POINT('',#4997);
#4997 = CARTESIAN_POINT('',(2.86,0.32,-3.35));
#4998 = LINE('',#4999,#5000);
#4999 = CARTESIAN_POINT('',(2.86,0.32,-3.35));
#5000 = VECTOR('',#5001,1.);
#5001 = DIRECTION('',(-1.224646799147E-16,-1.,0.));
#5002 = ORIENTED_EDGE('',*,*,#5003,.T.);
#5003 = EDGE_CURVE('',#4996,#4162,#5004,.T.);
#5004 = LINE('',#5005,#5006);
#5005 = CARTESIAN_POINT('',(2.86,0.32,-3.5));
#5006 = VECTOR('',#5007,1.);
#5007 = DIRECTION('',(0.,0.,1.));
#5008 = ORIENTED_EDGE('',*,*,#4169,.F.);
#5009 = ORIENTED_EDGE('',*,*,#4950,.F.);
#5010 = PLANE('',#5011);
#5011 = AXIS2_PLACEMENT_3D('',#5012,#5013,#5014);
#5012 = CARTESIAN_POINT('',(2.86,0.32,-3.5));
#5013 = DIRECTION('',(1.,-1.224646799147E-16,0.));
#5014 = DIRECTION('',(-1.224646799147E-16,-1.,0.));
#5015 = ADVANCED_FACE('',(#5016),#5027,.T.);
#5016 = FACE_BOUND('',#5017,.T.);
#5017 = EDGE_LOOP('',(#5018,#5024,#5025,#5026));
#5018 = ORIENTED_EDGE('',*,*,#5019,.F.);
#5019 = EDGE_CURVE('',#4972,#4996,#5020,.T.);
#5020 = LINE('',#5021,#5022);
#5021 = CARTESIAN_POINT('',(2.22,0.32,-3.35));
#5022 = VECTOR('',#5023,1.);
#5023 = DIRECTION('',(1.,-1.224646799147E-16,0.));
#5024 = ORIENTED_EDGE('',*,*,#4981,.T.);
#5025 = ORIENTED_EDGE('',*,*,#4161,.F.);
#5026 = ORIENTED_EDGE('',*,*,#5003,.F.);
#5027 = PLANE('',#5028);
#5028 = AXIS2_PLACEMENT_3D('',#5029,#5030,#5031);
#5029 = CARTESIAN_POINT('',(2.22,0.32,-3.5));
#5030 = DIRECTION('',(1.224646799147E-16,1.,0.));
#5031 = DIRECTION('',(1.,-1.224646799147E-16,0.));
#5032 = ADVANCED_FACE('',(#5033),#5058,.T.);
#5033 = FACE_BOUND('',#5034,.T.);
#5034 = EDGE_LOOP('',(#5035,#5045,#5051,#5052));
#5035 = ORIENTED_EDGE('',*,*,#5036,.F.);
#5036 = EDGE_CURVE('',#5037,#5039,#5041,.T.);
#5037 = VERTEX_POINT('',#5038);
#5038 = CARTESIAN_POINT('',(4.76,-0.32,-3.35));
#5039 = VERTEX_POINT('',#5040);
#5040 = CARTESIAN_POINT('',(4.76,0.32,-3.35));
#5041 = LINE('',#5042,#5043);
#5042 = CARTESIAN_POINT('',(4.76,-0.32,-3.35));
#5043 = VECTOR('',#5044,1.);
#5044 = DIRECTION('',(1.224646799147E-16,1.,0.));
#5045 = ORIENTED_EDGE('',*,*,#5046,.T.);
#5046 = EDGE_CURVE('',#5037,#4180,#5047,.T.);
#5047 = LINE('',#5048,#5049);
#5048 = CARTESIAN_POINT('',(4.76,-0.32,-3.5));
#5049 = VECTOR('',#5050,1.);
#5050 = DIRECTION('',(0.,0.,1.));
#5051 = ORIENTED_EDGE('',*,*,#4177,.F.);
#5052 = ORIENTED_EDGE('',*,*,#5053,.F.);
#5053 = EDGE_CURVE('',#5039,#4178,#5054,.T.);
#5054 = LINE('',#5055,#5056);
#5055 = CARTESIAN_POINT('',(4.76,0.32,-3.5));
#5056 = VECTOR('',#5057,1.);
#5057 = DIRECTION('',(0.,0.,1.));
#5058 = PLANE('',#5059);
#5059 = AXIS2_PLACEMENT_3D('',#5060,#5061,#5062);
#5060 = CARTESIAN_POINT('',(4.76,-0.32,-3.5));
#5061 = DIRECTION('',(-1.,1.224646799147E-16,0.));
#5062 = DIRECTION('',(1.224646799147E-16,1.,0.));
#5063 = ADVANCED_FACE('',(#5064),#5082,.T.);
#5064 = FACE_BOUND('',#5065,.T.);
#5065 = EDGE_LOOP('',(#5066,#5074,#5075,#5076));
#5066 = ORIENTED_EDGE('',*,*,#5067,.F.);
#5067 = EDGE_CURVE('',#5039,#5068,#5070,.T.);
#5068 = VERTEX_POINT('',#5069);
#5069 = CARTESIAN_POINT('',(5.4,0.32,-3.35));
#5070 = LINE('',#5071,#5072);
#5071 = CARTESIAN_POINT('',(4.76,0.32,-3.35));
#5072 = VECTOR('',#5073,1.);
#5073 = DIRECTION('',(1.,-1.224646799147E-16,0.));
#5074 = ORIENTED_EDGE('',*,*,#5053,.T.);
#5075 = ORIENTED_EDGE('',*,*,#4187,.F.);
#5076 = ORIENTED_EDGE('',*,*,#5077,.F.);
#5077 = EDGE_CURVE('',#5068,#4188,#5078,.T.);
#5078 = LINE('',#5079,#5080);
#5079 = CARTESIAN_POINT('',(5.4,0.32,-3.5));
#5080 = VECTOR('',#5081,1.);
#5081 = DIRECTION('',(0.,0.,1.));
#5082 = PLANE('',#5083);
#5083 = AXIS2_PLACEMENT_3D('',#5084,#5085,#5086);
#5084 = CARTESIAN_POINT('',(4.76,0.32,-3.5));
#5085 = DIRECTION('',(1.224646799147E-16,1.,0.));
#5086 = DIRECTION('',(1.,-1.224646799147E-16,0.));
#5087 = ADVANCED_FACE('',(#5088),#5106,.T.);
#5088 = FACE_BOUND('',#5089,.T.);
#5089 = EDGE_LOOP('',(#5090,#5098,#5104,#5105));
#5090 = ORIENTED_EDGE('',*,*,#5091,.F.);
#5091 = EDGE_CURVE('',#5092,#5037,#5094,.T.);
#5092 = VERTEX_POINT('',#5093);
#5093 = CARTESIAN_POINT('',(5.4,-0.32,-3.35));
#5094 = LINE('',#5095,#5096);
#5095 = CARTESIAN_POINT('',(5.4,-0.32,-3.35));
#5096 = VECTOR('',#5097,1.);
#5097 = DIRECTION('',(-1.,1.224646799147E-16,0.));
#5098 = ORIENTED_EDGE('',*,*,#5099,.T.);
#5099 = EDGE_CURVE('',#5092,#4196,#5100,.T.);
#5100 = LINE('',#5101,#5102);
#5101 = CARTESIAN_POINT('',(5.4,-0.32,-3.5));
#5102 = VECTOR('',#5103,1.);
#5103 = DIRECTION('',(0.,0.,1.));
#5104 = ORIENTED_EDGE('',*,*,#4203,.F.);
#5105 = ORIENTED_EDGE('',*,*,#5046,.F.);
#5106 = PLANE('',#5107);
#5107 = AXIS2_PLACEMENT_3D('',#5108,#5109,#5110);
#5108 = CARTESIAN_POINT('',(5.4,-0.32,-3.5));
#5109 = DIRECTION('',(-1.224646799147E-16,-1.,0.));
#5110 = DIRECTION('',(-1.,1.224646799147E-16,0.));
#5111 = ADVANCED_FACE('',(#5112),#5123,.T.);
#5112 = FACE_BOUND('',#5113,.T.);
#5113 = EDGE_LOOP('',(#5114,#5120,#5121,#5122));
#5114 = ORIENTED_EDGE('',*,*,#5115,.F.);
#5115 = EDGE_CURVE('',#5068,#5092,#5116,.T.);
#5116 = LINE('',#5117,#5118);
#5117 = CARTESIAN_POINT('',(5.4,0.32,-3.35));
#5118 = VECTOR('',#5119,1.);
#5119 = DIRECTION('',(-1.224646799147E-16,-1.,0.));
#5120 = ORIENTED_EDGE('',*,*,#5077,.T.);
#5121 = ORIENTED_EDGE('',*,*,#4195,.F.);
#5122 = ORIENTED_EDGE('',*,*,#5099,.F.);
#5123 = PLANE('',#5124);
#5124 = AXIS2_PLACEMENT_3D('',#5125,#5126,#5127);
#5125 = CARTESIAN_POINT('',(5.4,0.32,-3.5));
#5126 = DIRECTION('',(1.,-1.224646799147E-16,0.));
#5127 = DIRECTION('',(-1.224646799147E-16,-1.,0.));
#5128 = ADVANCED_FACE('',(#5129),#5154,.T.);
#5129 = FACE_BOUND('',#5130,.T.);
#5130 = EDGE_LOOP('',(#5131,#5141,#5147,#5148));
#5131 = ORIENTED_EDGE('',*,*,#5132,.F.);
#5132 = EDGE_CURVE('',#5133,#5135,#5137,.T.);
#5133 = VERTEX_POINT('',#5134);
#5134 = CARTESIAN_POINT('',(7.94,-0.32,-3.35));
#5135 = VERTEX_POINT('',#5136);
#5136 = CARTESIAN_POINT('',(7.3,-0.32,-3.35));
#5137 = LINE('',#5138,#5139);
#5138 = CARTESIAN_POINT('',(7.94,-0.32,-3.35));
#5139 = VECTOR('',#5140,1.);
#5140 = DIRECTION('',(-1.,1.224646799147E-16,0.));
#5141 = ORIENTED_EDGE('',*,*,#5142,.T.);
#5142 = EDGE_CURVE('',#5133,#4214,#5143,.T.);
#5143 = LINE('',#5144,#5145);
#5144 = CARTESIAN_POINT('',(7.94,-0.32,-3.5));
#5145 = VECTOR('',#5146,1.);
#5146 = DIRECTION('',(0.,0.,1.));
#5147 = ORIENTED_EDGE('',*,*,#4211,.F.);
#5148 = ORIENTED_EDGE('',*,*,#5149,.F.);
#5149 = EDGE_CURVE('',#5135,#4212,#5150,.T.);
#5150 = LINE('',#5151,#5152);
#5151 = CARTESIAN_POINT('',(7.3,-0.32,-3.5));
#5152 = VECTOR('',#5153,1.);
#5153 = DIRECTION('',(0.,0.,1.));
#5154 = PLANE('',#5155);
#5155 = AXIS2_PLACEMENT_3D('',#5156,#5157,#5158);
#5156 = CARTESIAN_POINT('',(7.94,-0.32,-3.5));
#5157 = DIRECTION('',(-1.224646799147E-16,-1.,0.));
#5158 = DIRECTION('',(-1.,1.224646799147E-16,0.));
#5159 = ADVANCED_FACE('',(#5160),#5178,.T.);
#5160 = FACE_BOUND('',#5161,.T.);
#5161 = EDGE_LOOP('',(#5162,#5170,#5176,#5177));
#5162 = ORIENTED_EDGE('',*,*,#5163,.F.);
#5163 = EDGE_CURVE('',#5164,#5133,#5166,.T.);
#5164 = VERTEX_POINT('',#5165);
#5165 = CARTESIAN_POINT('',(7.94,0.32,-3.35));
#5166 = LINE('',#5167,#5168);
#5167 = CARTESIAN_POINT('',(7.94,0.32,-3.35));
#5168 = VECTOR('',#5169,1.);
#5169 = DIRECTION('',(-1.224646799147E-16,-1.,0.));
#5170 = ORIENTED_EDGE('',*,*,#5171,.T.);
#5171 = EDGE_CURVE('',#5164,#4230,#5172,.T.);
#5172 = LINE('',#5173,#5174);
#5173 = CARTESIAN_POINT('',(7.94,0.32,-3.5));
#5174 = VECTOR('',#5175,1.);
#5175 = DIRECTION('',(0.,0.,1.));
#5176 = ORIENTED_EDGE('',*,*,#4237,.F.);
#5177 = ORIENTED_EDGE('',*,*,#5142,.F.);
#5178 = PLANE('',#5179);
#5179 = AXIS2_PLACEMENT_3D('',#5180,#5181,#5182);
#5180 = CARTESIAN_POINT('',(7.94,0.32,-3.5));
#5181 = DIRECTION('',(1.,-1.224646799147E-16,0.));
#5182 = DIRECTION('',(-1.224646799147E-16,-1.,0.));
#5183 = ADVANCED_FACE('',(#5184),#5202,.T.);
#5184 = FACE_BOUND('',#5185,.T.);
#5185 = EDGE_LOOP('',(#5186,#5194,#5200,#5201));
#5186 = ORIENTED_EDGE('',*,*,#5187,.F.);
#5187 = EDGE_CURVE('',#5188,#5164,#5190,.T.);
#5188 = VERTEX_POINT('',#5189);
#5189 = CARTESIAN_POINT('',(7.3,0.32,-3.35));
#5190 = LINE('',#5191,#5192);
#5191 = CARTESIAN_POINT('',(7.3,0.32,-3.35));
#5192 = VECTOR('',#5193,1.);
#5193 = DIRECTION('',(1.,-1.224646799147E-16,0.));
#5194 = ORIENTED_EDGE('',*,*,#5195,.T.);
#5195 = EDGE_CURVE('',#5188,#4222,#5196,.T.);
#5196 = LINE('',#5197,#5198);
#5197 = CARTESIAN_POINT('',(7.3,0.32,-3.5));
#5198 = VECTOR('',#5199,1.);
#5199 = DIRECTION('',(0.,0.,1.));
#5200 = ORIENTED_EDGE('',*,*,#4229,.F.);
#5201 = ORIENTED_EDGE('',*,*,#5171,.F.);
#5202 = PLANE('',#5203);
#5203 = AXIS2_PLACEMENT_3D('',#5204,#5205,#5206);
#5204 = CARTESIAN_POINT('',(7.3,0.32,-3.5));
#5205 = DIRECTION('',(1.224646799147E-16,1.,0.));
#5206 = DIRECTION('',(1.,-1.224646799147E-16,0.));
#5207 = ADVANCED_FACE('',(#5208),#5219,.T.);
#5208 = FACE_BOUND('',#5209,.T.);
#5209 = EDGE_LOOP('',(#5210,#5216,#5217,#5218));
#5210 = ORIENTED_EDGE('',*,*,#5211,.F.);
#5211 = EDGE_CURVE('',#5135,#5188,#5212,.T.);
#5212 = LINE('',#5213,#5214);
#5213 = CARTESIAN_POINT('',(7.3,-0.32,-3.35));
#5214 = VECTOR('',#5215,1.);
#5215 = DIRECTION('',(1.224646799147E-16,1.,0.));
#5216 = ORIENTED_EDGE('',*,*,#5149,.T.);
#5217 = ORIENTED_EDGE('',*,*,#4221,.F.);
#5218 = ORIENTED_EDGE('',*,*,#5195,.F.);
#5219 = PLANE('',#5220);
#5220 = AXIS2_PLACEMENT_3D('',#5221,#5222,#5223);
#5221 = CARTESIAN_POINT('',(7.3,-0.32,-3.5));
#5222 = DIRECTION('',(-1.,1.224646799147E-16,0.));
#5223 = DIRECTION('',(1.224646799147E-16,1.,0.));
#5224 = ADVANCED_FACE('',(#5225),#5250,.F.);
#5225 = FACE_BOUND('',#5226,.F.);
#5226 = EDGE_LOOP('',(#5227,#5228,#5236,#5244));
#5227 = ORIENTED_EDGE('',*,*,#4274,.T.);
#5228 = ORIENTED_EDGE('',*,*,#5229,.T.);
#5229 = EDGE_CURVE('',#4267,#5230,#5232,.T.);
#5230 = VERTEX_POINT('',#5231);
#5231 = CARTESIAN_POINT('',(5.08,-2.3,5.5));
#5232 = LINE('',#5233,#5234);
#5233 = CARTESIAN_POINT('',(5.08,-2.3,2.5));
#5234 = VECTOR('',#5235,1.);
#5235 = DIRECTION('',(0.,0.,1.));
#5236 = ORIENTED_EDGE('',*,*,#5237,.F.);
#5237 = EDGE_CURVE('',#5238,#5230,#5240,.T.);
#5238 = VERTEX_POINT('',#5239);
#5239 = CARTESIAN_POINT('',(9.992007221626E-17,-2.3,5.5));
#5240 = LINE('',#5241,#5242);
#5241 = CARTESIAN_POINT('',(9.992007221626E-17,-2.3,5.5));
#5242 = VECTOR('',#5243,1.);
#5243 = DIRECTION('',(1.,-1.110223024625E-16,-1.110223024625E-16));
#5244 = ORIENTED_EDGE('',*,*,#5245,.F.);
#5245 = EDGE_CURVE('',#4275,#5238,#5246,.T.);
#5246 = LINE('',#5247,#5248);
#5247 = CARTESIAN_POINT('',(-2.816687638039E-16,-2.3,2.5));
#5248 = VECTOR('',#5249,1.);
#5249 = DIRECTION('',(0.,0.,1.));
#5250 = PLANE('',#5251);
#5251 = AXIS2_PLACEMENT_3D('',#5252,#5253,#5254);
#5252 = CARTESIAN_POINT('',(5.08,-2.3,2.5));
#5253 = DIRECTION('',(-1.224646799147E-16,-1.,0.));
#5254 = DIRECTION('',(-1.,1.224646799147E-16,0.));
#5255 = ADVANCED_FACE('',(#5256),#5282,.F.);
#5256 = FACE_BOUND('',#5257,.F.);
#5257 = EDGE_LOOP('',(#5258,#5266,#5274,#5280,#5281));
#5258 = ORIENTED_EDGE('',*,*,#5259,.T.);
#5259 = EDGE_CURVE('',#4299,#5260,#5262,.T.);
#5260 = VERTEX_POINT('',#5261);
#5261 = CARTESIAN_POINT('',(5.08,-3.3,7.5));
#5262 = LINE('',#5263,#5264);
#5263 = CARTESIAN_POINT('',(5.08,-3.3,2.5));
#5264 = VECTOR('',#5265,1.);
#5265 = DIRECTION('',(0.,0.,1.));
#5266 = ORIENTED_EDGE('',*,*,#5267,.T.);
#5267 = EDGE_CURVE('',#5260,#5268,#5270,.T.);
#5268 = VERTEX_POINT('',#5269);
#5269 = CARTESIAN_POINT('',(5.08,-2.3,7.5));
#5270 = LINE('',#5271,#5272);
#5271 = CARTESIAN_POINT('',(5.08,-3.3,7.5));
#5272 = VECTOR('',#5273,1.);
#5273 = DIRECTION('',(1.224646799147E-16,1.,0.));
#5274 = ORIENTED_EDGE('',*,*,#5275,.F.);
#5275 = EDGE_CURVE('',#5230,#5268,#5276,.T.);
#5276 = LINE('',#5277,#5278);
#5277 = CARTESIAN_POINT('',(5.08,-2.3,2.5));
#5278 = VECTOR('',#5279,1.);
#5279 = DIRECTION('',(0.,0.,1.));
#5280 = ORIENTED_EDGE('',*,*,#5229,.F.);
#5281 = ORIENTED_EDGE('',*,*,#4306,.F.);
#5282 = PLANE('',#5283);
#5283 = AXIS2_PLACEMENT_3D('',#5284,#5285,#5286);
#5284 = CARTESIAN_POINT('',(5.08,-3.3,2.5));
#5285 = DIRECTION('',(-1.,1.224646799147E-16,0.));
#5286 = DIRECTION('',(1.224646799147E-16,1.,0.));
#5287 = ADVANCED_FACE('',(#5288),#5306,.F.);
#5288 = FACE_BOUND('',#5289,.F.);
#5289 = EDGE_LOOP('',(#5290,#5298,#5304,#5305));
#5290 = ORIENTED_EDGE('',*,*,#5291,.T.);
#5291 = EDGE_CURVE('',#4322,#5292,#5294,.T.);
#5292 = VERTEX_POINT('',#5293);
#5293 = CARTESIAN_POINT('',(-4.041334437186E-16,-3.3,7.5));
#5294 = LINE('',#5295,#5296);
#5295 = CARTESIAN_POINT('',(-4.041334437186E-16,-3.3,2.5));
#5296 = VECTOR('',#5297,1.);
#5297 = DIRECTION('',(0.,0.,1.));
#5298 = ORIENTED_EDGE('',*,*,#5299,.T.);
#5299 = EDGE_CURVE('',#5292,#5260,#5300,.T.);
#5300 = LINE('',#5301,#5302);
#5301 = CARTESIAN_POINT('',(-4.041334437186E-16,-3.3,7.5));
#5302 = VECTOR('',#5303,1.);
#5303 = DIRECTION('',(1.,-1.224646799147E-16,0.));
#5304 = ORIENTED_EDGE('',*,*,#5259,.F.);
#5305 = ORIENTED_EDGE('',*,*,#4329,.F.);
#5306 = PLANE('',#5307);
#5307 = AXIS2_PLACEMENT_3D('',#5308,#5309,#5310);
#5308 = CARTESIAN_POINT('',(-4.041334437186E-16,-3.3,2.5));
#5309 = DIRECTION('',(1.224646799147E-16,1.,0.));
#5310 = DIRECTION('',(1.,-1.224646799147E-16,0.));
#5311 = ADVANCED_FACE('',(#5312),#5331,.F.);
#5312 = FACE_BOUND('',#5313,.F.);
#5313 = EDGE_LOOP('',(#5314,#5315,#5323,#5329,#5330));
#5314 = ORIENTED_EDGE('',*,*,#5245,.T.);
#5315 = ORIENTED_EDGE('',*,*,#5316,.T.);
#5316 = EDGE_CURVE('',#5238,#5317,#5319,.T.);
#5317 = VERTEX_POINT('',#5318);
#5318 = CARTESIAN_POINT('',(2.01479566687E-17,-2.3,7.5));
#5319 = LINE('',#5320,#5321);
#5320 = CARTESIAN_POINT('',(-2.816687638039E-16,-2.3,2.5));
#5321 = VECTOR('',#5322,1.);
#5322 = DIRECTION('',(0.,0.,1.));
#5323 = ORIENTED_EDGE('',*,*,#5324,.T.);
#5324 = EDGE_CURVE('',#5317,#5292,#5325,.T.);
#5325 = LINE('',#5326,#5327);
#5326 = CARTESIAN_POINT('',(-2.816687638039E-16,-2.3,7.5));
#5327 = VECTOR('',#5328,1.);
#5328 = DIRECTION('',(-1.224646799147E-16,-1.,0.));
#5329 = ORIENTED_EDGE('',*,*,#5291,.F.);
#5330 = ORIENTED_EDGE('',*,*,#4348,.F.);
#5331 = PLANE('',#5332);
#5332 = AXIS2_PLACEMENT_3D('',#5333,#5334,#5335);
#5333 = CARTESIAN_POINT('',(-2.816687638039E-16,-2.3,2.5));
#5334 = DIRECTION('',(1.,-1.224646799147E-16,0.));
#5335 = DIRECTION('',(-1.224646799147E-16,-1.,0.));
#5336 = ADVANCED_FACE('',(#5337),#5343,.T.);
#5337 = FACE_BOUND('',#5338,.F.);
#5338 = EDGE_LOOP('',(#5339,#5340,#5341,#5342));
#5339 = ORIENTED_EDGE('',*,*,#4427,.T.);
#5340 = ORIENTED_EDGE('',*,*,#4402,.T.);
#5341 = ORIENTED_EDGE('',*,*,#4371,.T.);
#5342 = ORIENTED_EDGE('',*,*,#4444,.T.);
#5343 = PLANE('',#5344);
#5344 = AXIS2_PLACEMENT_3D('',#5345,#5346,#5347);
#5345 = CARTESIAN_POINT('',(4.604999991327,2.156620214849,-2.3));
#5346 = DIRECTION('',(0.,0.,-1.));
#5347 = DIRECTION('',(-1.,0.,0.));
#5348 = ADVANCED_FACE('',(#5349),#5374,.T.);
#5349 = FACE_BOUND('',#5350,.F.);
#5350 = EDGE_LOOP('',(#5351,#5359,#5360,#5368));
#5351 = ORIENTED_EDGE('',*,*,#5352,.F.);
#5352 = EDGE_CURVE('',#4462,#5353,#5355,.T.);
#5353 = VERTEX_POINT('',#5354);
#5354 = CARTESIAN_POINT('',(2.71,-0.17,10.));
#5355 = LINE('',#5356,#5357);
#5356 = CARTESIAN_POINT('',(2.703333333333,-0.163333333333,
    10.006666666667));
#5357 = VECTOR('',#5358,1.);
#5358 = DIRECTION('',(-0.57735026919,0.57735026919,0.57735026919));
#5359 = ORIENTED_EDGE('',*,*,#4469,.T.);
#5360 = ORIENTED_EDGE('',*,*,#5361,.T.);
#5361 = EDGE_CURVE('',#4470,#5362,#5364,.T.);
#5362 = VERTEX_POINT('',#5363);
#5363 = CARTESIAN_POINT('',(2.37,-0.17,10.));
#5364 = LINE('',#5365,#5366);
#5365 = CARTESIAN_POINT('',(2.376666666667,-0.163333333333,
    10.006666666667));
#5366 = VECTOR('',#5367,1.);
#5367 = DIRECTION('',(0.57735026919,0.57735026919,0.57735026919));
#5368 = ORIENTED_EDGE('',*,*,#5369,.F.);
#5369 = EDGE_CURVE('',#5353,#5362,#5370,.T.);
#5370 = LINE('',#5371,#5372);
#5371 = CARTESIAN_POINT('',(2.86,-0.17,10.));
#5372 = VECTOR('',#5373,1.);
#5373 = DIRECTION('',(-1.,1.224646799147E-16,0.));
#5374 = PLANE('',#5375);
#5375 = AXIS2_PLACEMENT_3D('',#5376,#5377,#5378);
#5376 = CARTESIAN_POINT('',(2.86,-0.245,9.925));
#5377 = DIRECTION('',(-8.486049187864E-17,-0.707106781187,0.707106781187
    ));
#5378 = DIRECTION('',(1.,-1.212377692196E-16,-1.22691069515E-18));
#5379 = ADVANCED_FACE('',(#5380),#5398,.T.);
#5380 = FACE_BOUND('',#5381,.F.);
#5381 = EDGE_LOOP('',(#5382,#5390,#5391,#5392));
#5382 = ORIENTED_EDGE('',*,*,#5383,.F.);
#5383 = EDGE_CURVE('',#4493,#5384,#5386,.T.);
#5384 = VERTEX_POINT('',#5385);
#5385 = CARTESIAN_POINT('',(2.71,0.17,10.));
#5386 = LINE('',#5387,#5388);
#5387 = CARTESIAN_POINT('',(2.703333333333,0.163333333333,
    10.006666666667));
#5388 = VECTOR('',#5389,1.);
#5389 = DIRECTION('',(-0.57735026919,-0.57735026919,0.57735026919));
#5390 = ORIENTED_EDGE('',*,*,#4500,.T.);
#5391 = ORIENTED_EDGE('',*,*,#5352,.T.);
#5392 = ORIENTED_EDGE('',*,*,#5393,.F.);
#5393 = EDGE_CURVE('',#5384,#5353,#5394,.T.);
#5394 = LINE('',#5395,#5396);
#5395 = CARTESIAN_POINT('',(2.71,0.32,10.));
#5396 = VECTOR('',#5397,1.);
#5397 = DIRECTION('',(-1.224646799147E-16,-1.,0.));
#5398 = PLANE('',#5399);
#5399 = AXIS2_PLACEMENT_3D('',#5400,#5401,#5402);
#5400 = CARTESIAN_POINT('',(2.785,0.32,9.925));
#5401 = DIRECTION('',(0.707106781187,-8.659560562349E-17,0.707106781187)
  );
#5402 = DIRECTION('',(1.224646799147E-16,1.,-2.105272540809E-29));
#5403 = ADVANCED_FACE('',(#5404),#5422,.T.);
#5404 = FACE_BOUND('',#5405,.F.);
#5405 = EDGE_LOOP('',(#5406,#5407,#5408,#5416));
#5406 = ORIENTED_EDGE('',*,*,#5361,.F.);
#5407 = ORIENTED_EDGE('',*,*,#4517,.T.);
#5408 = ORIENTED_EDGE('',*,*,#5409,.T.);
#5409 = EDGE_CURVE('',#4518,#5410,#5412,.T.);
#5410 = VERTEX_POINT('',#5411);
#5411 = CARTESIAN_POINT('',(2.37,0.17,10.));
#5412 = LINE('',#5413,#5414);
#5413 = CARTESIAN_POINT('',(2.376666666667,0.163333333333,
    10.006666666667));
#5414 = VECTOR('',#5415,1.);
#5415 = DIRECTION('',(0.57735026919,-0.57735026919,0.57735026919));
#5416 = ORIENTED_EDGE('',*,*,#5417,.F.);
#5417 = EDGE_CURVE('',#5362,#5410,#5418,.T.);
#5418 = LINE('',#5419,#5420);
#5419 = CARTESIAN_POINT('',(2.37,-0.32,10.));
#5420 = VECTOR('',#5421,1.);
#5421 = DIRECTION('',(1.224646799147E-16,1.,0.));
#5422 = PLANE('',#5423);
#5423 = AXIS2_PLACEMENT_3D('',#5424,#5425,#5426);
#5424 = CARTESIAN_POINT('',(2.295,-0.32,9.925));
#5425 = DIRECTION('',(-0.707106781187,8.659560562349E-17,0.707106781187)
  );
#5426 = DIRECTION('',(-1.224646799147E-16,-1.,-2.105272540809E-29));
#5427 = ADVANCED_FACE('',(#5428),#5439,.T.);
#5428 = FACE_BOUND('',#5429,.F.);
#5429 = EDGE_LOOP('',(#5430,#5431,#5432,#5433));
#5430 = ORIENTED_EDGE('',*,*,#5409,.F.);
#5431 = ORIENTED_EDGE('',*,*,#4541,.T.);
#5432 = ORIENTED_EDGE('',*,*,#5383,.T.);
#5433 = ORIENTED_EDGE('',*,*,#5434,.F.);
#5434 = EDGE_CURVE('',#5410,#5384,#5435,.T.);
#5435 = LINE('',#5436,#5437);
#5436 = CARTESIAN_POINT('',(2.22,0.17,10.));
#5437 = VECTOR('',#5438,1.);
#5438 = DIRECTION('',(1.,-1.224646799147E-16,0.));
#5439 = PLANE('',#5440);
#5440 = AXIS2_PLACEMENT_3D('',#5441,#5442,#5443);
#5441 = CARTESIAN_POINT('',(2.22,0.245,9.925));
#5442 = DIRECTION('',(8.486049187864E-17,0.707106781187,0.707106781187)
  );
#5443 = DIRECTION('',(-1.,1.212377692196E-16,-1.22691069515E-18));
#5444 = ADVANCED_FACE('',(#5445),#5470,.T.);
#5445 = FACE_BOUND('',#5446,.F.);
#5446 = EDGE_LOOP('',(#5447,#5455,#5456,#5464));
#5447 = ORIENTED_EDGE('',*,*,#5448,.F.);
#5448 = EDGE_CURVE('',#4558,#5449,#5451,.T.);
#5449 = VERTEX_POINT('',#5450);
#5450 = CARTESIAN_POINT('',(0.17,0.17,10.));
#5451 = LINE('',#5452,#5453);
#5452 = CARTESIAN_POINT('',(0.163333333333,0.163333333333,
    10.006666666667));
#5453 = VECTOR('',#5454,1.);
#5454 = DIRECTION('',(-0.57735026919,-0.57735026919,0.57735026919));
#5455 = ORIENTED_EDGE('',*,*,#4565,.T.);
#5456 = ORIENTED_EDGE('',*,*,#5457,.T.);
#5457 = EDGE_CURVE('',#4566,#5458,#5460,.T.);
#5458 = VERTEX_POINT('',#5459);
#5459 = CARTESIAN_POINT('',(0.17,-0.17,10.));
#5460 = LINE('',#5461,#5462);
#5461 = CARTESIAN_POINT('',(0.163333333333,-0.163333333333,
    10.006666666667));
#5462 = VECTOR('',#5463,1.);
#5463 = DIRECTION('',(-0.57735026919,0.57735026919,0.57735026919));
#5464 = ORIENTED_EDGE('',*,*,#5465,.F.);
#5465 = EDGE_CURVE('',#5449,#5458,#5466,.T.);
#5466 = LINE('',#5467,#5468);
#5467 = CARTESIAN_POINT('',(0.17,0.32,10.));
#5468 = VECTOR('',#5469,1.);
#5469 = DIRECTION('',(-1.224646799147E-16,-1.,0.));
#5470 = PLANE('',#5471);
#5471 = AXIS2_PLACEMENT_3D('',#5472,#5473,#5474);
#5472 = CARTESIAN_POINT('',(0.245,0.32,9.925));
#5473 = DIRECTION('',(0.707106781187,-8.486049187864E-17,0.707106781187)
  );
#5474 = DIRECTION('',(1.212377692196E-16,1.,-1.22691069515E-18));
#5475 = ADVANCED_FACE('',(#5476),#5494,.T.);
#5476 = FACE_BOUND('',#5477,.F.);
#5477 = EDGE_LOOP('',(#5478,#5486,#5487,#5488));
#5478 = ORIENTED_EDGE('',*,*,#5479,.F.);
#5479 = EDGE_CURVE('',#4589,#5480,#5482,.T.);
#5480 = VERTEX_POINT('',#5481);
#5481 = CARTESIAN_POINT('',(-0.17,0.17,10.));
#5482 = LINE('',#5483,#5484);
#5483 = CARTESIAN_POINT('',(-0.163333333333,0.163333333333,
    10.006666666667));
#5484 = VECTOR('',#5485,1.);
#5485 = DIRECTION('',(0.57735026919,-0.57735026919,0.57735026919));
#5486 = ORIENTED_EDGE('',*,*,#4596,.T.);
#5487 = ORIENTED_EDGE('',*,*,#5448,.T.);
#5488 = ORIENTED_EDGE('',*,*,#5489,.F.);
#5489 = EDGE_CURVE('',#5480,#5449,#5490,.T.);
#5490 = LINE('',#5491,#5492);
#5491 = CARTESIAN_POINT('',(-0.32,0.17,10.));
#5492 = VECTOR('',#5493,1.);
#5493 = DIRECTION('',(1.,-1.224646799147E-16,0.));
#5494 = PLANE('',#5495);
#5495 = AXIS2_PLACEMENT_3D('',#5496,#5497,#5498);
#5496 = CARTESIAN_POINT('',(-0.32,0.245,9.925));
#5497 = DIRECTION('',(8.486049187864E-17,0.707106781187,0.707106781187)
  );
#5498 = DIRECTION('',(-1.,1.212377692196E-16,-1.22691069515E-18));
#5499 = ADVANCED_FACE('',(#5500),#5518,.T.);
#5500 = FACE_BOUND('',#5501,.F.);
#5501 = EDGE_LOOP('',(#5502,#5503,#5504,#5512));
#5502 = ORIENTED_EDGE('',*,*,#5457,.F.);
#5503 = ORIENTED_EDGE('',*,*,#4613,.T.);
#5504 = ORIENTED_EDGE('',*,*,#5505,.T.);
#5505 = EDGE_CURVE('',#4614,#5506,#5508,.T.);
#5506 = VERTEX_POINT('',#5507);
#5507 = CARTESIAN_POINT('',(-0.17,-0.17,10.));
#5508 = LINE('',#5509,#5510);
#5509 = CARTESIAN_POINT('',(-0.163333333333,-0.163333333333,
    10.006666666667));
#5510 = VECTOR('',#5511,1.);
#5511 = DIRECTION('',(0.57735026919,0.57735026919,0.57735026919));
#5512 = ORIENTED_EDGE('',*,*,#5513,.F.);
#5513 = EDGE_CURVE('',#5458,#5506,#5514,.T.);
#5514 = LINE('',#5515,#5516);
#5515 = CARTESIAN_POINT('',(0.32,-0.17,10.));
#5516 = VECTOR('',#5517,1.);
#5517 = DIRECTION('',(-1.,1.224646799147E-16,0.));
#5518 = PLANE('',#5519);
#5519 = AXIS2_PLACEMENT_3D('',#5520,#5521,#5522);
#5520 = CARTESIAN_POINT('',(0.32,-0.245,9.925));
#5521 = DIRECTION('',(-8.486049187864E-17,-0.707106781187,0.707106781187
    ));
#5522 = DIRECTION('',(1.,-1.212377692196E-16,-1.22691069515E-18));
#5523 = ADVANCED_FACE('',(#5524),#5535,.T.);
#5524 = FACE_BOUND('',#5525,.F.);
#5525 = EDGE_LOOP('',(#5526,#5527,#5528,#5529));
#5526 = ORIENTED_EDGE('',*,*,#5505,.F.);
#5527 = ORIENTED_EDGE('',*,*,#4637,.T.);
#5528 = ORIENTED_EDGE('',*,*,#5479,.T.);
#5529 = ORIENTED_EDGE('',*,*,#5530,.F.);
#5530 = EDGE_CURVE('',#5506,#5480,#5531,.T.);
#5531 = LINE('',#5532,#5533);
#5532 = CARTESIAN_POINT('',(-0.17,-0.32,10.));
#5533 = VECTOR('',#5534,1.);
#5534 = DIRECTION('',(1.224646799147E-16,1.,0.));
#5535 = PLANE('',#5536);
#5536 = AXIS2_PLACEMENT_3D('',#5537,#5538,#5539);
#5537 = CARTESIAN_POINT('',(-0.245,-0.32,9.925));
#5538 = DIRECTION('',(-0.707106781187,8.486049187864E-17,0.707106781187)
  );
#5539 = DIRECTION('',(-1.212377692196E-16,-1.,-1.22691069515E-18));
#5540 = ADVANCED_FACE('',(#5541),#5566,.T.);
#5541 = FACE_BOUND('',#5542,.F.);
#5542 = EDGE_LOOP('',(#5543,#5551,#5552,#5560));
#5543 = ORIENTED_EDGE('',*,*,#5544,.F.);
#5544 = EDGE_CURVE('',#4654,#5545,#5547,.T.);
#5545 = VERTEX_POINT('',#5546);
#5546 = CARTESIAN_POINT('',(4.91,-0.17,10.));
#5547 = LINE('',#5548,#5549);
#5548 = CARTESIAN_POINT('',(4.916666666667,-0.163333333333,
    10.006666666667));
#5549 = VECTOR('',#5550,1.);
#5550 = DIRECTION('',(0.57735026919,0.57735026919,0.57735026919));
#5551 = ORIENTED_EDGE('',*,*,#4661,.T.);
#5552 = ORIENTED_EDGE('',*,*,#5553,.T.);
#5553 = EDGE_CURVE('',#4662,#5554,#5556,.T.);
#5554 = VERTEX_POINT('',#5555);
#5555 = CARTESIAN_POINT('',(4.91,0.17,10.));
#5556 = LINE('',#5557,#5558);
#5557 = CARTESIAN_POINT('',(4.916666666667,0.163333333333,
    10.006666666667));
#5558 = VECTOR('',#5559,1.);
#5559 = DIRECTION('',(0.57735026919,-0.57735026919,0.57735026919));
#5560 = ORIENTED_EDGE('',*,*,#5561,.F.);
#5561 = EDGE_CURVE('',#5545,#5554,#5562,.T.);
#5562 = LINE('',#5563,#5564);
#5563 = CARTESIAN_POINT('',(4.91,-0.32,10.));
#5564 = VECTOR('',#5565,1.);
#5565 = DIRECTION('',(1.224646799147E-16,1.,0.));
#5566 = PLANE('',#5567);
#5567 = AXIS2_PLACEMENT_3D('',#5568,#5569,#5570);
#5568 = CARTESIAN_POINT('',(4.835,-0.32,9.925));
#5569 = DIRECTION('',(-0.707106781187,8.659560562349E-17,0.707106781187)
  );
#5570 = DIRECTION('',(-1.224646799147E-16,-1.,-2.105272540809E-29));
#5571 = ADVANCED_FACE('',(#5572),#5590,.T.);
#5572 = FACE_BOUND('',#5573,.F.);
#5573 = EDGE_LOOP('',(#5574,#5582,#5583,#5584));
#5574 = ORIENTED_EDGE('',*,*,#5575,.F.);
#5575 = EDGE_CURVE('',#4685,#5576,#5578,.T.);
#5576 = VERTEX_POINT('',#5577);
#5577 = CARTESIAN_POINT('',(5.25,-0.17,10.));
#5578 = LINE('',#5579,#5580);
#5579 = CARTESIAN_POINT('',(5.243333333333,-0.163333333333,
    10.006666666667));
#5580 = VECTOR('',#5581,1.);
#5581 = DIRECTION('',(-0.57735026919,0.57735026919,0.57735026919));
#5582 = ORIENTED_EDGE('',*,*,#4692,.T.);
#5583 = ORIENTED_EDGE('',*,*,#5544,.T.);
#5584 = ORIENTED_EDGE('',*,*,#5585,.F.);
#5585 = EDGE_CURVE('',#5576,#5545,#5586,.T.);
#5586 = LINE('',#5587,#5588);
#5587 = CARTESIAN_POINT('',(5.4,-0.17,10.));
#5588 = VECTOR('',#5589,1.);
#5589 = DIRECTION('',(-1.,1.224646799147E-16,0.));
#5590 = PLANE('',#5591);
#5591 = AXIS2_PLACEMENT_3D('',#5592,#5593,#5594);
#5592 = CARTESIAN_POINT('',(5.4,-0.245,9.925));
#5593 = DIRECTION('',(-8.486049187864E-17,-0.707106781187,0.707106781187
    ));
#5594 = DIRECTION('',(1.,-1.212377692196E-16,-1.22691069515E-18));
#5595 = ADVANCED_FACE('',(#5596),#5614,.T.);
#5596 = FACE_BOUND('',#5597,.F.);
#5597 = EDGE_LOOP('',(#5598,#5599,#5600,#5608));
#5598 = ORIENTED_EDGE('',*,*,#5553,.F.);
#5599 = ORIENTED_EDGE('',*,*,#4709,.T.);
#5600 = ORIENTED_EDGE('',*,*,#5601,.T.);
#5601 = EDGE_CURVE('',#4710,#5602,#5604,.T.);
#5602 = VERTEX_POINT('',#5603);
#5603 = CARTESIAN_POINT('',(5.25,0.17,10.));
#5604 = LINE('',#5605,#5606);
#5605 = CARTESIAN_POINT('',(5.243333333333,0.163333333333,
    10.006666666667));
#5606 = VECTOR('',#5607,1.);
#5607 = DIRECTION('',(-0.57735026919,-0.57735026919,0.57735026919));
#5608 = ORIENTED_EDGE('',*,*,#5609,.F.);
#5609 = EDGE_CURVE('',#5554,#5602,#5610,.T.);
#5610 = LINE('',#5611,#5612);
#5611 = CARTESIAN_POINT('',(4.76,0.17,10.));
#5612 = VECTOR('',#5613,1.);
#5613 = DIRECTION('',(1.,-1.224646799147E-16,0.));
#5614 = PLANE('',#5615);
#5615 = AXIS2_PLACEMENT_3D('',#5616,#5617,#5618);
#5616 = CARTESIAN_POINT('',(4.76,0.245,9.925));
#5617 = DIRECTION('',(8.486049187864E-17,0.707106781187,0.707106781187)
  );
#5618 = DIRECTION('',(-1.,1.212377692196E-16,-1.22691069515E-18));
#5619 = ADVANCED_FACE('',(#5620),#5631,.T.);
#5620 = FACE_BOUND('',#5621,.F.);
#5621 = EDGE_LOOP('',(#5622,#5623,#5624,#5625));
#5622 = ORIENTED_EDGE('',*,*,#5601,.F.);
#5623 = ORIENTED_EDGE('',*,*,#4733,.T.);
#5624 = ORIENTED_EDGE('',*,*,#5575,.T.);
#5625 = ORIENTED_EDGE('',*,*,#5626,.F.);
#5626 = EDGE_CURVE('',#5602,#5576,#5627,.T.);
#5627 = LINE('',#5628,#5629);
#5628 = CARTESIAN_POINT('',(5.25,0.32,10.));
#5629 = VECTOR('',#5630,1.);
#5630 = DIRECTION('',(-1.224646799147E-16,-1.,0.));
#5631 = PLANE('',#5632);
#5632 = AXIS2_PLACEMENT_3D('',#5633,#5634,#5635);
#5633 = CARTESIAN_POINT('',(5.325,0.32,9.925));
#5634 = DIRECTION('',(0.707106781187,-8.659560562349E-17,0.707106781187)
  );
#5635 = DIRECTION('',(1.224646799147E-16,1.,-2.105272540809E-29));
#5636 = ADVANCED_FACE('',(#5637),#5662,.T.);
#5637 = FACE_BOUND('',#5638,.F.);
#5638 = EDGE_LOOP('',(#5639,#5647,#5648,#5656));
#5639 = ORIENTED_EDGE('',*,*,#5640,.F.);
#5640 = EDGE_CURVE('',#4750,#5641,#5643,.T.);
#5641 = VERTEX_POINT('',#5642);
#5642 = CARTESIAN_POINT('',(7.79,-0.17,10.));
#5643 = LINE('',#5644,#5645);
#5644 = CARTESIAN_POINT('',(7.783333333333,-0.163333333333,
    10.006666666667));
#5645 = VECTOR('',#5646,1.);
#5646 = DIRECTION('',(-0.57735026919,0.57735026919,0.57735026919));
#5647 = ORIENTED_EDGE('',*,*,#4757,.T.);
#5648 = ORIENTED_EDGE('',*,*,#5649,.T.);
#5649 = EDGE_CURVE('',#4758,#5650,#5652,.T.);
#5650 = VERTEX_POINT('',#5651);
#5651 = CARTESIAN_POINT('',(7.45,-0.17,10.));
#5652 = LINE('',#5653,#5654);
#5653 = CARTESIAN_POINT('',(7.456666666667,-0.163333333333,
    10.006666666667));
#5654 = VECTOR('',#5655,1.);
#5655 = DIRECTION('',(0.57735026919,0.57735026919,0.57735026919));
#5656 = ORIENTED_EDGE('',*,*,#5657,.F.);
#5657 = EDGE_CURVE('',#5641,#5650,#5658,.T.);
#5658 = LINE('',#5659,#5660);
#5659 = CARTESIAN_POINT('',(7.94,-0.17,10.));
#5660 = VECTOR('',#5661,1.);
#5661 = DIRECTION('',(-1.,1.224646799147E-16,0.));
#5662 = PLANE('',#5663);
#5663 = AXIS2_PLACEMENT_3D('',#5664,#5665,#5666);
#5664 = CARTESIAN_POINT('',(7.94,-0.245,9.925));
#5665 = DIRECTION('',(-8.486049187864E-17,-0.707106781187,0.707106781187
    ));
#5666 = DIRECTION('',(1.,-1.212377692196E-16,-1.22691069515E-18));
#5667 = ADVANCED_FACE('',(#5668),#5686,.T.);
#5668 = FACE_BOUND('',#5669,.F.);
#5669 = EDGE_LOOP('',(#5670,#5671,#5672,#5680));
#5670 = ORIENTED_EDGE('',*,*,#5649,.F.);
#5671 = ORIENTED_EDGE('',*,*,#4781,.T.);
#5672 = ORIENTED_EDGE('',*,*,#5673,.T.);
#5673 = EDGE_CURVE('',#4782,#5674,#5676,.T.);
#5674 = VERTEX_POINT('',#5675);
#5675 = CARTESIAN_POINT('',(7.45,0.17,10.));
#5676 = LINE('',#5677,#5678);
#5677 = CARTESIAN_POINT('',(7.456666666667,0.163333333333,
    10.006666666667));
#5678 = VECTOR('',#5679,1.);
#5679 = DIRECTION('',(0.57735026919,-0.57735026919,0.57735026919));
#5680 = ORIENTED_EDGE('',*,*,#5681,.F.);
#5681 = EDGE_CURVE('',#5650,#5674,#5682,.T.);
#5682 = LINE('',#5683,#5684);
#5683 = CARTESIAN_POINT('',(7.45,-0.32,10.));
#5684 = VECTOR('',#5685,1.);
#5685 = DIRECTION('',(1.224646799147E-16,1.,0.));
#5686 = PLANE('',#5687);
#5687 = AXIS2_PLACEMENT_3D('',#5688,#5689,#5690);
#5688 = CARTESIAN_POINT('',(7.375,-0.32,9.925));
#5689 = DIRECTION('',(-0.707106781187,8.659560562349E-17,0.707106781187)
  );
#5690 = DIRECTION('',(-1.224646799147E-16,-1.,-2.105272540809E-29));
#5691 = ADVANCED_FACE('',(#5692),#5710,.T.);
#5692 = FACE_BOUND('',#5693,.F.);
#5693 = EDGE_LOOP('',(#5694,#5695,#5696,#5704));
#5694 = ORIENTED_EDGE('',*,*,#5673,.F.);
#5695 = ORIENTED_EDGE('',*,*,#4805,.T.);
#5696 = ORIENTED_EDGE('',*,*,#5697,.T.);
#5697 = EDGE_CURVE('',#4806,#5698,#5700,.T.);
#5698 = VERTEX_POINT('',#5699);
#5699 = CARTESIAN_POINT('',(7.79,0.17,10.));
#5700 = LINE('',#5701,#5702);
#5701 = CARTESIAN_POINT('',(7.783333333333,0.163333333333,
    10.006666666667));
#5702 = VECTOR('',#5703,1.);
#5703 = DIRECTION('',(-0.57735026919,-0.57735026919,0.57735026919));
#5704 = ORIENTED_EDGE('',*,*,#5705,.F.);
#5705 = EDGE_CURVE('',#5674,#5698,#5706,.T.);
#5706 = LINE('',#5707,#5708);
#5707 = CARTESIAN_POINT('',(7.3,0.17,10.));
#5708 = VECTOR('',#5709,1.);
#5709 = DIRECTION('',(1.,-1.224646799147E-16,0.));
#5710 = PLANE('',#5711);
#5711 = AXIS2_PLACEMENT_3D('',#5712,#5713,#5714);
#5712 = CARTESIAN_POINT('',(7.3,0.245,9.925));
#5713 = DIRECTION('',(8.486049187864E-17,0.707106781187,0.707106781187)
  );
#5714 = DIRECTION('',(-1.,1.212377692196E-16,-1.22691069515E-18));
#5715 = ADVANCED_FACE('',(#5716),#5727,.T.);
#5716 = FACE_BOUND('',#5717,.F.);
#5717 = EDGE_LOOP('',(#5718,#5719,#5720,#5721));
#5718 = ORIENTED_EDGE('',*,*,#5697,.F.);
#5719 = ORIENTED_EDGE('',*,*,#4829,.T.);
#5720 = ORIENTED_EDGE('',*,*,#5640,.T.);
#5721 = ORIENTED_EDGE('',*,*,#5722,.F.);
#5722 = EDGE_CURVE('',#5698,#5641,#5723,.T.);
#5723 = LINE('',#5724,#5725);
#5724 = CARTESIAN_POINT('',(7.79,0.32,10.));
#5725 = VECTOR('',#5726,1.);
#5726 = DIRECTION('',(-1.224646799147E-16,-1.,0.));
#5727 = PLANE('',#5728);
#5728 = AXIS2_PLACEMENT_3D('',#5729,#5730,#5731);
#5729 = CARTESIAN_POINT('',(7.865,0.32,9.925));
#5730 = DIRECTION('',(0.707106781187,-8.659560562349E-17,0.707106781187)
  );
#5731 = DIRECTION('',(1.224646799147E-16,1.,-2.105272540809E-29));
#5732 = ADVANCED_FACE('',(#5733),#5758,.F.);
#5733 = FACE_BOUND('',#5734,.T.);
#5734 = EDGE_LOOP('',(#5735,#5743,#5744,#5752));
#5735 = ORIENTED_EDGE('',*,*,#5736,.T.);
#5736 = EDGE_CURVE('',#5737,#4845,#5739,.T.);
#5737 = VERTEX_POINT('',#5738);
#5738 = CARTESIAN_POINT('',(0.17,0.17,-3.5));
#5739 = LINE('',#5740,#5741);
#5740 = CARTESIAN_POINT('',(0.163333333333,0.163333333333,
    -3.506666666667));
#5741 = VECTOR('',#5742,1.);
#5742 = DIRECTION('',(0.57735026919,0.57735026919,0.57735026919));
#5743 = ORIENTED_EDGE('',*,*,#4844,.T.);
#5744 = ORIENTED_EDGE('',*,*,#5745,.T.);
#5745 = EDGE_CURVE('',#4847,#5746,#5748,.T.);
#5746 = VERTEX_POINT('',#5747);
#5747 = CARTESIAN_POINT('',(0.17,-0.17,-3.5));
#5748 = LINE('',#5749,#5750);
#5749 = CARTESIAN_POINT('',(0.163333333333,-0.163333333333,
    -3.506666666667));
#5750 = VECTOR('',#5751,1.);
#5751 = DIRECTION('',(-0.57735026919,0.57735026919,-0.57735026919));
#5752 = ORIENTED_EDGE('',*,*,#5753,.F.);
#5753 = EDGE_CURVE('',#5737,#5746,#5754,.T.);
#5754 = LINE('',#5755,#5756);
#5755 = CARTESIAN_POINT('',(0.17,0.32,-3.5));
#5756 = VECTOR('',#5757,1.);
#5757 = DIRECTION('',(-1.224646799147E-16,-1.,0.));
#5758 = PLANE('',#5759);
#5759 = AXIS2_PLACEMENT_3D('',#5760,#5761,#5762);
#5760 = CARTESIAN_POINT('',(0.245,0.32,-3.425));
#5761 = DIRECTION('',(-0.707106781187,8.659560562349E-17,0.707106781187)
  );
#5762 = DIRECTION('',(1.224646799147E-16,1.,2.105272540809E-29));
#5763 = ADVANCED_FACE('',(#5764),#5782,.F.);
#5764 = FACE_BOUND('',#5765,.T.);
#5765 = EDGE_LOOP('',(#5766,#5767,#5768,#5776));
#5766 = ORIENTED_EDGE('',*,*,#5745,.F.);
#5767 = ORIENTED_EDGE('',*,*,#4875,.T.);
#5768 = ORIENTED_EDGE('',*,*,#5769,.T.);
#5769 = EDGE_CURVE('',#4876,#5770,#5772,.T.);
#5770 = VERTEX_POINT('',#5771);
#5771 = CARTESIAN_POINT('',(-0.17,-0.17,-3.5));
#5772 = LINE('',#5773,#5774);
#5773 = CARTESIAN_POINT('',(-0.163333333333,-0.163333333333,
    -3.506666666667));
#5774 = VECTOR('',#5775,1.);
#5775 = DIRECTION('',(0.57735026919,0.57735026919,-0.57735026919));
#5776 = ORIENTED_EDGE('',*,*,#5777,.F.);
#5777 = EDGE_CURVE('',#5746,#5770,#5778,.T.);
#5778 = LINE('',#5779,#5780);
#5779 = CARTESIAN_POINT('',(0.32,-0.17,-3.5));
#5780 = VECTOR('',#5781,1.);
#5781 = DIRECTION('',(-1.,1.224646799147E-16,0.));
#5782 = PLANE('',#5783);
#5783 = AXIS2_PLACEMENT_3D('',#5784,#5785,#5786);
#5784 = CARTESIAN_POINT('',(0.32,-0.245,-3.425));
#5785 = DIRECTION('',(8.659560562349E-17,0.707106781187,0.707106781187)
  );
#5786 = DIRECTION('',(1.,-1.224646799147E-16,2.105272540809E-29));
#5787 = ADVANCED_FACE('',(#5788),#5806,.F.);
#5788 = FACE_BOUND('',#5789,.F.);
#5789 = EDGE_LOOP('',(#5790,#5798,#5804,#5805));
#5790 = ORIENTED_EDGE('',*,*,#5791,.F.);
#5791 = EDGE_CURVE('',#5792,#4900,#5794,.T.);
#5792 = VERTEX_POINT('',#5793);
#5793 = CARTESIAN_POINT('',(-0.17,0.17,-3.5));
#5794 = LINE('',#5795,#5796);
#5795 = CARTESIAN_POINT('',(-0.163333333333,0.163333333333,
    -3.506666666667));
#5796 = VECTOR('',#5797,1.);
#5797 = DIRECTION('',(-0.57735026919,0.57735026919,0.57735026919));
#5798 = ORIENTED_EDGE('',*,*,#5799,.T.);
#5799 = EDGE_CURVE('',#5792,#5737,#5800,.T.);
#5800 = LINE('',#5801,#5802);
#5801 = CARTESIAN_POINT('',(-0.32,0.17,-3.5));
#5802 = VECTOR('',#5803,1.);
#5803 = DIRECTION('',(1.,-1.224646799147E-16,0.));
#5804 = ORIENTED_EDGE('',*,*,#5736,.T.);
#5805 = ORIENTED_EDGE('',*,*,#4899,.F.);
#5806 = PLANE('',#5807);
#5807 = AXIS2_PLACEMENT_3D('',#5808,#5809,#5810);
#5808 = CARTESIAN_POINT('',(-0.32,0.245,-3.425));
#5809 = DIRECTION('',(-8.659560562349E-17,-0.707106781187,0.707106781187
    ));
#5810 = DIRECTION('',(1.,-1.224646799147E-16,-2.105272540809E-29));
#5811 = ADVANCED_FACE('',(#5812),#5823,.F.);
#5812 = FACE_BOUND('',#5813,.F.);
#5813 = EDGE_LOOP('',(#5814,#5815,#5821,#5822));
#5814 = ORIENTED_EDGE('',*,*,#5769,.T.);
#5815 = ORIENTED_EDGE('',*,*,#5816,.T.);
#5816 = EDGE_CURVE('',#5770,#5792,#5817,.T.);
#5817 = LINE('',#5818,#5819);
#5818 = CARTESIAN_POINT('',(-0.17,-0.32,-3.5));
#5819 = VECTOR('',#5820,1.);
#5820 = DIRECTION('',(1.224646799147E-16,1.,0.));
#5821 = ORIENTED_EDGE('',*,*,#5791,.T.);
#5822 = ORIENTED_EDGE('',*,*,#4923,.F.);
#5823 = PLANE('',#5824);
#5824 = AXIS2_PLACEMENT_3D('',#5825,#5826,#5827);
#5825 = CARTESIAN_POINT('',(-0.245,-0.32,-3.425));
#5826 = DIRECTION('',(0.707106781187,-8.659560562349E-17,0.707106781187)
  );
#5827 = DIRECTION('',(1.224646799147E-16,1.,-2.105272540809E-29));
#5828 = ADVANCED_FACE('',(#5829),#5854,.F.);
#5829 = FACE_BOUND('',#5830,.T.);
#5830 = EDGE_LOOP('',(#5831,#5839,#5840,#5848));
#5831 = ORIENTED_EDGE('',*,*,#5832,.F.);
#5832 = EDGE_CURVE('',#4941,#5833,#5835,.T.);
#5833 = VERTEX_POINT('',#5834);
#5834 = CARTESIAN_POINT('',(2.71,-0.17,-3.5));
#5835 = LINE('',#5836,#5837);
#5836 = CARTESIAN_POINT('',(2.703333333333,-0.163333333333,
    -3.506666666667));
#5837 = VECTOR('',#5838,1.);
#5838 = DIRECTION('',(-0.57735026919,0.57735026919,-0.57735026919));
#5839 = ORIENTED_EDGE('',*,*,#4940,.T.);
#5840 = ORIENTED_EDGE('',*,*,#5841,.T.);
#5841 = EDGE_CURVE('',#4943,#5842,#5844,.T.);
#5842 = VERTEX_POINT('',#5843);
#5843 = CARTESIAN_POINT('',(2.37,-0.17,-3.5));
#5844 = LINE('',#5845,#5846);
#5845 = CARTESIAN_POINT('',(2.376666666667,-0.163333333333,
    -3.506666666667));
#5846 = VECTOR('',#5847,1.);
#5847 = DIRECTION('',(0.57735026919,0.57735026919,-0.57735026919));
#5848 = ORIENTED_EDGE('',*,*,#5849,.F.);
#5849 = EDGE_CURVE('',#5833,#5842,#5850,.T.);
#5850 = LINE('',#5851,#5852);
#5851 = CARTESIAN_POINT('',(2.86,-0.17,-3.5));
#5852 = VECTOR('',#5853,1.);
#5853 = DIRECTION('',(-1.,1.224646799147E-16,0.));
#5854 = PLANE('',#5855);
#5855 = AXIS2_PLACEMENT_3D('',#5856,#5857,#5858);
#5856 = CARTESIAN_POINT('',(2.86,-0.245,-3.425));
#5857 = DIRECTION('',(8.659560562349E-17,0.707106781187,0.707106781187)
  );
#5858 = DIRECTION('',(1.,-1.224646799147E-16,2.105272540809E-29));
#5859 = ADVANCED_FACE('',(#5860),#5878,.F.);
#5860 = FACE_BOUND('',#5861,.F.);
#5861 = EDGE_LOOP('',(#5862,#5863,#5871,#5877));
#5862 = ORIENTED_EDGE('',*,*,#5841,.T.);
#5863 = ORIENTED_EDGE('',*,*,#5864,.T.);
#5864 = EDGE_CURVE('',#5842,#5865,#5867,.T.);
#5865 = VERTEX_POINT('',#5866);
#5866 = CARTESIAN_POINT('',(2.37,0.17,-3.5));
#5867 = LINE('',#5868,#5869);
#5868 = CARTESIAN_POINT('',(2.37,-0.32,-3.5));
#5869 = VECTOR('',#5870,1.);
#5870 = DIRECTION('',(1.224646799147E-16,1.,0.));
#5871 = ORIENTED_EDGE('',*,*,#5872,.T.);
#5872 = EDGE_CURVE('',#5865,#4972,#5873,.T.);
#5873 = LINE('',#5874,#5875);
#5874 = CARTESIAN_POINT('',(2.376666666667,0.163333333333,
    -3.506666666667));
#5875 = VECTOR('',#5876,1.);
#5876 = DIRECTION('',(-0.57735026919,0.57735026919,0.57735026919));
#5877 = ORIENTED_EDGE('',*,*,#4971,.F.);
#5878 = PLANE('',#5879);
#5879 = AXIS2_PLACEMENT_3D('',#5880,#5881,#5882);
#5880 = CARTESIAN_POINT('',(2.295,-0.32,-3.425));
#5881 = DIRECTION('',(0.707106781187,-8.659560562349E-17,0.707106781187)
  );
#5882 = DIRECTION('',(1.224646799147E-16,1.,-2.105272540809E-29));
#5883 = ADVANCED_FACE('',(#5884),#5902,.F.);
#5884 = FACE_BOUND('',#5885,.T.);
#5885 = EDGE_LOOP('',(#5886,#5894,#5895,#5896));
#5886 = ORIENTED_EDGE('',*,*,#5887,.T.);
#5887 = EDGE_CURVE('',#5888,#4996,#5890,.T.);
#5888 = VERTEX_POINT('',#5889);
#5889 = CARTESIAN_POINT('',(2.71,0.17,-3.5));
#5890 = LINE('',#5891,#5892);
#5891 = CARTESIAN_POINT('',(2.703333333333,0.163333333333,
    -3.506666666667));
#5892 = VECTOR('',#5893,1.);
#5893 = DIRECTION('',(0.57735026919,0.57735026919,0.57735026919));
#5894 = ORIENTED_EDGE('',*,*,#4995,.T.);
#5895 = ORIENTED_EDGE('',*,*,#5832,.T.);
#5896 = ORIENTED_EDGE('',*,*,#5897,.F.);
#5897 = EDGE_CURVE('',#5888,#5833,#5898,.T.);
#5898 = LINE('',#5899,#5900);
#5899 = CARTESIAN_POINT('',(2.71,0.32,-3.5));
#5900 = VECTOR('',#5901,1.);
#5901 = DIRECTION('',(-1.224646799147E-16,-1.,0.));
#5902 = PLANE('',#5903);
#5903 = AXIS2_PLACEMENT_3D('',#5904,#5905,#5906);
#5904 = CARTESIAN_POINT('',(2.785,0.32,-3.425));
#5905 = DIRECTION('',(-0.707106781187,8.659560562349E-17,0.707106781187)
  );
#5906 = DIRECTION('',(1.224646799147E-16,1.,2.105272540809E-29));
#5907 = ADVANCED_FACE('',(#5908),#5919,.F.);
#5908 = FACE_BOUND('',#5909,.F.);
#5909 = EDGE_LOOP('',(#5910,#5911,#5917,#5918));
#5910 = ORIENTED_EDGE('',*,*,#5872,.F.);
#5911 = ORIENTED_EDGE('',*,*,#5912,.T.);
#5912 = EDGE_CURVE('',#5865,#5888,#5913,.T.);
#5913 = LINE('',#5914,#5915);
#5914 = CARTESIAN_POINT('',(2.22,0.17,-3.5));
#5915 = VECTOR('',#5916,1.);
#5916 = DIRECTION('',(1.,-1.224646799147E-16,0.));
#5917 = ORIENTED_EDGE('',*,*,#5887,.T.);
#5918 = ORIENTED_EDGE('',*,*,#5019,.F.);
#5919 = PLANE('',#5920);
#5920 = AXIS2_PLACEMENT_3D('',#5921,#5922,#5923);
#5921 = CARTESIAN_POINT('',(2.22,0.245,-3.425));
#5922 = DIRECTION('',(-8.659560562349E-17,-0.707106781187,0.707106781187
    ));
#5923 = DIRECTION('',(1.,-1.224646799147E-16,-2.105272540809E-29));
#5924 = ADVANCED_FACE('',(#5925),#5950,.F.);
#5925 = FACE_BOUND('',#5926,.F.);
#5926 = EDGE_LOOP('',(#5927,#5935,#5943,#5949));
#5927 = ORIENTED_EDGE('',*,*,#5928,.T.);
#5928 = EDGE_CURVE('',#5037,#5929,#5931,.T.);
#5929 = VERTEX_POINT('',#5930);
#5930 = CARTESIAN_POINT('',(4.91,-0.17,-3.5));
#5931 = LINE('',#5932,#5933);
#5932 = CARTESIAN_POINT('',(4.916666666667,-0.163333333333,
    -3.506666666667));
#5933 = VECTOR('',#5934,1.);
#5934 = DIRECTION('',(0.57735026919,0.57735026919,-0.57735026919));
#5935 = ORIENTED_EDGE('',*,*,#5936,.T.);
#5936 = EDGE_CURVE('',#5929,#5937,#5939,.T.);
#5937 = VERTEX_POINT('',#5938);
#5938 = CARTESIAN_POINT('',(4.91,0.17,-3.5));
#5939 = LINE('',#5940,#5941);
#5940 = CARTESIAN_POINT('',(4.91,-0.32,-3.5));
#5941 = VECTOR('',#5942,1.);
#5942 = DIRECTION('',(1.224646799147E-16,1.,0.));
#5943 = ORIENTED_EDGE('',*,*,#5944,.T.);
#5944 = EDGE_CURVE('',#5937,#5039,#5945,.T.);
#5945 = LINE('',#5946,#5947);
#5946 = CARTESIAN_POINT('',(4.916666666667,0.163333333333,
    -3.506666666667));
#5947 = VECTOR('',#5948,1.);
#5948 = DIRECTION('',(-0.57735026919,0.57735026919,0.57735026919));
#5949 = ORIENTED_EDGE('',*,*,#5036,.F.);
#5950 = PLANE('',#5951);
#5951 = AXIS2_PLACEMENT_3D('',#5952,#5953,#5954);
#5952 = CARTESIAN_POINT('',(4.835,-0.32,-3.425));
#5953 = DIRECTION('',(0.707106781187,-8.659560562349E-17,0.707106781187)
  );
#5954 = DIRECTION('',(1.224646799147E-16,1.,-2.105272540809E-29));
#5955 = ADVANCED_FACE('',(#5956),#5974,.F.);
#5956 = FACE_BOUND('',#5957,.F.);
#5957 = EDGE_LOOP('',(#5958,#5959,#5967,#5973));
#5958 = ORIENTED_EDGE('',*,*,#5944,.F.);
#5959 = ORIENTED_EDGE('',*,*,#5960,.T.);
#5960 = EDGE_CURVE('',#5937,#5961,#5963,.T.);
#5961 = VERTEX_POINT('',#5962);
#5962 = CARTESIAN_POINT('',(5.25,0.17,-3.5));
#5963 = LINE('',#5964,#5965);
#5964 = CARTESIAN_POINT('',(4.76,0.17,-3.5));
#5965 = VECTOR('',#5966,1.);
#5966 = DIRECTION('',(1.,-1.224646799147E-16,0.));
#5967 = ORIENTED_EDGE('',*,*,#5968,.T.);
#5968 = EDGE_CURVE('',#5961,#5068,#5969,.T.);
#5969 = LINE('',#5970,#5971);
#5970 = CARTESIAN_POINT('',(5.243333333333,0.163333333333,
    -3.506666666667));
#5971 = VECTOR('',#5972,1.);
#5972 = DIRECTION('',(0.57735026919,0.57735026919,0.57735026919));
#5973 = ORIENTED_EDGE('',*,*,#5067,.F.);
#5974 = PLANE('',#5975);
#5975 = AXIS2_PLACEMENT_3D('',#5976,#5977,#5978);
#5976 = CARTESIAN_POINT('',(4.76,0.245,-3.425));
#5977 = DIRECTION('',(-8.659560562349E-17,-0.707106781187,0.707106781187
    ));
#5978 = DIRECTION('',(1.,-1.224646799147E-16,-2.105272540809E-29));
#5979 = ADVANCED_FACE('',(#5980),#5998,.F.);
#5980 = FACE_BOUND('',#5981,.T.);
#5981 = EDGE_LOOP('',(#5982,#5990,#5991,#5992));
#5982 = ORIENTED_EDGE('',*,*,#5983,.F.);
#5983 = EDGE_CURVE('',#5092,#5984,#5986,.T.);
#5984 = VERTEX_POINT('',#5985);
#5985 = CARTESIAN_POINT('',(5.25,-0.17,-3.5));
#5986 = LINE('',#5987,#5988);
#5987 = CARTESIAN_POINT('',(5.243333333333,-0.163333333333,
    -3.506666666667));
#5988 = VECTOR('',#5989,1.);
#5989 = DIRECTION('',(-0.57735026919,0.57735026919,-0.57735026919));
#5990 = ORIENTED_EDGE('',*,*,#5091,.T.);
#5991 = ORIENTED_EDGE('',*,*,#5928,.T.);
#5992 = ORIENTED_EDGE('',*,*,#5993,.F.);
#5993 = EDGE_CURVE('',#5984,#5929,#5994,.T.);
#5994 = LINE('',#5995,#5996);
#5995 = CARTESIAN_POINT('',(5.4,-0.17,-3.5));
#5996 = VECTOR('',#5997,1.);
#5997 = DIRECTION('',(-1.,1.224646799147E-16,0.));
#5998 = PLANE('',#5999);
#5999 = AXIS2_PLACEMENT_3D('',#6000,#6001,#6002);
#6000 = CARTESIAN_POINT('',(5.4,-0.245,-3.425));
#6001 = DIRECTION('',(8.659560562349E-17,0.707106781187,0.707106781187)
  );
#6002 = DIRECTION('',(1.,-1.224646799147E-16,2.105272540809E-29));
#6003 = ADVANCED_FACE('',(#6004),#6015,.F.);
#6004 = FACE_BOUND('',#6005,.T.);
#6005 = EDGE_LOOP('',(#6006,#6007,#6008,#6009));
#6006 = ORIENTED_EDGE('',*,*,#5968,.T.);
#6007 = ORIENTED_EDGE('',*,*,#5115,.T.);
#6008 = ORIENTED_EDGE('',*,*,#5983,.T.);
#6009 = ORIENTED_EDGE('',*,*,#6010,.F.);
#6010 = EDGE_CURVE('',#5961,#5984,#6011,.T.);
#6011 = LINE('',#6012,#6013);
#6012 = CARTESIAN_POINT('',(5.25,0.32,-3.5));
#6013 = VECTOR('',#6014,1.);
#6014 = DIRECTION('',(-1.224646799147E-16,-1.,0.));
#6015 = PLANE('',#6016);
#6016 = AXIS2_PLACEMENT_3D('',#6017,#6018,#6019);
#6017 = CARTESIAN_POINT('',(5.325,0.32,-3.425));
#6018 = DIRECTION('',(-0.707106781187,8.659560562349E-17,0.707106781187)
  );
#6019 = DIRECTION('',(1.224646799147E-16,1.,2.105272540809E-29));
#6020 = ADVANCED_FACE('',(#6021),#6046,.F.);
#6021 = FACE_BOUND('',#6022,.T.);
#6022 = EDGE_LOOP('',(#6023,#6031,#6032,#6040));
#6023 = ORIENTED_EDGE('',*,*,#6024,.F.);
#6024 = EDGE_CURVE('',#5133,#6025,#6027,.T.);
#6025 = VERTEX_POINT('',#6026);
#6026 = CARTESIAN_POINT('',(7.79,-0.17,-3.5));
#6027 = LINE('',#6028,#6029);
#6028 = CARTESIAN_POINT('',(7.783333333333,-0.163333333333,
    -3.506666666667));
#6029 = VECTOR('',#6030,1.);
#6030 = DIRECTION('',(-0.57735026919,0.57735026919,-0.57735026919));
#6031 = ORIENTED_EDGE('',*,*,#5132,.T.);
#6032 = ORIENTED_EDGE('',*,*,#6033,.T.);
#6033 = EDGE_CURVE('',#5135,#6034,#6036,.T.);
#6034 = VERTEX_POINT('',#6035);
#6035 = CARTESIAN_POINT('',(7.45,-0.17,-3.5));
#6036 = LINE('',#6037,#6038);
#6037 = CARTESIAN_POINT('',(7.456666666667,-0.163333333333,
    -3.506666666667));
#6038 = VECTOR('',#6039,1.);
#6039 = DIRECTION('',(0.57735026919,0.57735026919,-0.57735026919));
#6040 = ORIENTED_EDGE('',*,*,#6041,.F.);
#6041 = EDGE_CURVE('',#6025,#6034,#6042,.T.);
#6042 = LINE('',#6043,#6044);
#6043 = CARTESIAN_POINT('',(7.94,-0.17,-3.5));
#6044 = VECTOR('',#6045,1.);
#6045 = DIRECTION('',(-1.,1.224646799147E-16,0.));
#6046 = PLANE('',#6047);
#6047 = AXIS2_PLACEMENT_3D('',#6048,#6049,#6050);
#6048 = CARTESIAN_POINT('',(7.94,-0.245,-3.425));
#6049 = DIRECTION('',(8.659560562349E-17,0.707106781187,0.707106781187)
  );
#6050 = DIRECTION('',(1.,-1.224646799147E-16,2.105272540809E-29));
#6051 = ADVANCED_FACE('',(#6052),#6070,.F.);
#6052 = FACE_BOUND('',#6053,.T.);
#6053 = EDGE_LOOP('',(#6054,#6062,#6063,#6064));
#6054 = ORIENTED_EDGE('',*,*,#6055,.T.);
#6055 = EDGE_CURVE('',#6056,#5164,#6058,.T.);
#6056 = VERTEX_POINT('',#6057);
#6057 = CARTESIAN_POINT('',(7.79,0.17,-3.5));
#6058 = LINE('',#6059,#6060);
#6059 = CARTESIAN_POINT('',(7.783333333333,0.163333333333,
    -3.506666666667));
#6060 = VECTOR('',#6061,1.);
#6061 = DIRECTION('',(0.57735026919,0.57735026919,0.57735026919));
#6062 = ORIENTED_EDGE('',*,*,#5163,.T.);
#6063 = ORIENTED_EDGE('',*,*,#6024,.T.);
#6064 = ORIENTED_EDGE('',*,*,#6065,.F.);
#6065 = EDGE_CURVE('',#6056,#6025,#6066,.T.);
#6066 = LINE('',#6067,#6068);
#6067 = CARTESIAN_POINT('',(7.79,0.32,-3.5));
#6068 = VECTOR('',#6069,1.);
#6069 = DIRECTION('',(-1.224646799147E-16,-1.,0.));
#6070 = PLANE('',#6071);
#6071 = AXIS2_PLACEMENT_3D('',#6072,#6073,#6074);
#6072 = CARTESIAN_POINT('',(7.865,0.32,-3.425));
#6073 = DIRECTION('',(-0.707106781187,8.659560562349E-17,0.707106781187)
  );
#6074 = DIRECTION('',(1.224646799147E-16,1.,2.105272540809E-29));
#6075 = ADVANCED_FACE('',(#6076),#6094,.F.);
#6076 = FACE_BOUND('',#6077,.F.);
#6077 = EDGE_LOOP('',(#6078,#6086,#6092,#6093));
#6078 = ORIENTED_EDGE('',*,*,#6079,.F.);
#6079 = EDGE_CURVE('',#6080,#5188,#6082,.T.);
#6080 = VERTEX_POINT('',#6081);
#6081 = CARTESIAN_POINT('',(7.45,0.17,-3.5));
#6082 = LINE('',#6083,#6084);
#6083 = CARTESIAN_POINT('',(7.456666666667,0.163333333333,
    -3.506666666667));
#6084 = VECTOR('',#6085,1.);
#6085 = DIRECTION('',(-0.57735026919,0.57735026919,0.57735026919));
#6086 = ORIENTED_EDGE('',*,*,#6087,.T.);
#6087 = EDGE_CURVE('',#6080,#6056,#6088,.T.);
#6088 = LINE('',#6089,#6090);
#6089 = CARTESIAN_POINT('',(7.3,0.17,-3.5));
#6090 = VECTOR('',#6091,1.);
#6091 = DIRECTION('',(1.,-1.224646799147E-16,0.));
#6092 = ORIENTED_EDGE('',*,*,#6055,.T.);
#6093 = ORIENTED_EDGE('',*,*,#5187,.F.);
#6094 = PLANE('',#6095);
#6095 = AXIS2_PLACEMENT_3D('',#6096,#6097,#6098);
#6096 = CARTESIAN_POINT('',(7.3,0.245,-3.425));
#6097 = DIRECTION('',(-8.659560562349E-17,-0.707106781187,0.707106781187
    ));
#6098 = DIRECTION('',(1.,-1.224646799147E-16,-2.105272540809E-29));
#6099 = ADVANCED_FACE('',(#6100),#6111,.F.);
#6100 = FACE_BOUND('',#6101,.F.);
#6101 = EDGE_LOOP('',(#6102,#6103,#6109,#6110));
#6102 = ORIENTED_EDGE('',*,*,#6033,.T.);
#6103 = ORIENTED_EDGE('',*,*,#6104,.T.);
#6104 = EDGE_CURVE('',#6034,#6080,#6105,.T.);
#6105 = LINE('',#6106,#6107);
#6106 = CARTESIAN_POINT('',(7.45,-0.32,-3.5));
#6107 = VECTOR('',#6108,1.);
#6108 = DIRECTION('',(1.224646799147E-16,1.,0.));
#6109 = ORIENTED_EDGE('',*,*,#6079,.T.);
#6110 = ORIENTED_EDGE('',*,*,#5211,.F.);
#6111 = PLANE('',#6112);
#6112 = AXIS2_PLACEMENT_3D('',#6113,#6114,#6115);
#6113 = CARTESIAN_POINT('',(7.375,-0.32,-3.425));
#6114 = DIRECTION('',(0.707106781187,-8.659560562349E-17,0.707106781187)
  );
#6115 = DIRECTION('',(1.224646799147E-16,1.,-2.105272540809E-29));
#6116 = ADVANCED_FACE('',(#6117),#6142,.F.);
#6117 = FACE_BOUND('',#6118,.F.);
#6118 = EDGE_LOOP('',(#6119,#6120,#6128,#6136));
#6119 = ORIENTED_EDGE('',*,*,#5237,.T.);
#6120 = ORIENTED_EDGE('',*,*,#6121,.T.);
#6121 = EDGE_CURVE('',#5230,#6122,#6124,.T.);
#6122 = VERTEX_POINT('',#6123);
#6123 = CARTESIAN_POINT('',(5.08,-1.15,6.5));
#6124 = LINE('',#6125,#6126);
#6125 = CARTESIAN_POINT('',(5.08,-2.3,5.5));
#6126 = VECTOR('',#6127,1.);
#6127 = DIRECTION('',(2.404065568008E-16,0.754605522164,0.656178714925)
  );
#6128 = ORIENTED_EDGE('',*,*,#6129,.F.);
#6129 = EDGE_CURVE('',#6130,#6122,#6132,.T.);
#6130 = VERTEX_POINT('',#6131);
#6131 = CARTESIAN_POINT('',(4.662936703426E-16,-1.15,6.5));
#6132 = LINE('',#6133,#6134);
#6133 = CARTESIAN_POINT('',(4.662936703426E-16,-1.15,6.5));
#6134 = VECTOR('',#6135,1.);
#6135 = DIRECTION('',(1.,-1.110223024625E-16,-1.110223024625E-16));
#6136 = ORIENTED_EDGE('',*,*,#6137,.F.);
#6137 = EDGE_CURVE('',#5238,#6130,#6138,.T.);
#6138 = LINE('',#6139,#6140);
#6139 = CARTESIAN_POINT('',(9.992007221626E-17,-2.3,5.5));
#6140 = VECTOR('',#6141,1.);
#6141 = DIRECTION('',(2.404065568008E-16,0.754605522164,0.656178714925)
  );
#6142 = PLANE('',#6143);
#6143 = AXIS2_PLACEMENT_3D('',#6144,#6145,#6146);
#6144 = CARTESIAN_POINT('',(9.992007221626E-17,-2.3,5.5));
#6145 = DIRECTION('',(1.092757076367E-17,-0.656178714925,0.754605522164)
  );
#6146 = DIRECTION('',(2.404065568008E-16,0.754605522164,0.656178714925)
  );
#6147 = ADVANCED_FACE('',(#6148),#6159,.F.);
#6148 = FACE_BOUND('',#6149,.F.);
#6149 = EDGE_LOOP('',(#6150,#6151,#6152,#6158));
#6150 = ORIENTED_EDGE('',*,*,#5299,.F.);
#6151 = ORIENTED_EDGE('',*,*,#5324,.F.);
#6152 = ORIENTED_EDGE('',*,*,#6153,.T.);
#6153 = EDGE_CURVE('',#5317,#5268,#6154,.T.);
#6154 = LINE('',#6155,#6156);
#6155 = CARTESIAN_POINT('',(3.219646771413E-16,-2.3,7.5));
#6156 = VECTOR('',#6157,1.);
#6157 = DIRECTION('',(1.,-1.110223024625E-16,-1.110223024625E-16));
#6158 = ORIENTED_EDGE('',*,*,#5267,.F.);
#6159 = PLANE('',#6160);
#6160 = AXIS2_PLACEMENT_3D('',#6161,#6162,#6163);
#6161 = CARTESIAN_POINT('',(-4.041334437186E-16,-3.3,7.5));
#6162 = DIRECTION('',(0.,0.,-1.));
#6163 = DIRECTION('',(-1.,0.,0.));
#6164 = ADVANCED_FACE('',(#6165),#6175,.F.);
#6165 = FACE_BOUND('',#6166,.F.);
#6166 = EDGE_LOOP('',(#6167,#6168,#6174));
#6167 = ORIENTED_EDGE('',*,*,#5275,.T.);
#6168 = ORIENTED_EDGE('',*,*,#6169,.F.);
#6169 = EDGE_CURVE('',#6122,#5268,#6170,.T.);
#6170 = LINE('',#6171,#6172);
#6171 = CARTESIAN_POINT('',(5.08,-1.15,6.5));
#6172 = VECTOR('',#6173,1.);
#6173 = DIRECTION('',(-9.470561328515E-17,-0.754605522164,0.656178714925
    ));
#6174 = ORIENTED_EDGE('',*,*,#6121,.F.);
#6175 = PLANE('',#6176);
#6176 = AXIS2_PLACEMENT_3D('',#6177,#6178,#6179);
#6177 = CARTESIAN_POINT('',(5.08,-2.3,7.5));
#6178 = DIRECTION('',(-1.,2.22044604925E-16,1.110223024625E-16));
#6179 = DIRECTION('',(-2.22044604925E-16,-1.,0.));
#6180 = ADVANCED_FACE('',(#6181),#6191,.T.);
#6181 = FACE_BOUND('',#6182,.T.);
#6182 = EDGE_LOOP('',(#6183,#6184,#6190));
#6183 = ORIENTED_EDGE('',*,*,#5316,.T.);
#6184 = ORIENTED_EDGE('',*,*,#6185,.F.);
#6185 = EDGE_CURVE('',#6130,#5317,#6186,.T.);
#6186 = LINE('',#6187,#6188);
#6187 = CARTESIAN_POINT('',(4.662936703426E-16,-1.15,6.5));
#6188 = VECTOR('',#6189,1.);
#6189 = DIRECTION('',(-9.470561328515E-17,-0.754605522164,0.656178714925
    ));
#6190 = ORIENTED_EDGE('',*,*,#6137,.F.);
#6191 = PLANE('',#6192);
#6192 = AXIS2_PLACEMENT_3D('',#6193,#6194,#6195);
#6193 = CARTESIAN_POINT('',(3.219646771413E-16,-2.3,7.5));
#6194 = DIRECTION('',(-1.,2.22044604925E-16,1.110223024625E-16));
#6195 = DIRECTION('',(-2.22044604925E-16,-1.,0.));
#6196 = ADVANCED_FACE('',(#6197),#6203,.T.);
#6197 = FACE_BOUND('',#6198,.T.);
#6198 = EDGE_LOOP('',(#6199,#6200,#6201,#6202));
#6199 = ORIENTED_EDGE('',*,*,#5369,.F.);
#6200 = ORIENTED_EDGE('',*,*,#5393,.F.);
#6201 = ORIENTED_EDGE('',*,*,#5434,.F.);
#6202 = ORIENTED_EDGE('',*,*,#5417,.F.);
#6203 = PLANE('',#6204);
#6204 = AXIS2_PLACEMENT_3D('',#6205,#6206,#6207);
#6205 = CARTESIAN_POINT('',(2.86,-0.32,10.));
#6206 = DIRECTION('',(0.,0.,1.));
#6207 = DIRECTION('',(1.,0.,-0.));
#6208 = ADVANCED_FACE('',(#6209),#6215,.T.);
#6209 = FACE_BOUND('',#6210,.T.);
#6210 = EDGE_LOOP('',(#6211,#6212,#6213,#6214));
#6211 = ORIENTED_EDGE('',*,*,#5513,.F.);
#6212 = ORIENTED_EDGE('',*,*,#5465,.F.);
#6213 = ORIENTED_EDGE('',*,*,#5489,.F.);
#6214 = ORIENTED_EDGE('',*,*,#5530,.F.);
#6215 = PLANE('',#6216);
#6216 = AXIS2_PLACEMENT_3D('',#6217,#6218,#6219);
#6217 = CARTESIAN_POINT('',(0.32,-0.32,10.));
#6218 = DIRECTION('',(0.,0.,1.));
#6219 = DIRECTION('',(1.,0.,-0.));
#6220 = ADVANCED_FACE('',(#6221),#6227,.T.);
#6221 = FACE_BOUND('',#6222,.T.);
#6222 = EDGE_LOOP('',(#6223,#6224,#6225,#6226));
#6223 = ORIENTED_EDGE('',*,*,#5585,.F.);
#6224 = ORIENTED_EDGE('',*,*,#5626,.F.);
#6225 = ORIENTED_EDGE('',*,*,#5609,.F.);
#6226 = ORIENTED_EDGE('',*,*,#5561,.F.);
#6227 = PLANE('',#6228);
#6228 = AXIS2_PLACEMENT_3D('',#6229,#6230,#6231);
#6229 = CARTESIAN_POINT('',(5.4,-0.32,10.));
#6230 = DIRECTION('',(0.,0.,1.));
#6231 = DIRECTION('',(1.,0.,-0.));
#6232 = ADVANCED_FACE('',(#6233),#6239,.T.);
#6233 = FACE_BOUND('',#6234,.T.);
#6234 = EDGE_LOOP('',(#6235,#6236,#6237,#6238));
#6235 = ORIENTED_EDGE('',*,*,#5657,.F.);
#6236 = ORIENTED_EDGE('',*,*,#5722,.F.);
#6237 = ORIENTED_EDGE('',*,*,#5705,.F.);
#6238 = ORIENTED_EDGE('',*,*,#5681,.F.);
#6239 = PLANE('',#6240);
#6240 = AXIS2_PLACEMENT_3D('',#6241,#6242,#6243);
#6241 = CARTESIAN_POINT('',(7.94,-0.32,10.));
#6242 = DIRECTION('',(0.,0.,1.));
#6243 = DIRECTION('',(1.,0.,-0.));
#6244 = ADVANCED_FACE('',(#6245),#6251,.F.);
#6245 = FACE_BOUND('',#6246,.F.);
#6246 = EDGE_LOOP('',(#6247,#6248,#6249,#6250));
#6247 = ORIENTED_EDGE('',*,*,#5777,.F.);
#6248 = ORIENTED_EDGE('',*,*,#5753,.F.);
#6249 = ORIENTED_EDGE('',*,*,#5799,.F.);
#6250 = ORIENTED_EDGE('',*,*,#5816,.F.);
#6251 = PLANE('',#6252);
#6252 = AXIS2_PLACEMENT_3D('',#6253,#6254,#6255);
#6253 = CARTESIAN_POINT('',(0.32,-0.32,-3.5));
#6254 = DIRECTION('',(0.,0.,1.));
#6255 = DIRECTION('',(1.,0.,-0.));
#6256 = ADVANCED_FACE('',(#6257),#6263,.F.);
#6257 = FACE_BOUND('',#6258,.F.);
#6258 = EDGE_LOOP('',(#6259,#6260,#6261,#6262));
#6259 = ORIENTED_EDGE('',*,*,#5849,.F.);
#6260 = ORIENTED_EDGE('',*,*,#5897,.F.);
#6261 = ORIENTED_EDGE('',*,*,#5912,.F.);
#6262 = ORIENTED_EDGE('',*,*,#5864,.F.);
#6263 = PLANE('',#6264);
#6264 = AXIS2_PLACEMENT_3D('',#6265,#6266,#6267);
#6265 = CARTESIAN_POINT('',(2.86,-0.32,-3.5));
#6266 = DIRECTION('',(0.,0.,1.));
#6267 = DIRECTION('',(1.,0.,-0.));
#6268 = ADVANCED_FACE('',(#6269),#6275,.F.);
#6269 = FACE_BOUND('',#6270,.F.);
#6270 = EDGE_LOOP('',(#6271,#6272,#6273,#6274));
#6271 = ORIENTED_EDGE('',*,*,#5993,.F.);
#6272 = ORIENTED_EDGE('',*,*,#6010,.F.);
#6273 = ORIENTED_EDGE('',*,*,#5960,.F.);
#6274 = ORIENTED_EDGE('',*,*,#5936,.F.);
#6275 = PLANE('',#6276);
#6276 = AXIS2_PLACEMENT_3D('',#6277,#6278,#6279);
#6277 = CARTESIAN_POINT('',(5.4,-0.32,-3.5));
#6278 = DIRECTION('',(0.,0.,1.));
#6279 = DIRECTION('',(1.,0.,-0.));
#6280 = ADVANCED_FACE('',(#6281),#6287,.F.);
#6281 = FACE_BOUND('',#6282,.F.);
#6282 = EDGE_LOOP('',(#6283,#6284,#6285,#6286));
#6283 = ORIENTED_EDGE('',*,*,#6041,.F.);
#6284 = ORIENTED_EDGE('',*,*,#6065,.F.);
#6285 = ORIENTED_EDGE('',*,*,#6087,.F.);
#6286 = ORIENTED_EDGE('',*,*,#6104,.F.);
#6287 = PLANE('',#6288);
#6288 = AXIS2_PLACEMENT_3D('',#6289,#6290,#6291);
#6289 = CARTESIAN_POINT('',(7.94,-0.32,-3.5));
#6290 = DIRECTION('',(0.,0.,1.));
#6291 = DIRECTION('',(1.,0.,-0.));
#6292 = ADVANCED_FACE('',(#6293),#6299,.F.);
#6293 = FACE_BOUND('',#6294,.F.);
#6294 = EDGE_LOOP('',(#6295,#6296,#6297,#6298));
#6295 = ORIENTED_EDGE('',*,*,#6129,.T.);
#6296 = ORIENTED_EDGE('',*,*,#6169,.T.);
#6297 = ORIENTED_EDGE('',*,*,#6153,.F.);
#6298 = ORIENTED_EDGE('',*,*,#6185,.F.);
#6299 = PLANE('',#6300);
#6300 = AXIS2_PLACEMENT_3D('',#6301,#6302,#6303);
#6301 = CARTESIAN_POINT('',(4.662936703426E-16,-1.15,6.5));
#6302 = DIRECTION('',(-1.566285142793E-16,-0.656178714925,
    -0.754605522164));
#6303 = DIRECTION('',(-9.470561328515E-17,-0.754605522164,0.656178714925
    ));
#6304 = ( GEOMETRIC_REPRESENTATION_CONTEXT(3) 
GLOBAL_UNCERTAINTY_ASSIGNED_CONTEXT((#6308)) 
GLOBAL_UNIT_ASSIGNED_CONTEXT((#6305,#6306,#6307)) REPRESENTATION_CONTEXT
('Context #1','3D Context with UNIT and UNCERTAINTY') );
#6305 = ( LENGTH_UNIT() NAMED_UNIT(*) SI_UNIT(.MILLI.,.METRE.) );
#6306 = ( NAMED_UNIT(*) PLANE_ANGLE_UNIT() SI_UNIT($,.RADIAN.) );
#6307 = ( NAMED_UNIT(*) SI_UNIT($,.STERADIAN.) SOLID_ANGLE_UNIT() );
#6308 = UNCERTAINTY_MEASURE_WITH_UNIT(LENGTH_MEASURE(1.E-07),#6305,
  'distance_accuracy_value','confusion accuracy');
#6309 = CONTEXT_DEPENDENT_SHAPE_REPRESENTATION(#6310,#6312);
#6310 = ( REPRESENTATION_RELATIONSHIP('','',#3647,#3624) 
REPRESENTATION_RELATIONSHIP_WITH_TRANSFORMATION(#6311) 
SHAPE_REPRESENTATION_RELATIONSHIP() );
#6311 = ITEM_DEFINED_TRANSFORMATION('','',#11,#3625);
#6312 = PRODUCT_DEFINITION_SHAPE('Placement','Placement of an item',
  #6313);
#6313 = NEXT_ASSEMBLY_USAGE_OCCURRENCE('3','=>[0:1:1:5]','',#3619,#3642,
  $);
#6314 = PRODUCT_RELATED_PRODUCT_CATEGORY('part',$,(#3644));
#6315 = SHAPE_DEFINITION_REPRESENTATION(#6316,#6322);
#6316 = PRODUCT_DEFINITION_SHAPE('','',#6317);
#6317 = PRODUCT_DEFINITION('design','',#6318,#6321);
#6318 = PRODUCT_DEFINITION_FORMATION('','',#6319);
#6319 = PRODUCT('R_0603_1608Metric','R_0603_1608Metric','',(#6320));
#6320 = PRODUCT_CONTEXT('',#2,'mechanical');
#6321 = PRODUCT_DEFINITION_CONTEXT('part definition',#2,'design');
#6322 = SHAPE_REPRESENTATION('',(#11,#6323),#6327);
#6323 = AXIS2_PLACEMENT_3D('',#6324,#6325,#6326);
#6324 = CARTESIAN_POINT('',(0.,0.,0.));
#6325 = DIRECTION('',(0.,0.,1.));
#6326 = DIRECTION('',(1.,0.,-0.));
#6327 = ( GEOMETRIC_REPRESENTATION_CONTEXT(3) 
GLOBAL_UNCERTAINTY_ASSIGNED_CONTEXT((#6331)) 
GLOBAL_UNIT_ASSIGNED_CONTEXT((#6328,#6329,#6330)) REPRESENTATION_CONTEXT
('Context #1','3D Context with UNIT and UNCERTAINTY') );
#6328 = ( LENGTH_UNIT() NAMED_UNIT(*) SI_UNIT(.MILLI.,.METRE.) );
#6329 = ( NAMED_UNIT(*) PLANE_ANGLE_UNIT() SI_UNIT($,.RADIAN.) );
#6330 = ( NAMED_UNIT(*) SI_UNIT($,.STERADIAN.) SOLID_ANGLE_UNIT() );
#6331 = UNCERTAINTY_MEASURE_WITH_UNIT(LENGTH_MEASURE(1.E-07),#6328,
  'distance_accuracy_value','confusion accuracy');
#6332 = CONTEXT_DEPENDENT_SHAPE_REPRESENTATION(#6333,#6335);
#6333 = ( REPRESENTATION_RELATIONSHIP('','',#6322,#10) 
REPRESENTATION_RELATIONSHIP_WITH_TRANSFORMATION(#6334) 
SHAPE_REPRESENTATION_RELATIONSHIP() );
#6334 = ITEM_DEFINED_TRANSFORMATION('','',#11,#23);
#6335 = PRODUCT_DEFINITION_SHAPE('Placement','Placement of an item',
  #6336);
#6336 = NEXT_ASSEMBLY_USAGE_OCCURRENCE('6','R5','',#5,#6317,$);
#6337 = PRODUCT_RELATED_PRODUCT_CATEGORY('part',$,(#6319));
#6338 = SHAPE_DEFINITION_REPRESENTATION(#6339,#6345);
#6339 = PRODUCT_DEFINITION_SHAPE('','',#6340);
#6340 = PRODUCT_DEFINITION('design','',#6341,#6344);
#6341 = PRODUCT_DEFINITION_FORMATION('','',#6342);
#6342 = PRODUCT('R_0603_1608Metric','R_0603_1608Metric','',(#6343));
#6343 = PRODUCT_CONTEXT('',#2,'mechanical');
#6344 = PRODUCT_DEFINITION_CONTEXT('part definition',#2,'design');
#6345 = ADVANCED_BREP_SHAPE_REPRESENTATION('',(#11,#6346),#7136);
#6346 = MANIFOLD_SOLID_BREP('',#6347);
#6347 = CLOSED_SHELL('',(#6348,#6388,#6471,#6496,#6521,#6588,#6605,#6622
    ,#6671,#6688,#6705,#6754,#6771,#6840,#6871,#6895,#6964,#6988,#7005,
    #7022,#7039,#7056,#7073,#7090,#7107,#7124));
#6348 = ADVANCED_FACE('',(#6349),#6383,.F.);
#6349 = FACE_BOUND('',#6350,.F.);
#6350 = EDGE_LOOP('',(#6351,#6361,#6369,#6377));
#6351 = ORIENTED_EDGE('',*,*,#6352,.F.);
#6352 = EDGE_CURVE('',#6353,#6355,#6357,.T.);
#6353 = VERTEX_POINT('',#6354);
#6354 = CARTESIAN_POINT('',(-0.8,-0.4,4.5E-02));
#6355 = VERTEX_POINT('',#6356);
#6356 = CARTESIAN_POINT('',(-0.8,-0.4,0.405));
#6357 = LINE('',#6358,#6359);
#6358 = CARTESIAN_POINT('',(-0.8,-0.4,0.));
#6359 = VECTOR('',#6360,1.);
#6360 = DIRECTION('',(0.,0.,1.));
#6361 = ORIENTED_EDGE('',*,*,#6362,.T.);
#6362 = EDGE_CURVE('',#6353,#6363,#6365,.T.);
#6363 = VERTEX_POINT('',#6364);
#6364 = CARTESIAN_POINT('',(-0.8,0.4,4.5E-02));
#6365 = LINE('',#6366,#6367);
#6366 = CARTESIAN_POINT('',(-0.8,-0.4,4.5E-02));
#6367 = VECTOR('',#6368,1.);
#6368 = DIRECTION('',(0.,1.,0.));
#6369 = ORIENTED_EDGE('',*,*,#6370,.T.);
#6370 = EDGE_CURVE('',#6363,#6371,#6373,.T.);
#6371 = VERTEX_POINT('',#6372);
#6372 = CARTESIAN_POINT('',(-0.8,0.4,0.405));
#6373 = LINE('',#6374,#6375);
#6374 = CARTESIAN_POINT('',(-0.8,0.4,0.));
#6375 = VECTOR('',#6376,1.);
#6376 = DIRECTION('',(0.,0.,1.));
#6377 = ORIENTED_EDGE('',*,*,#6378,.F.);
#6378 = EDGE_CURVE('',#6355,#6371,#6379,.T.);
#6379 = LINE('',#6380,#6381);
#6380 = CARTESIAN_POINT('',(-0.8,-0.4,0.405));
#6381 = VECTOR('',#6382,1.);
#6382 = DIRECTION('',(0.,1.,0.));
#6383 = PLANE('',#6384);
#6384 = AXIS2_PLACEMENT_3D('',#6385,#6386,#6387);
#6385 = CARTESIAN_POINT('',(-0.8,-0.4,0.));
#6386 = DIRECTION('',(1.,0.,0.));
#6387 = DIRECTION('',(0.,0.,1.));
#6388 = ADVANCED_FACE('',(#6389),#6466,.F.);
#6389 = FACE_BOUND('',#6390,.F.);
#6390 = EDGE_LOOP('',(#6391,#6401,#6408,#6409,#6418,#6426,#6435,#6443,
    #6451,#6459));
#6391 = ORIENTED_EDGE('',*,*,#6392,.F.);
#6392 = EDGE_CURVE('',#6393,#6395,#6397,.T.);
#6393 = VERTEX_POINT('',#6394);
#6394 = CARTESIAN_POINT('',(-0.755,-0.4,-2.775557561563E-17));
#6395 = VERTEX_POINT('',#6396);
#6396 = CARTESIAN_POINT('',(-0.545,-0.4,-2.775557561563E-17));
#6397 = LINE('',#6398,#6399);
#6398 = CARTESIAN_POINT('',(-0.8,-0.4,0.));
#6399 = VECTOR('',#6400,1.);
#6400 = DIRECTION('',(1.,0.,0.));
#6401 = ORIENTED_EDGE('',*,*,#6402,.F.);
#6402 = EDGE_CURVE('',#6353,#6393,#6403,.T.);
#6403 = CIRCLE('',#6404,4.5E-02);
#6404 = AXIS2_PLACEMENT_3D('',#6405,#6406,#6407);
#6405 = CARTESIAN_POINT('',(-0.755,-0.4,4.5E-02));
#6406 = DIRECTION('',(0.,-1.,0.));
#6407 = DIRECTION('',(0.,0.,1.));
#6408 = ORIENTED_EDGE('',*,*,#6352,.T.);
#6409 = ORIENTED_EDGE('',*,*,#6410,.T.);
#6410 = EDGE_CURVE('',#6355,#6411,#6413,.T.);
#6411 = VERTEX_POINT('',#6412);
#6412 = CARTESIAN_POINT('',(-0.755,-0.4,0.45));
#6413 = CIRCLE('',#6414,4.5E-02);
#6414 = AXIS2_PLACEMENT_3D('',#6415,#6416,#6417);
#6415 = CARTESIAN_POINT('',(-0.755,-0.4,0.405));
#6416 = DIRECTION('',(0.,1.,0.));
#6417 = DIRECTION('',(0.,-0.,1.));
#6418 = ORIENTED_EDGE('',*,*,#6419,.T.);
#6419 = EDGE_CURVE('',#6411,#6420,#6422,.T.);
#6420 = VERTEX_POINT('',#6421);
#6421 = CARTESIAN_POINT('',(-0.545,-0.4,0.45));
#6422 = LINE('',#6423,#6424);
#6423 = CARTESIAN_POINT('',(-0.8,-0.4,0.45));
#6424 = VECTOR('',#6425,1.);
#6425 = DIRECTION('',(1.,0.,0.));
#6426 = ORIENTED_EDGE('',*,*,#6427,.F.);
#6427 = EDGE_CURVE('',#6428,#6420,#6430,.T.);
#6428 = VERTEX_POINT('',#6429);
#6429 = CARTESIAN_POINT('',(-0.5,-0.4,0.405));
#6430 = CIRCLE('',#6431,4.5E-02);
#6431 = AXIS2_PLACEMENT_3D('',#6432,#6433,#6434);
#6432 = CARTESIAN_POINT('',(-0.545,-0.4,0.405));
#6433 = DIRECTION('',(0.,-1.,0.));
#6434 = DIRECTION('',(0.,0.,1.));
#6435 = ORIENTED_EDGE('',*,*,#6436,.F.);
#6436 = EDGE_CURVE('',#6437,#6428,#6439,.T.);
#6437 = VERTEX_POINT('',#6438);
#6438 = CARTESIAN_POINT('',(-0.755,-0.4,0.405));
#6439 = LINE('',#6440,#6441);
#6440 = CARTESIAN_POINT('',(-0.755,-0.4,0.405));
#6441 = VECTOR('',#6442,1.);
#6442 = DIRECTION('',(1.,0.,0.));
#6443 = ORIENTED_EDGE('',*,*,#6444,.F.);
#6444 = EDGE_CURVE('',#6445,#6437,#6447,.T.);
#6445 = VERTEX_POINT('',#6446);
#6446 = CARTESIAN_POINT('',(-0.755,-0.4,4.5E-02));
#6447 = LINE('',#6448,#6449);
#6448 = CARTESIAN_POINT('',(-0.755,-0.4,4.5E-02));
#6449 = VECTOR('',#6450,1.);
#6450 = DIRECTION('',(0.,0.,1.));
#6451 = ORIENTED_EDGE('',*,*,#6452,.T.);
#6452 = EDGE_CURVE('',#6445,#6453,#6455,.T.);
#6453 = VERTEX_POINT('',#6454);
#6454 = CARTESIAN_POINT('',(-0.5,-0.4,4.5E-02));
#6455 = LINE('',#6456,#6457);
#6456 = CARTESIAN_POINT('',(-0.755,-0.4,4.5E-02));
#6457 = VECTOR('',#6458,1.);
#6458 = DIRECTION('',(1.,0.,0.));
#6459 = ORIENTED_EDGE('',*,*,#6460,.T.);
#6460 = EDGE_CURVE('',#6453,#6395,#6461,.T.);
#6461 = CIRCLE('',#6462,4.5E-02);
#6462 = AXIS2_PLACEMENT_3D('',#6463,#6464,#6465);
#6463 = CARTESIAN_POINT('',(-0.545,-0.4,4.5E-02));
#6464 = DIRECTION('',(0.,1.,0.));
#6465 = DIRECTION('',(0.,-0.,1.));
#6466 = PLANE('',#6467);
#6467 = AXIS2_PLACEMENT_3D('',#6468,#6469,#6470);
#6468 = CARTESIAN_POINT('',(-0.8,-0.4,0.));
#6469 = DIRECTION('',(0.,1.,0.));
#6470 = DIRECTION('',(0.,-0.,1.));
#6471 = ADVANCED_FACE('',(#6472),#6491,.T.);
#6472 = FACE_BOUND('',#6473,.T.);
#6473 = EDGE_LOOP('',(#6474,#6475,#6484,#6490));
#6474 = ORIENTED_EDGE('',*,*,#6362,.T.);
#6475 = ORIENTED_EDGE('',*,*,#6476,.T.);
#6476 = EDGE_CURVE('',#6363,#6477,#6479,.T.);
#6477 = VERTEX_POINT('',#6478);
#6478 = CARTESIAN_POINT('',(-0.755,0.4,-2.775557561563E-17));
#6479 = CIRCLE('',#6480,4.5E-02);
#6480 = AXIS2_PLACEMENT_3D('',#6481,#6482,#6483);
#6481 = CARTESIAN_POINT('',(-0.755,0.4,4.5E-02));
#6482 = DIRECTION('',(0.,-1.,0.));
#6483 = DIRECTION('',(0.,0.,1.));
#6484 = ORIENTED_EDGE('',*,*,#6485,.F.);
#6485 = EDGE_CURVE('',#6393,#6477,#6486,.T.);
#6486 = LINE('',#6487,#6488);
#6487 = CARTESIAN_POINT('',(-0.755,-0.4,-2.775557561563E-17));
#6488 = VECTOR('',#6489,1.);
#6489 = DIRECTION('',(0.,1.,0.));
#6490 = ORIENTED_EDGE('',*,*,#6402,.F.);
#6491 = CYLINDRICAL_SURFACE('',#6492,4.5E-02);
#6492 = AXIS2_PLACEMENT_3D('',#6493,#6494,#6495);
#6493 = CARTESIAN_POINT('',(-0.755,-0.4,4.5E-02));
#6494 = DIRECTION('',(0.,1.,0.));
#6495 = DIRECTION('',(-1.,0.,0.));
#6496 = ADVANCED_FACE('',(#6497),#6516,.T.);
#6497 = FACE_BOUND('',#6498,.T.);
#6498 = EDGE_LOOP('',(#6499,#6500,#6508,#6515));
#6499 = ORIENTED_EDGE('',*,*,#6410,.T.);
#6500 = ORIENTED_EDGE('',*,*,#6501,.T.);
#6501 = EDGE_CURVE('',#6411,#6502,#6504,.T.);
#6502 = VERTEX_POINT('',#6503);
#6503 = CARTESIAN_POINT('',(-0.755,0.4,0.45));
#6504 = LINE('',#6505,#6506);
#6505 = CARTESIAN_POINT('',(-0.755,-0.4,0.45));
#6506 = VECTOR('',#6507,1.);
#6507 = DIRECTION('',(0.,1.,0.));
#6508 = ORIENTED_EDGE('',*,*,#6509,.F.);
#6509 = EDGE_CURVE('',#6371,#6502,#6510,.T.);
#6510 = CIRCLE('',#6511,4.5E-02);
#6511 = AXIS2_PLACEMENT_3D('',#6512,#6513,#6514);
#6512 = CARTESIAN_POINT('',(-0.755,0.4,0.405));
#6513 = DIRECTION('',(0.,1.,0.));
#6514 = DIRECTION('',(0.,-0.,1.));
#6515 = ORIENTED_EDGE('',*,*,#6378,.F.);
#6516 = CYLINDRICAL_SURFACE('',#6517,4.5E-02);
#6517 = AXIS2_PLACEMENT_3D('',#6518,#6519,#6520);
#6518 = CARTESIAN_POINT('',(-0.755,-0.4,0.405));
#6519 = DIRECTION('',(0.,1.,0.));
#6520 = DIRECTION('',(-1.,0.,0.));
#6521 = ADVANCED_FACE('',(#6522),#6583,.T.);
#6522 = FACE_BOUND('',#6523,.T.);
#6523 = EDGE_LOOP('',(#6524,#6532,#6533,#6534,#6535,#6543,#6552,#6560,
    #6568,#6576));
#6524 = ORIENTED_EDGE('',*,*,#6525,.F.);
#6525 = EDGE_CURVE('',#6477,#6526,#6528,.T.);
#6526 = VERTEX_POINT('',#6527);
#6527 = CARTESIAN_POINT('',(-0.545,0.4,-2.775557561563E-17));
#6528 = LINE('',#6529,#6530);
#6529 = CARTESIAN_POINT('',(-0.8,0.4,0.));
#6530 = VECTOR('',#6531,1.);
#6531 = DIRECTION('',(1.,0.,0.));
#6532 = ORIENTED_EDGE('',*,*,#6476,.F.);
#6533 = ORIENTED_EDGE('',*,*,#6370,.T.);
#6534 = ORIENTED_EDGE('',*,*,#6509,.T.);
#6535 = ORIENTED_EDGE('',*,*,#6536,.T.);
#6536 = EDGE_CURVE('',#6502,#6537,#6539,.T.);
#6537 = VERTEX_POINT('',#6538);
#6538 = CARTESIAN_POINT('',(-0.545,0.4,0.45));
#6539 = LINE('',#6540,#6541);
#6540 = CARTESIAN_POINT('',(-0.8,0.4,0.45));
#6541 = VECTOR('',#6542,1.);
#6542 = DIRECTION('',(1.,0.,0.));
#6543 = ORIENTED_EDGE('',*,*,#6544,.F.);
#6544 = EDGE_CURVE('',#6545,#6537,#6547,.T.);
#6545 = VERTEX_POINT('',#6546);
#6546 = CARTESIAN_POINT('',(-0.5,0.4,0.405));
#6547 = CIRCLE('',#6548,4.5E-02);
#6548 = AXIS2_PLACEMENT_3D('',#6549,#6550,#6551);
#6549 = CARTESIAN_POINT('',(-0.545,0.4,0.405));
#6550 = DIRECTION('',(0.,-1.,0.));
#6551 = DIRECTION('',(0.,0.,1.));
#6552 = ORIENTED_EDGE('',*,*,#6553,.F.);
#6553 = EDGE_CURVE('',#6554,#6545,#6556,.T.);
#6554 = VERTEX_POINT('',#6555);
#6555 = CARTESIAN_POINT('',(-0.755,0.4,0.405));
#6556 = LINE('',#6557,#6558);
#6557 = CARTESIAN_POINT('',(-0.755,0.4,0.405));
#6558 = VECTOR('',#6559,1.);
#6559 = DIRECTION('',(1.,0.,0.));
#6560 = ORIENTED_EDGE('',*,*,#6561,.F.);
#6561 = EDGE_CURVE('',#6562,#6554,#6564,.T.);
#6562 = VERTEX_POINT('',#6563);
#6563 = CARTESIAN_POINT('',(-0.755,0.4,4.5E-02));
#6564 = LINE('',#6565,#6566);
#6565 = CARTESIAN_POINT('',(-0.755,0.4,4.5E-02));
#6566 = VECTOR('',#6567,1.);
#6567 = DIRECTION('',(0.,0.,1.));
#6568 = ORIENTED_EDGE('',*,*,#6569,.T.);
#6569 = EDGE_CURVE('',#6562,#6570,#6572,.T.);
#6570 = VERTEX_POINT('',#6571);
#6571 = CARTESIAN_POINT('',(-0.5,0.4,4.5E-02));
#6572 = LINE('',#6573,#6574);
#6573 = CARTESIAN_POINT('',(-0.755,0.4,4.5E-02));
#6574 = VECTOR('',#6575,1.);
#6575 = DIRECTION('',(1.,0.,0.));
#6576 = ORIENTED_EDGE('',*,*,#6577,.T.);
#6577 = EDGE_CURVE('',#6570,#6526,#6578,.T.);
#6578 = CIRCLE('',#6579,4.5E-02);
#6579 = AXIS2_PLACEMENT_3D('',#6580,#6581,#6582);
#6580 = CARTESIAN_POINT('',(-0.545,0.4,4.5E-02));
#6581 = DIRECTION('',(0.,1.,0.));
#6582 = DIRECTION('',(0.,-0.,1.));
#6583 = PLANE('',#6584);
#6584 = AXIS2_PLACEMENT_3D('',#6585,#6586,#6587);
#6585 = CARTESIAN_POINT('',(-0.8,0.4,0.));
#6586 = DIRECTION('',(0.,1.,0.));
#6587 = DIRECTION('',(0.,-0.,1.));
#6588 = ADVANCED_FACE('',(#6589),#6600,.F.);
#6589 = FACE_BOUND('',#6590,.F.);
#6590 = EDGE_LOOP('',(#6591,#6592,#6593,#6594));
#6591 = ORIENTED_EDGE('',*,*,#6525,.F.);
#6592 = ORIENTED_EDGE('',*,*,#6485,.F.);
#6593 = ORIENTED_EDGE('',*,*,#6392,.T.);
#6594 = ORIENTED_EDGE('',*,*,#6595,.T.);
#6595 = EDGE_CURVE('',#6395,#6526,#6596,.T.);
#6596 = LINE('',#6597,#6598);
#6597 = CARTESIAN_POINT('',(-0.545,-0.4,-2.775557561563E-17));
#6598 = VECTOR('',#6599,1.);
#6599 = DIRECTION('',(0.,1.,0.));
#6600 = PLANE('',#6601);
#6601 = AXIS2_PLACEMENT_3D('',#6602,#6603,#6604);
#6602 = CARTESIAN_POINT('',(-0.8,-0.4,0.));
#6603 = DIRECTION('',(0.,0.,1.));
#6604 = DIRECTION('',(1.,0.,-0.));
#6605 = ADVANCED_FACE('',(#6606),#6617,.T.);
#6606 = FACE_BOUND('',#6607,.T.);
#6607 = EDGE_LOOP('',(#6608,#6609,#6610,#6611));
#6608 = ORIENTED_EDGE('',*,*,#6460,.T.);
#6609 = ORIENTED_EDGE('',*,*,#6595,.T.);
#6610 = ORIENTED_EDGE('',*,*,#6577,.F.);
#6611 = ORIENTED_EDGE('',*,*,#6612,.F.);
#6612 = EDGE_CURVE('',#6453,#6570,#6613,.T.);
#6613 = LINE('',#6614,#6615);
#6614 = CARTESIAN_POINT('',(-0.5,-0.4,4.5E-02));
#6615 = VECTOR('',#6616,1.);
#6616 = DIRECTION('',(0.,1.,0.));
#6617 = CYLINDRICAL_SURFACE('',#6618,4.5E-02);
#6618 = AXIS2_PLACEMENT_3D('',#6619,#6620,#6621);
#6619 = CARTESIAN_POINT('',(-0.545,-0.4,4.5E-02));
#6620 = DIRECTION('',(0.,1.,0.));
#6621 = DIRECTION('',(1.,0.,0.));
#6622 = ADVANCED_FACE('',(#6623),#6666,.F.);
#6623 = FACE_BOUND('',#6624,.F.);
#6624 = EDGE_LOOP('',(#6625,#6626,#6627,#6628,#6636,#6644,#6652,#6660));
#6625 = ORIENTED_EDGE('',*,*,#6452,.F.);
#6626 = ORIENTED_EDGE('',*,*,#6444,.T.);
#6627 = ORIENTED_EDGE('',*,*,#6436,.T.);
#6628 = ORIENTED_EDGE('',*,*,#6629,.T.);
#6629 = EDGE_CURVE('',#6428,#6630,#6632,.T.);
#6630 = VERTEX_POINT('',#6631);
#6631 = CARTESIAN_POINT('',(0.5,-0.4,0.405));
#6632 = LINE('',#6633,#6634);
#6633 = CARTESIAN_POINT('',(-0.5,-0.4,0.405));
#6634 = VECTOR('',#6635,1.);
#6635 = DIRECTION('',(1.,0.,0.));
#6636 = ORIENTED_EDGE('',*,*,#6637,.T.);
#6637 = EDGE_CURVE('',#6630,#6638,#6640,.T.);
#6638 = VERTEX_POINT('',#6639);
#6639 = CARTESIAN_POINT('',(0.755,-0.4,0.405));
#6640 = LINE('',#6641,#6642);
#6641 = CARTESIAN_POINT('',(-0.755,-0.4,0.405));
#6642 = VECTOR('',#6643,1.);
#6643 = DIRECTION('',(1.,0.,0.));
#6644 = ORIENTED_EDGE('',*,*,#6645,.F.);
#6645 = EDGE_CURVE('',#6646,#6638,#6648,.T.);
#6646 = VERTEX_POINT('',#6647);
#6647 = CARTESIAN_POINT('',(0.755,-0.4,4.5E-02));
#6648 = LINE('',#6649,#6650);
#6649 = CARTESIAN_POINT('',(0.755,-0.4,4.5E-02));
#6650 = VECTOR('',#6651,1.);
#6651 = DIRECTION('',(0.,0.,1.));
#6652 = ORIENTED_EDGE('',*,*,#6653,.F.);
#6653 = EDGE_CURVE('',#6654,#6646,#6656,.T.);
#6654 = VERTEX_POINT('',#6655);
#6655 = CARTESIAN_POINT('',(0.5,-0.4,4.5E-02));
#6656 = LINE('',#6657,#6658);
#6657 = CARTESIAN_POINT('',(-0.755,-0.4,4.5E-02));
#6658 = VECTOR('',#6659,1.);
#6659 = DIRECTION('',(1.,0.,0.));
#6660 = ORIENTED_EDGE('',*,*,#6661,.F.);
#6661 = EDGE_CURVE('',#6453,#6654,#6662,.T.);
#6662 = LINE('',#6663,#6664);
#6663 = CARTESIAN_POINT('',(-0.755,-0.4,4.5E-02));
#6664 = VECTOR('',#6665,1.);
#6665 = DIRECTION('',(1.,0.,0.));
#6666 = PLANE('',#6667);
#6667 = AXIS2_PLACEMENT_3D('',#6668,#6669,#6670);
#6668 = CARTESIAN_POINT('',(-0.755,-0.4,4.5E-02));
#6669 = DIRECTION('',(0.,1.,0.));
#6670 = DIRECTION('',(0.,-0.,1.));
#6671 = ADVANCED_FACE('',(#6672),#6683,.T.);
#6672 = FACE_BOUND('',#6673,.T.);
#6673 = EDGE_LOOP('',(#6674,#6675,#6676,#6677));
#6674 = ORIENTED_EDGE('',*,*,#6536,.F.);
#6675 = ORIENTED_EDGE('',*,*,#6501,.F.);
#6676 = ORIENTED_EDGE('',*,*,#6419,.T.);
#6677 = ORIENTED_EDGE('',*,*,#6678,.T.);
#6678 = EDGE_CURVE('',#6420,#6537,#6679,.T.);
#6679 = LINE('',#6680,#6681);
#6680 = CARTESIAN_POINT('',(-0.545,-0.4,0.45));
#6681 = VECTOR('',#6682,1.);
#6682 = DIRECTION('',(0.,1.,0.));
#6683 = PLANE('',#6684);
#6684 = AXIS2_PLACEMENT_3D('',#6685,#6686,#6687);
#6685 = CARTESIAN_POINT('',(-0.8,-0.4,0.45));
#6686 = DIRECTION('',(0.,0.,1.));
#6687 = DIRECTION('',(1.,0.,-0.));
#6688 = ADVANCED_FACE('',(#6689),#6700,.T.);
#6689 = FACE_BOUND('',#6690,.T.);
#6690 = EDGE_LOOP('',(#6691,#6697,#6698,#6699));
#6691 = ORIENTED_EDGE('',*,*,#6692,.T.);
#6692 = EDGE_CURVE('',#6428,#6545,#6693,.T.);
#6693 = LINE('',#6694,#6695);
#6694 = CARTESIAN_POINT('',(-0.5,-0.4,0.405));
#6695 = VECTOR('',#6696,1.);
#6696 = DIRECTION('',(0.,1.,0.));
#6697 = ORIENTED_EDGE('',*,*,#6544,.T.);
#6698 = ORIENTED_EDGE('',*,*,#6678,.F.);
#6699 = ORIENTED_EDGE('',*,*,#6427,.F.);
#6700 = CYLINDRICAL_SURFACE('',#6701,4.5E-02);
#6701 = AXIS2_PLACEMENT_3D('',#6702,#6703,#6704);
#6702 = CARTESIAN_POINT('',(-0.545,-0.4,0.405));
#6703 = DIRECTION('',(0.,1.,0.));
#6704 = DIRECTION('',(1.,0.,0.));
#6705 = ADVANCED_FACE('',(#6706),#6749,.T.);
#6706 = FACE_BOUND('',#6707,.T.);
#6707 = EDGE_LOOP('',(#6708,#6709,#6710,#6711,#6719,#6727,#6735,#6743));
#6708 = ORIENTED_EDGE('',*,*,#6569,.F.);
#6709 = ORIENTED_EDGE('',*,*,#6561,.T.);
#6710 = ORIENTED_EDGE('',*,*,#6553,.T.);
#6711 = ORIENTED_EDGE('',*,*,#6712,.T.);
#6712 = EDGE_CURVE('',#6545,#6713,#6715,.T.);
#6713 = VERTEX_POINT('',#6714);
#6714 = CARTESIAN_POINT('',(0.5,0.4,0.405));
#6715 = LINE('',#6716,#6717);
#6716 = CARTESIAN_POINT('',(-0.5,0.4,0.405));
#6717 = VECTOR('',#6718,1.);
#6718 = DIRECTION('',(1.,0.,0.));
#6719 = ORIENTED_EDGE('',*,*,#6720,.T.);
#6720 = EDGE_CURVE('',#6713,#6721,#6723,.T.);
#6721 = VERTEX_POINT('',#6722);
#6722 = CARTESIAN_POINT('',(0.755,0.4,0.405));
#6723 = LINE('',#6724,#6725);
#6724 = CARTESIAN_POINT('',(-0.755,0.4,0.405));
#6725 = VECTOR('',#6726,1.);
#6726 = DIRECTION('',(1.,0.,0.));
#6727 = ORIENTED_EDGE('',*,*,#6728,.F.);
#6728 = EDGE_CURVE('',#6729,#6721,#6731,.T.);
#6729 = VERTEX_POINT('',#6730);
#6730 = CARTESIAN_POINT('',(0.755,0.4,4.5E-02));
#6731 = LINE('',#6732,#6733);
#6732 = CARTESIAN_POINT('',(0.755,0.4,4.5E-02));
#6733 = VECTOR('',#6734,1.);
#6734 = DIRECTION('',(0.,0.,1.));
#6735 = ORIENTED_EDGE('',*,*,#6736,.F.);
#6736 = EDGE_CURVE('',#6737,#6729,#6739,.T.);
#6737 = VERTEX_POINT('',#6738);
#6738 = CARTESIAN_POINT('',(0.5,0.4,4.5E-02));
#6739 = LINE('',#6740,#6741);
#6740 = CARTESIAN_POINT('',(-0.755,0.4,4.5E-02));
#6741 = VECTOR('',#6742,1.);
#6742 = DIRECTION('',(1.,0.,0.));
#6743 = ORIENTED_EDGE('',*,*,#6744,.F.);
#6744 = EDGE_CURVE('',#6570,#6737,#6745,.T.);
#6745 = LINE('',#6746,#6747);
#6746 = CARTESIAN_POINT('',(-0.755,0.4,4.5E-02));
#6747 = VECTOR('',#6748,1.);
#6748 = DIRECTION('',(1.,0.,0.));
#6749 = PLANE('',#6750);
#6750 = AXIS2_PLACEMENT_3D('',#6751,#6752,#6753);
#6751 = CARTESIAN_POINT('',(-0.755,0.4,4.5E-02));
#6752 = DIRECTION('',(0.,1.,0.));
#6753 = DIRECTION('',(0.,-0.,1.));
#6754 = ADVANCED_FACE('',(#6755),#6766,.F.);
#6755 = FACE_BOUND('',#6756,.F.);
#6756 = EDGE_LOOP('',(#6757,#6758,#6759,#6765));
#6757 = ORIENTED_EDGE('',*,*,#6612,.F.);
#6758 = ORIENTED_EDGE('',*,*,#6661,.T.);
#6759 = ORIENTED_EDGE('',*,*,#6760,.T.);
#6760 = EDGE_CURVE('',#6654,#6737,#6761,.T.);
#6761 = LINE('',#6762,#6763);
#6762 = CARTESIAN_POINT('',(0.5,-0.4,4.5E-02));
#6763 = VECTOR('',#6764,1.);
#6764 = DIRECTION('',(0.,1.,0.));
#6765 = ORIENTED_EDGE('',*,*,#6744,.F.);
#6766 = PLANE('',#6767);
#6767 = AXIS2_PLACEMENT_3D('',#6768,#6769,#6770);
#6768 = CARTESIAN_POINT('',(-0.755,-0.4,4.5E-02));
#6769 = DIRECTION('',(0.,0.,1.));
#6770 = DIRECTION('',(1.,0.,-0.));
#6771 = ADVANCED_FACE('',(#6772),#6835,.F.);
#6772 = FACE_BOUND('',#6773,.F.);
#6773 = EDGE_LOOP('',(#6774,#6784,#6791,#6792,#6793,#6794,#6803,#6811,
    #6820,#6828));
#6774 = ORIENTED_EDGE('',*,*,#6775,.F.);
#6775 = EDGE_CURVE('',#6776,#6778,#6780,.T.);
#6776 = VERTEX_POINT('',#6777);
#6777 = CARTESIAN_POINT('',(0.545,-0.4,-2.775557561563E-17));
#6778 = VERTEX_POINT('',#6779);
#6779 = CARTESIAN_POINT('',(0.755,-0.4,-2.775557561563E-17));
#6780 = LINE('',#6781,#6782);
#6781 = CARTESIAN_POINT('',(0.5,-0.4,0.));
#6782 = VECTOR('',#6783,1.);
#6783 = DIRECTION('',(1.,0.,0.));
#6784 = ORIENTED_EDGE('',*,*,#6785,.F.);
#6785 = EDGE_CURVE('',#6654,#6776,#6786,.T.);
#6786 = CIRCLE('',#6787,4.5E-02);
#6787 = AXIS2_PLACEMENT_3D('',#6788,#6789,#6790);
#6788 = CARTESIAN_POINT('',(0.545,-0.4,4.5E-02));
#6789 = DIRECTION('',(0.,-1.,0.));
#6790 = DIRECTION('',(0.,0.,1.));
#6791 = ORIENTED_EDGE('',*,*,#6653,.T.);
#6792 = ORIENTED_EDGE('',*,*,#6645,.T.);
#6793 = ORIENTED_EDGE('',*,*,#6637,.F.);
#6794 = ORIENTED_EDGE('',*,*,#6795,.T.);
#6795 = EDGE_CURVE('',#6630,#6796,#6798,.T.);
#6796 = VERTEX_POINT('',#6797);
#6797 = CARTESIAN_POINT('',(0.545,-0.4,0.45));
#6798 = CIRCLE('',#6799,4.5E-02);
#6799 = AXIS2_PLACEMENT_3D('',#6800,#6801,#6802);
#6800 = CARTESIAN_POINT('',(0.545,-0.4,0.405));
#6801 = DIRECTION('',(0.,1.,0.));
#6802 = DIRECTION('',(0.,-0.,1.));
#6803 = ORIENTED_EDGE('',*,*,#6804,.T.);
#6804 = EDGE_CURVE('',#6796,#6805,#6807,.T.);
#6805 = VERTEX_POINT('',#6806);
#6806 = CARTESIAN_POINT('',(0.755,-0.4,0.45));
#6807 = LINE('',#6808,#6809);
#6808 = CARTESIAN_POINT('',(0.5,-0.4,0.45));
#6809 = VECTOR('',#6810,1.);
#6810 = DIRECTION('',(1.,0.,0.));
#6811 = ORIENTED_EDGE('',*,*,#6812,.F.);
#6812 = EDGE_CURVE('',#6813,#6805,#6815,.T.);
#6813 = VERTEX_POINT('',#6814);
#6814 = CARTESIAN_POINT('',(0.8,-0.4,0.405));
#6815 = CIRCLE('',#6816,4.5E-02);
#6816 = AXIS2_PLACEMENT_3D('',#6817,#6818,#6819);
#6817 = CARTESIAN_POINT('',(0.755,-0.4,0.405));
#6818 = DIRECTION('',(0.,-1.,0.));
#6819 = DIRECTION('',(0.,0.,1.));
#6820 = ORIENTED_EDGE('',*,*,#6821,.F.);
#6821 = EDGE_CURVE('',#6822,#6813,#6824,.T.);
#6822 = VERTEX_POINT('',#6823);
#6823 = CARTESIAN_POINT('',(0.8,-0.4,4.5E-02));
#6824 = LINE('',#6825,#6826);
#6825 = CARTESIAN_POINT('',(0.8,-0.4,0.));
#6826 = VECTOR('',#6827,1.);
#6827 = DIRECTION('',(0.,0.,1.));
#6828 = ORIENTED_EDGE('',*,*,#6829,.T.);
#6829 = EDGE_CURVE('',#6822,#6778,#6830,.T.);
#6830 = CIRCLE('',#6831,4.5E-02);
#6831 = AXIS2_PLACEMENT_3D('',#6832,#6833,#6834);
#6832 = CARTESIAN_POINT('',(0.755,-0.4,4.5E-02));
#6833 = DIRECTION('',(0.,1.,0.));
#6834 = DIRECTION('',(0.,-0.,1.));
#6835 = PLANE('',#6836);
#6836 = AXIS2_PLACEMENT_3D('',#6837,#6838,#6839);
#6837 = CARTESIAN_POINT('',(0.5,-0.4,0.));
#6838 = DIRECTION('',(0.,1.,0.));
#6839 = DIRECTION('',(0.,-0.,1.));
#6840 = ADVANCED_FACE('',(#6841),#6866,.F.);
#6841 = FACE_BOUND('',#6842,.F.);
#6842 = EDGE_LOOP('',(#6843,#6844,#6852,#6860));
#6843 = ORIENTED_EDGE('',*,*,#6629,.F.);
#6844 = ORIENTED_EDGE('',*,*,#6845,.T.);
#6845 = EDGE_CURVE('',#6428,#6846,#6848,.T.);
#6846 = VERTEX_POINT('',#6847);
#6847 = CARTESIAN_POINT('',(-0.5,-0.4,0.45));
#6848 = LINE('',#6849,#6850);
#6849 = CARTESIAN_POINT('',(-0.5,-0.4,0.405));
#6850 = VECTOR('',#6851,1.);
#6851 = DIRECTION('',(0.,0.,1.));
#6852 = ORIENTED_EDGE('',*,*,#6853,.T.);
#6853 = EDGE_CURVE('',#6846,#6854,#6856,.T.);
#6854 = VERTEX_POINT('',#6855);
#6855 = CARTESIAN_POINT('',(0.5,-0.4,0.45));
#6856 = LINE('',#6857,#6858);
#6857 = CARTESIAN_POINT('',(-0.5,-0.4,0.45));
#6858 = VECTOR('',#6859,1.);
#6859 = DIRECTION('',(1.,0.,0.));
#6860 = ORIENTED_EDGE('',*,*,#6861,.F.);
#6861 = EDGE_CURVE('',#6630,#6854,#6862,.T.);
#6862 = LINE('',#6863,#6864);
#6863 = CARTESIAN_POINT('',(0.5,-0.4,0.405));
#6864 = VECTOR('',#6865,1.);
#6865 = DIRECTION('',(0.,0.,1.));
#6866 = PLANE('',#6867);
#6867 = AXIS2_PLACEMENT_3D('',#6868,#6869,#6870);
#6868 = CARTESIAN_POINT('',(-0.5,-0.4,0.405));
#6869 = DIRECTION('',(0.,1.,0.));
#6870 = DIRECTION('',(0.,-0.,1.));
#6871 = ADVANCED_FACE('',(#6872),#6890,.F.);
#6872 = FACE_BOUND('',#6873,.F.);
#6873 = EDGE_LOOP('',(#6874,#6875,#6876,#6884));
#6874 = ORIENTED_EDGE('',*,*,#6845,.F.);
#6875 = ORIENTED_EDGE('',*,*,#6692,.T.);
#6876 = ORIENTED_EDGE('',*,*,#6877,.T.);
#6877 = EDGE_CURVE('',#6545,#6878,#6880,.T.);
#6878 = VERTEX_POINT('',#6879);
#6879 = CARTESIAN_POINT('',(-0.5,0.4,0.45));
#6880 = LINE('',#6881,#6882);
#6881 = CARTESIAN_POINT('',(-0.5,0.4,0.405));
#6882 = VECTOR('',#6883,1.);
#6883 = DIRECTION('',(0.,0.,1.));
#6884 = ORIENTED_EDGE('',*,*,#6885,.F.);
#6885 = EDGE_CURVE('',#6846,#6878,#6886,.T.);
#6886 = LINE('',#6887,#6888);
#6887 = CARTESIAN_POINT('',(-0.5,-0.4,0.45));
#6888 = VECTOR('',#6889,1.);
#6889 = DIRECTION('',(0.,1.,0.));
#6890 = PLANE('',#6891);
#6891 = AXIS2_PLACEMENT_3D('',#6892,#6893,#6894);
#6892 = CARTESIAN_POINT('',(-0.5,-0.4,0.405));
#6893 = DIRECTION('',(1.,0.,0.));
#6894 = DIRECTION('',(0.,0.,1.));
#6895 = ADVANCED_FACE('',(#6896),#6959,.T.);
#6896 = FACE_BOUND('',#6897,.T.);
#6897 = EDGE_LOOP('',(#6898,#6908,#6915,#6916,#6917,#6918,#6927,#6935,
    #6944,#6952));
#6898 = ORIENTED_EDGE('',*,*,#6899,.F.);
#6899 = EDGE_CURVE('',#6900,#6902,#6904,.T.);
#6900 = VERTEX_POINT('',#6901);
#6901 = CARTESIAN_POINT('',(0.545,0.4,-2.775557561563E-17));
#6902 = VERTEX_POINT('',#6903);
#6903 = CARTESIAN_POINT('',(0.755,0.4,-2.775557561563E-17));
#6904 = LINE('',#6905,#6906);
#6905 = CARTESIAN_POINT('',(0.5,0.4,0.));
#6906 = VECTOR('',#6907,1.);
#6907 = DIRECTION('',(1.,0.,0.));
#6908 = ORIENTED_EDGE('',*,*,#6909,.F.);
#6909 = EDGE_CURVE('',#6737,#6900,#6910,.T.);
#6910 = CIRCLE('',#6911,4.5E-02);
#6911 = AXIS2_PLACEMENT_3D('',#6912,#6913,#6914);
#6912 = CARTESIAN_POINT('',(0.545,0.4,4.5E-02));
#6913 = DIRECTION('',(0.,-1.,0.));
#6914 = DIRECTION('',(0.,0.,1.));
#6915 = ORIENTED_EDGE('',*,*,#6736,.T.);
#6916 = ORIENTED_EDGE('',*,*,#6728,.T.);
#6917 = ORIENTED_EDGE('',*,*,#6720,.F.);
#6918 = ORIENTED_EDGE('',*,*,#6919,.T.);
#6919 = EDGE_CURVE('',#6713,#6920,#6922,.T.);
#6920 = VERTEX_POINT('',#6921);
#6921 = CARTESIAN_POINT('',(0.545,0.4,0.45));
#6922 = CIRCLE('',#6923,4.5E-02);
#6923 = AXIS2_PLACEMENT_3D('',#6924,#6925,#6926);
#6924 = CARTESIAN_POINT('',(0.545,0.4,0.405));
#6925 = DIRECTION('',(0.,1.,0.));
#6926 = DIRECTION('',(0.,-0.,1.));
#6927 = ORIENTED_EDGE('',*,*,#6928,.T.);
#6928 = EDGE_CURVE('',#6920,#6929,#6931,.T.);
#6929 = VERTEX_POINT('',#6930);
#6930 = CARTESIAN_POINT('',(0.755,0.4,0.45));
#6931 = LINE('',#6932,#6933);
#6932 = CARTESIAN_POINT('',(0.5,0.4,0.45));
#6933 = VECTOR('',#6934,1.);
#6934 = DIRECTION('',(1.,0.,0.));
#6935 = ORIENTED_EDGE('',*,*,#6936,.F.);
#6936 = EDGE_CURVE('',#6937,#6929,#6939,.T.);
#6937 = VERTEX_POINT('',#6938);
#6938 = CARTESIAN_POINT('',(0.8,0.4,0.405));
#6939 = CIRCLE('',#6940,4.5E-02);
#6940 = AXIS2_PLACEMENT_3D('',#6941,#6942,#6943);
#6941 = CARTESIAN_POINT('',(0.755,0.4,0.405));
#6942 = DIRECTION('',(0.,-1.,0.));
#6943 = DIRECTION('',(0.,0.,1.));
#6944 = ORIENTED_EDGE('',*,*,#6945,.F.);
#6945 = EDGE_CURVE('',#6946,#6937,#6948,.T.);
#6946 = VERTEX_POINT('',#6947);
#6947 = CARTESIAN_POINT('',(0.8,0.4,4.5E-02));
#6948 = LINE('',#6949,#6950);
#6949 = CARTESIAN_POINT('',(0.8,0.4,0.));
#6950 = VECTOR('',#6951,1.);
#6951 = DIRECTION('',(0.,0.,1.));
#6952 = ORIENTED_EDGE('',*,*,#6953,.T.);
#6953 = EDGE_CURVE('',#6946,#6902,#6954,.T.);
#6954 = CIRCLE('',#6955,4.5E-02);
#6955 = AXIS2_PLACEMENT_3D('',#6956,#6957,#6958);
#6956 = CARTESIAN_POINT('',(0.755,0.4,4.5E-02));
#6957 = DIRECTION('',(0.,1.,0.));
#6958 = DIRECTION('',(0.,-0.,1.));
#6959 = PLANE('',#6960);
#6960 = AXIS2_PLACEMENT_3D('',#6961,#6962,#6963);
#6961 = CARTESIAN_POINT('',(0.5,0.4,0.));
#6962 = DIRECTION('',(0.,1.,0.));
#6963 = DIRECTION('',(0.,-0.,1.));
#6964 = ADVANCED_FACE('',(#6965),#6983,.T.);
#6965 = FACE_BOUND('',#6966,.T.);
#6966 = EDGE_LOOP('',(#6967,#6968,#6969,#6977));
#6967 = ORIENTED_EDGE('',*,*,#6712,.F.);
#6968 = ORIENTED_EDGE('',*,*,#6877,.T.);
#6969 = ORIENTED_EDGE('',*,*,#6970,.T.);
#6970 = EDGE_CURVE('',#6878,#6971,#6973,.T.);
#6971 = VERTEX_POINT('',#6972);
#6972 = CARTESIAN_POINT('',(0.5,0.4,0.45));
#6973 = LINE('',#6974,#6975);
#6974 = CARTESIAN_POINT('',(-0.5,0.4,0.45));
#6975 = VECTOR('',#6976,1.);
#6976 = DIRECTION('',(1.,0.,0.));
#6977 = ORIENTED_EDGE('',*,*,#6978,.F.);
#6978 = EDGE_CURVE('',#6713,#6971,#6979,.T.);
#6979 = LINE('',#6980,#6981);
#6980 = CARTESIAN_POINT('',(0.5,0.4,0.405));
#6981 = VECTOR('',#6982,1.);
#6982 = DIRECTION('',(0.,0.,1.));
#6983 = PLANE('',#6984);
#6984 = AXIS2_PLACEMENT_3D('',#6985,#6986,#6987);
#6985 = CARTESIAN_POINT('',(-0.5,0.4,0.405));
#6986 = DIRECTION('',(0.,1.,0.));
#6987 = DIRECTION('',(0.,-0.,1.));
#6988 = ADVANCED_FACE('',(#6989),#7000,.T.);
#6989 = FACE_BOUND('',#6990,.T.);
#6990 = EDGE_LOOP('',(#6991,#6992,#6993,#6999));
#6991 = ORIENTED_EDGE('',*,*,#6760,.T.);
#6992 = ORIENTED_EDGE('',*,*,#6909,.T.);
#6993 = ORIENTED_EDGE('',*,*,#6994,.F.);
#6994 = EDGE_CURVE('',#6776,#6900,#6995,.T.);
#6995 = LINE('',#6996,#6997);
#6996 = CARTESIAN_POINT('',(0.545,-0.4,-2.775557561563E-17));
#6997 = VECTOR('',#6998,1.);
#6998 = DIRECTION('',(0.,1.,0.));
#6999 = ORIENTED_EDGE('',*,*,#6785,.F.);
#7000 = CYLINDRICAL_SURFACE('',#7001,4.5E-02);
#7001 = AXIS2_PLACEMENT_3D('',#7002,#7003,#7004);
#7002 = CARTESIAN_POINT('',(0.545,-0.4,4.5E-02));
#7003 = DIRECTION('',(0.,1.,0.));
#7004 = DIRECTION('',(-1.,0.,0.));
#7005 = ADVANCED_FACE('',(#7006),#7017,.F.);
#7006 = FACE_BOUND('',#7007,.F.);
#7007 = EDGE_LOOP('',(#7008,#7009,#7010,#7011));
#7008 = ORIENTED_EDGE('',*,*,#6899,.F.);
#7009 = ORIENTED_EDGE('',*,*,#6994,.F.);
#7010 = ORIENTED_EDGE('',*,*,#6775,.T.);
#7011 = ORIENTED_EDGE('',*,*,#7012,.T.);
#7012 = EDGE_CURVE('',#6778,#6902,#7013,.T.);
#7013 = LINE('',#7014,#7015);
#7014 = CARTESIAN_POINT('',(0.755,-0.4,-2.775557561563E-17));
#7015 = VECTOR('',#7016,1.);
#7016 = DIRECTION('',(0.,1.,0.));
#7017 = PLANE('',#7018);
#7018 = AXIS2_PLACEMENT_3D('',#7019,#7020,#7021);
#7019 = CARTESIAN_POINT('',(0.5,-0.4,0.));
#7020 = DIRECTION('',(0.,0.,1.));
#7021 = DIRECTION('',(1.,0.,-0.));
#7022 = ADVANCED_FACE('',(#7023),#7034,.T.);
#7023 = FACE_BOUND('',#7024,.T.);
#7024 = EDGE_LOOP('',(#7025,#7026,#7027,#7028));
#7025 = ORIENTED_EDGE('',*,*,#6829,.T.);
#7026 = ORIENTED_EDGE('',*,*,#7012,.T.);
#7027 = ORIENTED_EDGE('',*,*,#6953,.F.);
#7028 = ORIENTED_EDGE('',*,*,#7029,.F.);
#7029 = EDGE_CURVE('',#6822,#6946,#7030,.T.);
#7030 = LINE('',#7031,#7032);
#7031 = CARTESIAN_POINT('',(0.8,-0.4,4.5E-02));
#7032 = VECTOR('',#7033,1.);
#7033 = DIRECTION('',(0.,1.,0.));
#7034 = CYLINDRICAL_SURFACE('',#7035,4.5E-02);
#7035 = AXIS2_PLACEMENT_3D('',#7036,#7037,#7038);
#7036 = CARTESIAN_POINT('',(0.755,-0.4,4.5E-02));
#7037 = DIRECTION('',(0.,1.,0.));
#7038 = DIRECTION('',(1.,0.,0.));
#7039 = ADVANCED_FACE('',(#7040),#7051,.T.);
#7040 = FACE_BOUND('',#7041,.T.);
#7041 = EDGE_LOOP('',(#7042,#7043,#7044,#7045));
#7042 = ORIENTED_EDGE('',*,*,#6821,.F.);
#7043 = ORIENTED_EDGE('',*,*,#7029,.T.);
#7044 = ORIENTED_EDGE('',*,*,#6945,.T.);
#7045 = ORIENTED_EDGE('',*,*,#7046,.F.);
#7046 = EDGE_CURVE('',#6813,#6937,#7047,.T.);
#7047 = LINE('',#7048,#7049);
#7048 = CARTESIAN_POINT('',(0.8,-0.4,0.405));
#7049 = VECTOR('',#7050,1.);
#7050 = DIRECTION('',(0.,1.,0.));
#7051 = PLANE('',#7052);
#7052 = AXIS2_PLACEMENT_3D('',#7053,#7054,#7055);
#7053 = CARTESIAN_POINT('',(0.8,-0.4,0.));
#7054 = DIRECTION('',(1.,0.,0.));
#7055 = DIRECTION('',(0.,0.,1.));
#7056 = ADVANCED_FACE('',(#7057),#7068,.T.);
#7057 = FACE_BOUND('',#7058,.T.);
#7058 = EDGE_LOOP('',(#7059,#7060,#7061,#7067));
#7059 = ORIENTED_EDGE('',*,*,#7046,.T.);
#7060 = ORIENTED_EDGE('',*,*,#6936,.T.);
#7061 = ORIENTED_EDGE('',*,*,#7062,.F.);
#7062 = EDGE_CURVE('',#6805,#6929,#7063,.T.);
#7063 = LINE('',#7064,#7065);
#7064 = CARTESIAN_POINT('',(0.755,-0.4,0.45));
#7065 = VECTOR('',#7066,1.);
#7066 = DIRECTION('',(0.,1.,0.));
#7067 = ORIENTED_EDGE('',*,*,#6812,.F.);
#7068 = CYLINDRICAL_SURFACE('',#7069,4.5E-02);
#7069 = AXIS2_PLACEMENT_3D('',#7070,#7071,#7072);
#7070 = CARTESIAN_POINT('',(0.755,-0.4,0.405));
#7071 = DIRECTION('',(0.,1.,0.));
#7072 = DIRECTION('',(1.,0.,0.));
#7073 = ADVANCED_FACE('',(#7074),#7085,.T.);
#7074 = FACE_BOUND('',#7075,.T.);
#7075 = EDGE_LOOP('',(#7076,#7077,#7083,#7084));
#7076 = ORIENTED_EDGE('',*,*,#6928,.F.);
#7077 = ORIENTED_EDGE('',*,*,#7078,.F.);
#7078 = EDGE_CURVE('',#6796,#6920,#7079,.T.);
#7079 = LINE('',#7080,#7081);
#7080 = CARTESIAN_POINT('',(0.545,-0.4,0.45));
#7081 = VECTOR('',#7082,1.);
#7082 = DIRECTION('',(0.,1.,0.));
#7083 = ORIENTED_EDGE('',*,*,#6804,.T.);
#7084 = ORIENTED_EDGE('',*,*,#7062,.T.);
#7085 = PLANE('',#7086);
#7086 = AXIS2_PLACEMENT_3D('',#7087,#7088,#7089);
#7087 = CARTESIAN_POINT('',(0.5,-0.4,0.45));
#7088 = DIRECTION('',(0.,0.,1.));
#7089 = DIRECTION('',(1.,0.,-0.));
#7090 = ADVANCED_FACE('',(#7091),#7102,.T.);
#7091 = FACE_BOUND('',#7092,.T.);
#7092 = EDGE_LOOP('',(#7093,#7094,#7095,#7096));
#7093 = ORIENTED_EDGE('',*,*,#6795,.T.);
#7094 = ORIENTED_EDGE('',*,*,#7078,.T.);
#7095 = ORIENTED_EDGE('',*,*,#6919,.F.);
#7096 = ORIENTED_EDGE('',*,*,#7097,.F.);
#7097 = EDGE_CURVE('',#6630,#6713,#7098,.T.);
#7098 = LINE('',#7099,#7100);
#7099 = CARTESIAN_POINT('',(0.5,-0.4,0.405));
#7100 = VECTOR('',#7101,1.);
#7101 = DIRECTION('',(0.,1.,0.));
#7102 = CYLINDRICAL_SURFACE('',#7103,4.5E-02);
#7103 = AXIS2_PLACEMENT_3D('',#7104,#7105,#7106);
#7104 = CARTESIAN_POINT('',(0.545,-0.4,0.405));
#7105 = DIRECTION('',(0.,1.,0.));
#7106 = DIRECTION('',(-1.,0.,0.));
#7107 = ADVANCED_FACE('',(#7108),#7119,.T.);
#7108 = FACE_BOUND('',#7109,.T.);
#7109 = EDGE_LOOP('',(#7110,#7111,#7112,#7113));
#7110 = ORIENTED_EDGE('',*,*,#6861,.F.);
#7111 = ORIENTED_EDGE('',*,*,#7097,.T.);
#7112 = ORIENTED_EDGE('',*,*,#6978,.T.);
#7113 = ORIENTED_EDGE('',*,*,#7114,.F.);
#7114 = EDGE_CURVE('',#6854,#6971,#7115,.T.);
#7115 = LINE('',#7116,#7117);
#7116 = CARTESIAN_POINT('',(0.5,-0.4,0.45));
#7117 = VECTOR('',#7118,1.);
#7118 = DIRECTION('',(0.,1.,0.));
#7119 = PLANE('',#7120);
#7120 = AXIS2_PLACEMENT_3D('',#7121,#7122,#7123);
#7121 = CARTESIAN_POINT('',(0.5,-0.4,0.405));
#7122 = DIRECTION('',(1.,0.,0.));
#7123 = DIRECTION('',(0.,0.,1.));
#7124 = ADVANCED_FACE('',(#7125),#7131,.T.);
#7125 = FACE_BOUND('',#7126,.T.);
#7126 = EDGE_LOOP('',(#7127,#7128,#7129,#7130));
#7127 = ORIENTED_EDGE('',*,*,#6885,.F.);
#7128 = ORIENTED_EDGE('',*,*,#6853,.T.);
#7129 = ORIENTED_EDGE('',*,*,#7114,.T.);
#7130 = ORIENTED_EDGE('',*,*,#6970,.F.);
#7131 = PLANE('',#7132);
#7132 = AXIS2_PLACEMENT_3D('',#7133,#7134,#7135);
#7133 = CARTESIAN_POINT('',(-0.5,-0.4,0.45));
#7134 = DIRECTION('',(0.,0.,1.));
#7135 = DIRECTION('',(1.,0.,-0.));
#7136 = ( GEOMETRIC_REPRESENTATION_CONTEXT(3) 
GLOBAL_UNCERTAINTY_ASSIGNED_CONTEXT((#7140)) 
GLOBAL_UNIT_ASSIGNED_CONTEXT((#7137,#7138,#7139)) REPRESENTATION_CONTEXT
('Context #1','3D Context with UNIT and UNCERTAINTY') );
#7137 = ( LENGTH_UNIT() NAMED_UNIT(*) SI_UNIT(.MILLI.,.METRE.) );
#7138 = ( NAMED_UNIT(*) PLANE_ANGLE_UNIT() SI_UNIT($,.RADIAN.) );
#7139 = ( NAMED_UNIT(*) SI_UNIT($,.STERADIAN.) SOLID_ANGLE_UNIT() );
#7140 = UNCERTAINTY_MEASURE_WITH_UNIT(LENGTH_MEASURE(1.E-07),#7137,
  'distance_accuracy_value','confusion accuracy');
#7141 = CONTEXT_DEPENDENT_SHAPE_REPRESENTATION(#7142,#7144);
#7142 = ( REPRESENTATION_RELATIONSHIP('','',#6345,#6322) 
REPRESENTATION_RELATIONSHIP_WITH_TRANSFORMATION(#7143) 
SHAPE_REPRESENTATION_RELATIONSHIP() );
#7143 = ITEM_DEFINED_TRANSFORMATION('','',#11,#6323);
#7144 = PRODUCT_DEFINITION_SHAPE('Placement','Placement of an item',
  #7145);
#7145 = NEXT_ASSEMBLY_USAGE_OCCURRENCE('5','=>[0:1:1:7]','',#6317,#6340,
  $);
#7146 = PRODUCT_RELATED_PRODUCT_CATEGORY('part',$,(#6342));
#7147 = CONTEXT_DEPENDENT_SHAPE_REPRESENTATION(#7148,#7150);
#7148 = ( REPRESENTATION_RELATIONSHIP('','',#6322,#10) 
REPRESENTATION_RELATIONSHIP_WITH_TRANSFORMATION(#7149) 
SHAPE_REPRESENTATION_RELATIONSHIP() );
#7149 = ITEM_DEFINED_TRANSFORMATION('','',#11,#27);
#7150 = PRODUCT_DEFINITION_SHAPE('Placement','Placement of an item',
  #7151);
#7151 = NEXT_ASSEMBLY_USAGE_OCCURRENCE('7','R3','',#5,#6317,$);
#7152 = CONTEXT_DEPENDENT_SHAPE_REPRESENTATION(#7153,#7155);
#7153 = ( REPRESENTATION_RELATIONSHIP('','',#6322,#10) 
REPRESENTATION_RELATIONSHIP_WITH_TRANSFORMATION(#7154) 
SHAPE_REPRESENTATION_RELATIONSHIP() );
#7154 = ITEM_DEFINED_TRANSFORMATION('','',#11,#31);
#7155 = PRODUCT_DEFINITION_SHAPE('Placement','Placement of an item',
  #7156);
#7156 = NEXT_ASSEMBLY_USAGE_OCCURRENCE('8','R1','',#5,#6317,$);
#7157 = CONTEXT_DEPENDENT_SHAPE_REPRESENTATION(#7158,#7160);
#7158 = ( REPRESENTATION_RELATIONSHIP('','',#6322,#10) 
REPRESENTATION_RELATIONSHIP_WITH_TRANSFORMATION(#7159) 
SHAPE_REPRESENTATION_RELATIONSHIP() );
#7159 = ITEM_DEFINED_TRANSFORMATION('','',#11,#35);
#7160 = PRODUCT_DEFINITION_SHAPE('Placement','Placement of an item',
  #7161);
#7161 = NEXT_ASSEMBLY_USAGE_OCCURRENCE('9','R4','',#5,#6317,$);
#7162 = CONTEXT_DEPENDENT_SHAPE_REPRESENTATION(#7163,#7165);
#7163 = ( REPRESENTATION_RELATIONSHIP('','',#3624,#10) 
REPRESENTATION_RELATIONSHIP_WITH_TRANSFORMATION(#7164) 
SHAPE_REPRESENTATION_RELATIONSHIP() );
#7164 = ITEM_DEFINED_TRANSFORMATION('','',#11,#39);
#7165 = PRODUCT_DEFINITION_SHAPE('Placement','Placement of an item',
  #7166);
#7166 = NEXT_ASSEMBLY_USAGE_OCCURRENCE('10','SW9','',#5,#3619,$);
#7167 = CONTEXT_DEPENDENT_SHAPE_REPRESENTATION(#7168,#7170);
#7168 = ( REPRESENTATION_RELATIONSHIP('','',#3624,#10) 
REPRESENTATION_RELATIONSHIP_WITH_TRANSFORMATION(#7169) 
SHAPE_REPRESENTATION_RELATIONSHIP() );
#7169 = ITEM_DEFINED_TRANSFORMATION('','',#11,#43);
#7170 = PRODUCT_DEFINITION_SHAPE('Placement','Placement of an item',
  #7171);
#7171 = NEXT_ASSEMBLY_USAGE_OCCURRENCE('11','SW10','',#5,#3619,$);
#7172 = CONTEXT_DEPENDENT_SHAPE_REPRESENTATION(#7173,#7175);
#7173 = ( REPRESENTATION_RELATIONSHIP('','',#6322,#10) 
REPRESENTATION_RELATIONSHIP_WITH_TRANSFORMATION(#7174) 
SHAPE_REPRESENTATION_RELATIONSHIP() );
#7174 = ITEM_DEFINED_TRANSFORMATION('','',#11,#47);
#7175 = PRODUCT_DEFINITION_SHAPE('Placement','Placement of an item',
  #7176);
#7176 = NEXT_ASSEMBLY_USAGE_OCCURRENCE('12','R2','',#5,#6317,$);
#7177 = CONTEXT_DEPENDENT_SHAPE_REPRESENTATION(#7178,#7180);
#7178 = ( REPRESENTATION_RELATIONSHIP('','',#3624,#10) 
REPRESENTATION_RELATIONSHIP_WITH_TRANSFORMATION(#7179) 
SHAPE_REPRESENTATION_RELATIONSHIP() );
#7179 = ITEM_DEFINED_TRANSFORMATION('','',#11,#51);
#7180 = PRODUCT_DEFINITION_SHAPE('Placement','Placement of an item',
  #7181);
#7181 = NEXT_ASSEMBLY_USAGE_OCCURRENCE('13','SW7','',#5,#3619,$);
#7182 = CONTEXT_DEPENDENT_SHAPE_REPRESENTATION(#7183,#7185);
#7183 = ( REPRESENTATION_RELATIONSHIP('','',#3624,#10) 
REPRESENTATION_RELATIONSHIP_WITH_TRANSFORMATION(#7184) 
SHAPE_REPRESENTATION_RELATIONSHIP() );
#7184 = ITEM_DEFINED_TRANSFORMATION('','',#11,#55);
#7185 = PRODUCT_DEFINITION_SHAPE('Placement','Placement of an item',
  #7186);
#7186 = NEXT_ASSEMBLY_USAGE_OCCURRENCE('14','SW8','',#5,#3619,$);
#7187 = CONTEXT_DEPENDENT_SHAPE_REPRESENTATION(#7188,#7190);
#7188 = ( REPRESENTATION_RELATIONSHIP('','',#6322,#10) 
REPRESENTATION_RELATIONSHIP_WITH_TRANSFORMATION(#7189) 
SHAPE_REPRESENTATION_RELATIONSHIP() );
#7189 = ITEM_DEFINED_TRANSFORMATION('','',#11,#59);
#7190 = PRODUCT_DEFINITION_SHAPE('Placement','Placement of an item',
  #7191);
#7191 = NEXT_ASSEMBLY_USAGE_OCCURRENCE('15','R8','',#5,#6317,$);
#7192 = CONTEXT_DEPENDENT_SHAPE_REPRESENTATION(#7193,#7195);
#7193 = ( REPRESENTATION_RELATIONSHIP('','',#6322,#10) 
REPRESENTATION_RELATIONSHIP_WITH_TRANSFORMATION(#7194) 
SHAPE_REPRESENTATION_RELATIONSHIP() );
#7194 = ITEM_DEFINED_TRANSFORMATION('','',#11,#63);
#7195 = PRODUCT_DEFINITION_SHAPE('Placement','Placement of an item',
  #7196);
#7196 = NEXT_ASSEMBLY_USAGE_OCCURRENCE('16','R10','',#5,#6317,$);
#7197 = SHAPE_DEFINITION_REPRESENTATION(#7198,#7204);
#7198 = PRODUCT_DEFINITION_SHAPE('','',#7199);
#7199 = PRODUCT_DEFINITION('design','',#7200,#7203);
#7200 = PRODUCT_DEFINITION_FORMATION('','',#7201);
#7201 = PRODUCT('PinHeader_1x02_P2.54mm_Vertical',
  'PinHeader_1x02_P2.54mm_Vertical','',(#7202));
#7202 = PRODUCT_CONTEXT('',#2,'mechanical');
#7203 = PRODUCT_DEFINITION_CONTEXT('part definition',#2,'design');
#7204 = SHAPE_REPRESENTATION('',(#11,#7205),#7209);
#7205 = AXIS2_PLACEMENT_3D('',#7206,#7207,#7208);
#7206 = CARTESIAN_POINT('',(0.,0.,0.));
#7207 = DIRECTION('',(0.,0.,1.));
#7208 = DIRECTION('',(1.,0.,-0.));
#7209 = ( GEOMETRIC_REPRESENTATION_CONTEXT(3) 
GLOBAL_UNCERTAINTY_ASSIGNED_CONTEXT((#7213)) 
GLOBAL_UNIT_ASSIGNED_CONTEXT((#7210,#7211,#7212)) REPRESENTATION_CONTEXT
('Context #1','3D Context with UNIT and UNCERTAINTY') );
#7210 = ( LENGTH_UNIT() NAMED_UNIT(*) SI_UNIT(.MILLI.,.METRE.) );
#7211 = ( NAMED_UNIT(*) PLANE_ANGLE_UNIT() SI_UNIT($,.RADIAN.) );
#7212 = ( NAMED_UNIT(*) SI_UNIT($,.STERADIAN.) SOLID_ANGLE_UNIT() );
#7213 = UNCERTAINTY_MEASURE_WITH_UNIT(LENGTH_MEASURE(1.E-07),#7210,
  'distance_accuracy_value','confusion accuracy');
#7214 = CONTEXT_DEPENDENT_SHAPE_REPRESENTATION(#7215,#7217);
#7215 = ( REPRESENTATION_RELATIONSHIP('','',#7204,#10) 
REPRESENTATION_RELATIONSHIP_WITH_TRANSFORMATION(#7216) 
SHAPE_REPRESENTATION_RELATIONSHIP() );
#7216 = ITEM_DEFINED_TRANSFORMATION('','',#11,#67);
#7217 = PRODUCT_DEFINITION_SHAPE('Placement','Placement of an item',
  #7218);
#7218 = NEXT_ASSEMBLY_USAGE_OCCURRENCE('18','BT1','',#5,#7199,$);
#7219 = PRODUCT_RELATED_PRODUCT_CATEGORY('part',$,(#7201));
#7220 = SHAPE_DEFINITION_REPRESENTATION(#7221,#7227);
#7221 = PRODUCT_DEFINITION_SHAPE('','',#7222);
#7222 = PRODUCT_DEFINITION('design','',#7223,#7226);
#7223 = PRODUCT_DEFINITION_FORMATION('','',#7224);
#7224 = PRODUCT('PinHeader_1x02_P254mm_Vertical',
  'PinHeader_1x02_P254mm_Vertical','',(#7225));
#7225 = PRODUCT_CONTEXT('',#2,'mechanical');
#7226 = PRODUCT_DEFINITION_CONTEXT('part definition',#2,'design');
#7227 = ADVANCED_BREP_SHAPE_REPRESENTATION('',(#11,#7228),#8660);
#7228 = MANIFOLD_SOLID_BREP('',#7229);
#7229 = CLOSED_SHELL('',(#7230,#7270,#7301,#7332,#7497,#7662,#7679,#7696
    ,#7713,#7730,#7747,#7764,#7781,#7798,#7815,#7832,#7844,#7875,#7899,
    #7923,#7940,#7971,#7995,#8019,#8036,#8067,#8091,#8115,#8132,#8163,
    #8187,#8211,#8228,#8259,#8283,#8307,#8324,#8355,#8379,#8403,#8420,
    #8451,#8475,#8499,#8516,#8547,#8571,#8595,#8612,#8624,#8636,#8648));
#7230 = ADVANCED_FACE('',(#7231),#7265,.F.);
#7231 = FACE_BOUND('',#7232,.F.);
#7232 = EDGE_LOOP('',(#7233,#7243,#7251,#7259));
#7233 = ORIENTED_EDGE('',*,*,#7234,.T.);
#7234 = EDGE_CURVE('',#7235,#7237,#7239,.T.);
#7235 = VERTEX_POINT('',#7236);
#7236 = CARTESIAN_POINT('',(-1.016,1.27,0.));
#7237 = VERTEX_POINT('',#7238);
#7238 = CARTESIAN_POINT('',(-1.016,1.27,2.54));
#7239 = LINE('',#7240,#7241);
#7240 = CARTESIAN_POINT('',(-1.016,1.27,0.));
#7241 = VECTOR('',#7242,1.);
#7242 = DIRECTION('',(0.,0.,1.));
#7243 = ORIENTED_EDGE('',*,*,#7244,.T.);
#7244 = EDGE_CURVE('',#7237,#7245,#7247,.T.);
#7245 = VERTEX_POINT('',#7246);
#7246 = CARTESIAN_POINT('',(-1.27,1.016,2.54));
#7247 = LINE('',#7248,#7249);
#7248 = CARTESIAN_POINT('',(-1.016,1.27,2.54));
#7249 = VECTOR('',#7250,1.);
#7250 = DIRECTION('',(-0.707106781187,-0.707106781187,0.));
#7251 = ORIENTED_EDGE('',*,*,#7252,.F.);
#7252 = EDGE_CURVE('',#7253,#7245,#7255,.T.);
#7253 = VERTEX_POINT('',#7254);
#7254 = CARTESIAN_POINT('',(-1.27,1.016,0.));
#7255 = LINE('',#7256,#7257);
#7256 = CARTESIAN_POINT('',(-1.27,1.016,0.));
#7257 = VECTOR('',#7258,1.);
#7258 = DIRECTION('',(0.,0.,1.));
#7259 = ORIENTED_EDGE('',*,*,#7260,.F.);
#7260 = EDGE_CURVE('',#7235,#7253,#7261,.T.);
#7261 = LINE('',#7262,#7263);
#7262 = CARTESIAN_POINT('',(-1.016,1.27,0.));
#7263 = VECTOR('',#7264,1.);
#7264 = DIRECTION('',(-0.707106781187,-0.707106781187,0.));
#7265 = PLANE('',#7266);
#7266 = AXIS2_PLACEMENT_3D('',#7267,#7268,#7269);
#7267 = CARTESIAN_POINT('',(-1.016,1.27,0.));
#7268 = DIRECTION('',(0.707106781187,-0.707106781187,0.));
#7269 = DIRECTION('',(-0.707106781187,-0.707106781187,0.));
#7270 = ADVANCED_FACE('',(#7271),#7296,.F.);
#7271 = FACE_BOUND('',#7272,.F.);
#7272 = EDGE_LOOP('',(#7273,#7283,#7289,#7290));
#7273 = ORIENTED_EDGE('',*,*,#7274,.T.);
#7274 = EDGE_CURVE('',#7275,#7277,#7279,.T.);
#7275 = VERTEX_POINT('',#7276);
#7276 = CARTESIAN_POINT('',(1.016,1.27,0.));
#7277 = VERTEX_POINT('',#7278);
#7278 = CARTESIAN_POINT('',(1.016,1.27,2.54));
#7279 = LINE('',#7280,#7281);
#7280 = CARTESIAN_POINT('',(1.016,1.27,0.));
#7281 = VECTOR('',#7282,1.);
#7282 = DIRECTION('',(0.,0.,1.));
#7283 = ORIENTED_EDGE('',*,*,#7284,.T.);
#7284 = EDGE_CURVE('',#7277,#7237,#7285,.T.);
#7285 = LINE('',#7286,#7287);
#7286 = CARTESIAN_POINT('',(1.016,1.27,2.54));
#7287 = VECTOR('',#7288,1.);
#7288 = DIRECTION('',(-1.,0.,0.));
#7289 = ORIENTED_EDGE('',*,*,#7234,.F.);
#7290 = ORIENTED_EDGE('',*,*,#7291,.F.);
#7291 = EDGE_CURVE('',#7275,#7235,#7292,.T.);
#7292 = LINE('',#7293,#7294);
#7293 = CARTESIAN_POINT('',(1.016,1.27,0.));
#7294 = VECTOR('',#7295,1.);
#7295 = DIRECTION('',(-1.,0.,0.));
#7296 = PLANE('',#7297);
#7297 = AXIS2_PLACEMENT_3D('',#7298,#7299,#7300);
#7298 = CARTESIAN_POINT('',(1.016,1.27,0.));
#7299 = DIRECTION('',(0.,-1.,0.));
#7300 = DIRECTION('',(-1.,0.,0.));
#7301 = ADVANCED_FACE('',(#7302),#7327,.F.);
#7302 = FACE_BOUND('',#7303,.F.);
#7303 = EDGE_LOOP('',(#7304,#7305,#7313,#7321));
#7304 = ORIENTED_EDGE('',*,*,#7252,.T.);
#7305 = ORIENTED_EDGE('',*,*,#7306,.T.);
#7306 = EDGE_CURVE('',#7245,#7307,#7309,.T.);
#7307 = VERTEX_POINT('',#7308);
#7308 = CARTESIAN_POINT('',(-1.27,-1.016,2.54));
#7309 = LINE('',#7310,#7311);
#7310 = CARTESIAN_POINT('',(-1.27,1.016,2.54));
#7311 = VECTOR('',#7312,1.);
#7312 = DIRECTION('',(0.,-1.,0.));
#7313 = ORIENTED_EDGE('',*,*,#7314,.F.);
#7314 = EDGE_CURVE('',#7315,#7307,#7317,.T.);
#7315 = VERTEX_POINT('',#7316);
#7316 = CARTESIAN_POINT('',(-1.27,-1.016,0.));
#7317 = LINE('',#7318,#7319);
#7318 = CARTESIAN_POINT('',(-1.27,-1.016,0.));
#7319 = VECTOR('',#7320,1.);
#7320 = DIRECTION('',(0.,0.,1.));
#7321 = ORIENTED_EDGE('',*,*,#7322,.F.);
#7322 = EDGE_CURVE('',#7253,#7315,#7323,.T.);
#7323 = LINE('',#7324,#7325);
#7324 = CARTESIAN_POINT('',(-1.27,1.016,0.));
#7325 = VECTOR('',#7326,1.);
#7326 = DIRECTION('',(0.,-1.,0.));
#7327 = PLANE('',#7328);
#7328 = AXIS2_PLACEMENT_3D('',#7329,#7330,#7331);
#7329 = CARTESIAN_POINT('',(-1.27,1.016,0.));
#7330 = DIRECTION('',(1.,0.,0.));
#7331 = DIRECTION('',(0.,-1.,0.));
#7332 = ADVANCED_FACE('',(#7333,#7424,#7458),#7492,.F.);
#7333 = FACE_BOUND('',#7334,.F.);
#7334 = EDGE_LOOP('',(#7335,#7336,#7337,#7345,#7353,#7361,#7369,#7377,
    #7385,#7393,#7401,#7409,#7417,#7423));
#7335 = ORIENTED_EDGE('',*,*,#7260,.T.);
#7336 = ORIENTED_EDGE('',*,*,#7322,.T.);
#7337 = ORIENTED_EDGE('',*,*,#7338,.T.);
#7338 = EDGE_CURVE('',#7315,#7339,#7341,.T.);
#7339 = VERTEX_POINT('',#7340);
#7340 = CARTESIAN_POINT('',(-1.016,-1.27,0.));
#7341 = LINE('',#7342,#7343);
#7342 = CARTESIAN_POINT('',(-1.27,-1.016,0.));
#7343 = VECTOR('',#7344,1.);
#7344 = DIRECTION('',(0.707106781187,-0.707106781187,0.));
#7345 = ORIENTED_EDGE('',*,*,#7346,.T.);
#7346 = EDGE_CURVE('',#7339,#7347,#7349,.T.);
#7347 = VERTEX_POINT('',#7348);
#7348 = CARTESIAN_POINT('',(-1.27,-1.524,0.));
#7349 = LINE('',#7350,#7351);
#7350 = CARTESIAN_POINT('',(-1.016,-1.27,0.));
#7351 = VECTOR('',#7352,1.);
#7352 = DIRECTION('',(-0.707106781187,-0.707106781187,0.));
#7353 = ORIENTED_EDGE('',*,*,#7354,.T.);
#7354 = EDGE_CURVE('',#7347,#7355,#7357,.T.);
#7355 = VERTEX_POINT('',#7356);
#7356 = CARTESIAN_POINT('',(-1.27,-3.556,0.));
#7357 = LINE('',#7358,#7359);
#7358 = CARTESIAN_POINT('',(-1.27,-1.524,0.));
#7359 = VECTOR('',#7360,1.);
#7360 = DIRECTION('',(0.,-1.,0.));
#7361 = ORIENTED_EDGE('',*,*,#7362,.T.);
#7362 = EDGE_CURVE('',#7355,#7363,#7365,.T.);
#7363 = VERTEX_POINT('',#7364);
#7364 = CARTESIAN_POINT('',(-1.016,-3.81,0.));
#7365 = LINE('',#7366,#7367);
#7366 = CARTESIAN_POINT('',(-1.27,-3.556,0.));
#7367 = VECTOR('',#7368,1.);
#7368 = DIRECTION('',(0.707106781187,-0.707106781187,0.));
#7369 = ORIENTED_EDGE('',*,*,#7370,.T.);
#7370 = EDGE_CURVE('',#7363,#7371,#7373,.T.);
#7371 = VERTEX_POINT('',#7372);
#7372 = CARTESIAN_POINT('',(1.016,-3.81,0.));
#7373 = LINE('',#7374,#7375);
#7374 = CARTESIAN_POINT('',(-1.016,-3.81,0.));
#7375 = VECTOR('',#7376,1.);
#7376 = DIRECTION('',(1.,0.,0.));
#7377 = ORIENTED_EDGE('',*,*,#7378,.T.);
#7378 = EDGE_CURVE('',#7371,#7379,#7381,.T.);
#7379 = VERTEX_POINT('',#7380);
#7380 = CARTESIAN_POINT('',(1.27,-3.556,0.));
#7381 = LINE('',#7382,#7383);
#7382 = CARTESIAN_POINT('',(1.016,-3.81,0.));
#7383 = VECTOR('',#7384,1.);
#7384 = DIRECTION('',(0.707106781187,0.707106781187,0.));
#7385 = ORIENTED_EDGE('',*,*,#7386,.T.);
#7386 = EDGE_CURVE('',#7379,#7387,#7389,.T.);
#7387 = VERTEX_POINT('',#7388);
#7388 = CARTESIAN_POINT('',(1.27,-1.524,0.));
#7389 = LINE('',#7390,#7391);
#7390 = CARTESIAN_POINT('',(1.27,-3.556,0.));
#7391 = VECTOR('',#7392,1.);
#7392 = DIRECTION('',(0.,1.,0.));
#7393 = ORIENTED_EDGE('',*,*,#7394,.T.);
#7394 = EDGE_CURVE('',#7387,#7395,#7397,.T.);
#7395 = VERTEX_POINT('',#7396);
#7396 = CARTESIAN_POINT('',(1.016,-1.27,0.));
#7397 = LINE('',#7398,#7399);
#7398 = CARTESIAN_POINT('',(1.27,-1.524,0.));
#7399 = VECTOR('',#7400,1.);
#7400 = DIRECTION('',(-0.707106781187,0.707106781187,0.));
#7401 = ORIENTED_EDGE('',*,*,#7402,.T.);
#7402 = EDGE_CURVE('',#7395,#7403,#7405,.T.);
#7403 = VERTEX_POINT('',#7404);
#7404 = CARTESIAN_POINT('',(1.27,-1.016,0.));
#7405 = LINE('',#7406,#7407);
#7406 = CARTESIAN_POINT('',(1.016,-1.27,0.));
#7407 = VECTOR('',#7408,1.);
#7408 = DIRECTION('',(0.707106781187,0.707106781187,0.));
#7409 = ORIENTED_EDGE('',*,*,#7410,.T.);
#7410 = EDGE_CURVE('',#7403,#7411,#7413,.T.);
#7411 = VERTEX_POINT('',#7412);
#7412 = CARTESIAN_POINT('',(1.27,1.016,0.));
#7413 = LINE('',#7414,#7415);
#7414 = CARTESIAN_POINT('',(1.27,-1.016,0.));
#7415 = VECTOR('',#7416,1.);
#7416 = DIRECTION('',(0.,1.,0.));
#7417 = ORIENTED_EDGE('',*,*,#7418,.T.);
#7418 = EDGE_CURVE('',#7411,#7275,#7419,.T.);
#7419 = LINE('',#7420,#7421);
#7420 = CARTESIAN_POINT('',(1.27,1.016,0.));
#7421 = VECTOR('',#7422,1.);
#7422 = DIRECTION('',(-0.707106781187,0.707106781187,0.));
#7423 = ORIENTED_EDGE('',*,*,#7291,.T.);
#7424 = FACE_BOUND('',#7425,.F.);
#7425 = EDGE_LOOP('',(#7426,#7436,#7444,#7452));
#7426 = ORIENTED_EDGE('',*,*,#7427,.T.);
#7427 = EDGE_CURVE('',#7428,#7430,#7432,.T.);
#7428 = VERTEX_POINT('',#7429);
#7429 = CARTESIAN_POINT('',(0.32,-0.32,0.));
#7430 = VERTEX_POINT('',#7431);
#7431 = CARTESIAN_POINT('',(-0.32,-0.32,0.));
#7432 = LINE('',#7433,#7434);
#7433 = CARTESIAN_POINT('',(-0.16,-0.32,0.));
#7434 = VECTOR('',#7435,1.);
#7435 = DIRECTION('',(-1.,0.,0.));
#7436 = ORIENTED_EDGE('',*,*,#7437,.T.);
#7437 = EDGE_CURVE('',#7430,#7438,#7440,.T.);
#7438 = VERTEX_POINT('',#7439);
#7439 = CARTESIAN_POINT('',(-0.32,0.32,0.));
#7440 = LINE('',#7441,#7442);
#7441 = CARTESIAN_POINT('',(-0.32,-0.795,0.));
#7442 = VECTOR('',#7443,1.);
#7443 = DIRECTION('',(0.,1.,0.));
#7444 = ORIENTED_EDGE('',*,*,#7445,.F.);
#7445 = EDGE_CURVE('',#7446,#7438,#7448,.T.);
#7446 = VERTEX_POINT('',#7447);
#7447 = CARTESIAN_POINT('',(0.32,0.32,0.));
#7448 = LINE('',#7449,#7450);
#7449 = CARTESIAN_POINT('',(-0.16,0.32,0.));
#7450 = VECTOR('',#7451,1.);
#7451 = DIRECTION('',(-1.,0.,0.));
#7452 = ORIENTED_EDGE('',*,*,#7453,.F.);
#7453 = EDGE_CURVE('',#7428,#7446,#7454,.T.);
#7454 = LINE('',#7455,#7456);
#7455 = CARTESIAN_POINT('',(0.32,-0.795,0.));
#7456 = VECTOR('',#7457,1.);
#7457 = DIRECTION('',(0.,1.,0.));
#7458 = FACE_BOUND('',#7459,.F.);
#7459 = EDGE_LOOP('',(#7460,#7470,#7478,#7486));
#7460 = ORIENTED_EDGE('',*,*,#7461,.T.);
#7461 = EDGE_CURVE('',#7462,#7464,#7466,.T.);
#7462 = VERTEX_POINT('',#7463);
#7463 = CARTESIAN_POINT('',(0.32,-2.86,0.));
#7464 = VERTEX_POINT('',#7465);
#7465 = CARTESIAN_POINT('',(-0.32,-2.86,0.));
#7466 = LINE('',#7467,#7468);
#7467 = CARTESIAN_POINT('',(-0.16,-2.86,0.));
#7468 = VECTOR('',#7469,1.);
#7469 = DIRECTION('',(-1.,0.,0.));
#7470 = ORIENTED_EDGE('',*,*,#7471,.T.);
#7471 = EDGE_CURVE('',#7464,#7472,#7474,.T.);
#7472 = VERTEX_POINT('',#7473);
#7473 = CARTESIAN_POINT('',(-0.32,-2.22,0.));
#7474 = LINE('',#7475,#7476);
#7475 = CARTESIAN_POINT('',(-0.32,-2.065,0.));
#7476 = VECTOR('',#7477,1.);
#7477 = DIRECTION('',(0.,1.,0.));
#7478 = ORIENTED_EDGE('',*,*,#7479,.F.);
#7479 = EDGE_CURVE('',#7480,#7472,#7482,.T.);
#7480 = VERTEX_POINT('',#7481);
#7481 = CARTESIAN_POINT('',(0.32,-2.22,0.));
#7482 = LINE('',#7483,#7484);
#7483 = CARTESIAN_POINT('',(-0.16,-2.22,0.));
#7484 = VECTOR('',#7485,1.);
#7485 = DIRECTION('',(-1.,0.,0.));
#7486 = ORIENTED_EDGE('',*,*,#7487,.F.);
#7487 = EDGE_CURVE('',#7462,#7480,#7488,.T.);
#7488 = LINE('',#7489,#7490);
#7489 = CARTESIAN_POINT('',(0.32,-2.065,0.));
#7490 = VECTOR('',#7491,1.);
#7491 = DIRECTION('',(0.,1.,0.));
#7492 = PLANE('',#7493);
#7493 = AXIS2_PLACEMENT_3D('',#7494,#7495,#7496);
#7494 = CARTESIAN_POINT('',(1.473843703412E-17,-1.27,0.));
#7495 = DIRECTION('',(0.,0.,1.));
#7496 = DIRECTION('',(1.,0.,-0.));
#7497 = ADVANCED_FACE('',(#7498,#7589,#7623),#7657,.T.);
#7498 = FACE_BOUND('',#7499,.T.);
#7499 = EDGE_LOOP('',(#7500,#7501,#7502,#7510,#7518,#7526,#7534,#7542,
    #7550,#7558,#7566,#7574,#7582,#7588));
#7500 = ORIENTED_EDGE('',*,*,#7244,.T.);
#7501 = ORIENTED_EDGE('',*,*,#7306,.T.);
#7502 = ORIENTED_EDGE('',*,*,#7503,.T.);
#7503 = EDGE_CURVE('',#7307,#7504,#7506,.T.);
#7504 = VERTEX_POINT('',#7505);
#7505 = CARTESIAN_POINT('',(-1.016,-1.27,2.54));
#7506 = LINE('',#7507,#7508);
#7507 = CARTESIAN_POINT('',(-1.27,-1.016,2.54));
#7508 = VECTOR('',#7509,1.);
#7509 = DIRECTION('',(0.707106781187,-0.707106781187,0.));
#7510 = ORIENTED_EDGE('',*,*,#7511,.T.);
#7511 = EDGE_CURVE('',#7504,#7512,#7514,.T.);
#7512 = VERTEX_POINT('',#7513);
#7513 = CARTESIAN_POINT('',(-1.27,-1.524,2.54));
#7514 = LINE('',#7515,#7516);
#7515 = CARTESIAN_POINT('',(-1.016,-1.27,2.54));
#7516 = VECTOR('',#7517,1.);
#7517 = DIRECTION('',(-0.707106781187,-0.707106781187,0.));
#7518 = ORIENTED_EDGE('',*,*,#7519,.T.);
#7519 = EDGE_CURVE('',#7512,#7520,#7522,.T.);
#7520 = VERTEX_POINT('',#7521);
#7521 = CARTESIAN_POINT('',(-1.27,-3.556,2.54));
#7522 = LINE('',#7523,#7524);
#7523 = CARTESIAN_POINT('',(-1.27,-1.524,2.54));
#7524 = VECTOR('',#7525,1.);
#7525 = DIRECTION('',(0.,-1.,0.));
#7526 = ORIENTED_EDGE('',*,*,#7527,.T.);
#7527 = EDGE_CURVE('',#7520,#7528,#7530,.T.);
#7528 = VERTEX_POINT('',#7529);
#7529 = CARTESIAN_POINT('',(-1.016,-3.81,2.54));
#7530 = LINE('',#7531,#7532);
#7531 = CARTESIAN_POINT('',(-1.27,-3.556,2.54));
#7532 = VECTOR('',#7533,1.);
#7533 = DIRECTION('',(0.707106781187,-0.707106781187,0.));
#7534 = ORIENTED_EDGE('',*,*,#7535,.T.);
#7535 = EDGE_CURVE('',#7528,#7536,#7538,.T.);
#7536 = VERTEX_POINT('',#7537);
#7537 = CARTESIAN_POINT('',(1.016,-3.81,2.54));
#7538 = LINE('',#7539,#7540);
#7539 = CARTESIAN_POINT('',(-1.016,-3.81,2.54));
#7540 = VECTOR('',#7541,1.);
#7541 = DIRECTION('',(1.,0.,0.));
#7542 = ORIENTED_EDGE('',*,*,#7543,.T.);
#7543 = EDGE_CURVE('',#7536,#7544,#7546,.T.);
#7544 = VERTEX_POINT('',#7545);
#7545 = CARTESIAN_POINT('',(1.27,-3.556,2.54));
#7546 = LINE('',#7547,#7548);
#7547 = CARTESIAN_POINT('',(1.016,-3.81,2.54));
#7548 = VECTOR('',#7549,1.);
#7549 = DIRECTION('',(0.707106781187,0.707106781187,0.));
#7550 = ORIENTED_EDGE('',*,*,#7551,.T.);
#7551 = EDGE_CURVE('',#7544,#7552,#7554,.T.);
#7552 = VERTEX_POINT('',#7553);
#7553 = CARTESIAN_POINT('',(1.27,-1.524,2.54));
#7554 = LINE('',#7555,#7556);
#7555 = CARTESIAN_POINT('',(1.27,-3.556,2.54));
#7556 = VECTOR('',#7557,1.);
#7557 = DIRECTION('',(0.,1.,0.));
#7558 = ORIENTED_EDGE('',*,*,#7559,.T.);
#7559 = EDGE_CURVE('',#7552,#7560,#7562,.T.);
#7560 = VERTEX_POINT('',#7561);
#7561 = CARTESIAN_POINT('',(1.016,-1.27,2.54));
#7562 = LINE('',#7563,#7564);
#7563 = CARTESIAN_POINT('',(1.27,-1.524,2.54));
#7564 = VECTOR('',#7565,1.);
#7565 = DIRECTION('',(-0.707106781187,0.707106781187,0.));
#7566 = ORIENTED_EDGE('',*,*,#7567,.T.);
#7567 = EDGE_CURVE('',#7560,#7568,#7570,.T.);
#7568 = VERTEX_POINT('',#7569);
#7569 = CARTESIAN_POINT('',(1.27,-1.016,2.54));
#7570 = LINE('',#7571,#7572);
#7571 = CARTESIAN_POINT('',(1.016,-1.27,2.54));
#7572 = VECTOR('',#7573,1.);
#7573 = DIRECTION('',(0.707106781187,0.707106781187,0.));
#7574 = ORIENTED_EDGE('',*,*,#7575,.T.);
#7575 = EDGE_CURVE('',#7568,#7576,#7578,.T.);
#7576 = VERTEX_POINT('',#7577);
#7577 = CARTESIAN_POINT('',(1.27,1.016,2.54));
#7578 = LINE('',#7579,#7580);
#7579 = CARTESIAN_POINT('',(1.27,-1.016,2.54));
#7580 = VECTOR('',#7581,1.);
#7581 = DIRECTION('',(0.,1.,0.));
#7582 = ORIENTED_EDGE('',*,*,#7583,.T.);
#7583 = EDGE_CURVE('',#7576,#7277,#7584,.T.);
#7584 = LINE('',#7585,#7586);
#7585 = CARTESIAN_POINT('',(1.27,1.016,2.54));
#7586 = VECTOR('',#7587,1.);
#7587 = DIRECTION('',(-0.707106781187,0.707106781187,0.));
#7588 = ORIENTED_EDGE('',*,*,#7284,.T.);
#7589 = FACE_BOUND('',#7590,.T.);
#7590 = EDGE_LOOP('',(#7591,#7601,#7609,#7617));
#7591 = ORIENTED_EDGE('',*,*,#7592,.T.);
#7592 = EDGE_CURVE('',#7593,#7595,#7597,.T.);
#7593 = VERTEX_POINT('',#7594);
#7594 = CARTESIAN_POINT('',(0.32,-0.32,2.54));
#7595 = VERTEX_POINT('',#7596);
#7596 = CARTESIAN_POINT('',(-0.32,-0.32,2.54));
#7597 = LINE('',#7598,#7599);
#7598 = CARTESIAN_POINT('',(-0.16,-0.32,2.54));
#7599 = VECTOR('',#7600,1.);
#7600 = DIRECTION('',(-1.,0.,0.));
#7601 = ORIENTED_EDGE('',*,*,#7602,.T.);
#7602 = EDGE_CURVE('',#7595,#7603,#7605,.T.);
#7603 = VERTEX_POINT('',#7604);
#7604 = CARTESIAN_POINT('',(-0.32,0.32,2.54));
#7605 = LINE('',#7606,#7607);
#7606 = CARTESIAN_POINT('',(-0.32,-0.795,2.54));
#7607 = VECTOR('',#7608,1.);
#7608 = DIRECTION('',(0.,1.,0.));
#7609 = ORIENTED_EDGE('',*,*,#7610,.F.);
#7610 = EDGE_CURVE('',#7611,#7603,#7613,.T.);
#7611 = VERTEX_POINT('',#7612);
#7612 = CARTESIAN_POINT('',(0.32,0.32,2.54));
#7613 = LINE('',#7614,#7615);
#7614 = CARTESIAN_POINT('',(-0.16,0.32,2.54));
#7615 = VECTOR('',#7616,1.);
#7616 = DIRECTION('',(-1.,0.,0.));
#7617 = ORIENTED_EDGE('',*,*,#7618,.F.);
#7618 = EDGE_CURVE('',#7593,#7611,#7619,.T.);
#7619 = LINE('',#7620,#7621);
#7620 = CARTESIAN_POINT('',(0.32,-0.795,2.54));
#7621 = VECTOR('',#7622,1.);
#7622 = DIRECTION('',(0.,1.,0.));
#7623 = FACE_BOUND('',#7624,.T.);
#7624 = EDGE_LOOP('',(#7625,#7635,#7643,#7651));
#7625 = ORIENTED_EDGE('',*,*,#7626,.T.);
#7626 = EDGE_CURVE('',#7627,#7629,#7631,.T.);
#7627 = VERTEX_POINT('',#7628);
#7628 = CARTESIAN_POINT('',(0.32,-2.86,2.54));
#7629 = VERTEX_POINT('',#7630);
#7630 = CARTESIAN_POINT('',(-0.32,-2.86,2.54));
#7631 = LINE('',#7632,#7633);
#7632 = CARTESIAN_POINT('',(-0.16,-2.86,2.54));
#7633 = VECTOR('',#7634,1.);
#7634 = DIRECTION('',(-1.,0.,0.));
#7635 = ORIENTED_EDGE('',*,*,#7636,.T.);
#7636 = EDGE_CURVE('',#7629,#7637,#7639,.T.);
#7637 = VERTEX_POINT('',#7638);
#7638 = CARTESIAN_POINT('',(-0.32,-2.22,2.54));
#7639 = LINE('',#7640,#7641);
#7640 = CARTESIAN_POINT('',(-0.32,-2.065,2.54));
#7641 = VECTOR('',#7642,1.);
#7642 = DIRECTION('',(0.,1.,0.));
#7643 = ORIENTED_EDGE('',*,*,#7644,.F.);
#7644 = EDGE_CURVE('',#7645,#7637,#7647,.T.);
#7645 = VERTEX_POINT('',#7646);
#7646 = CARTESIAN_POINT('',(0.32,-2.22,2.54));
#7647 = LINE('',#7648,#7649);
#7648 = CARTESIAN_POINT('',(-0.16,-2.22,2.54));
#7649 = VECTOR('',#7650,1.);
#7650 = DIRECTION('',(-1.,0.,0.));
#7651 = ORIENTED_EDGE('',*,*,#7652,.F.);
#7652 = EDGE_CURVE('',#7627,#7645,#7653,.T.);
#7653 = LINE('',#7654,#7655);
#7654 = CARTESIAN_POINT('',(0.32,-2.065,2.54));
#7655 = VECTOR('',#7656,1.);
#7656 = DIRECTION('',(0.,1.,0.));
#7657 = PLANE('',#7658);
#7658 = AXIS2_PLACEMENT_3D('',#7659,#7660,#7661);
#7659 = CARTESIAN_POINT('',(1.473843703412E-17,-1.27,2.54));
#7660 = DIRECTION('',(0.,0.,1.));
#7661 = DIRECTION('',(1.,0.,-0.));
#7662 = ADVANCED_FACE('',(#7663),#7674,.F.);
#7663 = FACE_BOUND('',#7664,.F.);
#7664 = EDGE_LOOP('',(#7665,#7671,#7672,#7673));
#7665 = ORIENTED_EDGE('',*,*,#7666,.T.);
#7666 = EDGE_CURVE('',#7411,#7576,#7667,.T.);
#7667 = LINE('',#7668,#7669);
#7668 = CARTESIAN_POINT('',(1.27,1.016,0.));
#7669 = VECTOR('',#7670,1.);
#7670 = DIRECTION('',(0.,0.,1.));
#7671 = ORIENTED_EDGE('',*,*,#7583,.T.);
#7672 = ORIENTED_EDGE('',*,*,#7274,.F.);
#7673 = ORIENTED_EDGE('',*,*,#7418,.F.);
#7674 = PLANE('',#7675);
#7675 = AXIS2_PLACEMENT_3D('',#7676,#7677,#7678);
#7676 = CARTESIAN_POINT('',(1.27,1.016,0.));
#7677 = DIRECTION('',(-0.707106781187,-0.707106781187,0.));
#7678 = DIRECTION('',(-0.707106781187,0.707106781187,0.));
#7679 = ADVANCED_FACE('',(#7680),#7691,.F.);
#7680 = FACE_BOUND('',#7681,.F.);
#7681 = EDGE_LOOP('',(#7682,#7683,#7684,#7690));
#7682 = ORIENTED_EDGE('',*,*,#7314,.T.);
#7683 = ORIENTED_EDGE('',*,*,#7503,.T.);
#7684 = ORIENTED_EDGE('',*,*,#7685,.F.);
#7685 = EDGE_CURVE('',#7339,#7504,#7686,.T.);
#7686 = LINE('',#7687,#7688);
#7687 = CARTESIAN_POINT('',(-1.016,-1.27,0.));
#7688 = VECTOR('',#7689,1.);
#7689 = DIRECTION('',(0.,0.,1.));
#7690 = ORIENTED_EDGE('',*,*,#7338,.F.);
#7691 = PLANE('',#7692);
#7692 = AXIS2_PLACEMENT_3D('',#7693,#7694,#7695);
#7693 = CARTESIAN_POINT('',(-1.27,-1.016,0.));
#7694 = DIRECTION('',(0.707106781187,0.707106781187,0.));
#7695 = DIRECTION('',(0.707106781187,-0.707106781187,0.));
#7696 = ADVANCED_FACE('',(#7697),#7708,.F.);
#7697 = FACE_BOUND('',#7698,.F.);
#7698 = EDGE_LOOP('',(#7699,#7705,#7706,#7707));
#7699 = ORIENTED_EDGE('',*,*,#7700,.T.);
#7700 = EDGE_CURVE('',#7403,#7568,#7701,.T.);
#7701 = LINE('',#7702,#7703);
#7702 = CARTESIAN_POINT('',(1.27,-1.016,0.));
#7703 = VECTOR('',#7704,1.);
#7704 = DIRECTION('',(0.,0.,1.));
#7705 = ORIENTED_EDGE('',*,*,#7575,.T.);
#7706 = ORIENTED_EDGE('',*,*,#7666,.F.);
#7707 = ORIENTED_EDGE('',*,*,#7410,.F.);
#7708 = PLANE('',#7709);
#7709 = AXIS2_PLACEMENT_3D('',#7710,#7711,#7712);
#7710 = CARTESIAN_POINT('',(1.27,-1.016,0.));
#7711 = DIRECTION('',(-1.,0.,0.));
#7712 = DIRECTION('',(0.,1.,0.));
#7713 = ADVANCED_FACE('',(#7714),#7725,.F.);
#7714 = FACE_BOUND('',#7715,.F.);
#7715 = EDGE_LOOP('',(#7716,#7717,#7718,#7724));
#7716 = ORIENTED_EDGE('',*,*,#7685,.T.);
#7717 = ORIENTED_EDGE('',*,*,#7511,.T.);
#7718 = ORIENTED_EDGE('',*,*,#7719,.F.);
#7719 = EDGE_CURVE('',#7347,#7512,#7720,.T.);
#7720 = LINE('',#7721,#7722);
#7721 = CARTESIAN_POINT('',(-1.27,-1.524,0.));
#7722 = VECTOR('',#7723,1.);
#7723 = DIRECTION('',(0.,0.,1.));
#7724 = ORIENTED_EDGE('',*,*,#7346,.F.);
#7725 = PLANE('',#7726);
#7726 = AXIS2_PLACEMENT_3D('',#7727,#7728,#7729);
#7727 = CARTESIAN_POINT('',(-1.016,-1.27,0.));
#7728 = DIRECTION('',(0.707106781187,-0.707106781187,0.));
#7729 = DIRECTION('',(-0.707106781187,-0.707106781187,0.));
#7730 = ADVANCED_FACE('',(#7731),#7742,.F.);
#7731 = FACE_BOUND('',#7732,.F.);
#7732 = EDGE_LOOP('',(#7733,#7739,#7740,#7741));
#7733 = ORIENTED_EDGE('',*,*,#7734,.T.);
#7734 = EDGE_CURVE('',#7395,#7560,#7735,.T.);
#7735 = LINE('',#7736,#7737);
#7736 = CARTESIAN_POINT('',(1.016,-1.27,0.));
#7737 = VECTOR('',#7738,1.);
#7738 = DIRECTION('',(0.,0.,1.));
#7739 = ORIENTED_EDGE('',*,*,#7567,.T.);
#7740 = ORIENTED_EDGE('',*,*,#7700,.F.);
#7741 = ORIENTED_EDGE('',*,*,#7402,.F.);
#7742 = PLANE('',#7743);
#7743 = AXIS2_PLACEMENT_3D('',#7744,#7745,#7746);
#7744 = CARTESIAN_POINT('',(1.016,-1.27,0.));
#7745 = DIRECTION('',(-0.707106781187,0.707106781187,0.));
#7746 = DIRECTION('',(0.707106781187,0.707106781187,0.));
#7747 = ADVANCED_FACE('',(#7748),#7759,.F.);
#7748 = FACE_BOUND('',#7749,.F.);
#7749 = EDGE_LOOP('',(#7750,#7751,#7752,#7758));
#7750 = ORIENTED_EDGE('',*,*,#7719,.T.);
#7751 = ORIENTED_EDGE('',*,*,#7519,.T.);
#7752 = ORIENTED_EDGE('',*,*,#7753,.F.);
#7753 = EDGE_CURVE('',#7355,#7520,#7754,.T.);
#7754 = LINE('',#7755,#7756);
#7755 = CARTESIAN_POINT('',(-1.27,-3.556,0.));
#7756 = VECTOR('',#7757,1.);
#7757 = DIRECTION('',(0.,0.,1.));
#7758 = ORIENTED_EDGE('',*,*,#7354,.F.);
#7759 = PLANE('',#7760);
#7760 = AXIS2_PLACEMENT_3D('',#7761,#7762,#7763);
#7761 = CARTESIAN_POINT('',(-1.27,-1.524,0.));
#7762 = DIRECTION('',(1.,0.,0.));
#7763 = DIRECTION('',(0.,-1.,0.));
#7764 = ADVANCED_FACE('',(#7765),#7776,.F.);
#7765 = FACE_BOUND('',#7766,.F.);
#7766 = EDGE_LOOP('',(#7767,#7773,#7774,#7775));
#7767 = ORIENTED_EDGE('',*,*,#7768,.T.);
#7768 = EDGE_CURVE('',#7387,#7552,#7769,.T.);
#7769 = LINE('',#7770,#7771);
#7770 = CARTESIAN_POINT('',(1.27,-1.524,0.));
#7771 = VECTOR('',#7772,1.);
#7772 = DIRECTION('',(0.,0.,1.));
#7773 = ORIENTED_EDGE('',*,*,#7559,.T.);
#7774 = ORIENTED_EDGE('',*,*,#7734,.F.);
#7775 = ORIENTED_EDGE('',*,*,#7394,.F.);
#7776 = PLANE('',#7777);
#7777 = AXIS2_PLACEMENT_3D('',#7778,#7779,#7780);
#7778 = CARTESIAN_POINT('',(1.27,-1.524,0.));
#7779 = DIRECTION('',(-0.707106781187,-0.707106781187,0.));
#7780 = DIRECTION('',(-0.707106781187,0.707106781187,0.));
#7781 = ADVANCED_FACE('',(#7782),#7793,.F.);
#7782 = FACE_BOUND('',#7783,.F.);
#7783 = EDGE_LOOP('',(#7784,#7785,#7786,#7792));
#7784 = ORIENTED_EDGE('',*,*,#7753,.T.);
#7785 = ORIENTED_EDGE('',*,*,#7527,.T.);
#7786 = ORIENTED_EDGE('',*,*,#7787,.F.);
#7787 = EDGE_CURVE('',#7363,#7528,#7788,.T.);
#7788 = LINE('',#7789,#7790);
#7789 = CARTESIAN_POINT('',(-1.016,-3.81,0.));
#7790 = VECTOR('',#7791,1.);
#7791 = DIRECTION('',(0.,0.,1.));
#7792 = ORIENTED_EDGE('',*,*,#7362,.F.);
#7793 = PLANE('',#7794);
#7794 = AXIS2_PLACEMENT_3D('',#7795,#7796,#7797);
#7795 = CARTESIAN_POINT('',(-1.27,-3.556,0.));
#7796 = DIRECTION('',(0.707106781187,0.707106781187,0.));
#7797 = DIRECTION('',(0.707106781187,-0.707106781187,0.));
#7798 = ADVANCED_FACE('',(#7799),#7810,.F.);
#7799 = FACE_BOUND('',#7800,.F.);
#7800 = EDGE_LOOP('',(#7801,#7807,#7808,#7809));
#7801 = ORIENTED_EDGE('',*,*,#7802,.T.);
#7802 = EDGE_CURVE('',#7379,#7544,#7803,.T.);
#7803 = LINE('',#7804,#7805);
#7804 = CARTESIAN_POINT('',(1.27,-3.556,0.));
#7805 = VECTOR('',#7806,1.);
#7806 = DIRECTION('',(0.,0.,1.));
#7807 = ORIENTED_EDGE('',*,*,#7551,.T.);
#7808 = ORIENTED_EDGE('',*,*,#7768,.F.);
#7809 = ORIENTED_EDGE('',*,*,#7386,.F.);
#7810 = PLANE('',#7811);
#7811 = AXIS2_PLACEMENT_3D('',#7812,#7813,#7814);
#7812 = CARTESIAN_POINT('',(1.27,-3.556,0.));
#7813 = DIRECTION('',(-1.,0.,0.));
#7814 = DIRECTION('',(0.,1.,0.));
#7815 = ADVANCED_FACE('',(#7816),#7827,.F.);
#7816 = FACE_BOUND('',#7817,.F.);
#7817 = EDGE_LOOP('',(#7818,#7819,#7820,#7826));
#7818 = ORIENTED_EDGE('',*,*,#7787,.T.);
#7819 = ORIENTED_EDGE('',*,*,#7535,.T.);
#7820 = ORIENTED_EDGE('',*,*,#7821,.F.);
#7821 = EDGE_CURVE('',#7371,#7536,#7822,.T.);
#7822 = LINE('',#7823,#7824);
#7823 = CARTESIAN_POINT('',(1.016,-3.81,0.));
#7824 = VECTOR('',#7825,1.);
#7825 = DIRECTION('',(0.,0.,1.));
#7826 = ORIENTED_EDGE('',*,*,#7370,.F.);
#7827 = PLANE('',#7828);
#7828 = AXIS2_PLACEMENT_3D('',#7829,#7830,#7831);
#7829 = CARTESIAN_POINT('',(-1.016,-3.81,0.));
#7830 = DIRECTION('',(0.,1.,0.));
#7831 = DIRECTION('',(1.,0.,0.));
#7832 = ADVANCED_FACE('',(#7833),#7839,.F.);
#7833 = FACE_BOUND('',#7834,.F.);
#7834 = EDGE_LOOP('',(#7835,#7836,#7837,#7838));
#7835 = ORIENTED_EDGE('',*,*,#7821,.T.);
#7836 = ORIENTED_EDGE('',*,*,#7543,.T.);
#7837 = ORIENTED_EDGE('',*,*,#7802,.F.);
#7838 = ORIENTED_EDGE('',*,*,#7378,.F.);
#7839 = PLANE('',#7840);
#7840 = AXIS2_PLACEMENT_3D('',#7841,#7842,#7843);
#7841 = CARTESIAN_POINT('',(1.016,-3.81,0.));
#7842 = DIRECTION('',(-0.707106781187,0.707106781187,0.));
#7843 = DIRECTION('',(0.707106781187,0.707106781187,0.));
#7844 = ADVANCED_FACE('',(#7845),#7870,.F.);
#7845 = FACE_BOUND('',#7846,.F.);
#7846 = EDGE_LOOP('',(#7847,#7855,#7863,#7869));
#7847 = ORIENTED_EDGE('',*,*,#7848,.F.);
#7848 = EDGE_CURVE('',#7849,#7428,#7851,.T.);
#7849 = VERTEX_POINT('',#7850);
#7850 = CARTESIAN_POINT('',(0.32,-0.32,-2.84));
#7851 = LINE('',#7852,#7853);
#7852 = CARTESIAN_POINT('',(0.32,-0.32,-3.));
#7853 = VECTOR('',#7854,1.);
#7854 = DIRECTION('',(0.,0.,1.));
#7855 = ORIENTED_EDGE('',*,*,#7856,.F.);
#7856 = EDGE_CURVE('',#7857,#7849,#7859,.T.);
#7857 = VERTEX_POINT('',#7858);
#7858 = CARTESIAN_POINT('',(-0.32,-0.32,-2.84));
#7859 = LINE('',#7860,#7861);
#7860 = CARTESIAN_POINT('',(-0.32,-0.32,-2.84));
#7861 = VECTOR('',#7862,1.);
#7862 = DIRECTION('',(1.,0.,0.));
#7863 = ORIENTED_EDGE('',*,*,#7864,.T.);
#7864 = EDGE_CURVE('',#7857,#7430,#7865,.T.);
#7865 = LINE('',#7866,#7867);
#7866 = CARTESIAN_POINT('',(-0.32,-0.32,-3.));
#7867 = VECTOR('',#7868,1.);
#7868 = DIRECTION('',(0.,0.,1.));
#7869 = ORIENTED_EDGE('',*,*,#7427,.F.);
#7870 = PLANE('',#7871);
#7871 = AXIS2_PLACEMENT_3D('',#7872,#7873,#7874);
#7872 = CARTESIAN_POINT('',(-0.32,-0.32,-3.));
#7873 = DIRECTION('',(0.,1.,0.));
#7874 = DIRECTION('',(0.,-0.,1.));
#7875 = ADVANCED_FACE('',(#7876),#7894,.T.);
#7876 = FACE_BOUND('',#7877,.T.);
#7877 = EDGE_LOOP('',(#7878,#7879,#7887,#7893));
#7878 = ORIENTED_EDGE('',*,*,#7848,.F.);
#7879 = ORIENTED_EDGE('',*,*,#7880,.T.);
#7880 = EDGE_CURVE('',#7849,#7881,#7883,.T.);
#7881 = VERTEX_POINT('',#7882);
#7882 = CARTESIAN_POINT('',(0.32,0.32,-2.84));
#7883 = LINE('',#7884,#7885);
#7884 = CARTESIAN_POINT('',(0.32,-0.32,-2.84));
#7885 = VECTOR('',#7886,1.);
#7886 = DIRECTION('',(0.,1.,0.));
#7887 = ORIENTED_EDGE('',*,*,#7888,.T.);
#7888 = EDGE_CURVE('',#7881,#7446,#7889,.T.);
#7889 = LINE('',#7890,#7891);
#7890 = CARTESIAN_POINT('',(0.32,0.32,-3.));
#7891 = VECTOR('',#7892,1.);
#7892 = DIRECTION('',(0.,0.,1.));
#7893 = ORIENTED_EDGE('',*,*,#7453,.F.);
#7894 = PLANE('',#7895);
#7895 = AXIS2_PLACEMENT_3D('',#7896,#7897,#7898);
#7896 = CARTESIAN_POINT('',(0.32,-0.32,-3.));
#7897 = DIRECTION('',(1.,0.,0.));
#7898 = DIRECTION('',(0.,0.,1.));
#7899 = ADVANCED_FACE('',(#7900),#7918,.T.);
#7900 = FACE_BOUND('',#7901,.T.);
#7901 = EDGE_LOOP('',(#7902,#7903,#7911,#7917));
#7902 = ORIENTED_EDGE('',*,*,#7888,.F.);
#7903 = ORIENTED_EDGE('',*,*,#7904,.F.);
#7904 = EDGE_CURVE('',#7905,#7881,#7907,.T.);
#7905 = VERTEX_POINT('',#7906);
#7906 = CARTESIAN_POINT('',(-0.32,0.32,-2.84));
#7907 = LINE('',#7908,#7909);
#7908 = CARTESIAN_POINT('',(-0.32,0.32,-2.84));
#7909 = VECTOR('',#7910,1.);
#7910 = DIRECTION('',(1.,0.,0.));
#7911 = ORIENTED_EDGE('',*,*,#7912,.T.);
#7912 = EDGE_CURVE('',#7905,#7438,#7913,.T.);
#7913 = LINE('',#7914,#7915);
#7914 = CARTESIAN_POINT('',(-0.32,0.32,-3.));
#7915 = VECTOR('',#7916,1.);
#7916 = DIRECTION('',(0.,0.,1.));
#7917 = ORIENTED_EDGE('',*,*,#7445,.F.);
#7918 = PLANE('',#7919);
#7919 = AXIS2_PLACEMENT_3D('',#7920,#7921,#7922);
#7920 = CARTESIAN_POINT('',(-0.32,0.32,-3.));
#7921 = DIRECTION('',(0.,1.,0.));
#7922 = DIRECTION('',(0.,-0.,1.));
#7923 = ADVANCED_FACE('',(#7924),#7935,.F.);
#7924 = FACE_BOUND('',#7925,.F.);
#7925 = EDGE_LOOP('',(#7926,#7927,#7933,#7934));
#7926 = ORIENTED_EDGE('',*,*,#7864,.F.);
#7927 = ORIENTED_EDGE('',*,*,#7928,.T.);
#7928 = EDGE_CURVE('',#7857,#7905,#7929,.T.);
#7929 = LINE('',#7930,#7931);
#7930 = CARTESIAN_POINT('',(-0.32,-0.32,-2.84));
#7931 = VECTOR('',#7932,1.);
#7932 = DIRECTION('',(0.,1.,0.));
#7933 = ORIENTED_EDGE('',*,*,#7912,.T.);
#7934 = ORIENTED_EDGE('',*,*,#7437,.F.);
#7935 = PLANE('',#7936);
#7936 = AXIS2_PLACEMENT_3D('',#7937,#7938,#7939);
#7937 = CARTESIAN_POINT('',(-0.32,-0.32,-3.));
#7938 = DIRECTION('',(1.,0.,0.));
#7939 = DIRECTION('',(0.,0.,1.));
#7940 = ADVANCED_FACE('',(#7941),#7966,.F.);
#7941 = FACE_BOUND('',#7942,.F.);
#7942 = EDGE_LOOP('',(#7943,#7951,#7959,#7965));
#7943 = ORIENTED_EDGE('',*,*,#7944,.F.);
#7944 = EDGE_CURVE('',#7945,#7462,#7947,.T.);
#7945 = VERTEX_POINT('',#7946);
#7946 = CARTESIAN_POINT('',(0.32,-2.86,-2.84));
#7947 = LINE('',#7948,#7949);
#7948 = CARTESIAN_POINT('',(0.32,-2.86,-3.));
#7949 = VECTOR('',#7950,1.);
#7950 = DIRECTION('',(0.,0.,1.));
#7951 = ORIENTED_EDGE('',*,*,#7952,.F.);
#7952 = EDGE_CURVE('',#7953,#7945,#7955,.T.);
#7953 = VERTEX_POINT('',#7954);
#7954 = CARTESIAN_POINT('',(-0.32,-2.86,-2.84));
#7955 = LINE('',#7956,#7957);
#7956 = CARTESIAN_POINT('',(-0.32,-2.86,-2.84));
#7957 = VECTOR('',#7958,1.);
#7958 = DIRECTION('',(1.,0.,0.));
#7959 = ORIENTED_EDGE('',*,*,#7960,.T.);
#7960 = EDGE_CURVE('',#7953,#7464,#7961,.T.);
#7961 = LINE('',#7962,#7963);
#7962 = CARTESIAN_POINT('',(-0.32,-2.86,-3.));
#7963 = VECTOR('',#7964,1.);
#7964 = DIRECTION('',(0.,0.,1.));
#7965 = ORIENTED_EDGE('',*,*,#7461,.F.);
#7966 = PLANE('',#7967);
#7967 = AXIS2_PLACEMENT_3D('',#7968,#7969,#7970);
#7968 = CARTESIAN_POINT('',(-0.32,-2.86,-3.));
#7969 = DIRECTION('',(0.,1.,0.));
#7970 = DIRECTION('',(0.,-0.,1.));
#7971 = ADVANCED_FACE('',(#7972),#7990,.T.);
#7972 = FACE_BOUND('',#7973,.T.);
#7973 = EDGE_LOOP('',(#7974,#7975,#7983,#7989));
#7974 = ORIENTED_EDGE('',*,*,#7944,.F.);
#7975 = ORIENTED_EDGE('',*,*,#7976,.T.);
#7976 = EDGE_CURVE('',#7945,#7977,#7979,.T.);
#7977 = VERTEX_POINT('',#7978);
#7978 = CARTESIAN_POINT('',(0.32,-2.22,-2.84));
#7979 = LINE('',#7980,#7981);
#7980 = CARTESIAN_POINT('',(0.32,-2.86,-2.84));
#7981 = VECTOR('',#7982,1.);
#7982 = DIRECTION('',(0.,1.,0.));
#7983 = ORIENTED_EDGE('',*,*,#7984,.T.);
#7984 = EDGE_CURVE('',#7977,#7480,#7985,.T.);
#7985 = LINE('',#7986,#7987);
#7986 = CARTESIAN_POINT('',(0.32,-2.22,-3.));
#7987 = VECTOR('',#7988,1.);
#7988 = DIRECTION('',(0.,0.,1.));
#7989 = ORIENTED_EDGE('',*,*,#7487,.F.);
#7990 = PLANE('',#7991);
#7991 = AXIS2_PLACEMENT_3D('',#7992,#7993,#7994);
#7992 = CARTESIAN_POINT('',(0.32,-2.86,-3.));
#7993 = DIRECTION('',(1.,0.,0.));
#7994 = DIRECTION('',(0.,0.,1.));
#7995 = ADVANCED_FACE('',(#7996),#8014,.T.);
#7996 = FACE_BOUND('',#7997,.T.);
#7997 = EDGE_LOOP('',(#7998,#7999,#8007,#8013));
#7998 = ORIENTED_EDGE('',*,*,#7984,.F.);
#7999 = ORIENTED_EDGE('',*,*,#8000,.F.);
#8000 = EDGE_CURVE('',#8001,#7977,#8003,.T.);
#8001 = VERTEX_POINT('',#8002);
#8002 = CARTESIAN_POINT('',(-0.32,-2.22,-2.84));
#8003 = LINE('',#8004,#8005);
#8004 = CARTESIAN_POINT('',(-0.32,-2.22,-2.84));
#8005 = VECTOR('',#8006,1.);
#8006 = DIRECTION('',(1.,0.,0.));
#8007 = ORIENTED_EDGE('',*,*,#8008,.T.);
#8008 = EDGE_CURVE('',#8001,#7472,#8009,.T.);
#8009 = LINE('',#8010,#8011);
#8010 = CARTESIAN_POINT('',(-0.32,-2.22,-3.));
#8011 = VECTOR('',#8012,1.);
#8012 = DIRECTION('',(0.,0.,1.));
#8013 = ORIENTED_EDGE('',*,*,#7479,.F.);
#8014 = PLANE('',#8015);
#8015 = AXIS2_PLACEMENT_3D('',#8016,#8017,#8018);
#8016 = CARTESIAN_POINT('',(-0.32,-2.22,-3.));
#8017 = DIRECTION('',(0.,1.,0.));
#8018 = DIRECTION('',(0.,-0.,1.));
#8019 = ADVANCED_FACE('',(#8020),#8031,.F.);
#8020 = FACE_BOUND('',#8021,.F.);
#8021 = EDGE_LOOP('',(#8022,#8023,#8029,#8030));
#8022 = ORIENTED_EDGE('',*,*,#7960,.F.);
#8023 = ORIENTED_EDGE('',*,*,#8024,.T.);
#8024 = EDGE_CURVE('',#7953,#8001,#8025,.T.);
#8025 = LINE('',#8026,#8027);
#8026 = CARTESIAN_POINT('',(-0.32,-2.86,-2.84));
#8027 = VECTOR('',#8028,1.);
#8028 = DIRECTION('',(0.,1.,0.));
#8029 = ORIENTED_EDGE('',*,*,#8008,.T.);
#8030 = ORIENTED_EDGE('',*,*,#7471,.F.);
#8031 = PLANE('',#8032);
#8032 = AXIS2_PLACEMENT_3D('',#8033,#8034,#8035);
#8033 = CARTESIAN_POINT('',(-0.32,-2.86,-3.));
#8034 = DIRECTION('',(1.,0.,0.));
#8035 = DIRECTION('',(0.,0.,1.));
#8036 = ADVANCED_FACE('',(#8037),#8062,.F.);
#8037 = FACE_BOUND('',#8038,.F.);
#8038 = EDGE_LOOP('',(#8039,#8047,#8048,#8056));
#8039 = ORIENTED_EDGE('',*,*,#8040,.F.);
#8040 = EDGE_CURVE('',#7593,#8041,#8043,.T.);
#8041 = VERTEX_POINT('',#8042);
#8042 = CARTESIAN_POINT('',(0.32,-0.32,8.38));
#8043 = LINE('',#8044,#8045);
#8044 = CARTESIAN_POINT('',(0.32,-0.32,-3.));
#8045 = VECTOR('',#8046,1.);
#8046 = DIRECTION('',(0.,0.,1.));
#8047 = ORIENTED_EDGE('',*,*,#7592,.T.);
#8048 = ORIENTED_EDGE('',*,*,#8049,.T.);
#8049 = EDGE_CURVE('',#7595,#8050,#8052,.T.);
#8050 = VERTEX_POINT('',#8051);
#8051 = CARTESIAN_POINT('',(-0.32,-0.32,8.38));
#8052 = LINE('',#8053,#8054);
#8053 = CARTESIAN_POINT('',(-0.32,-0.32,-3.));
#8054 = VECTOR('',#8055,1.);
#8055 = DIRECTION('',(0.,0.,1.));
#8056 = ORIENTED_EDGE('',*,*,#8057,.T.);
#8057 = EDGE_CURVE('',#8050,#8041,#8058,.T.);
#8058 = LINE('',#8059,#8060);
#8059 = CARTESIAN_POINT('',(-0.32,-0.32,8.38));
#8060 = VECTOR('',#8061,1.);
#8061 = DIRECTION('',(1.,0.,0.));
#8062 = PLANE('',#8063);
#8063 = AXIS2_PLACEMENT_3D('',#8064,#8065,#8066);
#8064 = CARTESIAN_POINT('',(-0.32,-0.32,-3.));
#8065 = DIRECTION('',(0.,1.,0.));
#8066 = DIRECTION('',(0.,-0.,1.));
#8067 = ADVANCED_FACE('',(#8068),#8086,.T.);
#8068 = FACE_BOUND('',#8069,.T.);
#8069 = EDGE_LOOP('',(#8070,#8071,#8072,#8080));
#8070 = ORIENTED_EDGE('',*,*,#8040,.F.);
#8071 = ORIENTED_EDGE('',*,*,#7618,.T.);
#8072 = ORIENTED_EDGE('',*,*,#8073,.T.);
#8073 = EDGE_CURVE('',#7611,#8074,#8076,.T.);
#8074 = VERTEX_POINT('',#8075);
#8075 = CARTESIAN_POINT('',(0.32,0.32,8.38));
#8076 = LINE('',#8077,#8078);
#8077 = CARTESIAN_POINT('',(0.32,0.32,-3.));
#8078 = VECTOR('',#8079,1.);
#8079 = DIRECTION('',(0.,0.,1.));
#8080 = ORIENTED_EDGE('',*,*,#8081,.F.);
#8081 = EDGE_CURVE('',#8041,#8074,#8082,.T.);
#8082 = LINE('',#8083,#8084);
#8083 = CARTESIAN_POINT('',(0.32,-0.32,8.38));
#8084 = VECTOR('',#8085,1.);
#8085 = DIRECTION('',(0.,1.,0.));
#8086 = PLANE('',#8087);
#8087 = AXIS2_PLACEMENT_3D('',#8088,#8089,#8090);
#8088 = CARTESIAN_POINT('',(0.32,-0.32,-3.));
#8089 = DIRECTION('',(1.,0.,0.));
#8090 = DIRECTION('',(0.,0.,1.));
#8091 = ADVANCED_FACE('',(#8092),#8110,.T.);
#8092 = FACE_BOUND('',#8093,.T.);
#8093 = EDGE_LOOP('',(#8094,#8095,#8096,#8104));
#8094 = ORIENTED_EDGE('',*,*,#8073,.F.);
#8095 = ORIENTED_EDGE('',*,*,#7610,.T.);
#8096 = ORIENTED_EDGE('',*,*,#8097,.T.);
#8097 = EDGE_CURVE('',#7603,#8098,#8100,.T.);
#8098 = VERTEX_POINT('',#8099);
#8099 = CARTESIAN_POINT('',(-0.32,0.32,8.38));
#8100 = LINE('',#8101,#8102);
#8101 = CARTESIAN_POINT('',(-0.32,0.32,-3.));
#8102 = VECTOR('',#8103,1.);
#8103 = DIRECTION('',(0.,0.,1.));
#8104 = ORIENTED_EDGE('',*,*,#8105,.T.);
#8105 = EDGE_CURVE('',#8098,#8074,#8106,.T.);
#8106 = LINE('',#8107,#8108);
#8107 = CARTESIAN_POINT('',(-0.32,0.32,8.38));
#8108 = VECTOR('',#8109,1.);
#8109 = DIRECTION('',(1.,0.,0.));
#8110 = PLANE('',#8111);
#8111 = AXIS2_PLACEMENT_3D('',#8112,#8113,#8114);
#8112 = CARTESIAN_POINT('',(-0.32,0.32,-3.));
#8113 = DIRECTION('',(0.,1.,0.));
#8114 = DIRECTION('',(0.,-0.,1.));
#8115 = ADVANCED_FACE('',(#8116),#8127,.F.);
#8116 = FACE_BOUND('',#8117,.F.);
#8117 = EDGE_LOOP('',(#8118,#8119,#8120,#8121));
#8118 = ORIENTED_EDGE('',*,*,#8049,.F.);
#8119 = ORIENTED_EDGE('',*,*,#7602,.T.);
#8120 = ORIENTED_EDGE('',*,*,#8097,.T.);
#8121 = ORIENTED_EDGE('',*,*,#8122,.F.);
#8122 = EDGE_CURVE('',#8050,#8098,#8123,.T.);
#8123 = LINE('',#8124,#8125);
#8124 = CARTESIAN_POINT('',(-0.32,-0.32,8.38));
#8125 = VECTOR('',#8126,1.);
#8126 = DIRECTION('',(0.,1.,0.));
#8127 = PLANE('',#8128);
#8128 = AXIS2_PLACEMENT_3D('',#8129,#8130,#8131);
#8129 = CARTESIAN_POINT('',(-0.32,-0.32,-3.));
#8130 = DIRECTION('',(1.,0.,0.));
#8131 = DIRECTION('',(0.,0.,1.));
#8132 = ADVANCED_FACE('',(#8133),#8158,.F.);
#8133 = FACE_BOUND('',#8134,.F.);
#8134 = EDGE_LOOP('',(#8135,#8143,#8144,#8152));
#8135 = ORIENTED_EDGE('',*,*,#8136,.F.);
#8136 = EDGE_CURVE('',#7627,#8137,#8139,.T.);
#8137 = VERTEX_POINT('',#8138);
#8138 = CARTESIAN_POINT('',(0.32,-2.86,8.38));
#8139 = LINE('',#8140,#8141);
#8140 = CARTESIAN_POINT('',(0.32,-2.86,-3.));
#8141 = VECTOR('',#8142,1.);
#8142 = DIRECTION('',(0.,0.,1.));
#8143 = ORIENTED_EDGE('',*,*,#7626,.T.);
#8144 = ORIENTED_EDGE('',*,*,#8145,.T.);
#8145 = EDGE_CURVE('',#7629,#8146,#8148,.T.);
#8146 = VERTEX_POINT('',#8147);
#8147 = CARTESIAN_POINT('',(-0.32,-2.86,8.38));
#8148 = LINE('',#8149,#8150);
#8149 = CARTESIAN_POINT('',(-0.32,-2.86,-3.));
#8150 = VECTOR('',#8151,1.);
#8151 = DIRECTION('',(0.,0.,1.));
#8152 = ORIENTED_EDGE('',*,*,#8153,.T.);
#8153 = EDGE_CURVE('',#8146,#8137,#8154,.T.);
#8154 = LINE('',#8155,#8156);
#8155 = CARTESIAN_POINT('',(-0.32,-2.86,8.38));
#8156 = VECTOR('',#8157,1.);
#8157 = DIRECTION('',(1.,0.,0.));
#8158 = PLANE('',#8159);
#8159 = AXIS2_PLACEMENT_3D('',#8160,#8161,#8162);
#8160 = CARTESIAN_POINT('',(-0.32,-2.86,-3.));
#8161 = DIRECTION('',(0.,1.,0.));
#8162 = DIRECTION('',(0.,-0.,1.));
#8163 = ADVANCED_FACE('',(#8164),#8182,.T.);
#8164 = FACE_BOUND('',#8165,.T.);
#8165 = EDGE_LOOP('',(#8166,#8167,#8168,#8176));
#8166 = ORIENTED_EDGE('',*,*,#8136,.F.);
#8167 = ORIENTED_EDGE('',*,*,#7652,.T.);
#8168 = ORIENTED_EDGE('',*,*,#8169,.T.);
#8169 = EDGE_CURVE('',#7645,#8170,#8172,.T.);
#8170 = VERTEX_POINT('',#8171);
#8171 = CARTESIAN_POINT('',(0.32,-2.22,8.38));
#8172 = LINE('',#8173,#8174);
#8173 = CARTESIAN_POINT('',(0.32,-2.22,-3.));
#8174 = VECTOR('',#8175,1.);
#8175 = DIRECTION('',(0.,0.,1.));
#8176 = ORIENTED_EDGE('',*,*,#8177,.F.);
#8177 = EDGE_CURVE('',#8137,#8170,#8178,.T.);
#8178 = LINE('',#8179,#8180);
#8179 = CARTESIAN_POINT('',(0.32,-2.86,8.38));
#8180 = VECTOR('',#8181,1.);
#8181 = DIRECTION('',(0.,1.,0.));
#8182 = PLANE('',#8183);
#8183 = AXIS2_PLACEMENT_3D('',#8184,#8185,#8186);
#8184 = CARTESIAN_POINT('',(0.32,-2.86,-3.));
#8185 = DIRECTION('',(1.,0.,0.));
#8186 = DIRECTION('',(0.,0.,1.));
#8187 = ADVANCED_FACE('',(#8188),#8206,.T.);
#8188 = FACE_BOUND('',#8189,.T.);
#8189 = EDGE_LOOP('',(#8190,#8191,#8192,#8200));
#8190 = ORIENTED_EDGE('',*,*,#8169,.F.);
#8191 = ORIENTED_EDGE('',*,*,#7644,.T.);
#8192 = ORIENTED_EDGE('',*,*,#8193,.T.);
#8193 = EDGE_CURVE('',#7637,#8194,#8196,.T.);
#8194 = VERTEX_POINT('',#8195);
#8195 = CARTESIAN_POINT('',(-0.32,-2.22,8.38));
#8196 = LINE('',#8197,#8198);
#8197 = CARTESIAN_POINT('',(-0.32,-2.22,-3.));
#8198 = VECTOR('',#8199,1.);
#8199 = DIRECTION('',(0.,0.,1.));
#8200 = ORIENTED_EDGE('',*,*,#8201,.T.);
#8201 = EDGE_CURVE('',#8194,#8170,#8202,.T.);
#8202 = LINE('',#8203,#8204);
#8203 = CARTESIAN_POINT('',(-0.32,-2.22,8.38));
#8204 = VECTOR('',#8205,1.);
#8205 = DIRECTION('',(1.,0.,0.));
#8206 = PLANE('',#8207);
#8207 = AXIS2_PLACEMENT_3D('',#8208,#8209,#8210);
#8208 = CARTESIAN_POINT('',(-0.32,-2.22,-3.));
#8209 = DIRECTION('',(0.,1.,0.));
#8210 = DIRECTION('',(0.,-0.,1.));
#8211 = ADVANCED_FACE('',(#8212),#8223,.F.);
#8212 = FACE_BOUND('',#8213,.F.);
#8213 = EDGE_LOOP('',(#8214,#8215,#8216,#8217));
#8214 = ORIENTED_EDGE('',*,*,#8145,.F.);
#8215 = ORIENTED_EDGE('',*,*,#7636,.T.);
#8216 = ORIENTED_EDGE('',*,*,#8193,.T.);
#8217 = ORIENTED_EDGE('',*,*,#8218,.F.);
#8218 = EDGE_CURVE('',#8146,#8194,#8219,.T.);
#8219 = LINE('',#8220,#8221);
#8220 = CARTESIAN_POINT('',(-0.32,-2.86,8.38));
#8221 = VECTOR('',#8222,1.);
#8222 = DIRECTION('',(0.,1.,0.));
#8223 = PLANE('',#8224);
#8224 = AXIS2_PLACEMENT_3D('',#8225,#8226,#8227);
#8225 = CARTESIAN_POINT('',(-0.32,-2.86,-3.));
#8226 = DIRECTION('',(1.,0.,0.));
#8227 = DIRECTION('',(0.,0.,1.));
#8228 = ADVANCED_FACE('',(#8229),#8254,.T.);
#8229 = FACE_BOUND('',#8230,.F.);
#8230 = EDGE_LOOP('',(#8231,#8239,#8240,#8248));
#8231 = ORIENTED_EDGE('',*,*,#8232,.F.);
#8232 = EDGE_CURVE('',#7857,#8233,#8235,.T.);
#8233 = VERTEX_POINT('',#8234);
#8234 = CARTESIAN_POINT('',(-0.16,-0.16,-3.));
#8235 = LINE('',#8236,#8237);
#8236 = CARTESIAN_POINT('',(-0.266666666667,-0.266666666667,
    -2.893333333333));
#8237 = VECTOR('',#8238,1.);
#8238 = DIRECTION('',(0.57735026919,0.57735026919,-0.57735026919));
#8239 = ORIENTED_EDGE('',*,*,#7856,.T.);
#8240 = ORIENTED_EDGE('',*,*,#8241,.T.);
#8241 = EDGE_CURVE('',#7849,#8242,#8244,.T.);
#8242 = VERTEX_POINT('',#8243);
#8243 = CARTESIAN_POINT('',(0.16,-0.16,-3.));
#8244 = LINE('',#8245,#8246);
#8245 = CARTESIAN_POINT('',(0.16,-0.16,-3.));
#8246 = VECTOR('',#8247,1.);
#8247 = DIRECTION('',(-0.57735026919,0.57735026919,-0.57735026919));
#8248 = ORIENTED_EDGE('',*,*,#8249,.F.);
#8249 = EDGE_CURVE('',#8233,#8242,#8250,.T.);
#8250 = LINE('',#8251,#8252);
#8251 = CARTESIAN_POINT('',(-0.32,-0.16,-3.));
#8252 = VECTOR('',#8253,1.);
#8253 = DIRECTION('',(1.,0.,0.));
#8254 = PLANE('',#8255);
#8255 = AXIS2_PLACEMENT_3D('',#8256,#8257,#8258);
#8256 = CARTESIAN_POINT('',(-0.32,-0.24,-2.92));
#8257 = DIRECTION('',(1.735167508357E-18,-0.707106781187,-0.707106781187
    ));
#8258 = DIRECTION('',(-1.,-1.226948711654E-18,-1.226948711654E-18));
#8259 = ADVANCED_FACE('',(#8260),#8278,.F.);
#8260 = FACE_BOUND('',#8261,.F.);
#8261 = EDGE_LOOP('',(#8262,#8263,#8264,#8272));
#8262 = ORIENTED_EDGE('',*,*,#8241,.F.);
#8263 = ORIENTED_EDGE('',*,*,#7880,.T.);
#8264 = ORIENTED_EDGE('',*,*,#8265,.T.);
#8265 = EDGE_CURVE('',#7881,#8266,#8268,.T.);
#8266 = VERTEX_POINT('',#8267);
#8267 = CARTESIAN_POINT('',(0.16,0.16,-3.));
#8268 = LINE('',#8269,#8270);
#8269 = CARTESIAN_POINT('',(5.333333333333E-02,5.333333333333E-02,
    -3.106666666667));
#8270 = VECTOR('',#8271,1.);
#8271 = DIRECTION('',(-0.57735026919,-0.57735026919,-0.57735026919));
#8272 = ORIENTED_EDGE('',*,*,#8273,.F.);
#8273 = EDGE_CURVE('',#8242,#8266,#8274,.T.);
#8274 = LINE('',#8275,#8276);
#8275 = CARTESIAN_POINT('',(0.16,-0.32,-3.));
#8276 = VECTOR('',#8277,1.);
#8277 = DIRECTION('',(0.,1.,0.));
#8278 = PLANE('',#8279);
#8279 = AXIS2_PLACEMENT_3D('',#8280,#8281,#8282);
#8280 = CARTESIAN_POINT('',(0.24,-0.32,-2.92));
#8281 = DIRECTION('',(-0.707106781187,1.735167508357E-18,0.707106781187)
  );
#8282 = DIRECTION('',(1.226948711654E-18,1.,-1.226948711654E-18));
#8283 = ADVANCED_FACE('',(#8284),#8302,.F.);
#8284 = FACE_BOUND('',#8285,.T.);
#8285 = EDGE_LOOP('',(#8286,#8294,#8295,#8296));
#8286 = ORIENTED_EDGE('',*,*,#8287,.F.);
#8287 = EDGE_CURVE('',#7905,#8288,#8290,.T.);
#8288 = VERTEX_POINT('',#8289);
#8289 = CARTESIAN_POINT('',(-0.16,0.16,-3.));
#8290 = LINE('',#8291,#8292);
#8291 = CARTESIAN_POINT('',(-0.16,0.16,-3.));
#8292 = VECTOR('',#8293,1.);
#8293 = DIRECTION('',(0.57735026919,-0.57735026919,-0.57735026919));
#8294 = ORIENTED_EDGE('',*,*,#7904,.T.);
#8295 = ORIENTED_EDGE('',*,*,#8265,.T.);
#8296 = ORIENTED_EDGE('',*,*,#8297,.F.);
#8297 = EDGE_CURVE('',#8288,#8266,#8298,.T.);
#8298 = LINE('',#8299,#8300);
#8299 = CARTESIAN_POINT('',(-0.32,0.16,-3.));
#8300 = VECTOR('',#8301,1.);
#8301 = DIRECTION('',(1.,0.,0.));
#8302 = PLANE('',#8303);
#8303 = AXIS2_PLACEMENT_3D('',#8304,#8305,#8306);
#8304 = CARTESIAN_POINT('',(-0.32,0.24,-2.92));
#8305 = DIRECTION('',(-1.735167508357E-18,-0.707106781187,0.707106781187
    ));
#8306 = DIRECTION('',(-1.,1.226948711654E-18,-1.226948711654E-18));
#8307 = ADVANCED_FACE('',(#8308),#8319,.T.);
#8308 = FACE_BOUND('',#8309,.T.);
#8309 = EDGE_LOOP('',(#8310,#8311,#8312,#8313));
#8310 = ORIENTED_EDGE('',*,*,#8232,.F.);
#8311 = ORIENTED_EDGE('',*,*,#7928,.T.);
#8312 = ORIENTED_EDGE('',*,*,#8287,.T.);
#8313 = ORIENTED_EDGE('',*,*,#8314,.F.);
#8314 = EDGE_CURVE('',#8233,#8288,#8315,.T.);
#8315 = LINE('',#8316,#8317);
#8316 = CARTESIAN_POINT('',(-0.16,-0.32,-3.));
#8317 = VECTOR('',#8318,1.);
#8318 = DIRECTION('',(0.,1.,0.));
#8319 = PLANE('',#8320);
#8320 = AXIS2_PLACEMENT_3D('',#8321,#8322,#8323);
#8321 = CARTESIAN_POINT('',(-0.24,-0.32,-2.92));
#8322 = DIRECTION('',(-0.707106781187,-1.735167508357E-18,
    -0.707106781187));
#8323 = DIRECTION('',(-1.226948711654E-18,1.,-1.226948711654E-18));
#8324 = ADVANCED_FACE('',(#8325),#8350,.T.);
#8325 = FACE_BOUND('',#8326,.F.);
#8326 = EDGE_LOOP('',(#8327,#8335,#8336,#8344));
#8327 = ORIENTED_EDGE('',*,*,#8328,.F.);
#8328 = EDGE_CURVE('',#7953,#8329,#8331,.T.);
#8329 = VERTEX_POINT('',#8330);
#8330 = CARTESIAN_POINT('',(-0.16,-2.7,-3.));
#8331 = LINE('',#8332,#8333);
#8332 = CARTESIAN_POINT('',(-0.266666666667,-2.806666666667,
    -2.893333333333));
#8333 = VECTOR('',#8334,1.);
#8334 = DIRECTION('',(0.57735026919,0.57735026919,-0.57735026919));
#8335 = ORIENTED_EDGE('',*,*,#7952,.T.);
#8336 = ORIENTED_EDGE('',*,*,#8337,.T.);
#8337 = EDGE_CURVE('',#7945,#8338,#8340,.T.);
#8338 = VERTEX_POINT('',#8339);
#8339 = CARTESIAN_POINT('',(0.16,-2.7,-3.));
#8340 = LINE('',#8341,#8342);
#8341 = CARTESIAN_POINT('',(0.16,-2.7,-3.));
#8342 = VECTOR('',#8343,1.);
#8343 = DIRECTION('',(-0.57735026919,0.57735026919,-0.57735026919));
#8344 = ORIENTED_EDGE('',*,*,#8345,.F.);
#8345 = EDGE_CURVE('',#8329,#8338,#8346,.T.);
#8346 = LINE('',#8347,#8348);
#8347 = CARTESIAN_POINT('',(-0.32,-2.7,-3.));
#8348 = VECTOR('',#8349,1.);
#8349 = DIRECTION('',(1.,0.,0.));
#8350 = PLANE('',#8351);
#8351 = AXIS2_PLACEMENT_3D('',#8352,#8353,#8354);
#8352 = CARTESIAN_POINT('',(-0.32,-2.78,-2.92));
#8353 = DIRECTION('',(1.735167508357E-18,-0.707106781187,-0.707106781187
    ));
#8354 = DIRECTION('',(-1.,-1.226948711654E-18,-1.226948711654E-18));
#8355 = ADVANCED_FACE('',(#8356),#8374,.F.);
#8356 = FACE_BOUND('',#8357,.F.);
#8357 = EDGE_LOOP('',(#8358,#8359,#8360,#8368));
#8358 = ORIENTED_EDGE('',*,*,#8337,.F.);
#8359 = ORIENTED_EDGE('',*,*,#7976,.T.);
#8360 = ORIENTED_EDGE('',*,*,#8361,.T.);
#8361 = EDGE_CURVE('',#7977,#8362,#8364,.T.);
#8362 = VERTEX_POINT('',#8363);
#8363 = CARTESIAN_POINT('',(0.16,-2.38,-3.));
#8364 = LINE('',#8365,#8366);
#8365 = CARTESIAN_POINT('',(5.333333333333E-02,-2.486666666667,
    -3.106666666667));
#8366 = VECTOR('',#8367,1.);
#8367 = DIRECTION('',(-0.57735026919,-0.57735026919,-0.57735026919));
#8368 = ORIENTED_EDGE('',*,*,#8369,.F.);
#8369 = EDGE_CURVE('',#8338,#8362,#8370,.T.);
#8370 = LINE('',#8371,#8372);
#8371 = CARTESIAN_POINT('',(0.16,-2.86,-3.));
#8372 = VECTOR('',#8373,1.);
#8373 = DIRECTION('',(0.,1.,0.));
#8374 = PLANE('',#8375);
#8375 = AXIS2_PLACEMENT_3D('',#8376,#8377,#8378);
#8376 = CARTESIAN_POINT('',(0.24,-2.86,-2.92));
#8377 = DIRECTION('',(-0.707106781187,1.735167508357E-18,0.707106781187)
  );
#8378 = DIRECTION('',(1.226948711654E-18,1.,-1.226948711654E-18));
#8379 = ADVANCED_FACE('',(#8380),#8398,.F.);
#8380 = FACE_BOUND('',#8381,.T.);
#8381 = EDGE_LOOP('',(#8382,#8390,#8391,#8392));
#8382 = ORIENTED_EDGE('',*,*,#8383,.F.);
#8383 = EDGE_CURVE('',#8001,#8384,#8386,.T.);
#8384 = VERTEX_POINT('',#8385);
#8385 = CARTESIAN_POINT('',(-0.16,-2.38,-3.));
#8386 = LINE('',#8387,#8388);
#8387 = CARTESIAN_POINT('',(-0.16,-2.38,-3.));
#8388 = VECTOR('',#8389,1.);
#8389 = DIRECTION('',(0.57735026919,-0.57735026919,-0.57735026919));
#8390 = ORIENTED_EDGE('',*,*,#8000,.T.);
#8391 = ORIENTED_EDGE('',*,*,#8361,.T.);
#8392 = ORIENTED_EDGE('',*,*,#8393,.F.);
#8393 = EDGE_CURVE('',#8384,#8362,#8394,.T.);
#8394 = LINE('',#8395,#8396);
#8395 = CARTESIAN_POINT('',(-0.32,-2.38,-3.));
#8396 = VECTOR('',#8397,1.);
#8397 = DIRECTION('',(1.,0.,0.));
#8398 = PLANE('',#8399);
#8399 = AXIS2_PLACEMENT_3D('',#8400,#8401,#8402);
#8400 = CARTESIAN_POINT('',(-0.32,-2.3,-2.92));
#8401 = DIRECTION('',(-1.735167508357E-18,-0.707106781187,0.707106781187
    ));
#8402 = DIRECTION('',(-1.,1.226948711654E-18,-1.226948711654E-18));
#8403 = ADVANCED_FACE('',(#8404),#8415,.T.);
#8404 = FACE_BOUND('',#8405,.T.);
#8405 = EDGE_LOOP('',(#8406,#8407,#8408,#8409));
#8406 = ORIENTED_EDGE('',*,*,#8328,.F.);
#8407 = ORIENTED_EDGE('',*,*,#8024,.T.);
#8408 = ORIENTED_EDGE('',*,*,#8383,.T.);
#8409 = ORIENTED_EDGE('',*,*,#8410,.F.);
#8410 = EDGE_CURVE('',#8329,#8384,#8411,.T.);
#8411 = LINE('',#8412,#8413);
#8412 = CARTESIAN_POINT('',(-0.16,-2.86,-3.));
#8413 = VECTOR('',#8414,1.);
#8414 = DIRECTION('',(0.,1.,0.));
#8415 = PLANE('',#8416);
#8416 = AXIS2_PLACEMENT_3D('',#8417,#8418,#8419);
#8417 = CARTESIAN_POINT('',(-0.24,-2.86,-2.92));
#8418 = DIRECTION('',(-0.707106781187,-1.735167508357E-18,
    -0.707106781187));
#8419 = DIRECTION('',(-1.226948711654E-18,1.,-1.226948711654E-18));
#8420 = ADVANCED_FACE('',(#8421),#8446,.F.);
#8421 = FACE_BOUND('',#8422,.T.);
#8422 = EDGE_LOOP('',(#8423,#8431,#8432,#8440));
#8423 = ORIENTED_EDGE('',*,*,#8424,.F.);
#8424 = EDGE_CURVE('',#8050,#8425,#8427,.T.);
#8425 = VERTEX_POINT('',#8426);
#8426 = CARTESIAN_POINT('',(-0.16,-0.16,8.54));
#8427 = LINE('',#8428,#8429);
#8428 = CARTESIAN_POINT('',(-0.266666666667,-0.266666666667,
    8.433333333333));
#8429 = VECTOR('',#8430,1.);
#8430 = DIRECTION('',(0.57735026919,0.57735026919,0.57735026919));
#8431 = ORIENTED_EDGE('',*,*,#8057,.T.);
#8432 = ORIENTED_EDGE('',*,*,#8433,.T.);
#8433 = EDGE_CURVE('',#8041,#8434,#8436,.T.);
#8434 = VERTEX_POINT('',#8435);
#8435 = CARTESIAN_POINT('',(0.16,-0.16,8.54));
#8436 = LINE('',#8437,#8438);
#8437 = CARTESIAN_POINT('',(0.16,-0.16,8.54));
#8438 = VECTOR('',#8439,1.);
#8439 = DIRECTION('',(-0.57735026919,0.57735026919,0.57735026919));
#8440 = ORIENTED_EDGE('',*,*,#8441,.F.);
#8441 = EDGE_CURVE('',#8425,#8434,#8442,.T.);
#8442 = LINE('',#8443,#8444);
#8443 = CARTESIAN_POINT('',(-0.32,-0.16,8.54));
#8444 = VECTOR('',#8445,1.);
#8445 = DIRECTION('',(1.,0.,0.));
#8446 = PLANE('',#8447);
#8447 = AXIS2_PLACEMENT_3D('',#8448,#8449,#8450);
#8448 = CARTESIAN_POINT('',(-0.32,-0.24,8.46));
#8449 = DIRECTION('',(-1.735167508357E-18,0.707106781187,-0.707106781187
    ));
#8450 = DIRECTION('',(-1.,-1.226948711654E-18,1.226948711654E-18));
#8451 = ADVANCED_FACE('',(#8452),#8470,.T.);
#8452 = FACE_BOUND('',#8453,.T.);
#8453 = EDGE_LOOP('',(#8454,#8455,#8456,#8464));
#8454 = ORIENTED_EDGE('',*,*,#8433,.F.);
#8455 = ORIENTED_EDGE('',*,*,#8081,.T.);
#8456 = ORIENTED_EDGE('',*,*,#8457,.T.);
#8457 = EDGE_CURVE('',#8074,#8458,#8460,.T.);
#8458 = VERTEX_POINT('',#8459);
#8459 = CARTESIAN_POINT('',(0.16,0.16,8.54));
#8460 = LINE('',#8461,#8462);
#8461 = CARTESIAN_POINT('',(5.333333333333E-02,5.333333333333E-02,
    8.646666666667));
#8462 = VECTOR('',#8463,1.);
#8463 = DIRECTION('',(-0.57735026919,-0.57735026919,0.57735026919));
#8464 = ORIENTED_EDGE('',*,*,#8465,.F.);
#8465 = EDGE_CURVE('',#8434,#8458,#8466,.T.);
#8466 = LINE('',#8467,#8468);
#8467 = CARTESIAN_POINT('',(0.16,-0.32,8.54));
#8468 = VECTOR('',#8469,1.);
#8469 = DIRECTION('',(0.,1.,0.));
#8470 = PLANE('',#8471);
#8471 = AXIS2_PLACEMENT_3D('',#8472,#8473,#8474);
#8472 = CARTESIAN_POINT('',(0.24,-0.32,8.46));
#8473 = DIRECTION('',(0.707106781187,-1.735167508357E-18,0.707106781187)
  );
#8474 = DIRECTION('',(1.226948711654E-18,1.,1.226948711654E-18));
#8475 = ADVANCED_FACE('',(#8476),#8494,.T.);
#8476 = FACE_BOUND('',#8477,.F.);
#8477 = EDGE_LOOP('',(#8478,#8486,#8487,#8488));
#8478 = ORIENTED_EDGE('',*,*,#8479,.F.);
#8479 = EDGE_CURVE('',#8098,#8480,#8482,.T.);
#8480 = VERTEX_POINT('',#8481);
#8481 = CARTESIAN_POINT('',(-0.16,0.16,8.54));
#8482 = LINE('',#8483,#8484);
#8483 = CARTESIAN_POINT('',(-0.16,0.16,8.54));
#8484 = VECTOR('',#8485,1.);
#8485 = DIRECTION('',(0.57735026919,-0.57735026919,0.57735026919));
#8486 = ORIENTED_EDGE('',*,*,#8105,.T.);
#8487 = ORIENTED_EDGE('',*,*,#8457,.T.);
#8488 = ORIENTED_EDGE('',*,*,#8489,.F.);
#8489 = EDGE_CURVE('',#8480,#8458,#8490,.T.);
#8490 = LINE('',#8491,#8492);
#8491 = CARTESIAN_POINT('',(-0.32,0.16,8.54));
#8492 = VECTOR('',#8493,1.);
#8493 = DIRECTION('',(1.,0.,0.));
#8494 = PLANE('',#8495);
#8495 = AXIS2_PLACEMENT_3D('',#8496,#8497,#8498);
#8496 = CARTESIAN_POINT('',(-0.32,0.24,8.46));
#8497 = DIRECTION('',(1.735167508357E-18,0.707106781187,0.707106781187)
  );
#8498 = DIRECTION('',(-1.,1.226948711654E-18,1.226948711654E-18));
#8499 = ADVANCED_FACE('',(#8500),#8511,.F.);
#8500 = FACE_BOUND('',#8501,.F.);
#8501 = EDGE_LOOP('',(#8502,#8503,#8504,#8505));
#8502 = ORIENTED_EDGE('',*,*,#8424,.F.);
#8503 = ORIENTED_EDGE('',*,*,#8122,.T.);
#8504 = ORIENTED_EDGE('',*,*,#8479,.T.);
#8505 = ORIENTED_EDGE('',*,*,#8506,.F.);
#8506 = EDGE_CURVE('',#8425,#8480,#8507,.T.);
#8507 = LINE('',#8508,#8509);
#8508 = CARTESIAN_POINT('',(-0.16,-0.32,8.54));
#8509 = VECTOR('',#8510,1.);
#8510 = DIRECTION('',(0.,1.,0.));
#8511 = PLANE('',#8512);
#8512 = AXIS2_PLACEMENT_3D('',#8513,#8514,#8515);
#8513 = CARTESIAN_POINT('',(-0.24,-0.32,8.46));
#8514 = DIRECTION('',(0.707106781187,1.735167508357E-18,-0.707106781187)
  );
#8515 = DIRECTION('',(-1.226948711654E-18,1.,1.226948711654E-18));
#8516 = ADVANCED_FACE('',(#8517),#8542,.F.);
#8517 = FACE_BOUND('',#8518,.T.);
#8518 = EDGE_LOOP('',(#8519,#8527,#8528,#8536));
#8519 = ORIENTED_EDGE('',*,*,#8520,.F.);
#8520 = EDGE_CURVE('',#8146,#8521,#8523,.T.);
#8521 = VERTEX_POINT('',#8522);
#8522 = CARTESIAN_POINT('',(-0.16,-2.7,8.54));
#8523 = LINE('',#8524,#8525);
#8524 = CARTESIAN_POINT('',(-0.266666666667,-2.806666666667,
    8.433333333333));
#8525 = VECTOR('',#8526,1.);
#8526 = DIRECTION('',(0.57735026919,0.57735026919,0.57735026919));
#8527 = ORIENTED_EDGE('',*,*,#8153,.T.);
#8528 = ORIENTED_EDGE('',*,*,#8529,.T.);
#8529 = EDGE_CURVE('',#8137,#8530,#8532,.T.);
#8530 = VERTEX_POINT('',#8531);
#8531 = CARTESIAN_POINT('',(0.16,-2.7,8.54));
#8532 = LINE('',#8533,#8534);
#8533 = CARTESIAN_POINT('',(0.16,-2.7,8.54));
#8534 = VECTOR('',#8535,1.);
#8535 = DIRECTION('',(-0.57735026919,0.57735026919,0.57735026919));
#8536 = ORIENTED_EDGE('',*,*,#8537,.F.);
#8537 = EDGE_CURVE('',#8521,#8530,#8538,.T.);
#8538 = LINE('',#8539,#8540);
#8539 = CARTESIAN_POINT('',(-0.32,-2.7,8.54));
#8540 = VECTOR('',#8541,1.);
#8541 = DIRECTION('',(1.,0.,0.));
#8542 = PLANE('',#8543);
#8543 = AXIS2_PLACEMENT_3D('',#8544,#8545,#8546);
#8544 = CARTESIAN_POINT('',(-0.32,-2.78,8.46));
#8545 = DIRECTION('',(-1.735167508357E-18,0.707106781187,-0.707106781187
    ));
#8546 = DIRECTION('',(-1.,-1.226948711654E-18,1.226948711654E-18));
#8547 = ADVANCED_FACE('',(#8548),#8566,.T.);
#8548 = FACE_BOUND('',#8549,.T.);
#8549 = EDGE_LOOP('',(#8550,#8551,#8552,#8560));
#8550 = ORIENTED_EDGE('',*,*,#8529,.F.);
#8551 = ORIENTED_EDGE('',*,*,#8177,.T.);
#8552 = ORIENTED_EDGE('',*,*,#8553,.T.);
#8553 = EDGE_CURVE('',#8170,#8554,#8556,.T.);
#8554 = VERTEX_POINT('',#8555);
#8555 = CARTESIAN_POINT('',(0.16,-2.38,8.54));
#8556 = LINE('',#8557,#8558);
#8557 = CARTESIAN_POINT('',(5.333333333333E-02,-2.486666666667,
    8.646666666667));
#8558 = VECTOR('',#8559,1.);
#8559 = DIRECTION('',(-0.57735026919,-0.57735026919,0.57735026919));
#8560 = ORIENTED_EDGE('',*,*,#8561,.F.);
#8561 = EDGE_CURVE('',#8530,#8554,#8562,.T.);
#8562 = LINE('',#8563,#8564);
#8563 = CARTESIAN_POINT('',(0.16,-2.86,8.54));
#8564 = VECTOR('',#8565,1.);
#8565 = DIRECTION('',(0.,1.,0.));
#8566 = PLANE('',#8567);
#8567 = AXIS2_PLACEMENT_3D('',#8568,#8569,#8570);
#8568 = CARTESIAN_POINT('',(0.24,-2.86,8.46));
#8569 = DIRECTION('',(0.707106781187,-1.735167508357E-18,0.707106781187)
  );
#8570 = DIRECTION('',(1.226948711654E-18,1.,1.226948711654E-18));
#8571 = ADVANCED_FACE('',(#8572),#8590,.T.);
#8572 = FACE_BOUND('',#8573,.F.);
#8573 = EDGE_LOOP('',(#8574,#8582,#8583,#8584));
#8574 = ORIENTED_EDGE('',*,*,#8575,.F.);
#8575 = EDGE_CURVE('',#8194,#8576,#8578,.T.);
#8576 = VERTEX_POINT('',#8577);
#8577 = CARTESIAN_POINT('',(-0.16,-2.38,8.54));
#8578 = LINE('',#8579,#8580);
#8579 = CARTESIAN_POINT('',(-0.16,-2.38,8.54));
#8580 = VECTOR('',#8581,1.);
#8581 = DIRECTION('',(0.57735026919,-0.57735026919,0.57735026919));
#8582 = ORIENTED_EDGE('',*,*,#8201,.T.);
#8583 = ORIENTED_EDGE('',*,*,#8553,.T.);
#8584 = ORIENTED_EDGE('',*,*,#8585,.F.);
#8585 = EDGE_CURVE('',#8576,#8554,#8586,.T.);
#8586 = LINE('',#8587,#8588);
#8587 = CARTESIAN_POINT('',(-0.32,-2.38,8.54));
#8588 = VECTOR('',#8589,1.);
#8589 = DIRECTION('',(1.,0.,0.));
#8590 = PLANE('',#8591);
#8591 = AXIS2_PLACEMENT_3D('',#8592,#8593,#8594);
#8592 = CARTESIAN_POINT('',(-0.32,-2.3,8.46));
#8593 = DIRECTION('',(1.735167508357E-18,0.707106781187,0.707106781187)
  );
#8594 = DIRECTION('',(-1.,1.226948711654E-18,1.226948711654E-18));
#8595 = ADVANCED_FACE('',(#8596),#8607,.F.);
#8596 = FACE_BOUND('',#8597,.F.);
#8597 = EDGE_LOOP('',(#8598,#8599,#8600,#8601));
#8598 = ORIENTED_EDGE('',*,*,#8520,.F.);
#8599 = ORIENTED_EDGE('',*,*,#8218,.T.);
#8600 = ORIENTED_EDGE('',*,*,#8575,.T.);
#8601 = ORIENTED_EDGE('',*,*,#8602,.F.);
#8602 = EDGE_CURVE('',#8521,#8576,#8603,.T.);
#8603 = LINE('',#8604,#8605);
#8604 = CARTESIAN_POINT('',(-0.16,-2.86,8.54));
#8605 = VECTOR('',#8606,1.);
#8606 = DIRECTION('',(0.,1.,0.));
#8607 = PLANE('',#8608);
#8608 = AXIS2_PLACEMENT_3D('',#8609,#8610,#8611);
#8609 = CARTESIAN_POINT('',(-0.24,-2.86,8.46));
#8610 = DIRECTION('',(0.707106781187,1.735167508357E-18,-0.707106781187)
  );
#8611 = DIRECTION('',(-1.226948711654E-18,1.,1.226948711654E-18));
#8612 = ADVANCED_FACE('',(#8613),#8619,.F.);
#8613 = FACE_BOUND('',#8614,.F.);
#8614 = EDGE_LOOP('',(#8615,#8616,#8617,#8618));
#8615 = ORIENTED_EDGE('',*,*,#8314,.F.);
#8616 = ORIENTED_EDGE('',*,*,#8249,.T.);
#8617 = ORIENTED_EDGE('',*,*,#8273,.T.);
#8618 = ORIENTED_EDGE('',*,*,#8297,.F.);
#8619 = PLANE('',#8620);
#8620 = AXIS2_PLACEMENT_3D('',#8621,#8622,#8623);
#8621 = CARTESIAN_POINT('',(-0.32,-0.32,-3.));
#8622 = DIRECTION('',(0.,0.,1.));
#8623 = DIRECTION('',(1.,0.,-0.));
#8624 = ADVANCED_FACE('',(#8625),#8631,.F.);
#8625 = FACE_BOUND('',#8626,.F.);
#8626 = EDGE_LOOP('',(#8627,#8628,#8629,#8630));
#8627 = ORIENTED_EDGE('',*,*,#8410,.F.);
#8628 = ORIENTED_EDGE('',*,*,#8345,.T.);
#8629 = ORIENTED_EDGE('',*,*,#8369,.T.);
#8630 = ORIENTED_EDGE('',*,*,#8393,.F.);
#8631 = PLANE('',#8632);
#8632 = AXIS2_PLACEMENT_3D('',#8633,#8634,#8635);
#8633 = CARTESIAN_POINT('',(-0.32,-2.86,-3.));
#8634 = DIRECTION('',(0.,0.,1.));
#8635 = DIRECTION('',(1.,0.,-0.));
#8636 = ADVANCED_FACE('',(#8637),#8643,.T.);
#8637 = FACE_BOUND('',#8638,.T.);
#8638 = EDGE_LOOP('',(#8639,#8640,#8641,#8642));
#8639 = ORIENTED_EDGE('',*,*,#8489,.F.);
#8640 = ORIENTED_EDGE('',*,*,#8506,.F.);
#8641 = ORIENTED_EDGE('',*,*,#8441,.T.);
#8642 = ORIENTED_EDGE('',*,*,#8465,.T.);
#8643 = PLANE('',#8644);
#8644 = AXIS2_PLACEMENT_3D('',#8645,#8646,#8647);
#8645 = CARTESIAN_POINT('',(-0.32,-0.32,8.54));
#8646 = DIRECTION('',(0.,0.,1.));
#8647 = DIRECTION('',(1.,0.,-0.));
#8648 = ADVANCED_FACE('',(#8649),#8655,.T.);
#8649 = FACE_BOUND('',#8650,.T.);
#8650 = EDGE_LOOP('',(#8651,#8652,#8653,#8654));
#8651 = ORIENTED_EDGE('',*,*,#8585,.F.);
#8652 = ORIENTED_EDGE('',*,*,#8602,.F.);
#8653 = ORIENTED_EDGE('',*,*,#8537,.T.);
#8654 = ORIENTED_EDGE('',*,*,#8561,.T.);
#8655 = PLANE('',#8656);
#8656 = AXIS2_PLACEMENT_3D('',#8657,#8658,#8659);
#8657 = CARTESIAN_POINT('',(-0.32,-2.86,8.54));
#8658 = DIRECTION('',(0.,0.,1.));
#8659 = DIRECTION('',(1.,0.,-0.));
#8660 = ( GEOMETRIC_REPRESENTATION_CONTEXT(3) 
GLOBAL_UNCERTAINTY_ASSIGNED_CONTEXT((#8664)) 
GLOBAL_UNIT_ASSIGNED_CONTEXT((#8661,#8662,#8663)) REPRESENTATION_CONTEXT
('Context #1','3D Context with UNIT and UNCERTAINTY') );
#8661 = ( LENGTH_UNIT() NAMED_UNIT(*) SI_UNIT(.MILLI.,.METRE.) );
#8662 = ( NAMED_UNIT(*) PLANE_ANGLE_UNIT() SI_UNIT($,.RADIAN.) );
#8663 = ( NAMED_UNIT(*) SI_UNIT($,.STERADIAN.) SOLID_ANGLE_UNIT() );
#8664 = UNCERTAINTY_MEASURE_WITH_UNIT(LENGTH_MEASURE(1.E-07),#8661,
  'distance_accuracy_value','confusion accuracy');
#8665 = CONTEXT_DEPENDENT_SHAPE_REPRESENTATION(#8666,#8668);
#8666 = ( REPRESENTATION_RELATIONSHIP('','',#7227,#7204) 
REPRESENTATION_RELATIONSHIP_WITH_TRANSFORMATION(#8667) 
SHAPE_REPRESENTATION_RELATIONSHIP() );
#8667 = ITEM_DEFINED_TRANSFORMATION('','',#11,#7205);
#8668 = PRODUCT_DEFINITION_SHAPE('Placement','Placement of an item',
  #8669);
#8669 = NEXT_ASSEMBLY_USAGE_OCCURRENCE('17','=>[0:1:1:9]','',#7199,#7222
  ,$);
#8670 = PRODUCT_RELATED_PRODUCT_CATEGORY('part',$,(#7224));
#8671 = SHAPE_DEFINITION_REPRESENTATION(#8672,#8678);
#8672 = PRODUCT_DEFINITION_SHAPE('','',#8673);
#8673 = PRODUCT_DEFINITION('design','',#8674,#8677);
#8674 = PRODUCT_DEFINITION_FORMATION('','',#8675);
#8675 = PRODUCT('LED_Cree-XHP50_3V_HighDensity',
  'LED_Cree-XHP50_3V_HighDensity','',(#8676));
#8676 = PRODUCT_CONTEXT('',#2,'mechanical');
#8677 = PRODUCT_DEFINITION_CONTEXT('part definition',#2,'design');
#8678 = SHAPE_REPRESENTATION('',(#11,#8679),#8683);
#8679 = AXIS2_PLACEMENT_3D('',#8680,#8681,#8682);
#8680 = CARTESIAN_POINT('',(0.,0.,0.));
#8681 = DIRECTION('',(0.,0.,1.));
#8682 = DIRECTION('',(1.,0.,-0.));
#8683 = ( GEOMETRIC_REPRESENTATION_CONTEXT(3) 
GLOBAL_UNCERTAINTY_ASSIGNED_CONTEXT((#8687)) 
GLOBAL_UNIT_ASSIGNED_CONTEXT((#8684,#8685,#8686)) REPRESENTATION_CONTEXT
('Context #1','3D Context with UNIT and UNCERTAINTY') );
#8684 = ( LENGTH_UNIT() NAMED_UNIT(*) SI_UNIT(.MILLI.,.METRE.) );
#8685 = ( NAMED_UNIT(*) PLANE_ANGLE_UNIT() SI_UNIT($,.RADIAN.) );
#8686 = ( NAMED_UNIT(*) SI_UNIT($,.STERADIAN.) SOLID_ANGLE_UNIT() );
#8687 = UNCERTAINTY_MEASURE_WITH_UNIT(LENGTH_MEASURE(1.E-07),#8684,
  'distance_accuracy_value','confusion accuracy');
#8688 = CONTEXT_DEPENDENT_SHAPE_REPRESENTATION(#8689,#8691);
#8689 = ( REPRESENTATION_RELATIONSHIP('','',#8678,#10) 
REPRESENTATION_RELATIONSHIP_WITH_TRANSFORMATION(#8690) 
SHAPE_REPRESENTATION_RELATIONSHIP() );
#8690 = ITEM_DEFINED_TRANSFORMATION('','',#11,#71);
#8691 = PRODUCT_DEFINITION_SHAPE('Placement','Placement of an item',
  #8692);
#8692 = NEXT_ASSEMBLY_USAGE_OCCURRENCE('20','D7','',#5,#8673,$);
#8693 = PRODUCT_RELATED_PRODUCT_CATEGORY('part',$,(#8675));
#8694 = SHAPE_DEFINITION_REPRESENTATION(#8695,#8701);
#8695 = PRODUCT_DEFINITION_SHAPE('','',#8696);
#8696 = PRODUCT_DEFINITION('design','',#8697,#8700);
#8697 = PRODUCT_DEFINITION_FORMATION('','',#8698);
#8698 = PRODUCT('LED_Cree-XHP50_3V_HighDensity',
  'LED_Cree-XHP50_3V_HighDensity','',(#8699));
#8699 = PRODUCT_CONTEXT('',#2,'mechanical');
#8700 = PRODUCT_DEFINITION_CONTEXT('part definition',#2,'design');
#8701 = ADVANCED_BREP_SHAPE_REPRESENTATION('',(#11,#8702),#10102);
#8702 = MANIFOLD_SOLID_BREP('',#8703);
#8703 = CLOSED_SHELL('',(#8704,#8744,#8775,#8806,#9061,#9109,#9126,#9167
    ,#9217,#9248,#9272,#9296,#9313,#9344,#9368,#9392,#9409,#9440,#9464,
    #9488,#9505,#9536,#9560,#9584,#9601,#9632,#9656,#9680,#9697,#9728,
    #9752,#9776,#9793,#9824,#9848,#9872,#9889,#9950,#9961,#9972,#9996,
    #10007,#10018,#10030,#10042,#10054,#10066,#10078,#10090));
#8704 = ADVANCED_FACE('',(#8705),#8739,.F.);
#8705 = FACE_BOUND('',#8706,.F.);
#8706 = EDGE_LOOP('',(#8707,#8717,#8725,#8733));
#8707 = ORIENTED_EDGE('',*,*,#8708,.T.);
#8708 = EDGE_CURVE('',#8709,#8711,#8713,.T.);
#8709 = VERTEX_POINT('',#8710);
#8710 = CARTESIAN_POINT('',(-2.5,-2.5,6.E-02));
#8711 = VERTEX_POINT('',#8712);
#8712 = CARTESIAN_POINT('',(-2.5,-2.5,0.56));
#8713 = LINE('',#8714,#8715);
#8714 = CARTESIAN_POINT('',(-2.5,-2.5,6.E-02));
#8715 = VECTOR('',#8716,1.);
#8716 = DIRECTION('',(0.,0.,1.));
#8717 = ORIENTED_EDGE('',*,*,#8718,.T.);
#8718 = EDGE_CURVE('',#8711,#8719,#8721,.T.);
#8719 = VERTEX_POINT('',#8720);
#8720 = CARTESIAN_POINT('',(2.5,-2.5,0.56));
#8721 = LINE('',#8722,#8723);
#8722 = CARTESIAN_POINT('',(-2.5,-2.5,0.56));
#8723 = VECTOR('',#8724,1.);
#8724 = DIRECTION('',(1.,0.,0.));
#8725 = ORIENTED_EDGE('',*,*,#8726,.F.);
#8726 = EDGE_CURVE('',#8727,#8719,#8729,.T.);
#8727 = VERTEX_POINT('',#8728);
#8728 = CARTESIAN_POINT('',(2.5,-2.5,6.E-02));
#8729 = LINE('',#8730,#8731);
#8730 = CARTESIAN_POINT('',(2.5,-2.5,6.E-02));
#8731 = VECTOR('',#8732,1.);
#8732 = DIRECTION('',(0.,0.,1.));
#8733 = ORIENTED_EDGE('',*,*,#8734,.F.);
#8734 = EDGE_CURVE('',#8709,#8727,#8735,.T.);
#8735 = LINE('',#8736,#8737);
#8736 = CARTESIAN_POINT('',(-2.5,-2.5,6.E-02));
#8737 = VECTOR('',#8738,1.);
#8738 = DIRECTION('',(1.,0.,0.));
#8739 = PLANE('',#8740);
#8740 = AXIS2_PLACEMENT_3D('',#8741,#8742,#8743);
#8741 = CARTESIAN_POINT('',(-2.5,-2.5,6.E-02));
#8742 = DIRECTION('',(0.,1.,0.));
#8743 = DIRECTION('',(1.,0.,0.));
#8744 = ADVANCED_FACE('',(#8745),#8770,.F.);
#8745 = FACE_BOUND('',#8746,.F.);
#8746 = EDGE_LOOP('',(#8747,#8757,#8763,#8764));
#8747 = ORIENTED_EDGE('',*,*,#8748,.T.);
#8748 = EDGE_CURVE('',#8749,#8751,#8753,.T.);
#8749 = VERTEX_POINT('',#8750);
#8750 = CARTESIAN_POINT('',(-2.5,2.5,6.E-02));
#8751 = VERTEX_POINT('',#8752);
#8752 = CARTESIAN_POINT('',(-2.5,2.5,0.56));
#8753 = LINE('',#8754,#8755);
#8754 = CARTESIAN_POINT('',(-2.5,2.5,6.E-02));
#8755 = VECTOR('',#8756,1.);
#8756 = DIRECTION('',(0.,0.,1.));
#8757 = ORIENTED_EDGE('',*,*,#8758,.T.);
#8758 = EDGE_CURVE('',#8751,#8711,#8759,.T.);
#8759 = LINE('',#8760,#8761);
#8760 = CARTESIAN_POINT('',(-2.5,2.5,0.56));
#8761 = VECTOR('',#8762,1.);
#8762 = DIRECTION('',(0.,-1.,0.));
#8763 = ORIENTED_EDGE('',*,*,#8708,.F.);
#8764 = ORIENTED_EDGE('',*,*,#8765,.F.);
#8765 = EDGE_CURVE('',#8749,#8709,#8766,.T.);
#8766 = LINE('',#8767,#8768);
#8767 = CARTESIAN_POINT('',(-2.5,2.5,6.E-02));
#8768 = VECTOR('',#8769,1.);
#8769 = DIRECTION('',(0.,-1.,0.));
#8770 = PLANE('',#8771);
#8771 = AXIS2_PLACEMENT_3D('',#8772,#8773,#8774);
#8772 = CARTESIAN_POINT('',(-2.5,2.5,6.E-02));
#8773 = DIRECTION('',(1.,0.,0.));
#8774 = DIRECTION('',(0.,-1.,0.));
#8775 = ADVANCED_FACE('',(#8776),#8801,.F.);
#8776 = FACE_BOUND('',#8777,.F.);
#8777 = EDGE_LOOP('',(#8778,#8779,#8787,#8795));
#8778 = ORIENTED_EDGE('',*,*,#8726,.T.);
#8779 = ORIENTED_EDGE('',*,*,#8780,.T.);
#8780 = EDGE_CURVE('',#8719,#8781,#8783,.T.);
#8781 = VERTEX_POINT('',#8782);
#8782 = CARTESIAN_POINT('',(2.5,2.5,0.56));
#8783 = LINE('',#8784,#8785);
#8784 = CARTESIAN_POINT('',(2.5,-2.5,0.56));
#8785 = VECTOR('',#8786,1.);
#8786 = DIRECTION('',(0.,1.,0.));
#8787 = ORIENTED_EDGE('',*,*,#8788,.F.);
#8788 = EDGE_CURVE('',#8789,#8781,#8791,.T.);
#8789 = VERTEX_POINT('',#8790);
#8790 = CARTESIAN_POINT('',(2.5,2.5,6.E-02));
#8791 = LINE('',#8792,#8793);
#8792 = CARTESIAN_POINT('',(2.5,2.5,6.E-02));
#8793 = VECTOR('',#8794,1.);
#8794 = DIRECTION('',(0.,0.,1.));
#8795 = ORIENTED_EDGE('',*,*,#8796,.F.);
#8796 = EDGE_CURVE('',#8727,#8789,#8797,.T.);
#8797 = LINE('',#8798,#8799);
#8798 = CARTESIAN_POINT('',(2.5,-2.5,6.E-02));
#8799 = VECTOR('',#8800,1.);
#8800 = DIRECTION('',(0.,1.,0.));
#8801 = PLANE('',#8802);
#8802 = AXIS2_PLACEMENT_3D('',#8803,#8804,#8805);
#8803 = CARTESIAN_POINT('',(2.5,-2.5,6.E-02));
#8804 = DIRECTION('',(-1.,0.,0.));
#8805 = DIRECTION('',(0.,1.,0.));
#8806 = ADVANCED_FACE('',(#8807,#8818,#8852,#8886,#8920,#8954,#8988,
    #9022),#9056,.F.);
#8807 = FACE_BOUND('',#8808,.F.);
#8808 = EDGE_LOOP('',(#8809,#8810,#8811,#8817));
#8809 = ORIENTED_EDGE('',*,*,#8734,.T.);
#8810 = ORIENTED_EDGE('',*,*,#8796,.T.);
#8811 = ORIENTED_EDGE('',*,*,#8812,.T.);
#8812 = EDGE_CURVE('',#8789,#8749,#8813,.T.);
#8813 = LINE('',#8814,#8815);
#8814 = CARTESIAN_POINT('',(2.5,2.5,6.E-02));
#8815 = VECTOR('',#8816,1.);
#8816 = DIRECTION('',(-1.,0.,0.));
#8817 = ORIENTED_EDGE('',*,*,#8765,.T.);
#8818 = FACE_BOUND('',#8819,.F.);
#8819 = EDGE_LOOP('',(#8820,#8830,#8838,#8846));
#8820 = ORIENTED_EDGE('',*,*,#8821,.F.);
#8821 = EDGE_CURVE('',#8822,#8824,#8826,.T.);
#8822 = VERTEX_POINT('',#8823);
#8823 = CARTESIAN_POINT('',(-2.39,-3.E-02,6.E-02));
#8824 = VERTEX_POINT('',#8825);
#8825 = CARTESIAN_POINT('',(-2.39,-2.39,6.E-02));
#8826 = LINE('',#8827,#8828);
#8827 = CARTESIAN_POINT('',(-2.39,-3.E-02,6.E-02));
#8828 = VECTOR('',#8829,1.);
#8829 = DIRECTION('',(0.,-1.,0.));
#8830 = ORIENTED_EDGE('',*,*,#8831,.F.);
#8831 = EDGE_CURVE('',#8832,#8822,#8834,.T.);
#8832 = VERTEX_POINT('',#8833);
#8833 = CARTESIAN_POINT('',(-1.89,-3.E-02,6.E-02));
#8834 = LINE('',#8835,#8836);
#8835 = CARTESIAN_POINT('',(-1.89,-3.E-02,6.E-02));
#8836 = VECTOR('',#8837,1.);
#8837 = DIRECTION('',(-1.,0.,0.));
#8838 = ORIENTED_EDGE('',*,*,#8839,.F.);
#8839 = EDGE_CURVE('',#8840,#8832,#8842,.T.);
#8840 = VERTEX_POINT('',#8841);
#8841 = CARTESIAN_POINT('',(-1.89,-2.39,6.E-02));
#8842 = LINE('',#8843,#8844);
#8843 = CARTESIAN_POINT('',(-1.89,-2.39,6.E-02));
#8844 = VECTOR('',#8845,1.);
#8845 = DIRECTION('',(0.,1.,0.));
#8846 = ORIENTED_EDGE('',*,*,#8847,.F.);
#8847 = EDGE_CURVE('',#8824,#8840,#8848,.T.);
#8848 = LINE('',#8849,#8850);
#8849 = CARTESIAN_POINT('',(-2.39,-2.39,6.E-02));
#8850 = VECTOR('',#8851,1.);
#8851 = DIRECTION('',(1.,0.,0.));
#8852 = FACE_BOUND('',#8853,.F.);
#8853 = EDGE_LOOP('',(#8854,#8864,#8872,#8880));
#8854 = ORIENTED_EDGE('',*,*,#8855,.F.);
#8855 = EDGE_CURVE('',#8856,#8858,#8860,.T.);
#8856 = VERTEX_POINT('',#8857);
#8857 = CARTESIAN_POINT('',(2.39,-2.39,6.E-02));
#8858 = VERTEX_POINT('',#8859);
#8859 = CARTESIAN_POINT('',(2.39,-1.28,6.E-02));
#8860 = LINE('',#8861,#8862);
#8861 = CARTESIAN_POINT('',(2.39,-2.39,6.E-02));
#8862 = VECTOR('',#8863,1.);
#8863 = DIRECTION('',(0.,1.,0.));
#8864 = ORIENTED_EDGE('',*,*,#8865,.F.);
#8865 = EDGE_CURVE('',#8866,#8856,#8868,.T.);
#8866 = VERTEX_POINT('',#8867);
#8867 = CARTESIAN_POINT('',(1.89,-2.39,6.E-02));
#8868 = LINE('',#8869,#8870);
#8869 = CARTESIAN_POINT('',(1.89,-2.39,6.E-02));
#8870 = VECTOR('',#8871,1.);
#8871 = DIRECTION('',(1.,0.,0.));
#8872 = ORIENTED_EDGE('',*,*,#8873,.F.);
#8873 = EDGE_CURVE('',#8874,#8866,#8876,.T.);
#8874 = VERTEX_POINT('',#8875);
#8875 = CARTESIAN_POINT('',(1.89,-1.28,6.E-02));
#8876 = LINE('',#8877,#8878);
#8877 = CARTESIAN_POINT('',(1.89,-1.28,6.E-02));
#8878 = VECTOR('',#8879,1.);
#8879 = DIRECTION('',(0.,-1.,0.));
#8880 = ORIENTED_EDGE('',*,*,#8881,.F.);
#8881 = EDGE_CURVE('',#8858,#8874,#8882,.T.);
#8882 = LINE('',#8883,#8884);
#8883 = CARTESIAN_POINT('',(2.39,-1.28,6.E-02));
#8884 = VECTOR('',#8885,1.);
#8885 = DIRECTION('',(-1.,0.,0.));
#8886 = FACE_BOUND('',#8887,.F.);
#8887 = EDGE_LOOP('',(#8888,#8898,#8906,#8914));
#8888 = ORIENTED_EDGE('',*,*,#8889,.F.);
#8889 = EDGE_CURVE('',#8890,#8892,#8894,.T.);
#8890 = VERTEX_POINT('',#8891);
#8891 = CARTESIAN_POINT('',(2.39,-3.E-02,6.E-02));
#8892 = VERTEX_POINT('',#8893);
#8893 = CARTESIAN_POINT('',(1.89,-3.E-02,6.E-02));
#8894 = LINE('',#8895,#8896);
#8895 = CARTESIAN_POINT('',(2.39,-3.E-02,6.E-02));
#8896 = VECTOR('',#8897,1.);
#8897 = DIRECTION('',(-1.,0.,0.));
#8898 = ORIENTED_EDGE('',*,*,#8899,.F.);
#8899 = EDGE_CURVE('',#8900,#8890,#8902,.T.);
#8900 = VERTEX_POINT('',#8901);
#8901 = CARTESIAN_POINT('',(2.39,-1.22,6.E-02));
#8902 = LINE('',#8903,#8904);
#8903 = CARTESIAN_POINT('',(2.39,-1.22,6.E-02));
#8904 = VECTOR('',#8905,1.);
#8905 = DIRECTION('',(0.,1.,0.));
#8906 = ORIENTED_EDGE('',*,*,#8907,.F.);
#8907 = EDGE_CURVE('',#8908,#8900,#8910,.T.);
#8908 = VERTEX_POINT('',#8909);
#8909 = CARTESIAN_POINT('',(1.89,-1.22,6.E-02));
#8910 = LINE('',#8911,#8912);
#8911 = CARTESIAN_POINT('',(1.89,-1.22,6.E-02));
#8912 = VECTOR('',#8913,1.);
#8913 = DIRECTION('',(1.,0.,0.));
#8914 = ORIENTED_EDGE('',*,*,#8915,.F.);
#8915 = EDGE_CURVE('',#8892,#8908,#8916,.T.);
#8916 = LINE('',#8917,#8918);
#8917 = CARTESIAN_POINT('',(1.89,-3.E-02,6.E-02));
#8918 = VECTOR('',#8919,1.);
#8919 = DIRECTION('',(0.,-1.,0.));
#8920 = FACE_BOUND('',#8921,.F.);
#8921 = EDGE_LOOP('',(#8922,#8932,#8940,#8948));
#8922 = ORIENTED_EDGE('',*,*,#8923,.F.);
#8923 = EDGE_CURVE('',#8924,#8926,#8928,.T.);
#8924 = VERTEX_POINT('',#8925);
#8925 = CARTESIAN_POINT('',(-1.39,-2.39,6.E-02));
#8926 = VERTEX_POINT('',#8927);
#8927 = CARTESIAN_POINT('',(1.39,-2.39,6.E-02));
#8928 = LINE('',#8929,#8930);
#8929 = CARTESIAN_POINT('',(-1.39,-2.39,6.E-02));
#8930 = VECTOR('',#8931,1.);
#8931 = DIRECTION('',(1.,0.,0.));
#8932 = ORIENTED_EDGE('',*,*,#8933,.F.);
#8933 = EDGE_CURVE('',#8934,#8924,#8936,.T.);
#8934 = VERTEX_POINT('',#8935);
#8935 = CARTESIAN_POINT('',(-1.39,2.39,6.E-02));
#8936 = LINE('',#8937,#8938);
#8937 = CARTESIAN_POINT('',(-1.39,2.39,6.E-02));
#8938 = VECTOR('',#8939,1.);
#8939 = DIRECTION('',(0.,-1.,0.));
#8940 = ORIENTED_EDGE('',*,*,#8941,.F.);
#8941 = EDGE_CURVE('',#8942,#8934,#8944,.T.);
#8942 = VERTEX_POINT('',#8943);
#8943 = CARTESIAN_POINT('',(1.39,2.39,6.E-02));
#8944 = LINE('',#8945,#8946);
#8945 = CARTESIAN_POINT('',(1.39,2.39,6.E-02));
#8946 = VECTOR('',#8947,1.);
#8947 = DIRECTION('',(-1.,0.,0.));
#8948 = ORIENTED_EDGE('',*,*,#8949,.F.);
#8949 = EDGE_CURVE('',#8926,#8942,#8950,.T.);
#8950 = LINE('',#8951,#8952);
#8951 = CARTESIAN_POINT('',(1.39,-2.39,6.E-02));
#8952 = VECTOR('',#8953,1.);
#8953 = DIRECTION('',(0.,1.,0.));
#8954 = FACE_BOUND('',#8955,.F.);
#8955 = EDGE_LOOP('',(#8956,#8966,#8974,#8982));
#8956 = ORIENTED_EDGE('',*,*,#8957,.F.);
#8957 = EDGE_CURVE('',#8958,#8960,#8962,.T.);
#8958 = VERTEX_POINT('',#8959);
#8959 = CARTESIAN_POINT('',(-2.39,2.39,6.E-02));
#8960 = VERTEX_POINT('',#8961);
#8961 = CARTESIAN_POINT('',(-2.39,3.E-02,6.E-02));
#8962 = LINE('',#8963,#8964);
#8963 = CARTESIAN_POINT('',(-2.39,2.39,6.E-02));
#8964 = VECTOR('',#8965,1.);
#8965 = DIRECTION('',(0.,-1.,0.));
#8966 = ORIENTED_EDGE('',*,*,#8967,.F.);
#8967 = EDGE_CURVE('',#8968,#8958,#8970,.T.);
#8968 = VERTEX_POINT('',#8969);
#8969 = CARTESIAN_POINT('',(-1.89,2.39,6.E-02));
#8970 = LINE('',#8971,#8972);
#8971 = CARTESIAN_POINT('',(-1.89,2.39,6.E-02));
#8972 = VECTOR('',#8973,1.);
#8973 = DIRECTION('',(-1.,0.,0.));
#8974 = ORIENTED_EDGE('',*,*,#8975,.F.);
#8975 = EDGE_CURVE('',#8976,#8968,#8978,.T.);
#8976 = VERTEX_POINT('',#8977);
#8977 = CARTESIAN_POINT('',(-1.89,3.E-02,6.E-02));
#8978 = LINE('',#8979,#8980);
#8979 = CARTESIAN_POINT('',(-1.89,3.E-02,6.E-02));
#8980 = VECTOR('',#8981,1.);
#8981 = DIRECTION('',(0.,1.,0.));
#8982 = ORIENTED_EDGE('',*,*,#8983,.F.);
#8983 = EDGE_CURVE('',#8960,#8976,#8984,.T.);
#8984 = LINE('',#8985,#8986);
#8985 = CARTESIAN_POINT('',(-2.39,3.E-02,6.E-02));
#8986 = VECTOR('',#8987,1.);
#8987 = DIRECTION('',(1.,0.,0.));
#8988 = FACE_BOUND('',#8989,.F.);
#8989 = EDGE_LOOP('',(#8990,#9000,#9008,#9016));
#8990 = ORIENTED_EDGE('',*,*,#8991,.F.);
#8991 = EDGE_CURVE('',#8992,#8994,#8996,.T.);
#8992 = VERTEX_POINT('',#8993);
#8993 = CARTESIAN_POINT('',(2.39,1.22,6.E-02));
#8994 = VERTEX_POINT('',#8995);
#8995 = CARTESIAN_POINT('',(1.89,1.22,6.E-02));
#8996 = LINE('',#8997,#8998);
#8997 = CARTESIAN_POINT('',(2.39,1.22,6.E-02));
#8998 = VECTOR('',#8999,1.);
#8999 = DIRECTION('',(-1.,0.,0.));
#9000 = ORIENTED_EDGE('',*,*,#9001,.F.);
#9001 = EDGE_CURVE('',#9002,#8992,#9004,.T.);
#9002 = VERTEX_POINT('',#9003);
#9003 = CARTESIAN_POINT('',(2.39,3.E-02,6.E-02));
#9004 = LINE('',#9005,#9006);
#9005 = CARTESIAN_POINT('',(2.39,3.E-02,6.E-02));
#9006 = VECTOR('',#9007,1.);
#9007 = DIRECTION('',(0.,1.,0.));
#9008 = ORIENTED_EDGE('',*,*,#9009,.F.);
#9009 = EDGE_CURVE('',#9010,#9002,#9012,.T.);
#9010 = VERTEX_POINT('',#9011);
#9011 = CARTESIAN_POINT('',(1.89,3.E-02,6.E-02));
#9012 = LINE('',#9013,#9014);
#9013 = CARTESIAN_POINT('',(1.89,3.E-02,6.E-02));
#9014 = VECTOR('',#9015,1.);
#9015 = DIRECTION('',(1.,0.,0.));
#9016 = ORIENTED_EDGE('',*,*,#9017,.F.);
#9017 = EDGE_CURVE('',#8994,#9010,#9018,.T.);
#9018 = LINE('',#9019,#9020);
#9019 = CARTESIAN_POINT('',(1.89,1.22,6.E-02));
#9020 = VECTOR('',#9021,1.);
#9021 = DIRECTION('',(0.,-1.,0.));
#9022 = FACE_BOUND('',#9023,.F.);
#9023 = EDGE_LOOP('',(#9024,#9034,#9042,#9050));
#9024 = ORIENTED_EDGE('',*,*,#9025,.F.);
#9025 = EDGE_CURVE('',#9026,#9028,#9030,.T.);
#9026 = VERTEX_POINT('',#9027);
#9027 = CARTESIAN_POINT('',(2.39,2.39,6.E-02));
#9028 = VERTEX_POINT('',#9029);
#9029 = CARTESIAN_POINT('',(1.89,2.39,6.E-02));
#9030 = LINE('',#9031,#9032);
#9031 = CARTESIAN_POINT('',(2.39,2.39,6.E-02));
#9032 = VECTOR('',#9033,1.);
#9033 = DIRECTION('',(-1.,0.,0.));
#9034 = ORIENTED_EDGE('',*,*,#9035,.F.);
#9035 = EDGE_CURVE('',#9036,#9026,#9038,.T.);
#9036 = VERTEX_POINT('',#9037);
#9037 = CARTESIAN_POINT('',(2.39,1.28,6.E-02));
#9038 = LINE('',#9039,#9040);
#9039 = CARTESIAN_POINT('',(2.39,1.28,6.E-02));
#9040 = VECTOR('',#9041,1.);
#9041 = DIRECTION('',(0.,1.,0.));
#9042 = ORIENTED_EDGE('',*,*,#9043,.F.);
#9043 = EDGE_CURVE('',#9044,#9036,#9046,.T.);
#9044 = VERTEX_POINT('',#9045);
#9045 = CARTESIAN_POINT('',(1.89,1.28,6.E-02));
#9046 = LINE('',#9047,#9048);
#9047 = CARTESIAN_POINT('',(1.89,1.28,6.E-02));
#9048 = VECTOR('',#9049,1.);
#9049 = DIRECTION('',(1.,0.,0.));
#9050 = ORIENTED_EDGE('',*,*,#9051,.F.);
#9051 = EDGE_CURVE('',#9028,#9044,#9052,.T.);
#9052 = LINE('',#9053,#9054);
#9053 = CARTESIAN_POINT('',(1.89,2.39,6.E-02));
#9054 = VECTOR('',#9055,1.);
#9055 = DIRECTION('',(0.,-1.,0.));
#9056 = PLANE('',#9057);
#9057 = AXIS2_PLACEMENT_3D('',#9058,#9059,#9060);
#9058 = CARTESIAN_POINT('',(0.,0.,6.E-02));
#9059 = DIRECTION('',(0.,0.,1.));
#9060 = DIRECTION('',(1.,0.,-0.));
#9061 = ADVANCED_FACE('',(#9062),#9104,.T.);
#9062 = FACE_BOUND('',#9063,.T.);
#9063 = EDGE_LOOP('',(#9064,#9075,#9083,#9089,#9090,#9098));
#9064 = ORIENTED_EDGE('',*,*,#9065,.F.);
#9065 = EDGE_CURVE('',#9066,#9068,#9070,.T.);
#9066 = VERTEX_POINT('',#9067);
#9067 = CARTESIAN_POINT('',(-1.36839321834,-2.5,0.73));
#9068 = VERTEX_POINT('',#9069);
#9069 = CARTESIAN_POINT('',(1.36839321834,-2.5,0.73));
#9070 = CIRCLE('',#9071,1.36839321834);
#9071 = AXIS2_PLACEMENT_3D('',#9072,#9073,#9074);
#9072 = CARTESIAN_POINT('',(1.7E-16,-2.5,0.73));
#9073 = DIRECTION('',(0.,1.,0.));
#9074 = DIRECTION('',(0.,-0.,1.));
#9075 = ORIENTED_EDGE('',*,*,#9076,.F.);
#9076 = EDGE_CURVE('',#9077,#9066,#9079,.T.);
#9077 = VERTEX_POINT('',#9078);
#9078 = CARTESIAN_POINT('',(-2.5,-2.5,0.73));
#9079 = LINE('',#9080,#9081);
#9080 = CARTESIAN_POINT('',(-2.5,-2.5,0.73));
#9081 = VECTOR('',#9082,1.);
#9082 = DIRECTION('',(1.,0.,0.));
#9083 = ORIENTED_EDGE('',*,*,#9084,.F.);
#9084 = EDGE_CURVE('',#8711,#9077,#9085,.T.);
#9085 = LINE('',#9086,#9087);
#9086 = CARTESIAN_POINT('',(-2.5,-2.5,0.56));
#9087 = VECTOR('',#9088,1.);
#9088 = DIRECTION('',(0.,0.,1.));
#9089 = ORIENTED_EDGE('',*,*,#8718,.T.);
#9090 = ORIENTED_EDGE('',*,*,#9091,.T.);
#9091 = EDGE_CURVE('',#8719,#9092,#9094,.T.);
#9092 = VERTEX_POINT('',#9093);
#9093 = CARTESIAN_POINT('',(2.5,-2.5,0.73));
#9094 = LINE('',#9095,#9096);
#9095 = CARTESIAN_POINT('',(2.5,-2.5,0.56));
#9096 = VECTOR('',#9097,1.);
#9097 = DIRECTION('',(0.,0.,1.));
#9098 = ORIENTED_EDGE('',*,*,#9099,.F.);
#9099 = EDGE_CURVE('',#9068,#9092,#9100,.T.);
#9100 = LINE('',#9101,#9102);
#9101 = CARTESIAN_POINT('',(-2.5,-2.5,0.73));
#9102 = VECTOR('',#9103,1.);
#9103 = DIRECTION('',(1.,0.,0.));
#9104 = PLANE('',#9105);
#9105 = AXIS2_PLACEMENT_3D('',#9106,#9107,#9108);
#9106 = CARTESIAN_POINT('',(2.742E-14,-2.5,0.931937626545));
#9107 = DIRECTION('',(-0.,-1.,-0.));
#9108 = DIRECTION('',(0.,0.,-1.));
#9109 = ADVANCED_FACE('',(#9110),#9121,.F.);
#9110 = FACE_BOUND('',#9111,.F.);
#9111 = EDGE_LOOP('',(#9112,#9113,#9119,#9120));
#9112 = ORIENTED_EDGE('',*,*,#8788,.T.);
#9113 = ORIENTED_EDGE('',*,*,#9114,.T.);
#9114 = EDGE_CURVE('',#8781,#8751,#9115,.T.);
#9115 = LINE('',#9116,#9117);
#9116 = CARTESIAN_POINT('',(2.5,2.5,0.56));
#9117 = VECTOR('',#9118,1.);
#9118 = DIRECTION('',(-1.,0.,0.));
#9119 = ORIENTED_EDGE('',*,*,#8748,.F.);
#9120 = ORIENTED_EDGE('',*,*,#8812,.F.);
#9121 = PLANE('',#9122);
#9122 = AXIS2_PLACEMENT_3D('',#9123,#9124,#9125);
#9123 = CARTESIAN_POINT('',(2.5,2.5,6.E-02));
#9124 = DIRECTION('',(0.,-1.,0.));
#9125 = DIRECTION('',(-1.,0.,0.));
#9126 = ADVANCED_FACE('',(#9127),#9162,.T.);
#9127 = FACE_BOUND('',#9128,.T.);
#9128 = EDGE_LOOP('',(#9129,#9140,#9148,#9154,#9155,#9156));
#9129 = ORIENTED_EDGE('',*,*,#9130,.F.);
#9130 = EDGE_CURVE('',#9131,#9133,#9135,.T.);
#9131 = VERTEX_POINT('',#9132);
#9132 = CARTESIAN_POINT('',(-2.5,1.36839321834,0.73));
#9133 = VERTEX_POINT('',#9134);
#9134 = CARTESIAN_POINT('',(-2.5,-1.36839321834,0.73));
#9135 = CIRCLE('',#9136,1.36839321834);
#9136 = AXIS2_PLACEMENT_3D('',#9137,#9138,#9139);
#9137 = CARTESIAN_POINT('',(-2.5,1.6E-16,0.73));
#9138 = DIRECTION('',(1.,0.,-0.));
#9139 = DIRECTION('',(0.,0.,1.));
#9140 = ORIENTED_EDGE('',*,*,#9141,.F.);
#9141 = EDGE_CURVE('',#9142,#9131,#9144,.T.);
#9142 = VERTEX_POINT('',#9143);
#9143 = CARTESIAN_POINT('',(-2.5,2.5,0.73));
#9144 = LINE('',#9145,#9146);
#9145 = CARTESIAN_POINT('',(-2.5,2.5,0.73));
#9146 = VECTOR('',#9147,1.);
#9147 = DIRECTION('',(0.,-1.,0.));
#9148 = ORIENTED_EDGE('',*,*,#9149,.F.);
#9149 = EDGE_CURVE('',#8751,#9142,#9150,.T.);
#9150 = LINE('',#9151,#9152);
#9151 = CARTESIAN_POINT('',(-2.5,2.5,0.56));
#9152 = VECTOR('',#9153,1.);
#9153 = DIRECTION('',(0.,0.,1.));
#9154 = ORIENTED_EDGE('',*,*,#8758,.T.);
#9155 = ORIENTED_EDGE('',*,*,#9084,.T.);
#9156 = ORIENTED_EDGE('',*,*,#9157,.F.);
#9157 = EDGE_CURVE('',#9133,#9077,#9158,.T.);
#9158 = LINE('',#9159,#9160);
#9159 = CARTESIAN_POINT('',(-2.5,2.5,0.73));
#9160 = VECTOR('',#9161,1.);
#9161 = DIRECTION('',(0.,-1.,0.));
#9162 = PLANE('',#9163);
#9163 = AXIS2_PLACEMENT_3D('',#9164,#9165,#9166);
#9164 = CARTESIAN_POINT('',(-2.5,1.5E-16,0.931937626545));
#9165 = DIRECTION('',(-1.,-0.,-0.));
#9166 = DIRECTION('',(0.,0.,-1.));
#9167 = ADVANCED_FACE('',(#9168),#9212,.T.);
#9168 = FACE_BOUND('',#9169,.T.);
#9169 = EDGE_LOOP('',(#9170,#9181,#9190,#9196,#9197,#9198,#9206));
#9170 = ORIENTED_EDGE('',*,*,#9171,.F.);
#9171 = EDGE_CURVE('',#9172,#9174,#9176,.T.);
#9172 = VERTEX_POINT('',#9173);
#9173 = CARTESIAN_POINT('',(2.5,0.,2.09839321834));
#9174 = VERTEX_POINT('',#9175);
#9175 = CARTESIAN_POINT('',(2.5,1.36839321834,0.73));
#9176 = CIRCLE('',#9177,1.36839321834);
#9177 = AXIS2_PLACEMENT_3D('',#9178,#9179,#9180);
#9178 = CARTESIAN_POINT('',(2.5,1.6E-16,0.73));
#9179 = DIRECTION('',(-1.,0.,0.));
#9180 = DIRECTION('',(0.,0.,-1.));
#9181 = ORIENTED_EDGE('',*,*,#9182,.F.);
#9182 = EDGE_CURVE('',#9183,#9172,#9185,.T.);
#9183 = VERTEX_POINT('',#9184);
#9184 = CARTESIAN_POINT('',(2.5,-1.36839321834,0.73));
#9185 = CIRCLE('',#9186,1.36839321834);
#9186 = AXIS2_PLACEMENT_3D('',#9187,#9188,#9189);
#9187 = CARTESIAN_POINT('',(2.5,1.6E-16,0.73));
#9188 = DIRECTION('',(-1.,0.,0.));
#9189 = DIRECTION('',(0.,0.,-1.));
#9190 = ORIENTED_EDGE('',*,*,#9191,.F.);
#9191 = EDGE_CURVE('',#9092,#9183,#9192,.T.);
#9192 = LINE('',#9193,#9194);
#9193 = CARTESIAN_POINT('',(2.5,-2.5,0.73));
#9194 = VECTOR('',#9195,1.);
#9195 = DIRECTION('',(0.,1.,0.));
#9196 = ORIENTED_EDGE('',*,*,#9091,.F.);
#9197 = ORIENTED_EDGE('',*,*,#8780,.T.);
#9198 = ORIENTED_EDGE('',*,*,#9199,.T.);
#9199 = EDGE_CURVE('',#8781,#9200,#9202,.T.);
#9200 = VERTEX_POINT('',#9201);
#9201 = CARTESIAN_POINT('',(2.5,2.5,0.73));
#9202 = LINE('',#9203,#9204);
#9203 = CARTESIAN_POINT('',(2.5,2.5,0.56));
#9204 = VECTOR('',#9205,1.);
#9205 = DIRECTION('',(0.,0.,1.));
#9206 = ORIENTED_EDGE('',*,*,#9207,.F.);
#9207 = EDGE_CURVE('',#9174,#9200,#9208,.T.);
#9208 = LINE('',#9209,#9210);
#9209 = CARTESIAN_POINT('',(2.5,-2.5,0.73));
#9210 = VECTOR('',#9211,1.);
#9211 = DIRECTION('',(0.,1.,0.));
#9212 = PLANE('',#9213);
#9213 = AXIS2_PLACEMENT_3D('',#9214,#9215,#9216);
#9214 = CARTESIAN_POINT('',(2.5,-1.9E-16,0.96103383958));
#9215 = DIRECTION('',(1.,0.,0.));
#9216 = DIRECTION('',(0.,0.,1.));
#9217 = ADVANCED_FACE('',(#9218),#9243,.F.);
#9218 = FACE_BOUND('',#9219,.F.);
#9219 = EDGE_LOOP('',(#9220,#9228,#9229,#9237));
#9220 = ORIENTED_EDGE('',*,*,#9221,.T.);
#9221 = EDGE_CURVE('',#9222,#8822,#9224,.T.);
#9222 = VERTEX_POINT('',#9223);
#9223 = CARTESIAN_POINT('',(-2.39,-3.E-02,0.));
#9224 = LINE('',#9225,#9226);
#9225 = CARTESIAN_POINT('',(-2.39,-3.E-02,0.));
#9226 = VECTOR('',#9227,1.);
#9227 = DIRECTION('',(0.,0.,1.));
#9228 = ORIENTED_EDGE('',*,*,#8821,.T.);
#9229 = ORIENTED_EDGE('',*,*,#9230,.F.);
#9230 = EDGE_CURVE('',#9231,#8824,#9233,.T.);
#9231 = VERTEX_POINT('',#9232);
#9232 = CARTESIAN_POINT('',(-2.39,-2.39,0.));
#9233 = LINE('',#9234,#9235);
#9234 = CARTESIAN_POINT('',(-2.39,-2.39,0.));
#9235 = VECTOR('',#9236,1.);
#9236 = DIRECTION('',(0.,0.,1.));
#9237 = ORIENTED_EDGE('',*,*,#9238,.F.);
#9238 = EDGE_CURVE('',#9222,#9231,#9239,.T.);
#9239 = LINE('',#9240,#9241);
#9240 = CARTESIAN_POINT('',(-2.39,-3.E-02,0.));
#9241 = VECTOR('',#9242,1.);
#9242 = DIRECTION('',(0.,-1.,0.));
#9243 = PLANE('',#9244);
#9244 = AXIS2_PLACEMENT_3D('',#9245,#9246,#9247);
#9245 = CARTESIAN_POINT('',(-2.39,-3.E-02,0.));
#9246 = DIRECTION('',(1.,0.,0.));
#9247 = DIRECTION('',(0.,-1.,0.));
#9248 = ADVANCED_FACE('',(#9249),#9267,.F.);
#9249 = FACE_BOUND('',#9250,.F.);
#9250 = EDGE_LOOP('',(#9251,#9252,#9253,#9261));
#9251 = ORIENTED_EDGE('',*,*,#9230,.T.);
#9252 = ORIENTED_EDGE('',*,*,#8847,.T.);
#9253 = ORIENTED_EDGE('',*,*,#9254,.F.);
#9254 = EDGE_CURVE('',#9255,#8840,#9257,.T.);
#9255 = VERTEX_POINT('',#9256);
#9256 = CARTESIAN_POINT('',(-1.89,-2.39,0.));
#9257 = LINE('',#9258,#9259);
#9258 = CARTESIAN_POINT('',(-1.89,-2.39,0.));
#9259 = VECTOR('',#9260,1.);
#9260 = DIRECTION('',(0.,0.,1.));
#9261 = ORIENTED_EDGE('',*,*,#9262,.F.);
#9262 = EDGE_CURVE('',#9231,#9255,#9263,.T.);
#9263 = LINE('',#9264,#9265);
#9264 = CARTESIAN_POINT('',(-2.39,-2.39,0.));
#9265 = VECTOR('',#9266,1.);
#9266 = DIRECTION('',(1.,0.,0.));
#9267 = PLANE('',#9268);
#9268 = AXIS2_PLACEMENT_3D('',#9269,#9270,#9271);
#9269 = CARTESIAN_POINT('',(-2.39,-2.39,0.));
#9270 = DIRECTION('',(0.,1.,0.));
#9271 = DIRECTION('',(1.,0.,0.));
#9272 = ADVANCED_FACE('',(#9273),#9291,.F.);
#9273 = FACE_BOUND('',#9274,.F.);
#9274 = EDGE_LOOP('',(#9275,#9276,#9277,#9285));
#9275 = ORIENTED_EDGE('',*,*,#9254,.T.);
#9276 = ORIENTED_EDGE('',*,*,#8839,.T.);
#9277 = ORIENTED_EDGE('',*,*,#9278,.F.);
#9278 = EDGE_CURVE('',#9279,#8832,#9281,.T.);
#9279 = VERTEX_POINT('',#9280);
#9280 = CARTESIAN_POINT('',(-1.89,-3.E-02,0.));
#9281 = LINE('',#9282,#9283);
#9282 = CARTESIAN_POINT('',(-1.89,-3.E-02,0.));
#9283 = VECTOR('',#9284,1.);
#9284 = DIRECTION('',(0.,0.,1.));
#9285 = ORIENTED_EDGE('',*,*,#9286,.F.);
#9286 = EDGE_CURVE('',#9255,#9279,#9287,.T.);
#9287 = LINE('',#9288,#9289);
#9288 = CARTESIAN_POINT('',(-1.89,-2.39,0.));
#9289 = VECTOR('',#9290,1.);
#9290 = DIRECTION('',(0.,1.,0.));
#9291 = PLANE('',#9292);
#9292 = AXIS2_PLACEMENT_3D('',#9293,#9294,#9295);
#9293 = CARTESIAN_POINT('',(-1.89,-2.39,0.));
#9294 = DIRECTION('',(-1.,0.,0.));
#9295 = DIRECTION('',(0.,1.,0.));
#9296 = ADVANCED_FACE('',(#9297),#9308,.F.);
#9297 = FACE_BOUND('',#9298,.F.);
#9298 = EDGE_LOOP('',(#9299,#9300,#9301,#9302));
#9299 = ORIENTED_EDGE('',*,*,#9278,.T.);
#9300 = ORIENTED_EDGE('',*,*,#8831,.T.);
#9301 = ORIENTED_EDGE('',*,*,#9221,.F.);
#9302 = ORIENTED_EDGE('',*,*,#9303,.F.);
#9303 = EDGE_CURVE('',#9279,#9222,#9304,.T.);
#9304 = LINE('',#9305,#9306);
#9305 = CARTESIAN_POINT('',(-1.89,-3.E-02,0.));
#9306 = VECTOR('',#9307,1.);
#9307 = DIRECTION('',(-1.,0.,0.));
#9308 = PLANE('',#9309);
#9309 = AXIS2_PLACEMENT_3D('',#9310,#9311,#9312);
#9310 = CARTESIAN_POINT('',(-1.89,-3.E-02,0.));
#9311 = DIRECTION('',(0.,-1.,0.));
#9312 = DIRECTION('',(-1.,0.,0.));
#9313 = ADVANCED_FACE('',(#9314),#9339,.F.);
#9314 = FACE_BOUND('',#9315,.F.);
#9315 = EDGE_LOOP('',(#9316,#9324,#9325,#9333));
#9316 = ORIENTED_EDGE('',*,*,#9317,.T.);
#9317 = EDGE_CURVE('',#9318,#8856,#9320,.T.);
#9318 = VERTEX_POINT('',#9319);
#9319 = CARTESIAN_POINT('',(2.39,-2.39,0.));
#9320 = LINE('',#9321,#9322);
#9321 = CARTESIAN_POINT('',(2.39,-2.39,0.));
#9322 = VECTOR('',#9323,1.);
#9323 = DIRECTION('',(0.,0.,1.));
#9324 = ORIENTED_EDGE('',*,*,#8855,.T.);
#9325 = ORIENTED_EDGE('',*,*,#9326,.F.);
#9326 = EDGE_CURVE('',#9327,#8858,#9329,.T.);
#9327 = VERTEX_POINT('',#9328);
#9328 = CARTESIAN_POINT('',(2.39,-1.28,0.));
#9329 = LINE('',#9330,#9331);
#9330 = CARTESIAN_POINT('',(2.39,-1.28,0.));
#9331 = VECTOR('',#9332,1.);
#9332 = DIRECTION('',(0.,0.,1.));
#9333 = ORIENTED_EDGE('',*,*,#9334,.F.);
#9334 = EDGE_CURVE('',#9318,#9327,#9335,.T.);
#9335 = LINE('',#9336,#9337);
#9336 = CARTESIAN_POINT('',(2.39,-2.39,0.));
#9337 = VECTOR('',#9338,1.);
#9338 = DIRECTION('',(0.,1.,0.));
#9339 = PLANE('',#9340);
#9340 = AXIS2_PLACEMENT_3D('',#9341,#9342,#9343);
#9341 = CARTESIAN_POINT('',(2.39,-2.39,0.));
#9342 = DIRECTION('',(-1.,0.,0.));
#9343 = DIRECTION('',(0.,1.,0.));
#9344 = ADVANCED_FACE('',(#9345),#9363,.F.);
#9345 = FACE_BOUND('',#9346,.F.);
#9346 = EDGE_LOOP('',(#9347,#9348,#9349,#9357));
#9347 = ORIENTED_EDGE('',*,*,#9326,.T.);
#9348 = ORIENTED_EDGE('',*,*,#8881,.T.);
#9349 = ORIENTED_EDGE('',*,*,#9350,.F.);
#9350 = EDGE_CURVE('',#9351,#8874,#9353,.T.);
#9351 = VERTEX_POINT('',#9352);
#9352 = CARTESIAN_POINT('',(1.89,-1.28,0.));
#9353 = LINE('',#9354,#9355);
#9354 = CARTESIAN_POINT('',(1.89,-1.28,0.));
#9355 = VECTOR('',#9356,1.);
#9356 = DIRECTION('',(0.,0.,1.));
#9357 = ORIENTED_EDGE('',*,*,#9358,.F.);
#9358 = EDGE_CURVE('',#9327,#9351,#9359,.T.);
#9359 = LINE('',#9360,#9361);
#9360 = CARTESIAN_POINT('',(2.39,-1.28,0.));
#9361 = VECTOR('',#9362,1.);
#9362 = DIRECTION('',(-1.,0.,0.));
#9363 = PLANE('',#9364);
#9364 = AXIS2_PLACEMENT_3D('',#9365,#9366,#9367);
#9365 = CARTESIAN_POINT('',(2.39,-1.28,0.));
#9366 = DIRECTION('',(0.,-1.,0.));
#9367 = DIRECTION('',(-1.,0.,0.));
#9368 = ADVANCED_FACE('',(#9369),#9387,.F.);
#9369 = FACE_BOUND('',#9370,.F.);
#9370 = EDGE_LOOP('',(#9371,#9372,#9373,#9381));
#9371 = ORIENTED_EDGE('',*,*,#9350,.T.);
#9372 = ORIENTED_EDGE('',*,*,#8873,.T.);
#9373 = ORIENTED_EDGE('',*,*,#9374,.F.);
#9374 = EDGE_CURVE('',#9375,#8866,#9377,.T.);
#9375 = VERTEX_POINT('',#9376);
#9376 = CARTESIAN_POINT('',(1.89,-2.39,0.));
#9377 = LINE('',#9378,#9379);
#9378 = CARTESIAN_POINT('',(1.89,-2.39,0.));
#9379 = VECTOR('',#9380,1.);
#9380 = DIRECTION('',(0.,0.,1.));
#9381 = ORIENTED_EDGE('',*,*,#9382,.F.);
#9382 = EDGE_CURVE('',#9351,#9375,#9383,.T.);
#9383 = LINE('',#9384,#9385);
#9384 = CARTESIAN_POINT('',(1.89,-1.28,0.));
#9385 = VECTOR('',#9386,1.);
#9386 = DIRECTION('',(0.,-1.,0.));
#9387 = PLANE('',#9388);
#9388 = AXIS2_PLACEMENT_3D('',#9389,#9390,#9391);
#9389 = CARTESIAN_POINT('',(1.89,-1.28,0.));
#9390 = DIRECTION('',(1.,0.,0.));
#9391 = DIRECTION('',(0.,-1.,0.));
#9392 = ADVANCED_FACE('',(#9393),#9404,.F.);
#9393 = FACE_BOUND('',#9394,.F.);
#9394 = EDGE_LOOP('',(#9395,#9396,#9397,#9398));
#9395 = ORIENTED_EDGE('',*,*,#9374,.T.);
#9396 = ORIENTED_EDGE('',*,*,#8865,.T.);
#9397 = ORIENTED_EDGE('',*,*,#9317,.F.);
#9398 = ORIENTED_EDGE('',*,*,#9399,.F.);
#9399 = EDGE_CURVE('',#9375,#9318,#9400,.T.);
#9400 = LINE('',#9401,#9402);
#9401 = CARTESIAN_POINT('',(1.89,-2.39,0.));
#9402 = VECTOR('',#9403,1.);
#9403 = DIRECTION('',(1.,0.,0.));
#9404 = PLANE('',#9405);
#9405 = AXIS2_PLACEMENT_3D('',#9406,#9407,#9408);
#9406 = CARTESIAN_POINT('',(1.89,-2.39,0.));
#9407 = DIRECTION('',(0.,1.,0.));
#9408 = DIRECTION('',(1.,0.,0.));
#9409 = ADVANCED_FACE('',(#9410),#9435,.F.);
#9410 = FACE_BOUND('',#9411,.F.);
#9411 = EDGE_LOOP('',(#9412,#9420,#9421,#9429));
#9412 = ORIENTED_EDGE('',*,*,#9413,.T.);
#9413 = EDGE_CURVE('',#9414,#8890,#9416,.T.);
#9414 = VERTEX_POINT('',#9415);
#9415 = CARTESIAN_POINT('',(2.39,-3.E-02,0.));
#9416 = LINE('',#9417,#9418);
#9417 = CARTESIAN_POINT('',(2.39,-3.E-02,0.));
#9418 = VECTOR('',#9419,1.);
#9419 = DIRECTION('',(0.,0.,1.));
#9420 = ORIENTED_EDGE('',*,*,#8889,.T.);
#9421 = ORIENTED_EDGE('',*,*,#9422,.F.);
#9422 = EDGE_CURVE('',#9423,#8892,#9425,.T.);
#9423 = VERTEX_POINT('',#9424);
#9424 = CARTESIAN_POINT('',(1.89,-3.E-02,0.));
#9425 = LINE('',#9426,#9427);
#9426 = CARTESIAN_POINT('',(1.89,-3.E-02,0.));
#9427 = VECTOR('',#9428,1.);
#9428 = DIRECTION('',(0.,0.,1.));
#9429 = ORIENTED_EDGE('',*,*,#9430,.F.);
#9430 = EDGE_CURVE('',#9414,#9423,#9431,.T.);
#9431 = LINE('',#9432,#9433);
#9432 = CARTESIAN_POINT('',(2.39,-3.E-02,0.));
#9433 = VECTOR('',#9434,1.);
#9434 = DIRECTION('',(-1.,0.,0.));
#9435 = PLANE('',#9436);
#9436 = AXIS2_PLACEMENT_3D('',#9437,#9438,#9439);
#9437 = CARTESIAN_POINT('',(2.39,-3.E-02,0.));
#9438 = DIRECTION('',(0.,-1.,0.));
#9439 = DIRECTION('',(-1.,0.,0.));
#9440 = ADVANCED_FACE('',(#9441),#9459,.F.);
#9441 = FACE_BOUND('',#9442,.F.);
#9442 = EDGE_LOOP('',(#9443,#9444,#9445,#9453));
#9443 = ORIENTED_EDGE('',*,*,#9422,.T.);
#9444 = ORIENTED_EDGE('',*,*,#8915,.T.);
#9445 = ORIENTED_EDGE('',*,*,#9446,.F.);
#9446 = EDGE_CURVE('',#9447,#8908,#9449,.T.);
#9447 = VERTEX_POINT('',#9448);
#9448 = CARTESIAN_POINT('',(1.89,-1.22,0.));
#9449 = LINE('',#9450,#9451);
#9450 = CARTESIAN_POINT('',(1.89,-1.22,0.));
#9451 = VECTOR('',#9452,1.);
#9452 = DIRECTION('',(0.,0.,1.));
#9453 = ORIENTED_EDGE('',*,*,#9454,.F.);
#9454 = EDGE_CURVE('',#9423,#9447,#9455,.T.);
#9455 = LINE('',#9456,#9457);
#9456 = CARTESIAN_POINT('',(1.89,-3.E-02,0.));
#9457 = VECTOR('',#9458,1.);
#9458 = DIRECTION('',(0.,-1.,0.));
#9459 = PLANE('',#9460);
#9460 = AXIS2_PLACEMENT_3D('',#9461,#9462,#9463);
#9461 = CARTESIAN_POINT('',(1.89,-3.E-02,0.));
#9462 = DIRECTION('',(1.,0.,0.));
#9463 = DIRECTION('',(0.,-1.,0.));
#9464 = ADVANCED_FACE('',(#9465),#9483,.F.);
#9465 = FACE_BOUND('',#9466,.F.);
#9466 = EDGE_LOOP('',(#9467,#9468,#9469,#9477));
#9467 = ORIENTED_EDGE('',*,*,#9446,.T.);
#9468 = ORIENTED_EDGE('',*,*,#8907,.T.);
#9469 = ORIENTED_EDGE('',*,*,#9470,.F.);
#9470 = EDGE_CURVE('',#9471,#8900,#9473,.T.);
#9471 = VERTEX_POINT('',#9472);
#9472 = CARTESIAN_POINT('',(2.39,-1.22,0.));
#9473 = LINE('',#9474,#9475);
#9474 = CARTESIAN_POINT('',(2.39,-1.22,0.));
#9475 = VECTOR('',#9476,1.);
#9476 = DIRECTION('',(0.,0.,1.));
#9477 = ORIENTED_EDGE('',*,*,#9478,.F.);
#9478 = EDGE_CURVE('',#9447,#9471,#9479,.T.);
#9479 = LINE('',#9480,#9481);
#9480 = CARTESIAN_POINT('',(1.89,-1.22,0.));
#9481 = VECTOR('',#9482,1.);
#9482 = DIRECTION('',(1.,0.,0.));
#9483 = PLANE('',#9484);
#9484 = AXIS2_PLACEMENT_3D('',#9485,#9486,#9487);
#9485 = CARTESIAN_POINT('',(1.89,-1.22,0.));
#9486 = DIRECTION('',(0.,1.,0.));
#9487 = DIRECTION('',(1.,0.,0.));
#9488 = ADVANCED_FACE('',(#9489),#9500,.F.);
#9489 = FACE_BOUND('',#9490,.F.);
#9490 = EDGE_LOOP('',(#9491,#9492,#9493,#9494));
#9491 = ORIENTED_EDGE('',*,*,#9470,.T.);
#9492 = ORIENTED_EDGE('',*,*,#8899,.T.);
#9493 = ORIENTED_EDGE('',*,*,#9413,.F.);
#9494 = ORIENTED_EDGE('',*,*,#9495,.F.);
#9495 = EDGE_CURVE('',#9471,#9414,#9496,.T.);
#9496 = LINE('',#9497,#9498);
#9497 = CARTESIAN_POINT('',(2.39,-1.22,0.));
#9498 = VECTOR('',#9499,1.);
#9499 = DIRECTION('',(0.,1.,0.));
#9500 = PLANE('',#9501);
#9501 = AXIS2_PLACEMENT_3D('',#9502,#9503,#9504);
#9502 = CARTESIAN_POINT('',(2.39,-1.22,0.));
#9503 = DIRECTION('',(-1.,0.,0.));
#9504 = DIRECTION('',(0.,1.,0.));
#9505 = ADVANCED_FACE('',(#9506),#9531,.F.);
#9506 = FACE_BOUND('',#9507,.F.);
#9507 = EDGE_LOOP('',(#9508,#9516,#9517,#9525));
#9508 = ORIENTED_EDGE('',*,*,#9509,.T.);
#9509 = EDGE_CURVE('',#9510,#8924,#9512,.T.);
#9510 = VERTEX_POINT('',#9511);
#9511 = CARTESIAN_POINT('',(-1.39,-2.39,0.));
#9512 = LINE('',#9513,#9514);
#9513 = CARTESIAN_POINT('',(-1.39,-2.39,0.));
#9514 = VECTOR('',#9515,1.);
#9515 = DIRECTION('',(0.,0.,1.));
#9516 = ORIENTED_EDGE('',*,*,#8923,.T.);
#9517 = ORIENTED_EDGE('',*,*,#9518,.F.);
#9518 = EDGE_CURVE('',#9519,#8926,#9521,.T.);
#9519 = VERTEX_POINT('',#9520);
#9520 = CARTESIAN_POINT('',(1.39,-2.39,0.));
#9521 = LINE('',#9522,#9523);
#9522 = CARTESIAN_POINT('',(1.39,-2.39,0.));
#9523 = VECTOR('',#9524,1.);
#9524 = DIRECTION('',(0.,0.,1.));
#9525 = ORIENTED_EDGE('',*,*,#9526,.F.);
#9526 = EDGE_CURVE('',#9510,#9519,#9527,.T.);
#9527 = LINE('',#9528,#9529);
#9528 = CARTESIAN_POINT('',(-1.39,-2.39,0.));
#9529 = VECTOR('',#9530,1.);
#9530 = DIRECTION('',(1.,0.,0.));
#9531 = PLANE('',#9532);
#9532 = AXIS2_PLACEMENT_3D('',#9533,#9534,#9535);
#9533 = CARTESIAN_POINT('',(-1.39,-2.39,0.));
#9534 = DIRECTION('',(0.,1.,0.));
#9535 = DIRECTION('',(1.,0.,0.));
#9536 = ADVANCED_FACE('',(#9537),#9555,.F.);
#9537 = FACE_BOUND('',#9538,.F.);
#9538 = EDGE_LOOP('',(#9539,#9540,#9541,#9549));
#9539 = ORIENTED_EDGE('',*,*,#9518,.T.);
#9540 = ORIENTED_EDGE('',*,*,#8949,.T.);
#9541 = ORIENTED_EDGE('',*,*,#9542,.F.);
#9542 = EDGE_CURVE('',#9543,#8942,#9545,.T.);
#9543 = VERTEX_POINT('',#9544);
#9544 = CARTESIAN_POINT('',(1.39,2.39,0.));
#9545 = LINE('',#9546,#9547);
#9546 = CARTESIAN_POINT('',(1.39,2.39,0.));
#9547 = VECTOR('',#9548,1.);
#9548 = DIRECTION('',(0.,0.,1.));
#9549 = ORIENTED_EDGE('',*,*,#9550,.F.);
#9550 = EDGE_CURVE('',#9519,#9543,#9551,.T.);
#9551 = LINE('',#9552,#9553);
#9552 = CARTESIAN_POINT('',(1.39,-2.39,0.));
#9553 = VECTOR('',#9554,1.);
#9554 = DIRECTION('',(0.,1.,0.));
#9555 = PLANE('',#9556);
#9556 = AXIS2_PLACEMENT_3D('',#9557,#9558,#9559);
#9557 = CARTESIAN_POINT('',(1.39,-2.39,0.));
#9558 = DIRECTION('',(-1.,0.,0.));
#9559 = DIRECTION('',(0.,1.,0.));
#9560 = ADVANCED_FACE('',(#9561),#9579,.F.);
#9561 = FACE_BOUND('',#9562,.F.);
#9562 = EDGE_LOOP('',(#9563,#9564,#9565,#9573));
#9563 = ORIENTED_EDGE('',*,*,#9542,.T.);
#9564 = ORIENTED_EDGE('',*,*,#8941,.T.);
#9565 = ORIENTED_EDGE('',*,*,#9566,.F.);
#9566 = EDGE_CURVE('',#9567,#8934,#9569,.T.);
#9567 = VERTEX_POINT('',#9568);
#9568 = CARTESIAN_POINT('',(-1.39,2.39,0.));
#9569 = LINE('',#9570,#9571);
#9570 = CARTESIAN_POINT('',(-1.39,2.39,0.));
#9571 = VECTOR('',#9572,1.);
#9572 = DIRECTION('',(0.,0.,1.));
#9573 = ORIENTED_EDGE('',*,*,#9574,.F.);
#9574 = EDGE_CURVE('',#9543,#9567,#9575,.T.);
#9575 = LINE('',#9576,#9577);
#9576 = CARTESIAN_POINT('',(1.39,2.39,0.));
#9577 = VECTOR('',#9578,1.);
#9578 = DIRECTION('',(-1.,0.,0.));
#9579 = PLANE('',#9580);
#9580 = AXIS2_PLACEMENT_3D('',#9581,#9582,#9583);
#9581 = CARTESIAN_POINT('',(1.39,2.39,0.));
#9582 = DIRECTION('',(0.,-1.,0.));
#9583 = DIRECTION('',(-1.,0.,0.));
#9584 = ADVANCED_FACE('',(#9585),#9596,.F.);
#9585 = FACE_BOUND('',#9586,.F.);
#9586 = EDGE_LOOP('',(#9587,#9588,#9589,#9590));
#9587 = ORIENTED_EDGE('',*,*,#9566,.T.);
#9588 = ORIENTED_EDGE('',*,*,#8933,.T.);
#9589 = ORIENTED_EDGE('',*,*,#9509,.F.);
#9590 = ORIENTED_EDGE('',*,*,#9591,.F.);
#9591 = EDGE_CURVE('',#9567,#9510,#9592,.T.);
#9592 = LINE('',#9593,#9594);
#9593 = CARTESIAN_POINT('',(-1.39,2.39,0.));
#9594 = VECTOR('',#9595,1.);
#9595 = DIRECTION('',(0.,-1.,0.));
#9596 = PLANE('',#9597);
#9597 = AXIS2_PLACEMENT_3D('',#9598,#9599,#9600);
#9598 = CARTESIAN_POINT('',(-1.39,2.39,0.));
#9599 = DIRECTION('',(1.,0.,0.));
#9600 = DIRECTION('',(0.,-1.,0.));
#9601 = ADVANCED_FACE('',(#9602),#9627,.F.);
#9602 = FACE_BOUND('',#9603,.F.);
#9603 = EDGE_LOOP('',(#9604,#9612,#9613,#9621));
#9604 = ORIENTED_EDGE('',*,*,#9605,.T.);
#9605 = EDGE_CURVE('',#9606,#8958,#9608,.T.);
#9606 = VERTEX_POINT('',#9607);
#9607 = CARTESIAN_POINT('',(-2.39,2.39,0.));
#9608 = LINE('',#9609,#9610);
#9609 = CARTESIAN_POINT('',(-2.39,2.39,0.));
#9610 = VECTOR('',#9611,1.);
#9611 = DIRECTION('',(0.,0.,1.));
#9612 = ORIENTED_EDGE('',*,*,#8957,.T.);
#9613 = ORIENTED_EDGE('',*,*,#9614,.F.);
#9614 = EDGE_CURVE('',#9615,#8960,#9617,.T.);
#9615 = VERTEX_POINT('',#9616);
#9616 = CARTESIAN_POINT('',(-2.39,3.E-02,0.));
#9617 = LINE('',#9618,#9619);
#9618 = CARTESIAN_POINT('',(-2.39,3.E-02,0.));
#9619 = VECTOR('',#9620,1.);
#9620 = DIRECTION('',(0.,0.,1.));
#9621 = ORIENTED_EDGE('',*,*,#9622,.F.);
#9622 = EDGE_CURVE('',#9606,#9615,#9623,.T.);
#9623 = LINE('',#9624,#9625);
#9624 = CARTESIAN_POINT('',(-2.39,2.39,0.));
#9625 = VECTOR('',#9626,1.);
#9626 = DIRECTION('',(0.,-1.,0.));
#9627 = PLANE('',#9628);
#9628 = AXIS2_PLACEMENT_3D('',#9629,#9630,#9631);
#9629 = CARTESIAN_POINT('',(-2.39,2.39,0.));
#9630 = DIRECTION('',(1.,0.,0.));
#9631 = DIRECTION('',(0.,-1.,0.));
#9632 = ADVANCED_FACE('',(#9633),#9651,.F.);
#9633 = FACE_BOUND('',#9634,.F.);
#9634 = EDGE_LOOP('',(#9635,#9636,#9637,#9645));
#9635 = ORIENTED_EDGE('',*,*,#9614,.T.);
#9636 = ORIENTED_EDGE('',*,*,#8983,.T.);
#9637 = ORIENTED_EDGE('',*,*,#9638,.F.);
#9638 = EDGE_CURVE('',#9639,#8976,#9641,.T.);
#9639 = VERTEX_POINT('',#9640);
#9640 = CARTESIAN_POINT('',(-1.89,3.E-02,0.));
#9641 = LINE('',#9642,#9643);
#9642 = CARTESIAN_POINT('',(-1.89,3.E-02,0.));
#9643 = VECTOR('',#9644,1.);
#9644 = DIRECTION('',(0.,0.,1.));
#9645 = ORIENTED_EDGE('',*,*,#9646,.F.);
#9646 = EDGE_CURVE('',#9615,#9639,#9647,.T.);
#9647 = LINE('',#9648,#9649);
#9648 = CARTESIAN_POINT('',(-2.39,3.E-02,0.));
#9649 = VECTOR('',#9650,1.);
#9650 = DIRECTION('',(1.,0.,0.));
#9651 = PLANE('',#9652);
#9652 = AXIS2_PLACEMENT_3D('',#9653,#9654,#9655);
#9653 = CARTESIAN_POINT('',(-2.39,3.E-02,0.));
#9654 = DIRECTION('',(0.,1.,0.));
#9655 = DIRECTION('',(1.,0.,0.));
#9656 = ADVANCED_FACE('',(#9657),#9675,.F.);
#9657 = FACE_BOUND('',#9658,.F.);
#9658 = EDGE_LOOP('',(#9659,#9660,#9661,#9669));
#9659 = ORIENTED_EDGE('',*,*,#9638,.T.);
#9660 = ORIENTED_EDGE('',*,*,#8975,.T.);
#9661 = ORIENTED_EDGE('',*,*,#9662,.F.);
#9662 = EDGE_CURVE('',#9663,#8968,#9665,.T.);
#9663 = VERTEX_POINT('',#9664);
#9664 = CARTESIAN_POINT('',(-1.89,2.39,0.));
#9665 = LINE('',#9666,#9667);
#9666 = CARTESIAN_POINT('',(-1.89,2.39,0.));
#9667 = VECTOR('',#9668,1.);
#9668 = DIRECTION('',(0.,0.,1.));
#9669 = ORIENTED_EDGE('',*,*,#9670,.F.);
#9670 = EDGE_CURVE('',#9639,#9663,#9671,.T.);
#9671 = LINE('',#9672,#9673);
#9672 = CARTESIAN_POINT('',(-1.89,3.E-02,0.));
#9673 = VECTOR('',#9674,1.);
#9674 = DIRECTION('',(0.,1.,0.));
#9675 = PLANE('',#9676);
#9676 = AXIS2_PLACEMENT_3D('',#9677,#9678,#9679);
#9677 = CARTESIAN_POINT('',(-1.89,3.E-02,0.));
#9678 = DIRECTION('',(-1.,0.,0.));
#9679 = DIRECTION('',(0.,1.,0.));
#9680 = ADVANCED_FACE('',(#9681),#9692,.F.);
#9681 = FACE_BOUND('',#9682,.F.);
#9682 = EDGE_LOOP('',(#9683,#9684,#9685,#9686));
#9683 = ORIENTED_EDGE('',*,*,#9662,.T.);
#9684 = ORIENTED_EDGE('',*,*,#8967,.T.);
#9685 = ORIENTED_EDGE('',*,*,#9605,.F.);
#9686 = ORIENTED_EDGE('',*,*,#9687,.F.);
#9687 = EDGE_CURVE('',#9663,#9606,#9688,.T.);
#9688 = LINE('',#9689,#9690);
#9689 = CARTESIAN_POINT('',(-1.89,2.39,0.));
#9690 = VECTOR('',#9691,1.);
#9691 = DIRECTION('',(-1.,0.,0.));
#9692 = PLANE('',#9693);
#9693 = AXIS2_PLACEMENT_3D('',#9694,#9695,#9696);
#9694 = CARTESIAN_POINT('',(-1.89,2.39,0.));
#9695 = DIRECTION('',(0.,-1.,0.));
#9696 = DIRECTION('',(-1.,0.,0.));
#9697 = ADVANCED_FACE('',(#9698),#9723,.F.);
#9698 = FACE_BOUND('',#9699,.F.);
#9699 = EDGE_LOOP('',(#9700,#9708,#9709,#9717));
#9700 = ORIENTED_EDGE('',*,*,#9701,.T.);
#9701 = EDGE_CURVE('',#9702,#8992,#9704,.T.);
#9702 = VERTEX_POINT('',#9703);
#9703 = CARTESIAN_POINT('',(2.39,1.22,0.));
#9704 = LINE('',#9705,#9706);
#9705 = CARTESIAN_POINT('',(2.39,1.22,0.));
#9706 = VECTOR('',#9707,1.);
#9707 = DIRECTION('',(0.,0.,1.));
#9708 = ORIENTED_EDGE('',*,*,#8991,.T.);
#9709 = ORIENTED_EDGE('',*,*,#9710,.F.);
#9710 = EDGE_CURVE('',#9711,#8994,#9713,.T.);
#9711 = VERTEX_POINT('',#9712);
#9712 = CARTESIAN_POINT('',(1.89,1.22,0.));
#9713 = LINE('',#9714,#9715);
#9714 = CARTESIAN_POINT('',(1.89,1.22,0.));
#9715 = VECTOR('',#9716,1.);
#9716 = DIRECTION('',(0.,0.,1.));
#9717 = ORIENTED_EDGE('',*,*,#9718,.F.);
#9718 = EDGE_CURVE('',#9702,#9711,#9719,.T.);
#9719 = LINE('',#9720,#9721);
#9720 = CARTESIAN_POINT('',(2.39,1.22,0.));
#9721 = VECTOR('',#9722,1.);
#9722 = DIRECTION('',(-1.,0.,0.));
#9723 = PLANE('',#9724);
#9724 = AXIS2_PLACEMENT_3D('',#9725,#9726,#9727);
#9725 = CARTESIAN_POINT('',(2.39,1.22,0.));
#9726 = DIRECTION('',(0.,-1.,0.));
#9727 = DIRECTION('',(-1.,0.,0.));
#9728 = ADVANCED_FACE('',(#9729),#9747,.F.);
#9729 = FACE_BOUND('',#9730,.F.);
#9730 = EDGE_LOOP('',(#9731,#9732,#9733,#9741));
#9731 = ORIENTED_EDGE('',*,*,#9710,.T.);
#9732 = ORIENTED_EDGE('',*,*,#9017,.T.);
#9733 = ORIENTED_EDGE('',*,*,#9734,.F.);
#9734 = EDGE_CURVE('',#9735,#9010,#9737,.T.);
#9735 = VERTEX_POINT('',#9736);
#9736 = CARTESIAN_POINT('',(1.89,3.E-02,0.));
#9737 = LINE('',#9738,#9739);
#9738 = CARTESIAN_POINT('',(1.89,3.E-02,0.));
#9739 = VECTOR('',#9740,1.);
#9740 = DIRECTION('',(0.,0.,1.));
#9741 = ORIENTED_EDGE('',*,*,#9742,.F.);
#9742 = EDGE_CURVE('',#9711,#9735,#9743,.T.);
#9743 = LINE('',#9744,#9745);
#9744 = CARTESIAN_POINT('',(1.89,1.22,0.));
#9745 = VECTOR('',#9746,1.);
#9746 = DIRECTION('',(0.,-1.,0.));
#9747 = PLANE('',#9748);
#9748 = AXIS2_PLACEMENT_3D('',#9749,#9750,#9751);
#9749 = CARTESIAN_POINT('',(1.89,1.22,0.));
#9750 = DIRECTION('',(1.,0.,0.));
#9751 = DIRECTION('',(0.,-1.,0.));
#9752 = ADVANCED_FACE('',(#9753),#9771,.F.);
#9753 = FACE_BOUND('',#9754,.F.);
#9754 = EDGE_LOOP('',(#9755,#9756,#9757,#9765));
#9755 = ORIENTED_EDGE('',*,*,#9734,.T.);
#9756 = ORIENTED_EDGE('',*,*,#9009,.T.);
#9757 = ORIENTED_EDGE('',*,*,#9758,.F.);
#9758 = EDGE_CURVE('',#9759,#9002,#9761,.T.);
#9759 = VERTEX_POINT('',#9760);
#9760 = CARTESIAN_POINT('',(2.39,3.E-02,0.));
#9761 = LINE('',#9762,#9763);
#9762 = CARTESIAN_POINT('',(2.39,3.E-02,0.));
#9763 = VECTOR('',#9764,1.);
#9764 = DIRECTION('',(0.,0.,1.));
#9765 = ORIENTED_EDGE('',*,*,#9766,.F.);
#9766 = EDGE_CURVE('',#9735,#9759,#9767,.T.);
#9767 = LINE('',#9768,#9769);
#9768 = CARTESIAN_POINT('',(1.89,3.E-02,0.));
#9769 = VECTOR('',#9770,1.);
#9770 = DIRECTION('',(1.,0.,0.));
#9771 = PLANE('',#9772);
#9772 = AXIS2_PLACEMENT_3D('',#9773,#9774,#9775);
#9773 = CARTESIAN_POINT('',(1.89,3.E-02,0.));
#9774 = DIRECTION('',(0.,1.,0.));
#9775 = DIRECTION('',(1.,0.,0.));
#9776 = ADVANCED_FACE('',(#9777),#9788,.F.);
#9777 = FACE_BOUND('',#9778,.F.);
#9778 = EDGE_LOOP('',(#9779,#9780,#9781,#9782));
#9779 = ORIENTED_EDGE('',*,*,#9758,.T.);
#9780 = ORIENTED_EDGE('',*,*,#9001,.T.);
#9781 = ORIENTED_EDGE('',*,*,#9701,.F.);
#9782 = ORIENTED_EDGE('',*,*,#9783,.F.);
#9783 = EDGE_CURVE('',#9759,#9702,#9784,.T.);
#9784 = LINE('',#9785,#9786);
#9785 = CARTESIAN_POINT('',(2.39,3.E-02,0.));
#9786 = VECTOR('',#9787,1.);
#9787 = DIRECTION('',(0.,1.,0.));
#9788 = PLANE('',#9789);
#9789 = AXIS2_PLACEMENT_3D('',#9790,#9791,#9792);
#9790 = CARTESIAN_POINT('',(2.39,3.E-02,0.));
#9791 = DIRECTION('',(-1.,0.,0.));
#9792 = DIRECTION('',(0.,1.,0.));
#9793 = ADVANCED_FACE('',(#9794),#9819,.F.);
#9794 = FACE_BOUND('',#9795,.F.);
#9795 = EDGE_LOOP('',(#9796,#9804,#9805,#9813));
#9796 = ORIENTED_EDGE('',*,*,#9797,.T.);
#9797 = EDGE_CURVE('',#9798,#9026,#9800,.T.);
#9798 = VERTEX_POINT('',#9799);
#9799 = CARTESIAN_POINT('',(2.39,2.39,0.));
#9800 = LINE('',#9801,#9802);
#9801 = CARTESIAN_POINT('',(2.39,2.39,0.));
#9802 = VECTOR('',#9803,1.);
#9803 = DIRECTION('',(0.,0.,1.));
#9804 = ORIENTED_EDGE('',*,*,#9025,.T.);
#9805 = ORIENTED_EDGE('',*,*,#9806,.F.);
#9806 = EDGE_CURVE('',#9807,#9028,#9809,.T.);
#9807 = VERTEX_POINT('',#9808);
#9808 = CARTESIAN_POINT('',(1.89,2.39,0.));
#9809 = LINE('',#9810,#9811);
#9810 = CARTESIAN_POINT('',(1.89,2.39,0.));
#9811 = VECTOR('',#9812,1.);
#9812 = DIRECTION('',(0.,0.,1.));
#9813 = ORIENTED_EDGE('',*,*,#9814,.F.);
#9814 = EDGE_CURVE('',#9798,#9807,#9815,.T.);
#9815 = LINE('',#9816,#9817);
#9816 = CARTESIAN_POINT('',(2.39,2.39,0.));
#9817 = VECTOR('',#9818,1.);
#9818 = DIRECTION('',(-1.,0.,0.));
#9819 = PLANE('',#9820);
#9820 = AXIS2_PLACEMENT_3D('',#9821,#9822,#9823);
#9821 = CARTESIAN_POINT('',(2.39,2.39,0.));
#9822 = DIRECTION('',(0.,-1.,0.));
#9823 = DIRECTION('',(-1.,0.,0.));
#9824 = ADVANCED_FACE('',(#9825),#9843,.F.);
#9825 = FACE_BOUND('',#9826,.F.);
#9826 = EDGE_LOOP('',(#9827,#9828,#9829,#9837));
#9827 = ORIENTED_EDGE('',*,*,#9806,.T.);
#9828 = ORIENTED_EDGE('',*,*,#9051,.T.);
#9829 = ORIENTED_EDGE('',*,*,#9830,.F.);
#9830 = EDGE_CURVE('',#9831,#9044,#9833,.T.);
#9831 = VERTEX_POINT('',#9832);
#9832 = CARTESIAN_POINT('',(1.89,1.28,0.));
#9833 = LINE('',#9834,#9835);
#9834 = CARTESIAN_POINT('',(1.89,1.28,0.));
#9835 = VECTOR('',#9836,1.);
#9836 = DIRECTION('',(0.,0.,1.));
#9837 = ORIENTED_EDGE('',*,*,#9838,.F.);
#9838 = EDGE_CURVE('',#9807,#9831,#9839,.T.);
#9839 = LINE('',#9840,#9841);
#9840 = CARTESIAN_POINT('',(1.89,2.39,0.));
#9841 = VECTOR('',#9842,1.);
#9842 = DIRECTION('',(0.,-1.,0.));
#9843 = PLANE('',#9844);
#9844 = AXIS2_PLACEMENT_3D('',#9845,#9846,#9847);
#9845 = CARTESIAN_POINT('',(1.89,2.39,0.));
#9846 = DIRECTION('',(1.,0.,0.));
#9847 = DIRECTION('',(0.,-1.,0.));
#9848 = ADVANCED_FACE('',(#9849),#9867,.F.);
#9849 = FACE_BOUND('',#9850,.F.);
#9850 = EDGE_LOOP('',(#9851,#9852,#9853,#9861));
#9851 = ORIENTED_EDGE('',*,*,#9830,.T.);
#9852 = ORIENTED_EDGE('',*,*,#9043,.T.);
#9853 = ORIENTED_EDGE('',*,*,#9854,.F.);
#9854 = EDGE_CURVE('',#9855,#9036,#9857,.T.);
#9855 = VERTEX_POINT('',#9856);
#9856 = CARTESIAN_POINT('',(2.39,1.28,0.));
#9857 = LINE('',#9858,#9859);
#9858 = CARTESIAN_POINT('',(2.39,1.28,0.));
#9859 = VECTOR('',#9860,1.);
#9860 = DIRECTION('',(0.,0.,1.));
#9861 = ORIENTED_EDGE('',*,*,#9862,.F.);
#9862 = EDGE_CURVE('',#9831,#9855,#9863,.T.);
#9863 = LINE('',#9864,#9865);
#9864 = CARTESIAN_POINT('',(1.89,1.28,0.));
#9865 = VECTOR('',#9866,1.);
#9866 = DIRECTION('',(1.,0.,0.));
#9867 = PLANE('',#9868);
#9868 = AXIS2_PLACEMENT_3D('',#9869,#9870,#9871);
#9869 = CARTESIAN_POINT('',(1.89,1.28,0.));
#9870 = DIRECTION('',(0.,1.,0.));
#9871 = DIRECTION('',(1.,0.,0.));
#9872 = ADVANCED_FACE('',(#9873),#9884,.F.);
#9873 = FACE_BOUND('',#9874,.F.);
#9874 = EDGE_LOOP('',(#9875,#9876,#9877,#9878));
#9875 = ORIENTED_EDGE('',*,*,#9854,.T.);
#9876 = ORIENTED_EDGE('',*,*,#9035,.T.);
#9877 = ORIENTED_EDGE('',*,*,#9797,.F.);
#9878 = ORIENTED_EDGE('',*,*,#9879,.F.);
#9879 = EDGE_CURVE('',#9855,#9798,#9880,.T.);
#9880 = LINE('',#9881,#9882);
#9881 = CARTESIAN_POINT('',(2.39,1.28,0.));
#9882 = VECTOR('',#9883,1.);
#9883 = DIRECTION('',(0.,1.,0.));
#9884 = PLANE('',#9885);
#9885 = AXIS2_PLACEMENT_3D('',#9886,#9887,#9888);
#9886 = CARTESIAN_POINT('',(2.39,1.28,0.));
#9887 = DIRECTION('',(-1.,0.,0.));
#9888 = DIRECTION('',(0.,1.,0.));
#9889 = ADVANCED_FACE('',(#9890),#9945,.T.);
#9890 = FACE_BOUND('',#9891,.T.);
#9891 = EDGE_LOOP('',(#9892,#9901,#9910,#9917,#9918,#9925,#9926,#9933,
    #9934,#9943,#9944));
#9892 = ORIENTED_EDGE('',*,*,#9893,.F.);
#9893 = EDGE_CURVE('',#9894,#9174,#9896,.T.);
#9894 = VERTEX_POINT('',#9895);
#9895 = CARTESIAN_POINT('',(1.36839321834,2.5,0.73));
#9896 = CIRCLE('',#9897,2.85);
#9897 = AXIS2_PLACEMENT_3D('',#9898,#9899,#9900);
#9898 = CARTESIAN_POINT('',(0.,1.6E-16,0.73));
#9899 = DIRECTION('',(0.,-2.2E-16,-1.));
#9900 = DIRECTION('',(1.,0.,0.));
#9901 = ORIENTED_EDGE('',*,*,#9902,.T.);
#9902 = EDGE_CURVE('',#9894,#9903,#9905,.T.);
#9903 = VERTEX_POINT('',#9904);
#9904 = CARTESIAN_POINT('',(-1.36839321834,2.5,0.73));
#9905 = CIRCLE('',#9906,1.36839321834);
#9906 = AXIS2_PLACEMENT_3D('',#9907,#9908,#9909);
#9907 = CARTESIAN_POINT('',(1.7E-16,2.5,0.73));
#9908 = DIRECTION('',(0.,-1.,0.));
#9909 = DIRECTION('',(0.,0.,-1.));
#9910 = ORIENTED_EDGE('',*,*,#9911,.F.);
#9911 = EDGE_CURVE('',#9131,#9903,#9912,.T.);
#9912 = CIRCLE('',#9913,2.85);
#9913 = AXIS2_PLACEMENT_3D('',#9914,#9915,#9916);
#9914 = CARTESIAN_POINT('',(0.,1.6E-16,0.73));
#9915 = DIRECTION('',(0.,-2.2E-16,-1.));
#9916 = DIRECTION('',(1.,0.,0.));
#9917 = ORIENTED_EDGE('',*,*,#9130,.T.);
#9918 = ORIENTED_EDGE('',*,*,#9919,.F.);
#9919 = EDGE_CURVE('',#9066,#9133,#9920,.T.);
#9920 = CIRCLE('',#9921,2.85);
#9921 = AXIS2_PLACEMENT_3D('',#9922,#9923,#9924);
#9922 = CARTESIAN_POINT('',(0.,1.6E-16,0.73));
#9923 = DIRECTION('',(0.,-2.2E-16,-1.));
#9924 = DIRECTION('',(1.,0.,0.));
#9925 = ORIENTED_EDGE('',*,*,#9065,.T.);
#9926 = ORIENTED_EDGE('',*,*,#9927,.F.);
#9927 = EDGE_CURVE('',#9183,#9068,#9928,.T.);
#9928 = CIRCLE('',#9929,2.85);
#9929 = AXIS2_PLACEMENT_3D('',#9930,#9931,#9932);
#9930 = CARTESIAN_POINT('',(0.,1.6E-16,0.73));
#9931 = DIRECTION('',(0.,-2.2E-16,-1.));
#9932 = DIRECTION('',(1.,0.,0.));
#9933 = ORIENTED_EDGE('',*,*,#9182,.T.);
#9934 = ORIENTED_EDGE('',*,*,#9935,.T.);
#9935 = EDGE_CURVE('',#9172,#9936,#9938,.T.);
#9936 = VERTEX_POINT('',#9937);
#9937 = CARTESIAN_POINT('',(0.,0.,3.58));
#9938 = CIRCLE('',#9939,2.85);
#9939 = AXIS2_PLACEMENT_3D('',#9940,#9941,#9942);
#9940 = CARTESIAN_POINT('',(1.7E-16,0.,0.73));
#9941 = DIRECTION('',(0.,-1.,0.));
#9942 = DIRECTION('',(1.,0.,0.));
#9943 = ORIENTED_EDGE('',*,*,#9935,.F.);
#9944 = ORIENTED_EDGE('',*,*,#9171,.T.);
#9945 = SPHERICAL_SURFACE('',#9946,2.85);
#9946 = AXIS2_PLACEMENT_3D('',#9947,#9948,#9949);
#9947 = CARTESIAN_POINT('',(1.7E-16,1.6E-16,0.73));
#9948 = DIRECTION('',(0.,2.2E-16,1.));
#9949 = DIRECTION('',(1.,0.,-0.));
#9950 = ADVANCED_FACE('',(#9951),#9956,.T.);
#9951 = FACE_BOUND('',#9952,.T.);
#9952 = EDGE_LOOP('',(#9953,#9954,#9955));
#9953 = ORIENTED_EDGE('',*,*,#9157,.T.);
#9954 = ORIENTED_EDGE('',*,*,#9076,.T.);
#9955 = ORIENTED_EDGE('',*,*,#9919,.T.);
#9956 = PLANE('',#9957);
#9957 = AXIS2_PLACEMENT_3D('',#9958,#9959,#9960);
#9958 = CARTESIAN_POINT('',(0.,0.,0.73));
#9959 = DIRECTION('',(0.,0.,1.));
#9960 = DIRECTION('',(1.,0.,-0.));
#9961 = ADVANCED_FACE('',(#9962),#9967,.T.);
#9962 = FACE_BOUND('',#9963,.T.);
#9963 = EDGE_LOOP('',(#9964,#9965,#9966));
#9964 = ORIENTED_EDGE('',*,*,#9927,.T.);
#9965 = ORIENTED_EDGE('',*,*,#9099,.T.);
#9966 = ORIENTED_EDGE('',*,*,#9191,.T.);
#9967 = PLANE('',#9968);
#9968 = AXIS2_PLACEMENT_3D('',#9969,#9970,#9971);
#9969 = CARTESIAN_POINT('',(0.,0.,0.73));
#9970 = DIRECTION('',(0.,0.,1.));
#9971 = DIRECTION('',(1.,0.,-0.));
#9972 = ADVANCED_FACE('',(#9973),#9991,.T.);
#9973 = FACE_BOUND('',#9974,.T.);
#9974 = EDGE_LOOP('',(#9975,#9976,#9982,#9983,#9984,#9985));
#9975 = ORIENTED_EDGE('',*,*,#9902,.F.);
#9976 = ORIENTED_EDGE('',*,*,#9977,.F.);
#9977 = EDGE_CURVE('',#9200,#9894,#9978,.T.);
#9978 = LINE('',#9979,#9980);
#9979 = CARTESIAN_POINT('',(2.5,2.5,0.73));
#9980 = VECTOR('',#9981,1.);
#9981 = DIRECTION('',(-1.,0.,0.));
#9982 = ORIENTED_EDGE('',*,*,#9199,.F.);
#9983 = ORIENTED_EDGE('',*,*,#9114,.T.);
#9984 = ORIENTED_EDGE('',*,*,#9149,.T.);
#9985 = ORIENTED_EDGE('',*,*,#9986,.F.);
#9986 = EDGE_CURVE('',#9903,#9142,#9987,.T.);
#9987 = LINE('',#9988,#9989);
#9988 = CARTESIAN_POINT('',(2.5,2.5,0.73));
#9989 = VECTOR('',#9990,1.);
#9990 = DIRECTION('',(-1.,0.,0.));
#9991 = PLANE('',#9992);
#9992 = AXIS2_PLACEMENT_3D('',#9993,#9994,#9995);
#9993 = CARTESIAN_POINT('',(2.761E-14,2.5,0.931937626545));
#9994 = DIRECTION('',(0.,1.,0.));
#9995 = DIRECTION('',(0.,-0.,1.));
#9996 = ADVANCED_FACE('',(#9997),#10002,.T.);
#9997 = FACE_BOUND('',#9998,.T.);
#9998 = EDGE_LOOP('',(#9999,#10000,#10001));
#9999 = ORIENTED_EDGE('',*,*,#9141,.T.);
#10000 = ORIENTED_EDGE('',*,*,#9911,.T.);
#10001 = ORIENTED_EDGE('',*,*,#9986,.T.);
#10002 = PLANE('',#10003);
#10003 = AXIS2_PLACEMENT_3D('',#10004,#10005,#10006);
#10004 = CARTESIAN_POINT('',(0.,0.,0.73));
#10005 = DIRECTION('',(0.,0.,1.));
#10006 = DIRECTION('',(1.,0.,-0.));
#10007 = ADVANCED_FACE('',(#10008),#10013,.T.);
#10008 = FACE_BOUND('',#10009,.T.);
#10009 = EDGE_LOOP('',(#10010,#10011,#10012));
#10010 = ORIENTED_EDGE('',*,*,#9893,.T.);
#10011 = ORIENTED_EDGE('',*,*,#9207,.T.);
#10012 = ORIENTED_EDGE('',*,*,#9977,.T.);
#10013 = PLANE('',#10014);
#10014 = AXIS2_PLACEMENT_3D('',#10015,#10016,#10017);
#10015 = CARTESIAN_POINT('',(0.,0.,0.73));
#10016 = DIRECTION('',(0.,0.,1.));
#10017 = DIRECTION('',(1.,0.,-0.));
#10018 = ADVANCED_FACE('',(#10019),#10025,.F.);
#10019 = FACE_BOUND('',#10020,.F.);
#10020 = EDGE_LOOP('',(#10021,#10022,#10023,#10024));
#10021 = ORIENTED_EDGE('',*,*,#9238,.T.);
#10022 = ORIENTED_EDGE('',*,*,#9262,.T.);
#10023 = ORIENTED_EDGE('',*,*,#9286,.T.);
#10024 = ORIENTED_EDGE('',*,*,#9303,.T.);
#10025 = PLANE('',#10026);
#10026 = AXIS2_PLACEMENT_3D('',#10027,#10028,#10029);
#10027 = CARTESIAN_POINT('',(-2.14,-1.21,0.));
#10028 = DIRECTION('',(0.,0.,1.));
#10029 = DIRECTION('',(1.,0.,-0.));
#10030 = ADVANCED_FACE('',(#10031),#10037,.F.);
#10031 = FACE_BOUND('',#10032,.F.);
#10032 = EDGE_LOOP('',(#10033,#10034,#10035,#10036));
#10033 = ORIENTED_EDGE('',*,*,#9334,.T.);
#10034 = ORIENTED_EDGE('',*,*,#9358,.T.);
#10035 = ORIENTED_EDGE('',*,*,#9382,.T.);
#10036 = ORIENTED_EDGE('',*,*,#9399,.T.);
#10037 = PLANE('',#10038);
#10038 = AXIS2_PLACEMENT_3D('',#10039,#10040,#10041);
#10039 = CARTESIAN_POINT('',(2.14,-1.835,0.));
#10040 = DIRECTION('',(0.,0.,1.));
#10041 = DIRECTION('',(1.,0.,-0.));
#10042 = ADVANCED_FACE('',(#10043),#10049,.F.);
#10043 = FACE_BOUND('',#10044,.F.);
#10044 = EDGE_LOOP('',(#10045,#10046,#10047,#10048));
#10045 = ORIENTED_EDGE('',*,*,#9430,.T.);
#10046 = ORIENTED_EDGE('',*,*,#9454,.T.);
#10047 = ORIENTED_EDGE('',*,*,#9478,.T.);
#10048 = ORIENTED_EDGE('',*,*,#9495,.T.);
#10049 = PLANE('',#10050);
#10050 = AXIS2_PLACEMENT_3D('',#10051,#10052,#10053);
#10051 = CARTESIAN_POINT('',(2.14,-0.625,0.));
#10052 = DIRECTION('',(0.,0.,1.));
#10053 = DIRECTION('',(1.,0.,-0.));
#10054 = ADVANCED_FACE('',(#10055),#10061,.F.);
#10055 = FACE_BOUND('',#10056,.F.);
#10056 = EDGE_LOOP('',(#10057,#10058,#10059,#10060));
#10057 = ORIENTED_EDGE('',*,*,#9526,.T.);
#10058 = ORIENTED_EDGE('',*,*,#9550,.T.);
#10059 = ORIENTED_EDGE('',*,*,#9574,.T.);
#10060 = ORIENTED_EDGE('',*,*,#9591,.T.);
#10061 = PLANE('',#10062);
#10062 = AXIS2_PLACEMENT_3D('',#10063,#10064,#10065);
#10063 = CARTESIAN_POINT('',(0.,-6.E-17,0.));
#10064 = DIRECTION('',(0.,0.,1.));
#10065 = DIRECTION('',(1.,0.,-0.));
#10066 = ADVANCED_FACE('',(#10067),#10073,.F.);
#10067 = FACE_BOUND('',#10068,.F.);
#10068 = EDGE_LOOP('',(#10069,#10070,#10071,#10072));
#10069 = ORIENTED_EDGE('',*,*,#9622,.T.);
#10070 = ORIENTED_EDGE('',*,*,#9646,.T.);
#10071 = ORIENTED_EDGE('',*,*,#9670,.T.);
#10072 = ORIENTED_EDGE('',*,*,#9687,.T.);
#10073 = PLANE('',#10074);
#10074 = AXIS2_PLACEMENT_3D('',#10075,#10076,#10077);
#10075 = CARTESIAN_POINT('',(-2.14,1.21,0.));
#10076 = DIRECTION('',(0.,0.,1.));
#10077 = DIRECTION('',(1.,0.,-0.));
#10078 = ADVANCED_FACE('',(#10079),#10085,.F.);
#10079 = FACE_BOUND('',#10080,.F.);
#10080 = EDGE_LOOP('',(#10081,#10082,#10083,#10084));
#10081 = ORIENTED_EDGE('',*,*,#9718,.T.);
#10082 = ORIENTED_EDGE('',*,*,#9742,.T.);
#10083 = ORIENTED_EDGE('',*,*,#9766,.T.);
#10084 = ORIENTED_EDGE('',*,*,#9783,.T.);
#10085 = PLANE('',#10086);
#10086 = AXIS2_PLACEMENT_3D('',#10087,#10088,#10089);
#10087 = CARTESIAN_POINT('',(2.14,0.625,0.));
#10088 = DIRECTION('',(0.,0.,1.));
#10089 = DIRECTION('',(1.,0.,-0.));
#10090 = ADVANCED_FACE('',(#10091),#10097,.F.);
#10091 = FACE_BOUND('',#10092,.F.);
#10092 = EDGE_LOOP('',(#10093,#10094,#10095,#10096));
#10093 = ORIENTED_EDGE('',*,*,#9814,.T.);
#10094 = ORIENTED_EDGE('',*,*,#9838,.T.);
#10095 = ORIENTED_EDGE('',*,*,#9862,.T.);
#10096 = ORIENTED_EDGE('',*,*,#9879,.T.);
#10097 = PLANE('',#10098);
#10098 = AXIS2_PLACEMENT_3D('',#10099,#10100,#10101);
#10099 = CARTESIAN_POINT('',(2.14,1.835,0.));
#10100 = DIRECTION('',(0.,0.,1.));
#10101 = DIRECTION('',(1.,0.,-0.));
#10102 = ( GEOMETRIC_REPRESENTATION_CONTEXT(3) 
GLOBAL_UNCERTAINTY_ASSIGNED_CONTEXT((#10106)) 
GLOBAL_UNIT_ASSIGNED_CONTEXT((#10103,#10104,#10105)) 
REPRESENTATION_CONTEXT('Context #1',
  '3D Context with UNIT and UNCERTAINTY') );
#10103 = ( LENGTH_UNIT() NAMED_UNIT(*) SI_UNIT(.MILLI.,.METRE.) );
#10104 = ( NAMED_UNIT(*) PLANE_ANGLE_UNIT() SI_UNIT($,.RADIAN.) );
#10105 = ( NAMED_UNIT(*) SI_UNIT($,.STERADIAN.) SOLID_ANGLE_UNIT() );
#10106 = UNCERTAINTY_MEASURE_WITH_UNIT(LENGTH_MEASURE(1.E-07),#10103,
  'distance_accuracy_value','confusion accuracy');
#10107 = CONTEXT_DEPENDENT_SHAPE_REPRESENTATION(#10108,#10110);
#10108 = ( REPRESENTATION_RELATIONSHIP('','',#8701,#8678) 
REPRESENTATION_RELATIONSHIP_WITH_TRANSFORMATION(#10109) 
SHAPE_REPRESENTATION_RELATIONSHIP() );
#10109 = ITEM_DEFINED_TRANSFORMATION('','',#11,#8679);
#10110 = PRODUCT_DEFINITION_SHAPE('Placement','Placement of an item',
  #10111);
#10111 = NEXT_ASSEMBLY_USAGE_OCCURRENCE('19','=>[0:1:1:11]','',#8673,
  #8696,$);
#10112 = PRODUCT_RELATED_PRODUCT_CATEGORY('part',$,(#8698));
#10113 = CONTEXT_DEPENDENT_SHAPE_REPRESENTATION(#10114,#10116);
#10114 = ( REPRESENTATION_RELATIONSHIP('','',#6322,#10) 
REPRESENTATION_RELATIONSHIP_WITH_TRANSFORMATION(#10115) 
SHAPE_REPRESENTATION_RELATIONSHIP() );
#10115 = ITEM_DEFINED_TRANSFORMATION('','',#11,#75);
#10116 = PRODUCT_DEFINITION_SHAPE('Placement','Placement of an item',
  #10117);
#10117 = NEXT_ASSEMBLY_USAGE_OCCURRENCE('21','4.7k1','',#5,#6317,$);
#10118 = CONTEXT_DEPENDENT_SHAPE_REPRESENTATION(#10119,#10121);
#10119 = ( REPRESENTATION_RELATIONSHIP('','',#8678,#10) 
REPRESENTATION_RELATIONSHIP_WITH_TRANSFORMATION(#10120) 
SHAPE_REPRESENTATION_RELATIONSHIP() );
#10120 = ITEM_DEFINED_TRANSFORMATION('','',#11,#79);
#10121 = PRODUCT_DEFINITION_SHAPE('Placement','Placement of an item',
  #10122);
#10122 = NEXT_ASSEMBLY_USAGE_OCCURRENCE('22','D6','',#5,#8673,$);
#10123 = SHAPE_DEFINITION_REPRESENTATION(#10124,#10130);
#10124 = PRODUCT_DEFINITION_SHAPE('','',#10125);
#10125 = PRODUCT_DEFINITION('design','',#10126,#10129);
#10126 = PRODUCT_DEFINITION_FORMATION('','',#10127);
#10127 = PRODUCT('C_0603_1608Metric','C_0603_1608Metric','',(#10128));
#10128 = PRODUCT_CONTEXT('',#2,'mechanical');
#10129 = PRODUCT_DEFINITION_CONTEXT('part definition',#2,'design');
#10130 = SHAPE_REPRESENTATION('',(#11,#10131),#10135);
#10131 = AXIS2_PLACEMENT_3D('',#10132,#10133,#10134);
#10132 = CARTESIAN_POINT('',(0.,0.,0.));
#10133 = DIRECTION('',(0.,0.,1.));
#10134 = DIRECTION('',(1.,0.,-0.));
#10135 = ( GEOMETRIC_REPRESENTATION_CONTEXT(3) 
GLOBAL_UNCERTAINTY_ASSIGNED_CONTEXT((#10139)) 
GLOBAL_UNIT_ASSIGNED_CONTEXT((#10136,#10137,#10138)) 
REPRESENTATION_CONTEXT('Context #1',
  '3D Context with UNIT and UNCERTAINTY') );
#10136 = ( LENGTH_UNIT() NAMED_UNIT(*) SI_UNIT(.MILLI.,.METRE.) );
#10137 = ( NAMED_UNIT(*) PLANE_ANGLE_UNIT() SI_UNIT($,.RADIAN.) );
#10138 = ( NAMED_UNIT(*) SI_UNIT($,.STERADIAN.) SOLID_ANGLE_UNIT() );
#10139 = UNCERTAINTY_MEASURE_WITH_UNIT(LENGTH_MEASURE(1.E-07),#10136,
  'distance_accuracy_value','confusion accuracy');
#10140 = CONTEXT_DEPENDENT_SHAPE_REPRESENTATION(#10141,#10143);
#10141 = ( REPRESENTATION_RELATIONSHIP('','',#10130,#10) 
REPRESENTATION_RELATIONSHIP_WITH_TRANSFORMATION(#10142) 
SHAPE_REPRESENTATION_RELATIONSHIP() );
#10142 = ITEM_DEFINED_TRANSFORMATION('','',#11,#83);
#10143 = PRODUCT_DEFINITION_SHAPE('Placement','Placement of an item',
  #10144);
#10144 = NEXT_ASSEMBLY_USAGE_OCCURRENCE('24','C3','',#5,#10125,$);
#10145 = PRODUCT_RELATED_PRODUCT_CATEGORY('part',$,(#10127));
#10146 = SHAPE_DEFINITION_REPRESENTATION(#10147,#10153);
#10147 = PRODUCT_DEFINITION_SHAPE('','',#10148);
#10148 = PRODUCT_DEFINITION('design','',#10149,#10152);
#10149 = PRODUCT_DEFINITION_FORMATION('','',#10150);
#10150 = PRODUCT('C_0603_1608Metric','C_0603_1608Metric','',(#10151));
#10151 = PRODUCT_CONTEXT('',#2,'mechanical');
#10152 = PRODUCT_DEFINITION_CONTEXT('part definition',#2,'design');
#10153 = ADVANCED_BREP_SHAPE_REPRESENTATION('',(#11,#10154),#11008);
#10154 = MANIFOLD_SOLID_BREP('',#10155);
#10155 = CLOSED_SHELL('',(#10156,#10232,#10263,#10288,#10313,#10337,
    #10361,#10386,#10411,#10428,#10514,#10546,#10570,#10595,#10619,
    #10644,#10668,#10693,#10710,#10796,#10827,#10852,#10877,#10901,
    #10925,#10950,#10975,#10992));
#10156 = ADVANCED_FACE('',(#10157),#10227,.F.);
#10157 = FACE_BOUND('',#10158,.F.);
#10158 = EDGE_LOOP('',(#10159,#10169,#10178,#10186,#10195,#10203,#10212,
    #10220));
#10159 = ORIENTED_EDGE('',*,*,#10160,.F.);
#10160 = EDGE_CURVE('',#10161,#10163,#10165,.T.);
#10161 = VERTEX_POINT('',#10162);
#10162 = CARTESIAN_POINT('',(-0.8,-0.4,3.E-02));
#10163 = VERTEX_POINT('',#10164);
#10164 = CARTESIAN_POINT('',(-0.8,-0.4,0.77));
#10165 = LINE('',#10166,#10167);
#10166 = CARTESIAN_POINT('',(-0.8,-0.4,0.));
#10167 = VECTOR('',#10168,1.);
#10168 = DIRECTION('',(0.,0.,1.));
#10169 = ORIENTED_EDGE('',*,*,#10170,.T.);
#10170 = EDGE_CURVE('',#10161,#10171,#10173,.T.);
#10171 = VERTEX_POINT('',#10172);
#10172 = CARTESIAN_POINT('',(-0.8,-0.37,0.));
#10173 = CIRCLE('',#10174,3.E-02);
#10174 = AXIS2_PLACEMENT_3D('',#10175,#10176,#10177);
#10175 = CARTESIAN_POINT('',(-0.8,-0.37,3.E-02));
#10176 = DIRECTION('',(1.,0.,-0.));
#10177 = DIRECTION('',(0.,0.,1.));
#10178 = ORIENTED_EDGE('',*,*,#10179,.T.);
#10179 = EDGE_CURVE('',#10171,#10180,#10182,.T.);
#10180 = VERTEX_POINT('',#10181);
#10181 = CARTESIAN_POINT('',(-0.8,0.37,0.));
#10182 = LINE('',#10183,#10184);
#10183 = CARTESIAN_POINT('',(-0.8,-0.4,0.));
#10184 = VECTOR('',#10185,1.);
#10185 = DIRECTION('',(0.,1.,0.));
#10186 = ORIENTED_EDGE('',*,*,#10187,.F.);
#10187 = EDGE_CURVE('',#10188,#10180,#10190,.T.);
#10188 = VERTEX_POINT('',#10189);
#10189 = CARTESIAN_POINT('',(-0.8,0.4,3.E-02));
#10190 = CIRCLE('',#10191,3.E-02);
#10191 = AXIS2_PLACEMENT_3D('',#10192,#10193,#10194);
#10192 = CARTESIAN_POINT('',(-0.8,0.37,3.E-02));
#10193 = DIRECTION('',(-1.,0.,0.));
#10194 = DIRECTION('',(0.,0.,1.));
#10195 = ORIENTED_EDGE('',*,*,#10196,.T.);
#10196 = EDGE_CURVE('',#10188,#10197,#10199,.T.);
#10197 = VERTEX_POINT('',#10198);
#10198 = CARTESIAN_POINT('',(-0.8,0.4,0.77));
#10199 = LINE('',#10200,#10201);
#10200 = CARTESIAN_POINT('',(-0.8,0.4,0.));
#10201 = VECTOR('',#10202,1.);
#10202 = DIRECTION('',(0.,0.,1.));
#10203 = ORIENTED_EDGE('',*,*,#10204,.T.);
#10204 = EDGE_CURVE('',#10197,#10205,#10207,.T.);
#10205 = VERTEX_POINT('',#10206);
#10206 = CARTESIAN_POINT('',(-0.8,0.37,0.8));
#10207 = CIRCLE('',#10208,3.E-02);
#10208 = AXIS2_PLACEMENT_3D('',#10209,#10210,#10211);
#10209 = CARTESIAN_POINT('',(-0.8,0.37,0.77));
#10210 = DIRECTION('',(1.,0.,-0.));
#10211 = DIRECTION('',(0.,0.,1.));
#10212 = ORIENTED_EDGE('',*,*,#10213,.F.);
#10213 = EDGE_CURVE('',#10214,#10205,#10216,.T.);
#10214 = VERTEX_POINT('',#10215);
#10215 = CARTESIAN_POINT('',(-0.8,-0.37,0.8));
#10216 = LINE('',#10217,#10218);
#10217 = CARTESIAN_POINT('',(-0.8,-0.4,0.8));
#10218 = VECTOR('',#10219,1.);
#10219 = DIRECTION('',(0.,1.,0.));
#10220 = ORIENTED_EDGE('',*,*,#10221,.F.);
#10221 = EDGE_CURVE('',#10163,#10214,#10222,.T.);
#10222 = CIRCLE('',#10223,3.E-02);
#10223 = AXIS2_PLACEMENT_3D('',#10224,#10225,#10226);
#10224 = CARTESIAN_POINT('',(-0.8,-0.37,0.77));
#10225 = DIRECTION('',(-1.,0.,0.));
#10226 = DIRECTION('',(0.,0.,1.));
#10227 = PLANE('',#10228);
#10228 = AXIS2_PLACEMENT_3D('',#10229,#10230,#10231);
#10229 = CARTESIAN_POINT('',(-0.8,-0.4,0.));
#10230 = DIRECTION('',(1.,0.,0.));
#10231 = DIRECTION('',(0.,0.,1.));
#10232 = ADVANCED_FACE('',(#10233),#10258,.F.);
#10233 = FACE_BOUND('',#10234,.F.);
#10234 = EDGE_LOOP('',(#10235,#10245,#10251,#10252));
#10235 = ORIENTED_EDGE('',*,*,#10236,.F.);
#10236 = EDGE_CURVE('',#10237,#10239,#10241,.T.);
#10237 = VERTEX_POINT('',#10238);
#10238 = CARTESIAN_POINT('',(-0.5,-0.4,3.E-02));
#10239 = VERTEX_POINT('',#10240);
#10240 = CARTESIAN_POINT('',(-0.5,-0.4,0.77));
#10241 = LINE('',#10242,#10243);
#10242 = CARTESIAN_POINT('',(-0.5,-0.4,0.));
#10243 = VECTOR('',#10244,1.);
#10244 = DIRECTION('',(0.,0.,1.));
#10245 = ORIENTED_EDGE('',*,*,#10246,.F.);
#10246 = EDGE_CURVE('',#10161,#10237,#10247,.T.);
#10247 = LINE('',#10248,#10249);
#10248 = CARTESIAN_POINT('',(-0.8,-0.4,3.E-02));
#10249 = VECTOR('',#10250,1.);
#10250 = DIRECTION('',(1.,0.,0.));
#10251 = ORIENTED_EDGE('',*,*,#10160,.T.);
#10252 = ORIENTED_EDGE('',*,*,#10253,.T.);
#10253 = EDGE_CURVE('',#10163,#10239,#10254,.T.);
#10254 = LINE('',#10255,#10256);
#10255 = CARTESIAN_POINT('',(-0.8,-0.4,0.77));
#10256 = VECTOR('',#10257,1.);
#10257 = DIRECTION('',(1.,0.,0.));
#10258 = PLANE('',#10259);
#10259 = AXIS2_PLACEMENT_3D('',#10260,#10261,#10262);
#10260 = CARTESIAN_POINT('',(-0.8,-0.4,0.));
#10261 = DIRECTION('',(0.,1.,0.));
#10262 = DIRECTION('',(0.,-0.,1.));
#10263 = ADVANCED_FACE('',(#10264),#10283,.T.);
#10264 = FACE_BOUND('',#10265,.T.);
#10265 = EDGE_LOOP('',(#10266,#10267,#10275,#10282));
#10266 = ORIENTED_EDGE('',*,*,#10170,.T.);
#10267 = ORIENTED_EDGE('',*,*,#10268,.T.);
#10268 = EDGE_CURVE('',#10171,#10269,#10271,.T.);
#10269 = VERTEX_POINT('',#10270);
#10270 = CARTESIAN_POINT('',(-0.5,-0.37,0.));
#10271 = LINE('',#10272,#10273);
#10272 = CARTESIAN_POINT('',(-0.8,-0.37,0.));
#10273 = VECTOR('',#10274,1.);
#10274 = DIRECTION('',(1.,0.,0.));
#10275 = ORIENTED_EDGE('',*,*,#10276,.F.);
#10276 = EDGE_CURVE('',#10237,#10269,#10277,.T.);
#10277 = CIRCLE('',#10278,3.E-02);
#10278 = AXIS2_PLACEMENT_3D('',#10279,#10280,#10281);
#10279 = CARTESIAN_POINT('',(-0.5,-0.37,3.E-02));
#10280 = DIRECTION('',(1.,0.,-0.));
#10281 = DIRECTION('',(0.,0.,1.));
#10282 = ORIENTED_EDGE('',*,*,#10246,.F.);
#10283 = CYLINDRICAL_SURFACE('',#10284,3.E-02);
#10284 = AXIS2_PLACEMENT_3D('',#10285,#10286,#10287);
#10285 = CARTESIAN_POINT('',(-0.8,-0.37,3.E-02));
#10286 = DIRECTION('',(1.,0.,0.));
#10287 = DIRECTION('',(0.,-1.,0.));
#10288 = ADVANCED_FACE('',(#10289),#10308,.T.);
#10289 = FACE_BOUND('',#10290,.T.);
#10290 = EDGE_LOOP('',(#10291,#10292,#10301,#10307));
#10291 = ORIENTED_EDGE('',*,*,#10253,.T.);
#10292 = ORIENTED_EDGE('',*,*,#10293,.T.);
#10293 = EDGE_CURVE('',#10239,#10294,#10296,.T.);
#10294 = VERTEX_POINT('',#10295);
#10295 = CARTESIAN_POINT('',(-0.5,-0.37,0.8));
#10296 = CIRCLE('',#10297,3.E-02);
#10297 = AXIS2_PLACEMENT_3D('',#10298,#10299,#10300);
#10298 = CARTESIAN_POINT('',(-0.5,-0.37,0.77));
#10299 = DIRECTION('',(-1.,0.,0.));
#10300 = DIRECTION('',(0.,0.,1.));
#10301 = ORIENTED_EDGE('',*,*,#10302,.F.);
#10302 = EDGE_CURVE('',#10214,#10294,#10303,.T.);
#10303 = LINE('',#10304,#10305);
#10304 = CARTESIAN_POINT('',(-0.8,-0.37,0.8));
#10305 = VECTOR('',#10306,1.);
#10306 = DIRECTION('',(1.,0.,0.));
#10307 = ORIENTED_EDGE('',*,*,#10221,.F.);
#10308 = CYLINDRICAL_SURFACE('',#10309,3.E-02);
#10309 = AXIS2_PLACEMENT_3D('',#10310,#10311,#10312);
#10310 = CARTESIAN_POINT('',(-0.8,-0.37,0.77));
#10311 = DIRECTION('',(1.,0.,0.));
#10312 = DIRECTION('',(0.,-1.,0.));
#10313 = ADVANCED_FACE('',(#10314),#10332,.F.);
#10314 = FACE_BOUND('',#10315,.F.);
#10315 = EDGE_LOOP('',(#10316,#10317,#10318,#10326));
#10316 = ORIENTED_EDGE('',*,*,#10179,.F.);
#10317 = ORIENTED_EDGE('',*,*,#10268,.T.);
#10318 = ORIENTED_EDGE('',*,*,#10319,.T.);
#10319 = EDGE_CURVE('',#10269,#10320,#10322,.T.);
#10320 = VERTEX_POINT('',#10321);
#10321 = CARTESIAN_POINT('',(-0.5,0.37,0.));
#10322 = LINE('',#10323,#10324);
#10323 = CARTESIAN_POINT('',(-0.5,-0.4,0.));
#10324 = VECTOR('',#10325,1.);
#10325 = DIRECTION('',(0.,1.,0.));
#10326 = ORIENTED_EDGE('',*,*,#10327,.F.);
#10327 = EDGE_CURVE('',#10180,#10320,#10328,.T.);
#10328 = LINE('',#10329,#10330);
#10329 = CARTESIAN_POINT('',(-0.8,0.37,0.));
#10330 = VECTOR('',#10331,1.);
#10331 = DIRECTION('',(1.,0.,0.));
#10332 = PLANE('',#10333);
#10333 = AXIS2_PLACEMENT_3D('',#10334,#10335,#10336);
#10334 = CARTESIAN_POINT('',(-0.8,-0.4,0.));
#10335 = DIRECTION('',(0.,0.,1.));
#10336 = DIRECTION('',(1.,0.,-0.));
#10337 = ADVANCED_FACE('',(#10338),#10356,.T.);
#10338 = FACE_BOUND('',#10339,.T.);
#10339 = EDGE_LOOP('',(#10340,#10341,#10342,#10350));
#10340 = ORIENTED_EDGE('',*,*,#10213,.F.);
#10341 = ORIENTED_EDGE('',*,*,#10302,.T.);
#10342 = ORIENTED_EDGE('',*,*,#10343,.T.);
#10343 = EDGE_CURVE('',#10294,#10344,#10346,.T.);
#10344 = VERTEX_POINT('',#10345);
#10345 = CARTESIAN_POINT('',(-0.5,0.37,0.8));
#10346 = LINE('',#10347,#10348);
#10347 = CARTESIAN_POINT('',(-0.5,-0.4,0.8));
#10348 = VECTOR('',#10349,1.);
#10349 = DIRECTION('',(0.,1.,0.));
#10350 = ORIENTED_EDGE('',*,*,#10351,.F.);
#10351 = EDGE_CURVE('',#10205,#10344,#10352,.T.);
#10352 = LINE('',#10353,#10354);
#10353 = CARTESIAN_POINT('',(-0.8,0.37,0.8));
#10354 = VECTOR('',#10355,1.);
#10355 = DIRECTION('',(1.,0.,0.));
#10356 = PLANE('',#10357);
#10357 = AXIS2_PLACEMENT_3D('',#10358,#10359,#10360);
#10358 = CARTESIAN_POINT('',(-0.8,-0.4,0.8));
#10359 = DIRECTION('',(0.,0.,1.));
#10360 = DIRECTION('',(1.,0.,-0.));
#10361 = ADVANCED_FACE('',(#10362),#10381,.T.);
#10362 = FACE_BOUND('',#10363,.T.);
#10363 = EDGE_LOOP('',(#10364,#10372,#10379,#10380));
#10364 = ORIENTED_EDGE('',*,*,#10365,.T.);
#10365 = EDGE_CURVE('',#10188,#10366,#10368,.T.);
#10366 = VERTEX_POINT('',#10367);
#10367 = CARTESIAN_POINT('',(-0.5,0.4,3.E-02));
#10368 = LINE('',#10369,#10370);
#10369 = CARTESIAN_POINT('',(-0.8,0.4,3.E-02));
#10370 = VECTOR('',#10371,1.);
#10371 = DIRECTION('',(1.,0.,0.));
#10372 = ORIENTED_EDGE('',*,*,#10373,.T.);
#10373 = EDGE_CURVE('',#10366,#10320,#10374,.T.);
#10374 = CIRCLE('',#10375,3.E-02);
#10375 = AXIS2_PLACEMENT_3D('',#10376,#10377,#10378);
#10376 = CARTESIAN_POINT('',(-0.5,0.37,3.E-02));
#10377 = DIRECTION('',(-1.,0.,0.));
#10378 = DIRECTION('',(0.,0.,1.));
#10379 = ORIENTED_EDGE('',*,*,#10327,.F.);
#10380 = ORIENTED_EDGE('',*,*,#10187,.F.);
#10381 = CYLINDRICAL_SURFACE('',#10382,3.E-02);
#10382 = AXIS2_PLACEMENT_3D('',#10383,#10384,#10385);
#10383 = CARTESIAN_POINT('',(-0.8,0.37,3.E-02));
#10384 = DIRECTION('',(1.,0.,0.));
#10385 = DIRECTION('',(-0.,1.,0.));
#10386 = ADVANCED_FACE('',(#10387),#10406,.T.);
#10387 = FACE_BOUND('',#10388,.T.);
#10388 = EDGE_LOOP('',(#10389,#10390,#10391,#10400));
#10389 = ORIENTED_EDGE('',*,*,#10204,.T.);
#10390 = ORIENTED_EDGE('',*,*,#10351,.T.);
#10391 = ORIENTED_EDGE('',*,*,#10392,.F.);
#10392 = EDGE_CURVE('',#10393,#10344,#10395,.T.);
#10393 = VERTEX_POINT('',#10394);
#10394 = CARTESIAN_POINT('',(-0.5,0.4,0.77));
#10395 = CIRCLE('',#10396,3.E-02);
#10396 = AXIS2_PLACEMENT_3D('',#10397,#10398,#10399);
#10397 = CARTESIAN_POINT('',(-0.5,0.37,0.77));
#10398 = DIRECTION('',(1.,0.,-0.));
#10399 = DIRECTION('',(0.,0.,1.));
#10400 = ORIENTED_EDGE('',*,*,#10401,.F.);
#10401 = EDGE_CURVE('',#10197,#10393,#10402,.T.);
#10402 = LINE('',#10403,#10404);
#10403 = CARTESIAN_POINT('',(-0.8,0.4,0.77));
#10404 = VECTOR('',#10405,1.);
#10405 = DIRECTION('',(1.,0.,0.));
#10406 = CYLINDRICAL_SURFACE('',#10407,3.E-02);
#10407 = AXIS2_PLACEMENT_3D('',#10408,#10409,#10410);
#10408 = CARTESIAN_POINT('',(-0.8,0.37,0.77));
#10409 = DIRECTION('',(1.,0.,0.));
#10410 = DIRECTION('',(-0.,1.,0.));
#10411 = ADVANCED_FACE('',(#10412),#10423,.T.);
#10412 = FACE_BOUND('',#10413,.T.);
#10413 = EDGE_LOOP('',(#10414,#10420,#10421,#10422));
#10414 = ORIENTED_EDGE('',*,*,#10415,.F.);
#10415 = EDGE_CURVE('',#10366,#10393,#10416,.T.);
#10416 = LINE('',#10417,#10418);
#10417 = CARTESIAN_POINT('',(-0.5,0.4,0.));
#10418 = VECTOR('',#10419,1.);
#10419 = DIRECTION('',(0.,0.,1.));
#10420 = ORIENTED_EDGE('',*,*,#10365,.F.);
#10421 = ORIENTED_EDGE('',*,*,#10196,.T.);
#10422 = ORIENTED_EDGE('',*,*,#10401,.T.);
#10423 = PLANE('',#10424);
#10424 = AXIS2_PLACEMENT_3D('',#10425,#10426,#10427);
#10425 = CARTESIAN_POINT('',(-0.8,0.4,0.));
#10426 = DIRECTION('',(0.,1.,0.));
#10427 = DIRECTION('',(0.,-0.,1.));
#10428 = ADVANCED_FACE('',(#10429,#10439),#10509,.T.);
#10429 = FACE_BOUND('',#10430,.T.);
#10430 = EDGE_LOOP('',(#10431,#10432,#10433,#10434,#10435,#10436,#10437,
    #10438));
#10431 = ORIENTED_EDGE('',*,*,#10236,.F.);
#10432 = ORIENTED_EDGE('',*,*,#10276,.T.);
#10433 = ORIENTED_EDGE('',*,*,#10319,.T.);
#10434 = ORIENTED_EDGE('',*,*,#10373,.F.);
#10435 = ORIENTED_EDGE('',*,*,#10415,.T.);
#10436 = ORIENTED_EDGE('',*,*,#10392,.T.);
#10437 = ORIENTED_EDGE('',*,*,#10343,.F.);
#10438 = ORIENTED_EDGE('',*,*,#10293,.F.);
#10439 = FACE_BOUND('',#10440,.T.);
#10440 = EDGE_LOOP('',(#10441,#10452,#10460,#10469,#10477,#10486,#10494,
    #10503));
#10441 = ORIENTED_EDGE('',*,*,#10442,.F.);
#10442 = EDGE_CURVE('',#10443,#10445,#10447,.T.);
#10443 = VERTEX_POINT('',#10444);
#10444 = CARTESIAN_POINT('',(-0.5,-0.37,6.E-02));
#10445 = VERTEX_POINT('',#10446);
#10446 = CARTESIAN_POINT('',(-0.5,-0.34,3.E-02));
#10447 = CIRCLE('',#10448,3.E-02);
#10448 = AXIS2_PLACEMENT_3D('',#10449,#10450,#10451);
#10449 = CARTESIAN_POINT('',(-0.5,-0.34,6.E-02));
#10450 = DIRECTION('',(1.,0.,-0.));
#10451 = DIRECTION('',(0.,0.,1.));
#10452 = ORIENTED_EDGE('',*,*,#10453,.T.);
#10453 = EDGE_CURVE('',#10443,#10454,#10456,.T.);
#10454 = VERTEX_POINT('',#10455);
#10455 = CARTESIAN_POINT('',(-0.5,-0.37,0.74));
#10456 = LINE('',#10457,#10458);
#10457 = CARTESIAN_POINT('',(-0.5,-0.37,3.E-02));
#10458 = VECTOR('',#10459,1.);
#10459 = DIRECTION('',(0.,0.,1.));
#10460 = ORIENTED_EDGE('',*,*,#10461,.T.);
#10461 = EDGE_CURVE('',#10454,#10462,#10464,.T.);
#10462 = VERTEX_POINT('',#10463);
#10463 = CARTESIAN_POINT('',(-0.5,-0.34,0.77));
#10464 = CIRCLE('',#10465,3.E-02);
#10465 = AXIS2_PLACEMENT_3D('',#10466,#10467,#10468);
#10466 = CARTESIAN_POINT('',(-0.5,-0.34,0.74));
#10467 = DIRECTION('',(-1.,0.,0.));
#10468 = DIRECTION('',(0.,0.,1.));
#10469 = ORIENTED_EDGE('',*,*,#10470,.T.);
#10470 = EDGE_CURVE('',#10462,#10471,#10473,.T.);
#10471 = VERTEX_POINT('',#10472);
#10472 = CARTESIAN_POINT('',(-0.5,0.34,0.77));
#10473 = LINE('',#10474,#10475);
#10474 = CARTESIAN_POINT('',(-0.5,-0.37,0.77));
#10475 = VECTOR('',#10476,1.);
#10476 = DIRECTION('',(0.,1.,0.));
#10477 = ORIENTED_EDGE('',*,*,#10478,.F.);
#10478 = EDGE_CURVE('',#10479,#10471,#10481,.T.);
#10479 = VERTEX_POINT('',#10480);
#10480 = CARTESIAN_POINT('',(-0.5,0.37,0.74));
#10481 = CIRCLE('',#10482,3.E-02);
#10482 = AXIS2_PLACEMENT_3D('',#10483,#10484,#10485);
#10483 = CARTESIAN_POINT('',(-0.5,0.34,0.74));
#10484 = DIRECTION('',(1.,0.,-0.));
#10485 = DIRECTION('',(0.,0.,1.));
#10486 = ORIENTED_EDGE('',*,*,#10487,.F.);
#10487 = EDGE_CURVE('',#10488,#10479,#10490,.T.);
#10488 = VERTEX_POINT('',#10489);
#10489 = CARTESIAN_POINT('',(-0.5,0.37,6.E-02));
#10490 = LINE('',#10491,#10492);
#10491 = CARTESIAN_POINT('',(-0.5,0.37,3.E-02));
#10492 = VECTOR('',#10493,1.);
#10493 = DIRECTION('',(0.,0.,1.));
#10494 = ORIENTED_EDGE('',*,*,#10495,.T.);
#10495 = EDGE_CURVE('',#10488,#10496,#10498,.T.);
#10496 = VERTEX_POINT('',#10497);
#10497 = CARTESIAN_POINT('',(-0.5,0.34,3.E-02));
#10498 = CIRCLE('',#10499,3.E-02);
#10499 = AXIS2_PLACEMENT_3D('',#10500,#10501,#10502);
#10500 = CARTESIAN_POINT('',(-0.5,0.34,6.E-02));
#10501 = DIRECTION('',(-1.,0.,0.));
#10502 = DIRECTION('',(0.,0.,1.));
#10503 = ORIENTED_EDGE('',*,*,#10504,.F.);
#10504 = EDGE_CURVE('',#10445,#10496,#10505,.T.);
#10505 = LINE('',#10506,#10507);
#10506 = CARTESIAN_POINT('',(-0.5,-0.37,3.E-02));
#10507 = VECTOR('',#10508,1.);
#10508 = DIRECTION('',(0.,1.,0.));
#10509 = PLANE('',#10510);
#10510 = AXIS2_PLACEMENT_3D('',#10511,#10512,#10513);
#10511 = CARTESIAN_POINT('',(-0.5,-0.4,0.));
#10512 = DIRECTION('',(1.,0.,0.));
#10513 = DIRECTION('',(0.,0.,1.));
#10514 = ADVANCED_FACE('',(#10515),#10541,.T.);
#10515 = FACE_BOUND('',#10516,.T.);
#10516 = EDGE_LOOP('',(#10517,#10518,#10526,#10535));
#10517 = ORIENTED_EDGE('',*,*,#10442,.T.);
#10518 = ORIENTED_EDGE('',*,*,#10519,.T.);
#10519 = EDGE_CURVE('',#10445,#10520,#10522,.T.);
#10520 = VERTEX_POINT('',#10521);
#10521 = CARTESIAN_POINT('',(0.5,-0.34,3.E-02));
#10522 = LINE('',#10523,#10524);
#10523 = CARTESIAN_POINT('',(-0.5,-0.34,3.E-02));
#10524 = VECTOR('',#10525,1.);
#10525 = DIRECTION('',(1.,0.,0.));
#10526 = ORIENTED_EDGE('',*,*,#10527,.F.);
#10527 = EDGE_CURVE('',#10528,#10520,#10530,.T.);
#10528 = VERTEX_POINT('',#10529);
#10529 = CARTESIAN_POINT('',(0.5,-0.37,6.E-02));
#10530 = CIRCLE('',#10531,3.E-02);
#10531 = AXIS2_PLACEMENT_3D('',#10532,#10533,#10534);
#10532 = CARTESIAN_POINT('',(0.5,-0.34,6.E-02));
#10533 = DIRECTION('',(1.,0.,-0.));
#10534 = DIRECTION('',(0.,0.,1.));
#10535 = ORIENTED_EDGE('',*,*,#10536,.F.);
#10536 = EDGE_CURVE('',#10443,#10528,#10537,.T.);
#10537 = LINE('',#10538,#10539);
#10538 = CARTESIAN_POINT('',(-0.5,-0.37,6.E-02));
#10539 = VECTOR('',#10540,1.);
#10540 = DIRECTION('',(1.,0.,0.));
#10541 = CYLINDRICAL_SURFACE('',#10542,3.E-02);
#10542 = AXIS2_PLACEMENT_3D('',#10543,#10544,#10545);
#10543 = CARTESIAN_POINT('',(-0.5,-0.34,6.E-02));
#10544 = DIRECTION('',(1.,0.,0.));
#10545 = DIRECTION('',(0.,-1.,0.));
#10546 = ADVANCED_FACE('',(#10547),#10565,.F.);
#10547 = FACE_BOUND('',#10548,.F.);
#10548 = EDGE_LOOP('',(#10549,#10550,#10551,#10559));
#10549 = ORIENTED_EDGE('',*,*,#10504,.F.);
#10550 = ORIENTED_EDGE('',*,*,#10519,.T.);
#10551 = ORIENTED_EDGE('',*,*,#10552,.T.);
#10552 = EDGE_CURVE('',#10520,#10553,#10555,.T.);
#10553 = VERTEX_POINT('',#10554);
#10554 = CARTESIAN_POINT('',(0.5,0.34,3.E-02));
#10555 = LINE('',#10556,#10557);
#10556 = CARTESIAN_POINT('',(0.5,-0.37,3.E-02));
#10557 = VECTOR('',#10558,1.);
#10558 = DIRECTION('',(0.,1.,0.));
#10559 = ORIENTED_EDGE('',*,*,#10560,.F.);
#10560 = EDGE_CURVE('',#10496,#10553,#10561,.T.);
#10561 = LINE('',#10562,#10563);
#10562 = CARTESIAN_POINT('',(-0.5,0.34,3.E-02));
#10563 = VECTOR('',#10564,1.);
#10564 = DIRECTION('',(1.,0.,0.));
#10565 = PLANE('',#10566);
#10566 = AXIS2_PLACEMENT_3D('',#10567,#10568,#10569);
#10567 = CARTESIAN_POINT('',(-0.5,-0.37,3.E-02));
#10568 = DIRECTION('',(0.,0.,1.));
#10569 = DIRECTION('',(1.,0.,-0.));
#10570 = ADVANCED_FACE('',(#10571),#10590,.T.);
#10571 = FACE_BOUND('',#10572,.T.);
#10572 = EDGE_LOOP('',(#10573,#10581,#10588,#10589));
#10573 = ORIENTED_EDGE('',*,*,#10574,.T.);
#10574 = EDGE_CURVE('',#10488,#10575,#10577,.T.);
#10575 = VERTEX_POINT('',#10576);
#10576 = CARTESIAN_POINT('',(0.5,0.37,6.E-02));
#10577 = LINE('',#10578,#10579);
#10578 = CARTESIAN_POINT('',(-0.5,0.37,6.E-02));
#10579 = VECTOR('',#10580,1.);
#10580 = DIRECTION('',(1.,0.,0.));
#10581 = ORIENTED_EDGE('',*,*,#10582,.T.);
#10582 = EDGE_CURVE('',#10575,#10553,#10583,.T.);
#10583 = CIRCLE('',#10584,3.E-02);
#10584 = AXIS2_PLACEMENT_3D('',#10585,#10586,#10587);
#10585 = CARTESIAN_POINT('',(0.5,0.34,6.E-02));
#10586 = DIRECTION('',(-1.,0.,0.));
#10587 = DIRECTION('',(0.,0.,1.));
#10588 = ORIENTED_EDGE('',*,*,#10560,.F.);
#10589 = ORIENTED_EDGE('',*,*,#10495,.F.);
#10590 = CYLINDRICAL_SURFACE('',#10591,3.E-02);
#10591 = AXIS2_PLACEMENT_3D('',#10592,#10593,#10594);
#10592 = CARTESIAN_POINT('',(-0.5,0.34,6.E-02));
#10593 = DIRECTION('',(1.,0.,0.));
#10594 = DIRECTION('',(-0.,1.,0.));
#10595 = ADVANCED_FACE('',(#10596),#10614,.T.);
#10596 = FACE_BOUND('',#10597,.T.);
#10597 = EDGE_LOOP('',(#10598,#10606,#10607,#10608));
#10598 = ORIENTED_EDGE('',*,*,#10599,.F.);
#10599 = EDGE_CURVE('',#10575,#10600,#10602,.T.);
#10600 = VERTEX_POINT('',#10601);
#10601 = CARTESIAN_POINT('',(0.5,0.37,0.74));
#10602 = LINE('',#10603,#10604);
#10603 = CARTESIAN_POINT('',(0.5,0.37,3.E-02));
#10604 = VECTOR('',#10605,1.);
#10605 = DIRECTION('',(0.,0.,1.));
#10606 = ORIENTED_EDGE('',*,*,#10574,.F.);
#10607 = ORIENTED_EDGE('',*,*,#10487,.T.);
#10608 = ORIENTED_EDGE('',*,*,#10609,.T.);
#10609 = EDGE_CURVE('',#10479,#10600,#10610,.T.);
#10610 = LINE('',#10611,#10612);
#10611 = CARTESIAN_POINT('',(-0.5,0.37,0.74));
#10612 = VECTOR('',#10613,1.);
#10613 = DIRECTION('',(1.,0.,0.));
#10614 = PLANE('',#10615);
#10615 = AXIS2_PLACEMENT_3D('',#10616,#10617,#10618);
#10616 = CARTESIAN_POINT('',(-0.5,0.37,3.E-02));
#10617 = DIRECTION('',(0.,1.,0.));
#10618 = DIRECTION('',(0.,-0.,1.));
#10619 = ADVANCED_FACE('',(#10620),#10639,.T.);
#10620 = FACE_BOUND('',#10621,.T.);
#10621 = EDGE_LOOP('',(#10622,#10623,#10631,#10638));
#10622 = ORIENTED_EDGE('',*,*,#10478,.T.);
#10623 = ORIENTED_EDGE('',*,*,#10624,.T.);
#10624 = EDGE_CURVE('',#10471,#10625,#10627,.T.);
#10625 = VERTEX_POINT('',#10626);
#10626 = CARTESIAN_POINT('',(0.5,0.34,0.77));
#10627 = LINE('',#10628,#10629);
#10628 = CARTESIAN_POINT('',(-0.5,0.34,0.77));
#10629 = VECTOR('',#10630,1.);
#10630 = DIRECTION('',(1.,0.,0.));
#10631 = ORIENTED_EDGE('',*,*,#10632,.F.);
#10632 = EDGE_CURVE('',#10600,#10625,#10633,.T.);
#10633 = CIRCLE('',#10634,3.E-02);
#10634 = AXIS2_PLACEMENT_3D('',#10635,#10636,#10637);
#10635 = CARTESIAN_POINT('',(0.5,0.34,0.74));
#10636 = DIRECTION('',(1.,0.,-0.));
#10637 = DIRECTION('',(0.,0.,1.));
#10638 = ORIENTED_EDGE('',*,*,#10609,.F.);
#10639 = CYLINDRICAL_SURFACE('',#10640,3.E-02);
#10640 = AXIS2_PLACEMENT_3D('',#10641,#10642,#10643);
#10641 = CARTESIAN_POINT('',(-0.5,0.34,0.74));
#10642 = DIRECTION('',(1.,0.,0.));
#10643 = DIRECTION('',(-0.,1.,0.));
#10644 = ADVANCED_FACE('',(#10645),#10663,.T.);
#10645 = FACE_BOUND('',#10646,.T.);
#10646 = EDGE_LOOP('',(#10647,#10648,#10656,#10662));
#10647 = ORIENTED_EDGE('',*,*,#10470,.F.);
#10648 = ORIENTED_EDGE('',*,*,#10649,.T.);
#10649 = EDGE_CURVE('',#10462,#10650,#10652,.T.);
#10650 = VERTEX_POINT('',#10651);
#10651 = CARTESIAN_POINT('',(0.5,-0.34,0.77));
#10652 = LINE('',#10653,#10654);
#10653 = CARTESIAN_POINT('',(-0.5,-0.34,0.77));
#10654 = VECTOR('',#10655,1.);
#10655 = DIRECTION('',(1.,0.,0.));
#10656 = ORIENTED_EDGE('',*,*,#10657,.T.);
#10657 = EDGE_CURVE('',#10650,#10625,#10658,.T.);
#10658 = LINE('',#10659,#10660);
#10659 = CARTESIAN_POINT('',(0.5,-0.37,0.77));
#10660 = VECTOR('',#10661,1.);
#10661 = DIRECTION('',(0.,1.,0.));
#10662 = ORIENTED_EDGE('',*,*,#10624,.F.);
#10663 = PLANE('',#10664);
#10664 = AXIS2_PLACEMENT_3D('',#10665,#10666,#10667);
#10665 = CARTESIAN_POINT('',(-0.5,-0.37,0.77));
#10666 = DIRECTION('',(0.,0.,1.));
#10667 = DIRECTION('',(1.,0.,-0.));
#10668 = ADVANCED_FACE('',(#10669),#10688,.T.);
#10669 = FACE_BOUND('',#10670,.T.);
#10670 = EDGE_LOOP('',(#10671,#10679,#10686,#10687));
#10671 = ORIENTED_EDGE('',*,*,#10672,.T.);
#10672 = EDGE_CURVE('',#10454,#10673,#10675,.T.);
#10673 = VERTEX_POINT('',#10674);
#10674 = CARTESIAN_POINT('',(0.5,-0.37,0.74));
#10675 = LINE('',#10676,#10677);
#10676 = CARTESIAN_POINT('',(-0.5,-0.37,0.74));
#10677 = VECTOR('',#10678,1.);
#10678 = DIRECTION('',(1.,0.,0.));
#10679 = ORIENTED_EDGE('',*,*,#10680,.T.);
#10680 = EDGE_CURVE('',#10673,#10650,#10681,.T.);
#10681 = CIRCLE('',#10682,3.E-02);
#10682 = AXIS2_PLACEMENT_3D('',#10683,#10684,#10685);
#10683 = CARTESIAN_POINT('',(0.5,-0.34,0.74));
#10684 = DIRECTION('',(-1.,0.,0.));
#10685 = DIRECTION('',(0.,0.,1.));
#10686 = ORIENTED_EDGE('',*,*,#10649,.F.);
#10687 = ORIENTED_EDGE('',*,*,#10461,.F.);
#10688 = CYLINDRICAL_SURFACE('',#10689,3.E-02);
#10689 = AXIS2_PLACEMENT_3D('',#10690,#10691,#10692);
#10690 = CARTESIAN_POINT('',(-0.5,-0.34,0.74));
#10691 = DIRECTION('',(1.,0.,0.));
#10692 = DIRECTION('',(0.,-1.,0.));
#10693 = ADVANCED_FACE('',(#10694),#10705,.F.);
#10694 = FACE_BOUND('',#10695,.F.);
#10695 = EDGE_LOOP('',(#10696,#10702,#10703,#10704));
#10696 = ORIENTED_EDGE('',*,*,#10697,.F.);
#10697 = EDGE_CURVE('',#10528,#10673,#10698,.T.);
#10698 = LINE('',#10699,#10700);
#10699 = CARTESIAN_POINT('',(0.5,-0.37,3.E-02));
#10700 = VECTOR('',#10701,1.);
#10701 = DIRECTION('',(0.,0.,1.));
#10702 = ORIENTED_EDGE('',*,*,#10536,.F.);
#10703 = ORIENTED_EDGE('',*,*,#10453,.T.);
#10704 = ORIENTED_EDGE('',*,*,#10672,.T.);
#10705 = PLANE('',#10706);
#10706 = AXIS2_PLACEMENT_3D('',#10707,#10708,#10709);
#10707 = CARTESIAN_POINT('',(-0.5,-0.37,3.E-02));
#10708 = DIRECTION('',(0.,1.,0.));
#10709 = DIRECTION('',(0.,-0.,1.));
#10710 = ADVANCED_FACE('',(#10711,#10781),#10791,.F.);
#10711 = FACE_BOUND('',#10712,.F.);
#10712 = EDGE_LOOP('',(#10713,#10723,#10732,#10740,#10749,#10757,#10766,
    #10774));
#10713 = ORIENTED_EDGE('',*,*,#10714,.F.);
#10714 = EDGE_CURVE('',#10715,#10717,#10719,.T.);
#10715 = VERTEX_POINT('',#10716);
#10716 = CARTESIAN_POINT('',(0.5,-0.4,3.E-02));
#10717 = VERTEX_POINT('',#10718);
#10718 = CARTESIAN_POINT('',(0.5,-0.4,0.77));
#10719 = LINE('',#10720,#10721);
#10720 = CARTESIAN_POINT('',(0.5,-0.4,0.));
#10721 = VECTOR('',#10722,1.);
#10722 = DIRECTION('',(0.,0.,1.));
#10723 = ORIENTED_EDGE('',*,*,#10724,.T.);
#10724 = EDGE_CURVE('',#10715,#10725,#10727,.T.);
#10725 = VERTEX_POINT('',#10726);
#10726 = CARTESIAN_POINT('',(0.5,-0.37,0.));
#10727 = CIRCLE('',#10728,3.E-02);
#10728 = AXIS2_PLACEMENT_3D('',#10729,#10730,#10731);
#10729 = CARTESIAN_POINT('',(0.5,-0.37,3.E-02));
#10730 = DIRECTION('',(1.,0.,-0.));
#10731 = DIRECTION('',(0.,0.,1.));
#10732 = ORIENTED_EDGE('',*,*,#10733,.T.);
#10733 = EDGE_CURVE('',#10725,#10734,#10736,.T.);
#10734 = VERTEX_POINT('',#10735);
#10735 = CARTESIAN_POINT('',(0.5,0.37,0.));
#10736 = LINE('',#10737,#10738);
#10737 = CARTESIAN_POINT('',(0.5,-0.4,0.));
#10738 = VECTOR('',#10739,1.);
#10739 = DIRECTION('',(0.,1.,0.));
#10740 = ORIENTED_EDGE('',*,*,#10741,.F.);
#10741 = EDGE_CURVE('',#10742,#10734,#10744,.T.);
#10742 = VERTEX_POINT('',#10743);
#10743 = CARTESIAN_POINT('',(0.5,0.4,3.E-02));
#10744 = CIRCLE('',#10745,3.E-02);
#10745 = AXIS2_PLACEMENT_3D('',#10746,#10747,#10748);
#10746 = CARTESIAN_POINT('',(0.5,0.37,3.E-02));
#10747 = DIRECTION('',(-1.,0.,0.));
#10748 = DIRECTION('',(0.,0.,1.));
#10749 = ORIENTED_EDGE('',*,*,#10750,.T.);
#10750 = EDGE_CURVE('',#10742,#10751,#10753,.T.);
#10751 = VERTEX_POINT('',#10752);
#10752 = CARTESIAN_POINT('',(0.5,0.4,0.77));
#10753 = LINE('',#10754,#10755);
#10754 = CARTESIAN_POINT('',(0.5,0.4,0.));
#10755 = VECTOR('',#10756,1.);
#10756 = DIRECTION('',(0.,0.,1.));
#10757 = ORIENTED_EDGE('',*,*,#10758,.T.);
#10758 = EDGE_CURVE('',#10751,#10759,#10761,.T.);
#10759 = VERTEX_POINT('',#10760);
#10760 = CARTESIAN_POINT('',(0.5,0.37,0.8));
#10761 = CIRCLE('',#10762,3.E-02);
#10762 = AXIS2_PLACEMENT_3D('',#10763,#10764,#10765);
#10763 = CARTESIAN_POINT('',(0.5,0.37,0.77));
#10764 = DIRECTION('',(1.,0.,-0.));
#10765 = DIRECTION('',(0.,0.,1.));
#10766 = ORIENTED_EDGE('',*,*,#10767,.F.);
#10767 = EDGE_CURVE('',#10768,#10759,#10770,.T.);
#10768 = VERTEX_POINT('',#10769);
#10769 = CARTESIAN_POINT('',(0.5,-0.37,0.8));
#10770 = LINE('',#10771,#10772);
#10771 = CARTESIAN_POINT('',(0.5,-0.4,0.8));
#10772 = VECTOR('',#10773,1.);
#10773 = DIRECTION('',(0.,1.,0.));
#10774 = ORIENTED_EDGE('',*,*,#10775,.F.);
#10775 = EDGE_CURVE('',#10717,#10768,#10776,.T.);
#10776 = CIRCLE('',#10777,3.E-02);
#10777 = AXIS2_PLACEMENT_3D('',#10778,#10779,#10780);
#10778 = CARTESIAN_POINT('',(0.5,-0.37,0.77));
#10779 = DIRECTION('',(-1.,0.,0.));
#10780 = DIRECTION('',(0.,0.,1.));
#10781 = FACE_BOUND('',#10782,.F.);
#10782 = EDGE_LOOP('',(#10783,#10784,#10785,#10786,#10787,#10788,#10789,
    #10790));
#10783 = ORIENTED_EDGE('',*,*,#10527,.F.);
#10784 = ORIENTED_EDGE('',*,*,#10697,.T.);
#10785 = ORIENTED_EDGE('',*,*,#10680,.T.);
#10786 = ORIENTED_EDGE('',*,*,#10657,.T.);
#10787 = ORIENTED_EDGE('',*,*,#10632,.F.);
#10788 = ORIENTED_EDGE('',*,*,#10599,.F.);
#10789 = ORIENTED_EDGE('',*,*,#10582,.T.);
#10790 = ORIENTED_EDGE('',*,*,#10552,.F.);
#10791 = PLANE('',#10792);
#10792 = AXIS2_PLACEMENT_3D('',#10793,#10794,#10795);
#10793 = CARTESIAN_POINT('',(0.5,-0.4,0.));
#10794 = DIRECTION('',(1.,0.,0.));
#10795 = DIRECTION('',(0.,0.,1.));
#10796 = ADVANCED_FACE('',(#10797),#10822,.F.);
#10797 = FACE_BOUND('',#10798,.F.);
#10798 = EDGE_LOOP('',(#10799,#10809,#10815,#10816));
#10799 = ORIENTED_EDGE('',*,*,#10800,.F.);
#10800 = EDGE_CURVE('',#10801,#10803,#10805,.T.);
#10801 = VERTEX_POINT('',#10802);
#10802 = CARTESIAN_POINT('',(0.8,-0.4,3.E-02));
#10803 = VERTEX_POINT('',#10804);
#10804 = CARTESIAN_POINT('',(0.8,-0.4,0.77));
#10805 = LINE('',#10806,#10807);
#10806 = CARTESIAN_POINT('',(0.8,-0.4,0.));
#10807 = VECTOR('',#10808,1.);
#10808 = DIRECTION('',(0.,0.,1.));
#10809 = ORIENTED_EDGE('',*,*,#10810,.F.);
#10810 = EDGE_CURVE('',#10715,#10801,#10811,.T.);
#10811 = LINE('',#10812,#10813);
#10812 = CARTESIAN_POINT('',(0.5,-0.4,3.E-02));
#10813 = VECTOR('',#10814,1.);
#10814 = DIRECTION('',(1.,0.,0.));
#10815 = ORIENTED_EDGE('',*,*,#10714,.T.);
#10816 = ORIENTED_EDGE('',*,*,#10817,.T.);
#10817 = EDGE_CURVE('',#10717,#10803,#10818,.T.);
#10818 = LINE('',#10819,#10820);
#10819 = CARTESIAN_POINT('',(0.5,-0.4,0.77));
#10820 = VECTOR('',#10821,1.);
#10821 = DIRECTION('',(1.,0.,0.));
#10822 = PLANE('',#10823);
#10823 = AXIS2_PLACEMENT_3D('',#10824,#10825,#10826);
#10824 = CARTESIAN_POINT('',(0.5,-0.4,0.));
#10825 = DIRECTION('',(0.,1.,0.));
#10826 = DIRECTION('',(0.,-0.,1.));
#10827 = ADVANCED_FACE('',(#10828),#10847,.T.);
#10828 = FACE_BOUND('',#10829,.T.);
#10829 = EDGE_LOOP('',(#10830,#10831,#10839,#10846));
#10830 = ORIENTED_EDGE('',*,*,#10724,.T.);
#10831 = ORIENTED_EDGE('',*,*,#10832,.T.);
#10832 = EDGE_CURVE('',#10725,#10833,#10835,.T.);
#10833 = VERTEX_POINT('',#10834);
#10834 = CARTESIAN_POINT('',(0.8,-0.37,0.));
#10835 = LINE('',#10836,#10837);
#10836 = CARTESIAN_POINT('',(0.5,-0.37,0.));
#10837 = VECTOR('',#10838,1.);
#10838 = DIRECTION('',(1.,0.,0.));
#10839 = ORIENTED_EDGE('',*,*,#10840,.F.);
#10840 = EDGE_CURVE('',#10801,#10833,#10841,.T.);
#10841 = CIRCLE('',#10842,3.E-02);
#10842 = AXIS2_PLACEMENT_3D('',#10843,#10844,#10845);
#10843 = CARTESIAN_POINT('',(0.8,-0.37,3.E-02));
#10844 = DIRECTION('',(1.,0.,-0.));
#10845 = DIRECTION('',(0.,0.,1.));
#10846 = ORIENTED_EDGE('',*,*,#10810,.F.);
#10847 = CYLINDRICAL_SURFACE('',#10848,3.E-02);
#10848 = AXIS2_PLACEMENT_3D('',#10849,#10850,#10851);
#10849 = CARTESIAN_POINT('',(0.5,-0.37,3.E-02));
#10850 = DIRECTION('',(1.,0.,0.));
#10851 = DIRECTION('',(0.,-1.,0.));
#10852 = ADVANCED_FACE('',(#10853),#10872,.T.);
#10853 = FACE_BOUND('',#10854,.T.);
#10854 = EDGE_LOOP('',(#10855,#10856,#10865,#10871));
#10855 = ORIENTED_EDGE('',*,*,#10817,.T.);
#10856 = ORIENTED_EDGE('',*,*,#10857,.T.);
#10857 = EDGE_CURVE('',#10803,#10858,#10860,.T.);
#10858 = VERTEX_POINT('',#10859);
#10859 = CARTESIAN_POINT('',(0.8,-0.37,0.8));
#10860 = CIRCLE('',#10861,3.E-02);
#10861 = AXIS2_PLACEMENT_3D('',#10862,#10863,#10864);
#10862 = CARTESIAN_POINT('',(0.8,-0.37,0.77));
#10863 = DIRECTION('',(-1.,0.,0.));
#10864 = DIRECTION('',(0.,0.,1.));
#10865 = ORIENTED_EDGE('',*,*,#10866,.F.);
#10866 = EDGE_CURVE('',#10768,#10858,#10867,.T.);
#10867 = LINE('',#10868,#10869);
#10868 = CARTESIAN_POINT('',(0.5,-0.37,0.8));
#10869 = VECTOR('',#10870,1.);
#10870 = DIRECTION('',(1.,0.,0.));
#10871 = ORIENTED_EDGE('',*,*,#10775,.F.);
#10872 = CYLINDRICAL_SURFACE('',#10873,3.E-02);
#10873 = AXIS2_PLACEMENT_3D('',#10874,#10875,#10876);
#10874 = CARTESIAN_POINT('',(0.5,-0.37,0.77));
#10875 = DIRECTION('',(1.,0.,0.));
#10876 = DIRECTION('',(0.,-1.,0.));
#10877 = ADVANCED_FACE('',(#10878),#10896,.F.);
#10878 = FACE_BOUND('',#10879,.F.);
#10879 = EDGE_LOOP('',(#10880,#10881,#10882,#10890));
#10880 = ORIENTED_EDGE('',*,*,#10733,.F.);
#10881 = ORIENTED_EDGE('',*,*,#10832,.T.);
#10882 = ORIENTED_EDGE('',*,*,#10883,.T.);
#10883 = EDGE_CURVE('',#10833,#10884,#10886,.T.);
#10884 = VERTEX_POINT('',#10885);
#10885 = CARTESIAN_POINT('',(0.8,0.37,0.));
#10886 = LINE('',#10887,#10888);
#10887 = CARTESIAN_POINT('',(0.8,-0.4,0.));
#10888 = VECTOR('',#10889,1.);
#10889 = DIRECTION('',(0.,1.,0.));
#10890 = ORIENTED_EDGE('',*,*,#10891,.F.);
#10891 = EDGE_CURVE('',#10734,#10884,#10892,.T.);
#10892 = LINE('',#10893,#10894);
#10893 = CARTESIAN_POINT('',(0.5,0.37,0.));
#10894 = VECTOR('',#10895,1.);
#10895 = DIRECTION('',(1.,0.,0.));
#10896 = PLANE('',#10897);
#10897 = AXIS2_PLACEMENT_3D('',#10898,#10899,#10900);
#10898 = CARTESIAN_POINT('',(0.5,-0.4,0.));
#10899 = DIRECTION('',(0.,0.,1.));
#10900 = DIRECTION('',(1.,0.,-0.));
#10901 = ADVANCED_FACE('',(#10902),#10920,.T.);
#10902 = FACE_BOUND('',#10903,.T.);
#10903 = EDGE_LOOP('',(#10904,#10905,#10906,#10914));
#10904 = ORIENTED_EDGE('',*,*,#10767,.F.);
#10905 = ORIENTED_EDGE('',*,*,#10866,.T.);
#10906 = ORIENTED_EDGE('',*,*,#10907,.T.);
#10907 = EDGE_CURVE('',#10858,#10908,#10910,.T.);
#10908 = VERTEX_POINT('',#10909);
#10909 = CARTESIAN_POINT('',(0.8,0.37,0.8));
#10910 = LINE('',#10911,#10912);
#10911 = CARTESIAN_POINT('',(0.8,-0.4,0.8));
#10912 = VECTOR('',#10913,1.);
#10913 = DIRECTION('',(0.,1.,0.));
#10914 = ORIENTED_EDGE('',*,*,#10915,.F.);
#10915 = EDGE_CURVE('',#10759,#10908,#10916,.T.);
#10916 = LINE('',#10917,#10918);
#10917 = CARTESIAN_POINT('',(0.5,0.37,0.8));
#10918 = VECTOR('',#10919,1.);
#10919 = DIRECTION('',(1.,0.,0.));
#10920 = PLANE('',#10921);
#10921 = AXIS2_PLACEMENT_3D('',#10922,#10923,#10924);
#10922 = CARTESIAN_POINT('',(0.5,-0.4,0.8));
#10923 = DIRECTION('',(0.,0.,1.));
#10924 = DIRECTION('',(1.,0.,-0.));
#10925 = ADVANCED_FACE('',(#10926),#10945,.T.);
#10926 = FACE_BOUND('',#10927,.T.);
#10927 = EDGE_LOOP('',(#10928,#10936,#10943,#10944));
#10928 = ORIENTED_EDGE('',*,*,#10929,.T.);
#10929 = EDGE_CURVE('',#10742,#10930,#10932,.T.);
#10930 = VERTEX_POINT('',#10931);
#10931 = CARTESIAN_POINT('',(0.8,0.4,3.E-02));
#10932 = LINE('',#10933,#10934);
#10933 = CARTESIAN_POINT('',(0.5,0.4,3.E-02));
#10934 = VECTOR('',#10935,1.);
#10935 = DIRECTION('',(1.,0.,0.));
#10936 = ORIENTED_EDGE('',*,*,#10937,.T.);
#10937 = EDGE_CURVE('',#10930,#10884,#10938,.T.);
#10938 = CIRCLE('',#10939,3.E-02);
#10939 = AXIS2_PLACEMENT_3D('',#10940,#10941,#10942);
#10940 = CARTESIAN_POINT('',(0.8,0.37,3.E-02));
#10941 = DIRECTION('',(-1.,0.,0.));
#10942 = DIRECTION('',(0.,0.,1.));
#10943 = ORIENTED_EDGE('',*,*,#10891,.F.);
#10944 = ORIENTED_EDGE('',*,*,#10741,.F.);
#10945 = CYLINDRICAL_SURFACE('',#10946,3.E-02);
#10946 = AXIS2_PLACEMENT_3D('',#10947,#10948,#10949);
#10947 = CARTESIAN_POINT('',(0.5,0.37,3.E-02));
#10948 = DIRECTION('',(1.,0.,0.));
#10949 = DIRECTION('',(-0.,1.,0.));
#10950 = ADVANCED_FACE('',(#10951),#10970,.T.);
#10951 = FACE_BOUND('',#10952,.T.);
#10952 = EDGE_LOOP('',(#10953,#10954,#10955,#10964));
#10953 = ORIENTED_EDGE('',*,*,#10758,.T.);
#10954 = ORIENTED_EDGE('',*,*,#10915,.T.);
#10955 = ORIENTED_EDGE('',*,*,#10956,.F.);
#10956 = EDGE_CURVE('',#10957,#10908,#10959,.T.);
#10957 = VERTEX_POINT('',#10958);
#10958 = CARTESIAN_POINT('',(0.8,0.4,0.77));
#10959 = CIRCLE('',#10960,3.E-02);
#10960 = AXIS2_PLACEMENT_3D('',#10961,#10962,#10963);
#10961 = CARTESIAN_POINT('',(0.8,0.37,0.77));
#10962 = DIRECTION('',(1.,0.,-0.));
#10963 = DIRECTION('',(0.,0.,1.));
#10964 = ORIENTED_EDGE('',*,*,#10965,.F.);
#10965 = EDGE_CURVE('',#10751,#10957,#10966,.T.);
#10966 = LINE('',#10967,#10968);
#10967 = CARTESIAN_POINT('',(0.5,0.4,0.77));
#10968 = VECTOR('',#10969,1.);
#10969 = DIRECTION('',(1.,0.,0.));
#10970 = CYLINDRICAL_SURFACE('',#10971,3.E-02);
#10971 = AXIS2_PLACEMENT_3D('',#10972,#10973,#10974);
#10972 = CARTESIAN_POINT('',(0.5,0.37,0.77));
#10973 = DIRECTION('',(1.,0.,0.));
#10974 = DIRECTION('',(-0.,1.,0.));
#10975 = ADVANCED_FACE('',(#10976),#10987,.T.);
#10976 = FACE_BOUND('',#10977,.T.);
#10977 = EDGE_LOOP('',(#10978,#10984,#10985,#10986));
#10978 = ORIENTED_EDGE('',*,*,#10979,.F.);
#10979 = EDGE_CURVE('',#10930,#10957,#10980,.T.);
#10980 = LINE('',#10981,#10982);
#10981 = CARTESIAN_POINT('',(0.8,0.4,0.));
#10982 = VECTOR('',#10983,1.);
#10983 = DIRECTION('',(0.,0.,1.));
#10984 = ORIENTED_EDGE('',*,*,#10929,.F.);
#10985 = ORIENTED_EDGE('',*,*,#10750,.T.);
#10986 = ORIENTED_EDGE('',*,*,#10965,.T.);
#10987 = PLANE('',#10988);
#10988 = AXIS2_PLACEMENT_3D('',#10989,#10990,#10991);
#10989 = CARTESIAN_POINT('',(0.5,0.4,0.));
#10990 = DIRECTION('',(0.,1.,0.));
#10991 = DIRECTION('',(0.,-0.,1.));
#10992 = ADVANCED_FACE('',(#10993),#11003,.T.);
#10993 = FACE_BOUND('',#10994,.T.);
#10994 = EDGE_LOOP('',(#10995,#10996,#10997,#10998,#10999,#11000,#11001,
    #11002));
#10995 = ORIENTED_EDGE('',*,*,#10800,.F.);
#10996 = ORIENTED_EDGE('',*,*,#10840,.T.);
#10997 = ORIENTED_EDGE('',*,*,#10883,.T.);
#10998 = ORIENTED_EDGE('',*,*,#10937,.F.);
#10999 = ORIENTED_EDGE('',*,*,#10979,.T.);
#11000 = ORIENTED_EDGE('',*,*,#10956,.T.);
#11001 = ORIENTED_EDGE('',*,*,#10907,.F.);
#11002 = ORIENTED_EDGE('',*,*,#10857,.F.);
#11003 = PLANE('',#11004);
#11004 = AXIS2_PLACEMENT_3D('',#11005,#11006,#11007);
#11005 = CARTESIAN_POINT('',(0.8,-0.4,0.));
#11006 = DIRECTION('',(1.,0.,0.));
#11007 = DIRECTION('',(0.,0.,1.));
#11008 = ( GEOMETRIC_REPRESENTATION_CONTEXT(3) 
GLOBAL_UNCERTAINTY_ASSIGNED_CONTEXT((#11012)) 
GLOBAL_UNIT_ASSIGNED_CONTEXT((#11009,#11010,#11011)) 
REPRESENTATION_CONTEXT('Context #1',
  '3D Context with UNIT and UNCERTAINTY') );
#11009 = ( LENGTH_UNIT() NAMED_UNIT(*) SI_UNIT(.MILLI.,.METRE.) );
#11010 = ( NAMED_UNIT(*) PLANE_ANGLE_UNIT() SI_UNIT($,.RADIAN.) );
#11011 = ( NAMED_UNIT(*) SI_UNIT($,.STERADIAN.) SOLID_ANGLE_UNIT() );
#11012 = UNCERTAINTY_MEASURE_WITH_UNIT(LENGTH_MEASURE(1.E-07),#11009,
  'distance_accuracy_value','confusion accuracy');
#11013 = CONTEXT_DEPENDENT_SHAPE_REPRESENTATION(#11014,#11016);
#11014 = ( REPRESENTATION_RELATIONSHIP('','',#10153,#10130) 
REPRESENTATION_RELATIONSHIP_WITH_TRANSFORMATION(#11015) 
SHAPE_REPRESENTATION_RELATIONSHIP() );
#11015 = ITEM_DEFINED_TRANSFORMATION('','',#11,#10131);
#11016 = PRODUCT_DEFINITION_SHAPE('Placement','Placement of an item',
  #11017);
#11017 = NEXT_ASSEMBLY_USAGE_OCCURRENCE('23','=>[0:1:1:13]','',#10125,
  #10148,$);
#11018 = PRODUCT_RELATED_PRODUCT_CATEGORY('part',$,(#10150));
#11019 = CONTEXT_DEPENDENT_SHAPE_REPRESENTATION(#11020,#11022);
#11020 = ( REPRESENTATION_RELATIONSHIP('','',#6322,#10) 
REPRESENTATION_RELATIONSHIP_WITH_TRANSFORMATION(#11021) 
SHAPE_REPRESENTATION_RELATIONSHIP() );
#11021 = ITEM_DEFINED_TRANSFORMATION('','',#11,#87);
#11022 = PRODUCT_DEFINITION_SHAPE('Placement','Placement of an item',
  #11023);
#11023 = NEXT_ASSEMBLY_USAGE_OCCURRENCE('25','R9','',#5,#6317,$);
#11024 = CONTEXT_DEPENDENT_SHAPE_REPRESENTATION(#11025,#11027);
#11025 = ( REPRESENTATION_RELATIONSHIP('','',#6322,#10) 
REPRESENTATION_RELATIONSHIP_WITH_TRANSFORMATION(#11026) 
SHAPE_REPRESENTATION_RELATIONSHIP() );
#11026 = ITEM_DEFINED_TRANSFORMATION('','',#11,#91);
#11027 = PRODUCT_DEFINITION_SHAPE('Placement','Placement of an item',
  #11028);
#11028 = NEXT_ASSEMBLY_USAGE_OCCURRENCE('26','R6','',#5,#6317,$);
#11029 = CONTEXT_DEPENDENT_SHAPE_REPRESENTATION(#11030,#11032);
#11030 = ( REPRESENTATION_RELATIONSHIP('','',#10130,#10) 
REPRESENTATION_RELATIONSHIP_WITH_TRANSFORMATION(#11031) 
SHAPE_REPRESENTATION_RELATIONSHIP() );
#11031 = ITEM_DEFINED_TRANSFORMATION('','',#11,#95);
#11032 = PRODUCT_DEFINITION_SHAPE('Placement','Placement of an item',
  #11033);
#11033 = NEXT_ASSEMBLY_USAGE_OCCURRENCE('27','C1','',#5,#10125,$);
#11034 = CONTEXT_DEPENDENT_SHAPE_REPRESENTATION(#11035,#11037);
#11035 = ( REPRESENTATION_RELATIONSHIP('','',#6322,#10) 
REPRESENTATION_RELATIONSHIP_WITH_TRANSFORMATION(#11036) 
SHAPE_REPRESENTATION_RELATIONSHIP() );
#11036 = ITEM_DEFINED_TRANSFORMATION('','',#11,#99);
#11037 = PRODUCT_DEFINITION_SHAPE('Placement','Placement of an item',
  #11038);
#11038 = NEXT_ASSEMBLY_USAGE_OCCURRENCE('28','R11','',#5,#6317,$);
#11039 = CONTEXT_DEPENDENT_SHAPE_REPRESENTATION(#11040,#11042);
#11040 = ( REPRESENTATION_RELATIONSHIP('','',#6322,#10) 
REPRESENTATION_RELATIONSHIP_WITH_TRANSFORMATION(#11041) 
SHAPE_REPRESENTATION_RELATIONSHIP() );
#11041 = ITEM_DEFINED_TRANSFORMATION('','',#11,#103);
#11042 = PRODUCT_DEFINITION_SHAPE('Placement','Placement of an item',
  #11043);
#11043 = NEXT_ASSEMBLY_USAGE_OCCURRENCE('29','R12','',#5,#6317,$);
#11044 = CONTEXT_DEPENDENT_SHAPE_REPRESENTATION(#11045,#11047);
#11045 = ( REPRESENTATION_RELATIONSHIP('','',#10130,#10) 
REPRESENTATION_RELATIONSHIP_WITH_TRANSFORMATION(#11046) 
SHAPE_REPRESENTATION_RELATIONSHIP() );
#11046 = ITEM_DEFINED_TRANSFORMATION('','',#11,#107);
#11047 = PRODUCT_DEFINITION_SHAPE('Placement','Placement of an item',
  #11048);
#11048 = NEXT_ASSEMBLY_USAGE_OCCURRENCE('30','C2','',#5,#10125,$);
#11049 = SHAPE_DEFINITION_REPRESENTATION(#11050,#11056);
#11050 = PRODUCT_DEFINITION_SHAPE('','',#11051);
#11051 = PRODUCT_DEFINITION('design','',#11052,#11055);
#11052 = PRODUCT_DEFINITION_FORMATION('','',#11053);
#11053 = PRODUCT('pcb305C_PCB','pcb305C_PCB','',(#11054));
#11054 = PRODUCT_CONTEXT('',#2,'mechanical');
#11055 = PRODUCT_DEFINITION_CONTEXT('part definition',#2,'design');
#11056 = ADVANCED_BREP_SHAPE_REPRESENTATION('',(#11,#11057),#13717);
#11057 = MANIFOLD_SOLID_BREP('',#11058);
#11058 = CLOSED_SHELL('',(#11059,#11099,#11130,#11161,#11872,#12583,
    #12595,#12612,#12629,#12646,#12663,#12680,#12697,#12714,#12731,
    #12748,#12765,#12782,#12799,#12816,#12833,#12850,#12867,#12884,
    #12901,#12918,#12935,#12952,#12969,#12986,#13003,#13020,#13037,
    #13054,#13071,#13088,#13105,#13122,#13139,#13156,#13173,#13190,
    #13207,#13224,#13241,#13258,#13275,#13292,#13309,#13326,#13343,
    #13360,#13377,#13394,#13411,#13433,#13450,#13467,#13479,#13501,
    #13518,#13535,#13547,#13564,#13586,#13603,#13620,#13632,#13649,
    #13671,#13688,#13705));
#11059 = ADVANCED_FACE('',(#11060),#11094,.T.);
#11060 = FACE_BOUND('',#11061,.T.);
#11061 = EDGE_LOOP('',(#11062,#11072,#11080,#11088));
#11062 = ORIENTED_EDGE('',*,*,#11063,.T.);
#11063 = EDGE_CURVE('',#11064,#11066,#11068,.T.);
#11064 = VERTEX_POINT('',#11065);
#11065 = CARTESIAN_POINT('',(121.779056,-124.485,0.));
#11066 = VERTEX_POINT('',#11067);
#11067 = CARTESIAN_POINT('',(121.779056,-124.485,1.51));
#11068 = LINE('',#11069,#11070);
#11069 = CARTESIAN_POINT('',(121.779056,-124.485,0.));
#11070 = VECTOR('',#11071,1.);
#11071 = DIRECTION('',(0.,0.,1.));
#11072 = ORIENTED_EDGE('',*,*,#11073,.T.);
#11073 = EDGE_CURVE('',#11066,#11074,#11076,.T.);
#11074 = VERTEX_POINT('',#11075);
#11075 = CARTESIAN_POINT('',(41.779056,-124.485,1.51));
#11076 = LINE('',#11077,#11078);
#11077 = CARTESIAN_POINT('',(121.779056,-124.485,1.51));
#11078 = VECTOR('',#11079,1.);
#11079 = DIRECTION('',(-1.,0.,0.));
#11080 = ORIENTED_EDGE('',*,*,#11081,.F.);
#11081 = EDGE_CURVE('',#11082,#11074,#11084,.T.);
#11082 = VERTEX_POINT('',#11083);
#11083 = CARTESIAN_POINT('',(41.779056,-124.485,0.));
#11084 = LINE('',#11085,#11086);
#11085 = CARTESIAN_POINT('',(41.779056,-124.485,0.));
#11086 = VECTOR('',#11087,1.);
#11087 = DIRECTION('',(0.,0.,1.));
#11088 = ORIENTED_EDGE('',*,*,#11089,.F.);
#11089 = EDGE_CURVE('',#11064,#11082,#11090,.T.);
#11090 = LINE('',#11091,#11092);
#11091 = CARTESIAN_POINT('',(121.779056,-124.485,0.));
#11092 = VECTOR('',#11093,1.);
#11093 = DIRECTION('',(-1.,0.,0.));
#11094 = PLANE('',#11095);
#11095 = AXIS2_PLACEMENT_3D('',#11096,#11097,#11098);
#11096 = CARTESIAN_POINT('',(121.779056,-124.485,0.));
#11097 = DIRECTION('',(0.,-1.,0.));
#11098 = DIRECTION('',(-1.,0.,0.));
#11099 = ADVANCED_FACE('',(#11100),#11125,.T.);
#11100 = FACE_BOUND('',#11101,.T.);
#11101 = EDGE_LOOP('',(#11102,#11112,#11118,#11119));
#11102 = ORIENTED_EDGE('',*,*,#11103,.T.);
#11103 = EDGE_CURVE('',#11104,#11106,#11108,.T.);
#11104 = VERTEX_POINT('',#11105);
#11105 = CARTESIAN_POINT('',(121.779056,-44.485,0.));
#11106 = VERTEX_POINT('',#11107);
#11107 = CARTESIAN_POINT('',(121.779056,-44.485,1.51));
#11108 = LINE('',#11109,#11110);
#11109 = CARTESIAN_POINT('',(121.779056,-44.485,0.));
#11110 = VECTOR('',#11111,1.);
#11111 = DIRECTION('',(0.,0.,1.));
#11112 = ORIENTED_EDGE('',*,*,#11113,.T.);
#11113 = EDGE_CURVE('',#11106,#11066,#11114,.T.);
#11114 = LINE('',#11115,#11116);
#11115 = CARTESIAN_POINT('',(121.779056,-44.485,1.51));
#11116 = VECTOR('',#11117,1.);
#11117 = DIRECTION('',(0.,-1.,0.));
#11118 = ORIENTED_EDGE('',*,*,#11063,.F.);
#11119 = ORIENTED_EDGE('',*,*,#11120,.F.);
#11120 = EDGE_CURVE('',#11104,#11064,#11121,.T.);
#11121 = LINE('',#11122,#11123);
#11122 = CARTESIAN_POINT('',(121.779056,-44.485,0.));
#11123 = VECTOR('',#11124,1.);
#11124 = DIRECTION('',(0.,-1.,0.));
#11125 = PLANE('',#11126);
#11126 = AXIS2_PLACEMENT_3D('',#11127,#11128,#11129);
#11127 = CARTESIAN_POINT('',(121.779056,-44.485,0.));
#11128 = DIRECTION('',(1.,0.,-0.));
#11129 = DIRECTION('',(0.,-1.,0.));
#11130 = ADVANCED_FACE('',(#11131),#11156,.T.);
#11131 = FACE_BOUND('',#11132,.T.);
#11132 = EDGE_LOOP('',(#11133,#11134,#11142,#11150));
#11133 = ORIENTED_EDGE('',*,*,#11081,.T.);
#11134 = ORIENTED_EDGE('',*,*,#11135,.T.);
#11135 = EDGE_CURVE('',#11074,#11136,#11138,.T.);
#11136 = VERTEX_POINT('',#11137);
#11137 = CARTESIAN_POINT('',(41.779056,-44.485,1.51));
#11138 = LINE('',#11139,#11140);
#11139 = CARTESIAN_POINT('',(41.779056,-124.485,1.51));
#11140 = VECTOR('',#11141,1.);
#11141 = DIRECTION('',(0.,1.,0.));
#11142 = ORIENTED_EDGE('',*,*,#11143,.F.);
#11143 = EDGE_CURVE('',#11144,#11136,#11146,.T.);
#11144 = VERTEX_POINT('',#11145);
#11145 = CARTESIAN_POINT('',(41.779056,-44.485,0.));
#11146 = LINE('',#11147,#11148);
#11147 = CARTESIAN_POINT('',(41.779056,-44.485,0.));
#11148 = VECTOR('',#11149,1.);
#11149 = DIRECTION('',(0.,0.,1.));
#11150 = ORIENTED_EDGE('',*,*,#11151,.F.);
#11151 = EDGE_CURVE('',#11082,#11144,#11152,.T.);
#11152 = LINE('',#11153,#11154);
#11153 = CARTESIAN_POINT('',(41.779056,-124.485,0.));
#11154 = VECTOR('',#11155,1.);
#11155 = DIRECTION('',(0.,1.,0.));
#11156 = PLANE('',#11157);
#11157 = AXIS2_PLACEMENT_3D('',#11158,#11159,#11160);
#11158 = CARTESIAN_POINT('',(41.779056,-124.485,0.));
#11159 = DIRECTION('',(-1.,0.,0.));
#11160 = DIRECTION('',(0.,1.,0.));
#11161 = ADVANCED_FACE('',(#11162,#11173,#11184,#11195,#11206,#11217,
    #11228,#11239,#11250,#11261,#11272,#11283,#11294,#11305,#11316,
    #11327,#11338,#11349,#11360,#11371,#11382,#11393,#11404,#11415,
    #11426,#11437,#11448,#11459,#11470,#11481,#11492,#11503,#11514,
    #11525,#11536,#11547,#11558,#11569,#11580,#11591,#11602,#11613,
    #11624,#11635,#11646,#11657,#11668,#11679,#11690,#11701,#11737,
    #11773,#11784,#11820,#11831),#11867,.F.);
#11162 = FACE_BOUND('',#11163,.F.);
#11163 = EDGE_LOOP('',(#11164,#11165,#11166,#11172));
#11164 = ORIENTED_EDGE('',*,*,#11089,.F.);
#11165 = ORIENTED_EDGE('',*,*,#11120,.F.);
#11166 = ORIENTED_EDGE('',*,*,#11167,.F.);
#11167 = EDGE_CURVE('',#11144,#11104,#11168,.T.);
#11168 = LINE('',#11169,#11170);
#11169 = CARTESIAN_POINT('',(41.779056,-44.485,0.));
#11170 = VECTOR('',#11171,1.);
#11171 = DIRECTION('',(1.,0.,0.));
#11172 = ORIENTED_EDGE('',*,*,#11151,.F.);
#11173 = FACE_BOUND('',#11174,.F.);
#11174 = EDGE_LOOP('',(#11175));
#11175 = ORIENTED_EDGE('',*,*,#11176,.T.);
#11176 = EDGE_CURVE('',#11177,#11177,#11179,.T.);
#11177 = VERTEX_POINT('',#11178);
#11178 = CARTESIAN_POINT('',(61.55,-113.51,0.));
#11179 = CIRCLE('',#11180,0.51);
#11180 = AXIS2_PLACEMENT_3D('',#11181,#11182,#11183);
#11181 = CARTESIAN_POINT('',(61.55,-113.,0.));
#11182 = DIRECTION('',(-0.,0.,-1.));
#11183 = DIRECTION('',(-0.,-1.,0.));
#11184 = FACE_BOUND('',#11185,.F.);
#11185 = EDGE_LOOP('',(#11186));
#11186 = ORIENTED_EDGE('',*,*,#11187,.T.);
#11187 = EDGE_CURVE('',#11188,#11188,#11190,.T.);
#11188 = VERTEX_POINT('',#11189);
#11189 = CARTESIAN_POINT('',(64.09,-113.51,0.));
#11190 = CIRCLE('',#11191,0.51);
#11191 = AXIS2_PLACEMENT_3D('',#11192,#11193,#11194);
#11192 = CARTESIAN_POINT('',(64.09,-113.,0.));
#11193 = DIRECTION('',(-0.,0.,-1.));
#11194 = DIRECTION('',(-0.,-1.,0.));
#11195 = FACE_BOUND('',#11196,.F.);
#11196 = EDGE_LOOP('',(#11197));
#11197 = ORIENTED_EDGE('',*,*,#11198,.T.);
#11198 = EDGE_CURVE('',#11199,#11199,#11201,.T.);
#11199 = VERTEX_POINT('',#11200);
#11200 = CARTESIAN_POINT('',(66.63,-113.51,0.));
#11201 = CIRCLE('',#11202,0.51);
#11202 = AXIS2_PLACEMENT_3D('',#11203,#11204,#11205);
#11203 = CARTESIAN_POINT('',(66.63,-113.,0.));
#11204 = DIRECTION('',(-0.,0.,-1.));
#11205 = DIRECTION('',(-0.,-1.,0.));
#11206 = FACE_BOUND('',#11207,.F.);
#11207 = EDGE_LOOP('',(#11208));
#11208 = ORIENTED_EDGE('',*,*,#11209,.T.);
#11209 = EDGE_CURVE('',#11210,#11210,#11212,.T.);
#11210 = VERTEX_POINT('',#11211);
#11211 = CARTESIAN_POINT('',(66.63,-111.39,0.));
#11212 = CIRCLE('',#11213,0.55);
#11213 = AXIS2_PLACEMENT_3D('',#11214,#11215,#11216);
#11214 = CARTESIAN_POINT('',(66.63,-110.84,0.));
#11215 = DIRECTION('',(-0.,0.,-1.));
#11216 = DIRECTION('',(-0.,-1.,0.));
#11217 = FACE_BOUND('',#11218,.F.);
#11218 = EDGE_LOOP('',(#11219));
#11219 = ORIENTED_EDGE('',*,*,#11220,.T.);
#11220 = EDGE_CURVE('',#11221,#11221,#11223,.T.);
#11221 = VERTEX_POINT('',#11222);
#11222 = CARTESIAN_POINT('',(69.17,-113.51,0.));
#11223 = CIRCLE('',#11224,0.51);
#11224 = AXIS2_PLACEMENT_3D('',#11225,#11226,#11227);
#11225 = CARTESIAN_POINT('',(69.17,-113.,0.));
#11226 = DIRECTION('',(-0.,0.,-1.));
#11227 = DIRECTION('',(-0.,-1.,0.));
#11228 = FACE_BOUND('',#11229,.F.);
#11229 = EDGE_LOOP('',(#11230));
#11230 = ORIENTED_EDGE('',*,*,#11231,.T.);
#11231 = EDGE_CURVE('',#11232,#11232,#11234,.T.);
#11232 = VERTEX_POINT('',#11233);
#11233 = CARTESIAN_POINT('',(76.55,-113.51,0.));
#11234 = CIRCLE('',#11235,0.51);
#11235 = AXIS2_PLACEMENT_3D('',#11236,#11237,#11238);
#11236 = CARTESIAN_POINT('',(76.55,-113.,0.));
#11237 = DIRECTION('',(-0.,0.,-1.));
#11238 = DIRECTION('',(-2.78644210102E-14,-1.,0.));
#11239 = FACE_BOUND('',#11240,.F.);
#11240 = EDGE_LOOP('',(#11241));
#11241 = ORIENTED_EDGE('',*,*,#11242,.T.);
#11242 = EDGE_CURVE('',#11243,#11243,#11245,.T.);
#11243 = VERTEX_POINT('',#11244);
#11244 = CARTESIAN_POINT('',(79.09,-113.51,0.));
#11245 = CIRCLE('',#11246,0.51);
#11246 = AXIS2_PLACEMENT_3D('',#11247,#11248,#11249);
#11247 = CARTESIAN_POINT('',(79.09,-113.,0.));
#11248 = DIRECTION('',(-0.,0.,-1.));
#11249 = DIRECTION('',(-0.,-1.,0.));
#11250 = FACE_BOUND('',#11251,.F.);
#11251 = EDGE_LOOP('',(#11252));
#11252 = ORIENTED_EDGE('',*,*,#11253,.T.);
#11253 = EDGE_CURVE('',#11254,#11254,#11256,.T.);
#11254 = VERTEX_POINT('',#11255);
#11255 = CARTESIAN_POINT('',(81.63,-113.51,0.));
#11256 = CIRCLE('',#11257,0.51);
#11257 = AXIS2_PLACEMENT_3D('',#11258,#11259,#11260);
#11258 = CARTESIAN_POINT('',(81.63,-113.,0.));
#11259 = DIRECTION('',(-0.,0.,-1.));
#11260 = DIRECTION('',(-0.,-1.,0.));
#11261 = FACE_BOUND('',#11262,.F.);
#11262 = EDGE_LOOP('',(#11263));
#11263 = ORIENTED_EDGE('',*,*,#11264,.T.);
#11264 = EDGE_CURVE('',#11265,#11265,#11267,.T.);
#11265 = VERTEX_POINT('',#11266);
#11266 = CARTESIAN_POINT('',(84.17,-113.51,0.));
#11267 = CIRCLE('',#11268,0.51);
#11268 = AXIS2_PLACEMENT_3D('',#11269,#11270,#11271);
#11269 = CARTESIAN_POINT('',(84.17,-113.,0.));
#11270 = DIRECTION('',(-0.,0.,-1.));
#11271 = DIRECTION('',(-0.,-1.,0.));
#11272 = FACE_BOUND('',#11273,.F.);
#11273 = EDGE_LOOP('',(#11274));
#11274 = ORIENTED_EDGE('',*,*,#11275,.T.);
#11275 = EDGE_CURVE('',#11276,#11276,#11278,.T.);
#11276 = VERTEX_POINT('',#11277);
#11277 = CARTESIAN_POINT('',(81.63,-111.39,0.));
#11278 = CIRCLE('',#11279,0.55);
#11279 = AXIS2_PLACEMENT_3D('',#11280,#11281,#11282);
#11280 = CARTESIAN_POINT('',(81.63,-110.84,0.));
#11281 = DIRECTION('',(-0.,0.,-1.));
#11282 = DIRECTION('',(-0.,-1.,0.));
#11283 = FACE_BOUND('',#11284,.F.);
#11284 = EDGE_LOOP('',(#11285));
#11285 = ORIENTED_EDGE('',*,*,#11286,.T.);
#11286 = EDGE_CURVE('',#11287,#11287,#11289,.T.);
#11287 = VERTEX_POINT('',#11288);
#11288 = CARTESIAN_POINT('',(49.74,-94.45,0.));
#11289 = CIRCLE('',#11290,0.5);
#11290 = AXIS2_PLACEMENT_3D('',#11291,#11292,#11293);
#11291 = CARTESIAN_POINT('',(49.74,-93.95,0.));
#11292 = DIRECTION('',(-0.,0.,-1.));
#11293 = DIRECTION('',(-0.,-1.,0.));
#11294 = FACE_BOUND('',#11295,.F.);
#11295 = EDGE_LOOP('',(#11296));
#11296 = ORIENTED_EDGE('',*,*,#11297,.T.);
#11297 = EDGE_CURVE('',#11298,#11298,#11300,.T.);
#11298 = VERTEX_POINT('',#11299);
#11299 = CARTESIAN_POINT('',(49.74,-91.91,0.));
#11300 = CIRCLE('',#11301,0.5);
#11301 = AXIS2_PLACEMENT_3D('',#11302,#11303,#11304);
#11302 = CARTESIAN_POINT('',(49.74,-91.41,0.));
#11303 = DIRECTION('',(-0.,0.,-1.));
#11304 = DIRECTION('',(-0.,-1.,0.));
#11305 = FACE_BOUND('',#11306,.F.);
#11306 = EDGE_LOOP('',(#11307));
#11307 = ORIENTED_EDGE('',*,*,#11308,.T.);
#11308 = EDGE_CURVE('',#11309,#11309,#11311,.T.);
#11309 = VERTEX_POINT('',#11310);
#11310 = CARTESIAN_POINT('',(64.98,-94.45,0.));
#11311 = CIRCLE('',#11312,0.5);
#11312 = AXIS2_PLACEMENT_3D('',#11313,#11314,#11315);
#11313 = CARTESIAN_POINT('',(64.98,-93.95,0.));
#11314 = DIRECTION('',(-0.,0.,-1.));
#11315 = DIRECTION('',(-0.,-1.,0.));
#11316 = FACE_BOUND('',#11317,.F.);
#11317 = EDGE_LOOP('',(#11318));
#11318 = ORIENTED_EDGE('',*,*,#11319,.T.);
#11319 = EDGE_CURVE('',#11320,#11320,#11322,.T.);
#11320 = VERTEX_POINT('',#11321);
#11321 = CARTESIAN_POINT('',(64.98,-91.91,0.));
#11322 = CIRCLE('',#11323,0.5);
#11323 = AXIS2_PLACEMENT_3D('',#11324,#11325,#11326);
#11324 = CARTESIAN_POINT('',(64.98,-91.41,0.));
#11325 = DIRECTION('',(-0.,0.,-1.));
#11326 = DIRECTION('',(-0.,-1.,0.));
#11327 = FACE_BOUND('',#11328,.F.);
#11328 = EDGE_LOOP('',(#11329));
#11329 = ORIENTED_EDGE('',*,*,#11330,.T.);
#11330 = EDGE_CURVE('',#11331,#11331,#11333,.T.);
#11331 = VERTEX_POINT('',#11332);
#11332 = CARTESIAN_POINT('',(49.74,-89.37,0.));
#11333 = CIRCLE('',#11334,0.5);
#11334 = AXIS2_PLACEMENT_3D('',#11335,#11336,#11337);
#11335 = CARTESIAN_POINT('',(49.74,-88.87,0.));
#11336 = DIRECTION('',(-0.,0.,-1.));
#11337 = DIRECTION('',(-0.,-1.,0.));
#11338 = FACE_BOUND('',#11339,.F.);
#11339 = EDGE_LOOP('',(#11340));
#11340 = ORIENTED_EDGE('',*,*,#11341,.T.);
#11341 = EDGE_CURVE('',#11342,#11342,#11344,.T.);
#11342 = VERTEX_POINT('',#11343);
#11343 = CARTESIAN_POINT('',(49.74,-86.83,0.));
#11344 = CIRCLE('',#11345,0.5);
#11345 = AXIS2_PLACEMENT_3D('',#11346,#11347,#11348);
#11346 = CARTESIAN_POINT('',(49.74,-86.33,0.));
#11347 = DIRECTION('',(-0.,0.,-1.));
#11348 = DIRECTION('',(-0.,-1.,0.));
#11349 = FACE_BOUND('',#11350,.F.);
#11350 = EDGE_LOOP('',(#11351));
#11351 = ORIENTED_EDGE('',*,*,#11352,.T.);
#11352 = EDGE_CURVE('',#11353,#11353,#11355,.T.);
#11353 = VERTEX_POINT('',#11354);
#11354 = CARTESIAN_POINT('',(49.74,-84.29,0.));
#11355 = CIRCLE('',#11356,0.5);
#11356 = AXIS2_PLACEMENT_3D('',#11357,#11358,#11359);
#11357 = CARTESIAN_POINT('',(49.74,-83.79,0.));
#11358 = DIRECTION('',(-0.,0.,-1.));
#11359 = DIRECTION('',(-0.,-1.,0.));
#11360 = FACE_BOUND('',#11361,.F.);
#11361 = EDGE_LOOP('',(#11362));
#11362 = ORIENTED_EDGE('',*,*,#11363,.T.);
#11363 = EDGE_CURVE('',#11364,#11364,#11366,.T.);
#11364 = VERTEX_POINT('',#11365);
#11365 = CARTESIAN_POINT('',(64.98,-89.37,0.));
#11366 = CIRCLE('',#11367,0.5);
#11367 = AXIS2_PLACEMENT_3D('',#11368,#11369,#11370);
#11368 = CARTESIAN_POINT('',(64.98,-88.87,0.));
#11369 = DIRECTION('',(-0.,0.,-1.));
#11370 = DIRECTION('',(-0.,-1.,0.));
#11371 = FACE_BOUND('',#11372,.F.);
#11372 = EDGE_LOOP('',(#11373));
#11373 = ORIENTED_EDGE('',*,*,#11374,.T.);
#11374 = EDGE_CURVE('',#11375,#11375,#11377,.T.);
#11375 = VERTEX_POINT('',#11376);
#11376 = CARTESIAN_POINT('',(64.98,-86.83,0.));
#11377 = CIRCLE('',#11378,0.5);
#11378 = AXIS2_PLACEMENT_3D('',#11379,#11380,#11381);
#11379 = CARTESIAN_POINT('',(64.98,-86.33,0.));
#11380 = DIRECTION('',(-0.,0.,-1.));
#11381 = DIRECTION('',(-0.,-1.,0.));
#11382 = FACE_BOUND('',#11383,.F.);
#11383 = EDGE_LOOP('',(#11384));
#11384 = ORIENTED_EDGE('',*,*,#11385,.T.);
#11385 = EDGE_CURVE('',#11386,#11386,#11388,.T.);
#11386 = VERTEX_POINT('',#11387);
#11387 = CARTESIAN_POINT('',(64.98,-84.29,0.));
#11388 = CIRCLE('',#11389,0.5);
#11389 = AXIS2_PLACEMENT_3D('',#11390,#11391,#11392);
#11390 = CARTESIAN_POINT('',(64.98,-83.79,0.));
#11391 = DIRECTION('',(-0.,0.,-1.));
#11392 = DIRECTION('',(-0.,-1.,0.));
#11393 = FACE_BOUND('',#11394,.F.);
#11394 = EDGE_LOOP('',(#11395));
#11395 = ORIENTED_EDGE('',*,*,#11396,.T.);
#11396 = EDGE_CURVE('',#11397,#11397,#11399,.T.);
#11397 = VERTEX_POINT('',#11398);
#11398 = CARTESIAN_POINT('',(81.55,-91.6,0.));
#11399 = CIRCLE('',#11400,0.5);
#11400 = AXIS2_PLACEMENT_3D('',#11401,#11402,#11403);
#11401 = CARTESIAN_POINT('',(81.55,-91.1,0.));
#11402 = DIRECTION('',(-0.,0.,-1.));
#11403 = DIRECTION('',(-0.,-1.,0.));
#11404 = FACE_BOUND('',#11405,.F.);
#11405 = EDGE_LOOP('',(#11406));
#11406 = ORIENTED_EDGE('',*,*,#11407,.T.);
#11407 = EDGE_CURVE('',#11408,#11408,#11410,.T.);
#11408 = VERTEX_POINT('',#11409);
#11409 = CARTESIAN_POINT('',(81.55,-89.06,0.));
#11410 = CIRCLE('',#11411,0.5);
#11411 = AXIS2_PLACEMENT_3D('',#11412,#11413,#11414);
#11412 = CARTESIAN_POINT('',(81.55,-88.56,0.));
#11413 = DIRECTION('',(-0.,0.,-1.));
#11414 = DIRECTION('',(-0.,-1.,0.));
#11415 = FACE_BOUND('',#11416,.F.);
#11416 = EDGE_LOOP('',(#11417));
#11417 = ORIENTED_EDGE('',*,*,#11418,.T.);
#11418 = EDGE_CURVE('',#11419,#11419,#11421,.T.);
#11419 = VERTEX_POINT('',#11420);
#11420 = CARTESIAN_POINT('',(81.55,-86.52,0.));
#11421 = CIRCLE('',#11422,0.5);
#11422 = AXIS2_PLACEMENT_3D('',#11423,#11424,#11425);
#11423 = CARTESIAN_POINT('',(81.55,-86.02,0.));
#11424 = DIRECTION('',(-0.,0.,-1.));
#11425 = DIRECTION('',(-0.,-1.,0.));
#11426 = FACE_BOUND('',#11427,.F.);
#11427 = EDGE_LOOP('',(#11428));
#11428 = ORIENTED_EDGE('',*,*,#11429,.T.);
#11429 = EDGE_CURVE('',#11430,#11430,#11432,.T.);
#11430 = VERTEX_POINT('',#11431);
#11431 = CARTESIAN_POINT('',(81.55,-83.98,0.));
#11432 = CIRCLE('',#11433,0.5);
#11433 = AXIS2_PLACEMENT_3D('',#11434,#11435,#11436);
#11434 = CARTESIAN_POINT('',(81.55,-83.48,0.));
#11435 = DIRECTION('',(-0.,0.,-1.));
#11436 = DIRECTION('',(-0.,-1.,0.));
#11437 = FACE_BOUND('',#11438,.F.);
#11438 = EDGE_LOOP('',(#11439));
#11439 = ORIENTED_EDGE('',*,*,#11440,.T.);
#11440 = EDGE_CURVE('',#11441,#11441,#11443,.T.);
#11441 = VERTEX_POINT('',#11442);
#11442 = CARTESIAN_POINT('',(91.55,-113.51,0.));
#11443 = CIRCLE('',#11444,0.51);
#11444 = AXIS2_PLACEMENT_3D('',#11445,#11446,#11447);
#11445 = CARTESIAN_POINT('',(91.55,-113.,0.));
#11446 = DIRECTION('',(-0.,0.,-1.));
#11447 = DIRECTION('',(-2.78644210102E-14,-1.,0.));
#11448 = FACE_BOUND('',#11449,.F.);
#11449 = EDGE_LOOP('',(#11450));
#11450 = ORIENTED_EDGE('',*,*,#11451,.T.);
#11451 = EDGE_CURVE('',#11452,#11452,#11454,.T.);
#11452 = VERTEX_POINT('',#11453);
#11453 = CARTESIAN_POINT('',(94.09,-113.51,0.));
#11454 = CIRCLE('',#11455,0.51);
#11455 = AXIS2_PLACEMENT_3D('',#11456,#11457,#11458);
#11456 = CARTESIAN_POINT('',(94.09,-113.,0.));
#11457 = DIRECTION('',(-0.,0.,-1.));
#11458 = DIRECTION('',(-0.,-1.,0.));
#11459 = FACE_BOUND('',#11460,.F.);
#11460 = EDGE_LOOP('',(#11461));
#11461 = ORIENTED_EDGE('',*,*,#11462,.T.);
#11462 = EDGE_CURVE('',#11463,#11463,#11465,.T.);
#11463 = VERTEX_POINT('',#11464);
#11464 = CARTESIAN_POINT('',(96.63,-113.51,0.));
#11465 = CIRCLE('',#11466,0.51);
#11466 = AXIS2_PLACEMENT_3D('',#11467,#11468,#11469);
#11467 = CARTESIAN_POINT('',(96.63,-113.,0.));
#11468 = DIRECTION('',(-0.,0.,-1.));
#11469 = DIRECTION('',(-0.,-1.,0.));
#11470 = FACE_BOUND('',#11471,.F.);
#11471 = EDGE_LOOP('',(#11472));
#11472 = ORIENTED_EDGE('',*,*,#11473,.T.);
#11473 = EDGE_CURVE('',#11474,#11474,#11476,.T.);
#11474 = VERTEX_POINT('',#11475);
#11475 = CARTESIAN_POINT('',(96.63,-111.39,0.));
#11476 = CIRCLE('',#11477,0.55);
#11477 = AXIS2_PLACEMENT_3D('',#11478,#11479,#11480);
#11478 = CARTESIAN_POINT('',(96.63,-110.84,0.));
#11479 = DIRECTION('',(-0.,0.,-1.));
#11480 = DIRECTION('',(-0.,-1.,0.));
#11481 = FACE_BOUND('',#11482,.F.);
#11482 = EDGE_LOOP('',(#11483));
#11483 = ORIENTED_EDGE('',*,*,#11484,.T.);
#11484 = EDGE_CURVE('',#11485,#11485,#11487,.T.);
#11485 = VERTEX_POINT('',#11486);
#11486 = CARTESIAN_POINT('',(99.17,-113.51,0.));
#11487 = CIRCLE('',#11488,0.51);
#11488 = AXIS2_PLACEMENT_3D('',#11489,#11490,#11491);
#11489 = CARTESIAN_POINT('',(99.17,-113.,0.));
#11490 = DIRECTION('',(-0.,0.,-1.));
#11491 = DIRECTION('',(-0.,-1.,0.));
#11492 = FACE_BOUND('',#11493,.F.);
#11493 = EDGE_LOOP('',(#11494));
#11494 = ORIENTED_EDGE('',*,*,#11495,.T.);
#11495 = EDGE_CURVE('',#11496,#11496,#11498,.T.);
#11496 = VERTEX_POINT('',#11497);
#11497 = CARTESIAN_POINT('',(111.48,-88.905,0.));
#11498 = CIRCLE('',#11499,0.5);
#11499 = AXIS2_PLACEMENT_3D('',#11500,#11501,#11502);
#11500 = CARTESIAN_POINT('',(111.48,-88.405,0.));
#11501 = DIRECTION('',(-0.,0.,-1.));
#11502 = DIRECTION('',(-0.,-1.,0.));
#11503 = FACE_BOUND('',#11504,.F.);
#11504 = EDGE_LOOP('',(#11505));
#11505 = ORIENTED_EDGE('',*,*,#11506,.T.);
#11506 = EDGE_CURVE('',#11507,#11507,#11509,.T.);
#11507 = VERTEX_POINT('',#11508);
#11508 = CARTESIAN_POINT('',(111.48,-86.365,0.));
#11509 = CIRCLE('',#11510,0.5);
#11510 = AXIS2_PLACEMENT_3D('',#11511,#11512,#11513);
#11511 = CARTESIAN_POINT('',(111.48,-85.865,0.));
#11512 = DIRECTION('',(-0.,0.,-1.));
#11513 = DIRECTION('',(-0.,-1.,0.));
#11514 = FACE_BOUND('',#11515,.F.);
#11515 = EDGE_LOOP('',(#11516));
#11516 = ORIENTED_EDGE('',*,*,#11517,.T.);
#11517 = EDGE_CURVE('',#11518,#11518,#11520,.T.);
#11518 = VERTEX_POINT('',#11519);
#11519 = CARTESIAN_POINT('',(49.74,-81.75,0.));
#11520 = CIRCLE('',#11521,0.5);
#11521 = AXIS2_PLACEMENT_3D('',#11522,#11523,#11524);
#11522 = CARTESIAN_POINT('',(49.74,-81.25,0.));
#11523 = DIRECTION('',(-0.,0.,-1.));
#11524 = DIRECTION('',(-0.,-1.,0.));
#11525 = FACE_BOUND('',#11526,.F.);
#11526 = EDGE_LOOP('',(#11527));
#11527 = ORIENTED_EDGE('',*,*,#11528,.T.);
#11528 = EDGE_CURVE('',#11529,#11529,#11531,.T.);
#11529 = VERTEX_POINT('',#11530);
#11530 = CARTESIAN_POINT('',(49.74,-79.21,0.));
#11531 = CIRCLE('',#11532,0.5);
#11532 = AXIS2_PLACEMENT_3D('',#11533,#11534,#11535);
#11533 = CARTESIAN_POINT('',(49.74,-78.71,0.));
#11534 = DIRECTION('',(-0.,0.,-1.));
#11535 = DIRECTION('',(-0.,-1.,0.));
#11536 = FACE_BOUND('',#11537,.F.);
#11537 = EDGE_LOOP('',(#11538));
#11538 = ORIENTED_EDGE('',*,*,#11539,.T.);
#11539 = EDGE_CURVE('',#11540,#11540,#11542,.T.);
#11540 = VERTEX_POINT('',#11541);
#11541 = CARTESIAN_POINT('',(49.74,-76.67,0.));
#11542 = CIRCLE('',#11543,0.5);
#11543 = AXIS2_PLACEMENT_3D('',#11544,#11545,#11546);
#11544 = CARTESIAN_POINT('',(49.74,-76.17,0.));
#11545 = DIRECTION('',(-0.,0.,-1.));
#11546 = DIRECTION('',(-0.,-1.,0.));
#11547 = FACE_BOUND('',#11548,.F.);
#11548 = EDGE_LOOP('',(#11549));
#11549 = ORIENTED_EDGE('',*,*,#11550,.T.);
#11550 = EDGE_CURVE('',#11551,#11551,#11553,.T.);
#11551 = VERTEX_POINT('',#11552);
#11552 = CARTESIAN_POINT('',(64.98,-81.75,0.));
#11553 = CIRCLE('',#11554,0.5);
#11554 = AXIS2_PLACEMENT_3D('',#11555,#11556,#11557);
#11555 = CARTESIAN_POINT('',(64.98,-81.25,0.));
#11556 = DIRECTION('',(-0.,0.,-1.));
#11557 = DIRECTION('',(-0.,-1.,0.));
#11558 = FACE_BOUND('',#11559,.F.);
#11559 = EDGE_LOOP('',(#11560));
#11560 = ORIENTED_EDGE('',*,*,#11561,.T.);
#11561 = EDGE_CURVE('',#11562,#11562,#11564,.T.);
#11562 = VERTEX_POINT('',#11563);
#11563 = CARTESIAN_POINT('',(64.98,-79.21,0.));
#11564 = CIRCLE('',#11565,0.5);
#11565 = AXIS2_PLACEMENT_3D('',#11566,#11567,#11568);
#11566 = CARTESIAN_POINT('',(64.98,-78.71,0.));
#11567 = DIRECTION('',(-0.,0.,-1.));
#11568 = DIRECTION('',(-0.,-1.,0.));
#11569 = FACE_BOUND('',#11570,.F.);
#11570 = EDGE_LOOP('',(#11571));
#11571 = ORIENTED_EDGE('',*,*,#11572,.T.);
#11572 = EDGE_CURVE('',#11573,#11573,#11575,.T.);
#11573 = VERTEX_POINT('',#11574);
#11574 = CARTESIAN_POINT('',(64.98,-76.67,0.));
#11575 = CIRCLE('',#11576,0.5);
#11576 = AXIS2_PLACEMENT_3D('',#11577,#11578,#11579);
#11577 = CARTESIAN_POINT('',(64.98,-76.17,0.));
#11578 = DIRECTION('',(-0.,0.,-1.));
#11579 = DIRECTION('',(-0.,-1.,0.));
#11580 = FACE_BOUND('',#11581,.F.);
#11581 = EDGE_LOOP('',(#11582));
#11582 = ORIENTED_EDGE('',*,*,#11583,.T.);
#11583 = EDGE_CURVE('',#11584,#11584,#11586,.T.);
#11584 = VERTEX_POINT('',#11585);
#11585 = CARTESIAN_POINT('',(81.55,-81.44,0.));
#11586 = CIRCLE('',#11587,0.5);
#11587 = AXIS2_PLACEMENT_3D('',#11588,#11589,#11590);
#11588 = CARTESIAN_POINT('',(81.55,-80.94,0.));
#11589 = DIRECTION('',(-0.,0.,-1.));
#11590 = DIRECTION('',(-0.,-1.,0.));
#11591 = FACE_BOUND('',#11592,.F.);
#11592 = EDGE_LOOP('',(#11593));
#11593 = ORIENTED_EDGE('',*,*,#11594,.T.);
#11594 = EDGE_CURVE('',#11595,#11595,#11597,.T.);
#11595 = VERTEX_POINT('',#11596);
#11596 = CARTESIAN_POINT('',(70.,-57.51,0.));
#11597 = CIRCLE('',#11598,0.51);
#11598 = AXIS2_PLACEMENT_3D('',#11599,#11600,#11601);
#11599 = CARTESIAN_POINT('',(70.,-57.,0.));
#11600 = DIRECTION('',(-0.,0.,-1.));
#11601 = DIRECTION('',(-0.,-1.,0.));
#11602 = FACE_BOUND('',#11603,.F.);
#11603 = EDGE_LOOP('',(#11604));
#11604 = ORIENTED_EDGE('',*,*,#11605,.T.);
#11605 = EDGE_CURVE('',#11606,#11606,#11608,.T.);
#11606 = VERTEX_POINT('',#11607);
#11607 = CARTESIAN_POINT('',(72.54,-57.51,0.));
#11608 = CIRCLE('',#11609,0.51);
#11609 = AXIS2_PLACEMENT_3D('',#11610,#11611,#11612);
#11610 = CARTESIAN_POINT('',(72.54,-57.,0.));
#11611 = DIRECTION('',(-0.,0.,-1.));
#11612 = DIRECTION('',(2.78644210102E-14,-1.,-0.));
#11613 = FACE_BOUND('',#11614,.F.);
#11614 = EDGE_LOOP('',(#11615));
#11615 = ORIENTED_EDGE('',*,*,#11616,.T.);
#11616 = EDGE_CURVE('',#11617,#11617,#11619,.T.);
#11617 = VERTEX_POINT('',#11618);
#11618 = CARTESIAN_POINT('',(75.08,-57.51,0.));
#11619 = CIRCLE('',#11620,0.51);
#11620 = AXIS2_PLACEMENT_3D('',#11621,#11622,#11623);
#11621 = CARTESIAN_POINT('',(75.08,-57.,0.));
#11622 = DIRECTION('',(-0.,0.,-1.));
#11623 = DIRECTION('',(-0.,-1.,0.));
#11624 = FACE_BOUND('',#11625,.F.);
#11625 = EDGE_LOOP('',(#11626));
#11626 = ORIENTED_EDGE('',*,*,#11627,.T.);
#11627 = EDGE_CURVE('',#11628,#11628,#11630,.T.);
#11628 = VERTEX_POINT('',#11629);
#11629 = CARTESIAN_POINT('',(75.08,-55.39,0.));
#11630 = CIRCLE('',#11631,0.55);
#11631 = AXIS2_PLACEMENT_3D('',#11632,#11633,#11634);
#11632 = CARTESIAN_POINT('',(75.08,-54.84,0.));
#11633 = DIRECTION('',(-0.,0.,-1.));
#11634 = DIRECTION('',(-0.,-1.,0.));
#11635 = FACE_BOUND('',#11636,.F.);
#11636 = EDGE_LOOP('',(#11637));
#11637 = ORIENTED_EDGE('',*,*,#11638,.T.);
#11638 = EDGE_CURVE('',#11639,#11639,#11641,.T.);
#11639 = VERTEX_POINT('',#11640);
#11640 = CARTESIAN_POINT('',(77.62,-57.51,0.));
#11641 = CIRCLE('',#11642,0.51);
#11642 = AXIS2_PLACEMENT_3D('',#11643,#11644,#11645);
#11643 = CARTESIAN_POINT('',(77.62,-57.,0.));
#11644 = DIRECTION('',(-0.,0.,-1.));
#11645 = DIRECTION('',(-0.,-1.,0.));
#11646 = FACE_BOUND('',#11647,.F.);
#11647 = EDGE_LOOP('',(#11648));
#11648 = ORIENTED_EDGE('',*,*,#11649,.T.);
#11649 = EDGE_CURVE('',#11650,#11650,#11652,.T.);
#11650 = VERTEX_POINT('',#11651);
#11651 = CARTESIAN_POINT('',(86.,-57.51,0.));
#11652 = CIRCLE('',#11653,0.51);
#11653 = AXIS2_PLACEMENT_3D('',#11654,#11655,#11656);
#11654 = CARTESIAN_POINT('',(86.,-57.,0.));
#11655 = DIRECTION('',(-0.,0.,-1.));
#11656 = DIRECTION('',(-0.,-1.,0.));
#11657 = FACE_BOUND('',#11658,.F.);
#11658 = EDGE_LOOP('',(#11659));
#11659 = ORIENTED_EDGE('',*,*,#11660,.T.);
#11660 = EDGE_CURVE('',#11661,#11661,#11663,.T.);
#11661 = VERTEX_POINT('',#11662);
#11662 = CARTESIAN_POINT('',(88.54,-57.51,0.));
#11663 = CIRCLE('',#11664,0.51);
#11664 = AXIS2_PLACEMENT_3D('',#11665,#11666,#11667);
#11665 = CARTESIAN_POINT('',(88.54,-57.,0.));
#11666 = DIRECTION('',(-0.,0.,-1.));
#11667 = DIRECTION('',(2.78644210102E-14,-1.,-0.));
#11668 = FACE_BOUND('',#11669,.F.);
#11669 = EDGE_LOOP('',(#11670));
#11670 = ORIENTED_EDGE('',*,*,#11671,.T.);
#11671 = EDGE_CURVE('',#11672,#11672,#11674,.T.);
#11672 = VERTEX_POINT('',#11673);
#11673 = CARTESIAN_POINT('',(91.08,-57.51,0.));
#11674 = CIRCLE('',#11675,0.51);
#11675 = AXIS2_PLACEMENT_3D('',#11676,#11677,#11678);
#11676 = CARTESIAN_POINT('',(91.08,-57.,0.));
#11677 = DIRECTION('',(-0.,0.,-1.));
#11678 = DIRECTION('',(-0.,-1.,0.));
#11679 = FACE_BOUND('',#11680,.F.);
#11680 = EDGE_LOOP('',(#11681));
#11681 = ORIENTED_EDGE('',*,*,#11682,.T.);
#11682 = EDGE_CURVE('',#11683,#11683,#11685,.T.);
#11683 = VERTEX_POINT('',#11684);
#11684 = CARTESIAN_POINT('',(91.08,-55.39,0.));
#11685 = CIRCLE('',#11686,0.55);
#11686 = AXIS2_PLACEMENT_3D('',#11687,#11688,#11689);
#11687 = CARTESIAN_POINT('',(91.08,-54.84,0.));
#11688 = DIRECTION('',(-0.,0.,-1.));
#11689 = DIRECTION('',(-0.,-1.,0.));
#11690 = FACE_BOUND('',#11691,.F.);
#11691 = EDGE_LOOP('',(#11692));
#11692 = ORIENTED_EDGE('',*,*,#11693,.T.);
#11693 = EDGE_CURVE('',#11694,#11694,#11696,.T.);
#11694 = VERTEX_POINT('',#11695);
#11695 = CARTESIAN_POINT('',(93.62,-57.51,0.));
#11696 = CIRCLE('',#11697,0.51);
#11697 = AXIS2_PLACEMENT_3D('',#11698,#11699,#11700);
#11698 = CARTESIAN_POINT('',(93.62,-57.,0.));
#11699 = DIRECTION('',(-0.,0.,-1.));
#11700 = DIRECTION('',(-0.,-1.,0.));
#11701 = FACE_BOUND('',#11702,.F.);
#11702 = EDGE_LOOP('',(#11703,#11714,#11722,#11731));
#11703 = ORIENTED_EDGE('',*,*,#11704,.T.);
#11704 = EDGE_CURVE('',#11705,#11707,#11709,.T.);
#11705 = VERTEX_POINT('',#11706);
#11706 = CARTESIAN_POINT('',(115.259886,-59.180059,0.));
#11707 = VERTEX_POINT('',#11708);
#11708 = CARTESIAN_POINT('',(115.259886,-59.780059,0.));
#11709 = CIRCLE('',#11710,0.3);
#11710 = AXIS2_PLACEMENT_3D('',#11711,#11712,#11713);
#11711 = CARTESIAN_POINT('',(115.259886,-59.480059,0.));
#11712 = DIRECTION('',(-0.,0.,-1.));
#11713 = DIRECTION('',(-4.736951571734E-14,-1.,0.));
#11714 = ORIENTED_EDGE('',*,*,#11715,.T.);
#11715 = EDGE_CURVE('',#11707,#11716,#11718,.T.);
#11716 = VERTEX_POINT('',#11717);
#11717 = CARTESIAN_POINT('',(114.15986,-59.780059,0.));
#11718 = LINE('',#11719,#11720);
#11719 = CARTESIAN_POINT('',(57.07993,-59.780059,0.));
#11720 = VECTOR('',#11721,1.);
#11721 = DIRECTION('',(-1.,0.,0.));
#11722 = ORIENTED_EDGE('',*,*,#11723,.T.);
#11723 = EDGE_CURVE('',#11716,#11724,#11726,.T.);
#11724 = VERTEX_POINT('',#11725);
#11725 = CARTESIAN_POINT('',(114.15986,-59.180059,0.));
#11726 = CIRCLE('',#11727,0.3);
#11727 = AXIS2_PLACEMENT_3D('',#11728,#11729,#11730);
#11728 = CARTESIAN_POINT('',(114.15986,-59.480059,0.));
#11729 = DIRECTION('',(-0.,0.,-1.));
#11730 = DIRECTION('',(-4.736951571734E-14,1.,0.));
#11731 = ORIENTED_EDGE('',*,*,#11732,.T.);
#11732 = EDGE_CURVE('',#11724,#11705,#11733,.T.);
#11733 = LINE('',#11734,#11735);
#11734 = CARTESIAN_POINT('',(57.629943,-59.180059,0.));
#11735 = VECTOR('',#11736,1.);
#11736 = DIRECTION('',(1.,0.,-0.));
#11737 = FACE_BOUND('',#11738,.F.);
#11738 = EDGE_LOOP('',(#11739,#11750,#11758,#11767));
#11739 = ORIENTED_EDGE('',*,*,#11740,.T.);
#11740 = EDGE_CURVE('',#11741,#11743,#11745,.T.);
#11741 = VERTEX_POINT('',#11742);
#11742 = CARTESIAN_POINT('',(119.28996,-59.180059,0.));
#11743 = VERTEX_POINT('',#11744);
#11744 = CARTESIAN_POINT('',(119.28996,-59.780059,0.));
#11745 = CIRCLE('',#11746,0.3);
#11746 = AXIS2_PLACEMENT_3D('',#11747,#11748,#11749);
#11747 = CARTESIAN_POINT('',(119.28996,-59.480059,0.));
#11748 = DIRECTION('',(-0.,0.,-1.));
#11749 = DIRECTION('',(-4.736951571734E-14,-1.,0.));
#11750 = ORIENTED_EDGE('',*,*,#11751,.T.);
#11751 = EDGE_CURVE('',#11743,#11752,#11754,.T.);
#11752 = VERTEX_POINT('',#11753);
#11753 = CARTESIAN_POINT('',(118.48996,-59.780059,0.));
#11754 = LINE('',#11755,#11756);
#11755 = CARTESIAN_POINT('',(59.24498,-59.780059,0.));
#11756 = VECTOR('',#11757,1.);
#11757 = DIRECTION('',(-1.,0.,0.));
#11758 = ORIENTED_EDGE('',*,*,#11759,.T.);
#11759 = EDGE_CURVE('',#11752,#11760,#11762,.T.);
#11760 = VERTEX_POINT('',#11761);
#11761 = CARTESIAN_POINT('',(118.48996,-59.180059,0.));
#11762 = CIRCLE('',#11763,0.3);
#11763 = AXIS2_PLACEMENT_3D('',#11764,#11765,#11766);
#11764 = CARTESIAN_POINT('',(118.48996,-59.480059,0.));
#11765 = DIRECTION('',(-0.,0.,-1.));
#11766 = DIRECTION('',(0.,1.,0.));
#11767 = ORIENTED_EDGE('',*,*,#11768,.T.);
#11768 = EDGE_CURVE('',#11760,#11741,#11769,.T.);
#11769 = LINE('',#11770,#11771);
#11770 = CARTESIAN_POINT('',(59.64498,-59.180059,0.));
#11771 = VECTOR('',#11772,1.);
#11772 = DIRECTION('',(1.,0.,-0.));
#11773 = FACE_BOUND('',#11774,.F.);
#11774 = EDGE_LOOP('',(#11775));
#11775 = ORIENTED_EDGE('',*,*,#11776,.T.);
#11776 = EDGE_CURVE('',#11777,#11777,#11779,.T.);
#11777 = VERTEX_POINT('',#11778);
#11778 = CARTESIAN_POINT('',(115.21,-58.37503,0.));
#11779 = CIRCLE('',#11780,0.324994);
#11780 = AXIS2_PLACEMENT_3D('',#11781,#11782,#11783);
#11781 = CARTESIAN_POINT('',(115.21,-58.050036,0.));
#11782 = DIRECTION('',(-0.,0.,-1.));
#11783 = DIRECTION('',(-4.372651407473E-14,-1.,0.));
#11784 = FACE_BOUND('',#11785,.F.);
#11785 = EDGE_LOOP('',(#11786,#11797,#11805,#11814));
#11786 = ORIENTED_EDGE('',*,*,#11787,.T.);
#11787 = EDGE_CURVE('',#11788,#11790,#11792,.T.);
#11788 = VERTEX_POINT('',#11789);
#11789 = CARTESIAN_POINT('',(115.259873,-50.539977,0.));
#11790 = VERTEX_POINT('',#11791);
#11791 = CARTESIAN_POINT('',(115.259873,-51.139977,0.));
#11792 = CIRCLE('',#11793,0.3);
#11793 = AXIS2_PLACEMENT_3D('',#11794,#11795,#11796);
#11794 = CARTESIAN_POINT('',(115.259873,-50.839977,0.));
#11795 = DIRECTION('',(-0.,0.,-1.));
#11796 = DIRECTION('',(-0.,-1.,0.));
#11797 = ORIENTED_EDGE('',*,*,#11798,.T.);
#11798 = EDGE_CURVE('',#11790,#11799,#11801,.T.);
#11799 = VERTEX_POINT('',#11800);
#11800 = CARTESIAN_POINT('',(114.159873,-51.139977,0.));
#11801 = LINE('',#11802,#11803);
#11802 = CARTESIAN_POINT('',(57.0799365,-51.139977,0.));
#11803 = VECTOR('',#11804,1.);
#11804 = DIRECTION('',(-1.,0.,0.));
#11805 = ORIENTED_EDGE('',*,*,#11806,.T.);
#11806 = EDGE_CURVE('',#11799,#11807,#11809,.T.);
#11807 = VERTEX_POINT('',#11808);
#11808 = CARTESIAN_POINT('',(114.159873,-50.539977,0.));
#11809 = CIRCLE('',#11810,0.3);
#11810 = AXIS2_PLACEMENT_3D('',#11811,#11812,#11813);
#11811 = CARTESIAN_POINT('',(114.159873,-50.839977,0.));
#11812 = DIRECTION('',(0.,-0.,-1.));
#11813 = DIRECTION('',(4.736951571734E-14,1.,-0.));
#11814 = ORIENTED_EDGE('',*,*,#11815,.T.);
#11815 = EDGE_CURVE('',#11807,#11788,#11816,.T.);
#11816 = LINE('',#11817,#11818);
#11817 = CARTESIAN_POINT('',(57.6299365,-50.539977,0.));
#11818 = VECTOR('',#11819,1.);
#11819 = DIRECTION('',(1.,0.,-0.));
#11820 = FACE_BOUND('',#11821,.F.);
#11821 = EDGE_LOOP('',(#11822));
#11822 = ORIENTED_EDGE('',*,*,#11823,.T.);
#11823 = EDGE_CURVE('',#11824,#11824,#11826,.T.);
#11824 = VERTEX_POINT('',#11825);
#11825 = CARTESIAN_POINT('',(115.21,-52.594994,0.));
#11826 = CIRCLE('',#11827,0.324994);
#11827 = AXIS2_PLACEMENT_3D('',#11828,#11829,#11830);
#11828 = CARTESIAN_POINT('',(115.21,-52.27,0.));
#11829 = DIRECTION('',(-0.,0.,-1.));
#11830 = DIRECTION('',(-4.372651407473E-14,-1.,0.));
#11831 = FACE_BOUND('',#11832,.F.);
#11832 = EDGE_LOOP('',(#11833,#11844,#11852,#11861));
#11833 = ORIENTED_EDGE('',*,*,#11834,.T.);
#11834 = EDGE_CURVE('',#11835,#11837,#11839,.T.);
#11835 = VERTEX_POINT('',#11836);
#11836 = CARTESIAN_POINT('',(119.28996,-50.539977,0.));
#11837 = VERTEX_POINT('',#11838);
#11838 = CARTESIAN_POINT('',(119.28996,-51.139977,0.));
#11839 = CIRCLE('',#11840,0.3);
#11840 = AXIS2_PLACEMENT_3D('',#11841,#11842,#11843);
#11841 = CARTESIAN_POINT('',(119.28996,-50.839977,0.));
#11842 = DIRECTION('',(-0.,0.,-1.));
#11843 = DIRECTION('',(-4.736951571734E-14,-1.,0.));
#11844 = ORIENTED_EDGE('',*,*,#11845,.T.);
#11845 = EDGE_CURVE('',#11837,#11846,#11848,.T.);
#11846 = VERTEX_POINT('',#11847);
#11847 = CARTESIAN_POINT('',(118.48996,-51.139977,0.));
#11848 = LINE('',#11849,#11850);
#11849 = CARTESIAN_POINT('',(59.24498,-51.139977,0.));
#11850 = VECTOR('',#11851,1.);
#11851 = DIRECTION('',(-1.,0.,0.));
#11852 = ORIENTED_EDGE('',*,*,#11853,.T.);
#11853 = EDGE_CURVE('',#11846,#11854,#11856,.T.);
#11854 = VERTEX_POINT('',#11855);
#11855 = CARTESIAN_POINT('',(118.48996,-50.539977,0.));
#11856 = CIRCLE('',#11857,0.3);
#11857 = AXIS2_PLACEMENT_3D('',#11858,#11859,#11860);
#11858 = CARTESIAN_POINT('',(118.48996,-50.839977,0.));
#11859 = DIRECTION('',(-0.,0.,-1.));
#11860 = DIRECTION('',(0.,1.,0.));
#11861 = ORIENTED_EDGE('',*,*,#11862,.T.);
#11862 = EDGE_CURVE('',#11854,#11835,#11863,.T.);
#11863 = LINE('',#11864,#11865);
#11864 = CARTESIAN_POINT('',(59.64498,-50.539977,0.));
#11865 = VECTOR('',#11866,1.);
#11866 = DIRECTION('',(1.,0.,-0.));
#11867 = PLANE('',#11868);
#11868 = AXIS2_PLACEMENT_3D('',#11869,#11870,#11871);
#11869 = CARTESIAN_POINT('',(0.,0.,0.));
#11870 = DIRECTION('',(0.,0.,1.));
#11871 = DIRECTION('',(1.,0.,-0.));
#11872 = ADVANCED_FACE('',(#11873,#11884,#11895,#11906,#11917,#11928,
    #11939,#11950,#11961,#11972,#11983,#11994,#12005,#12016,#12027,
    #12038,#12049,#12060,#12071,#12082,#12093,#12104,#12115,#12126,
    #12137,#12148,#12159,#12170,#12181,#12192,#12203,#12214,#12225,
    #12236,#12247,#12258,#12269,#12280,#12291,#12302,#12313,#12324,
    #12335,#12346,#12357,#12368,#12379,#12390,#12401,#12412,#12448,
    #12484,#12495,#12531,#12542),#12578,.T.);
#11873 = FACE_BOUND('',#11874,.T.);
#11874 = EDGE_LOOP('',(#11875,#11876,#11877,#11883));
#11875 = ORIENTED_EDGE('',*,*,#11073,.F.);
#11876 = ORIENTED_EDGE('',*,*,#11113,.F.);
#11877 = ORIENTED_EDGE('',*,*,#11878,.F.);
#11878 = EDGE_CURVE('',#11136,#11106,#11879,.T.);
#11879 = LINE('',#11880,#11881);
#11880 = CARTESIAN_POINT('',(41.779056,-44.485,1.51));
#11881 = VECTOR('',#11882,1.);
#11882 = DIRECTION('',(1.,0.,0.));
#11883 = ORIENTED_EDGE('',*,*,#11135,.F.);
#11884 = FACE_BOUND('',#11885,.T.);
#11885 = EDGE_LOOP('',(#11886));
#11886 = ORIENTED_EDGE('',*,*,#11887,.T.);
#11887 = EDGE_CURVE('',#11888,#11888,#11890,.T.);
#11888 = VERTEX_POINT('',#11889);
#11889 = CARTESIAN_POINT('',(61.55,-113.51,1.51));
#11890 = CIRCLE('',#11891,0.51);
#11891 = AXIS2_PLACEMENT_3D('',#11892,#11893,#11894);
#11892 = CARTESIAN_POINT('',(61.55,-113.,1.51));
#11893 = DIRECTION('',(-0.,0.,-1.));
#11894 = DIRECTION('',(-0.,-1.,0.));
#11895 = FACE_BOUND('',#11896,.T.);
#11896 = EDGE_LOOP('',(#11897));
#11897 = ORIENTED_EDGE('',*,*,#11898,.T.);
#11898 = EDGE_CURVE('',#11899,#11899,#11901,.T.);
#11899 = VERTEX_POINT('',#11900);
#11900 = CARTESIAN_POINT('',(64.09,-113.51,1.51));
#11901 = CIRCLE('',#11902,0.51);
#11902 = AXIS2_PLACEMENT_3D('',#11903,#11904,#11905);
#11903 = CARTESIAN_POINT('',(64.09,-113.,1.51));
#11904 = DIRECTION('',(-0.,0.,-1.));
#11905 = DIRECTION('',(-0.,-1.,0.));
#11906 = FACE_BOUND('',#11907,.T.);
#11907 = EDGE_LOOP('',(#11908));
#11908 = ORIENTED_EDGE('',*,*,#11909,.T.);
#11909 = EDGE_CURVE('',#11910,#11910,#11912,.T.);
#11910 = VERTEX_POINT('',#11911);
#11911 = CARTESIAN_POINT('',(66.63,-113.51,1.51));
#11912 = CIRCLE('',#11913,0.51);
#11913 = AXIS2_PLACEMENT_3D('',#11914,#11915,#11916);
#11914 = CARTESIAN_POINT('',(66.63,-113.,1.51));
#11915 = DIRECTION('',(-0.,0.,-1.));
#11916 = DIRECTION('',(-0.,-1.,0.));
#11917 = FACE_BOUND('',#11918,.T.);
#11918 = EDGE_LOOP('',(#11919));
#11919 = ORIENTED_EDGE('',*,*,#11920,.T.);
#11920 = EDGE_CURVE('',#11921,#11921,#11923,.T.);
#11921 = VERTEX_POINT('',#11922);
#11922 = CARTESIAN_POINT('',(66.63,-111.39,1.51));
#11923 = CIRCLE('',#11924,0.55);
#11924 = AXIS2_PLACEMENT_3D('',#11925,#11926,#11927);
#11925 = CARTESIAN_POINT('',(66.63,-110.84,1.51));
#11926 = DIRECTION('',(-0.,0.,-1.));
#11927 = DIRECTION('',(-0.,-1.,0.));
#11928 = FACE_BOUND('',#11929,.T.);
#11929 = EDGE_LOOP('',(#11930));
#11930 = ORIENTED_EDGE('',*,*,#11931,.T.);
#11931 = EDGE_CURVE('',#11932,#11932,#11934,.T.);
#11932 = VERTEX_POINT('',#11933);
#11933 = CARTESIAN_POINT('',(69.17,-113.51,1.51));
#11934 = CIRCLE('',#11935,0.51);
#11935 = AXIS2_PLACEMENT_3D('',#11936,#11937,#11938);
#11936 = CARTESIAN_POINT('',(69.17,-113.,1.51));
#11937 = DIRECTION('',(-0.,0.,-1.));
#11938 = DIRECTION('',(-0.,-1.,0.));
#11939 = FACE_BOUND('',#11940,.T.);
#11940 = EDGE_LOOP('',(#11941));
#11941 = ORIENTED_EDGE('',*,*,#11942,.T.);
#11942 = EDGE_CURVE('',#11943,#11943,#11945,.T.);
#11943 = VERTEX_POINT('',#11944);
#11944 = CARTESIAN_POINT('',(76.55,-113.51,1.51));
#11945 = CIRCLE('',#11946,0.51);
#11946 = AXIS2_PLACEMENT_3D('',#11947,#11948,#11949);
#11947 = CARTESIAN_POINT('',(76.55,-113.,1.51));
#11948 = DIRECTION('',(-0.,0.,-1.));
#11949 = DIRECTION('',(-2.78644210102E-14,-1.,0.));
#11950 = FACE_BOUND('',#11951,.T.);
#11951 = EDGE_LOOP('',(#11952));
#11952 = ORIENTED_EDGE('',*,*,#11953,.T.);
#11953 = EDGE_CURVE('',#11954,#11954,#11956,.T.);
#11954 = VERTEX_POINT('',#11955);
#11955 = CARTESIAN_POINT('',(79.09,-113.51,1.51));
#11956 = CIRCLE('',#11957,0.51);
#11957 = AXIS2_PLACEMENT_3D('',#11958,#11959,#11960);
#11958 = CARTESIAN_POINT('',(79.09,-113.,1.51));
#11959 = DIRECTION('',(-0.,0.,-1.));
#11960 = DIRECTION('',(-0.,-1.,0.));
#11961 = FACE_BOUND('',#11962,.T.);
#11962 = EDGE_LOOP('',(#11963));
#11963 = ORIENTED_EDGE('',*,*,#11964,.T.);
#11964 = EDGE_CURVE('',#11965,#11965,#11967,.T.);
#11965 = VERTEX_POINT('',#11966);
#11966 = CARTESIAN_POINT('',(81.63,-113.51,1.51));
#11967 = CIRCLE('',#11968,0.51);
#11968 = AXIS2_PLACEMENT_3D('',#11969,#11970,#11971);
#11969 = CARTESIAN_POINT('',(81.63,-113.,1.51));
#11970 = DIRECTION('',(-0.,0.,-1.));
#11971 = DIRECTION('',(-0.,-1.,0.));
#11972 = FACE_BOUND('',#11973,.T.);
#11973 = EDGE_LOOP('',(#11974));
#11974 = ORIENTED_EDGE('',*,*,#11975,.T.);
#11975 = EDGE_CURVE('',#11976,#11976,#11978,.T.);
#11976 = VERTEX_POINT('',#11977);
#11977 = CARTESIAN_POINT('',(84.17,-113.51,1.51));
#11978 = CIRCLE('',#11979,0.51);
#11979 = AXIS2_PLACEMENT_3D('',#11980,#11981,#11982);
#11980 = CARTESIAN_POINT('',(84.17,-113.,1.51));
#11981 = DIRECTION('',(-0.,0.,-1.));
#11982 = DIRECTION('',(-0.,-1.,0.));
#11983 = FACE_BOUND('',#11984,.T.);
#11984 = EDGE_LOOP('',(#11985));
#11985 = ORIENTED_EDGE('',*,*,#11986,.T.);
#11986 = EDGE_CURVE('',#11987,#11987,#11989,.T.);
#11987 = VERTEX_POINT('',#11988);
#11988 = CARTESIAN_POINT('',(81.63,-111.39,1.51));
#11989 = CIRCLE('',#11990,0.55);
#11990 = AXIS2_PLACEMENT_3D('',#11991,#11992,#11993);
#11991 = CARTESIAN_POINT('',(81.63,-110.84,1.51));
#11992 = DIRECTION('',(-0.,0.,-1.));
#11993 = DIRECTION('',(-0.,-1.,0.));
#11994 = FACE_BOUND('',#11995,.T.);
#11995 = EDGE_LOOP('',(#11996));
#11996 = ORIENTED_EDGE('',*,*,#11997,.T.);
#11997 = EDGE_CURVE('',#11998,#11998,#12000,.T.);
#11998 = VERTEX_POINT('',#11999);
#11999 = CARTESIAN_POINT('',(49.74,-94.45,1.51));
#12000 = CIRCLE('',#12001,0.5);
#12001 = AXIS2_PLACEMENT_3D('',#12002,#12003,#12004);
#12002 = CARTESIAN_POINT('',(49.74,-93.95,1.51));
#12003 = DIRECTION('',(-0.,0.,-1.));
#12004 = DIRECTION('',(-0.,-1.,0.));
#12005 = FACE_BOUND('',#12006,.T.);
#12006 = EDGE_LOOP('',(#12007));
#12007 = ORIENTED_EDGE('',*,*,#12008,.T.);
#12008 = EDGE_CURVE('',#12009,#12009,#12011,.T.);
#12009 = VERTEX_POINT('',#12010);
#12010 = CARTESIAN_POINT('',(49.74,-91.91,1.51));
#12011 = CIRCLE('',#12012,0.5);
#12012 = AXIS2_PLACEMENT_3D('',#12013,#12014,#12015);
#12013 = CARTESIAN_POINT('',(49.74,-91.41,1.51));
#12014 = DIRECTION('',(-0.,0.,-1.));
#12015 = DIRECTION('',(-0.,-1.,0.));
#12016 = FACE_BOUND('',#12017,.T.);
#12017 = EDGE_LOOP('',(#12018));
#12018 = ORIENTED_EDGE('',*,*,#12019,.T.);
#12019 = EDGE_CURVE('',#12020,#12020,#12022,.T.);
#12020 = VERTEX_POINT('',#12021);
#12021 = CARTESIAN_POINT('',(64.98,-94.45,1.51));
#12022 = CIRCLE('',#12023,0.5);
#12023 = AXIS2_PLACEMENT_3D('',#12024,#12025,#12026);
#12024 = CARTESIAN_POINT('',(64.98,-93.95,1.51));
#12025 = DIRECTION('',(-0.,0.,-1.));
#12026 = DIRECTION('',(-0.,-1.,0.));
#12027 = FACE_BOUND('',#12028,.T.);
#12028 = EDGE_LOOP('',(#12029));
#12029 = ORIENTED_EDGE('',*,*,#12030,.T.);
#12030 = EDGE_CURVE('',#12031,#12031,#12033,.T.);
#12031 = VERTEX_POINT('',#12032);
#12032 = CARTESIAN_POINT('',(64.98,-91.91,1.51));
#12033 = CIRCLE('',#12034,0.5);
#12034 = AXIS2_PLACEMENT_3D('',#12035,#12036,#12037);
#12035 = CARTESIAN_POINT('',(64.98,-91.41,1.51));
#12036 = DIRECTION('',(-0.,0.,-1.));
#12037 = DIRECTION('',(-0.,-1.,0.));
#12038 = FACE_BOUND('',#12039,.T.);
#12039 = EDGE_LOOP('',(#12040));
#12040 = ORIENTED_EDGE('',*,*,#12041,.T.);
#12041 = EDGE_CURVE('',#12042,#12042,#12044,.T.);
#12042 = VERTEX_POINT('',#12043);
#12043 = CARTESIAN_POINT('',(49.74,-89.37,1.51));
#12044 = CIRCLE('',#12045,0.5);
#12045 = AXIS2_PLACEMENT_3D('',#12046,#12047,#12048);
#12046 = CARTESIAN_POINT('',(49.74,-88.87,1.51));
#12047 = DIRECTION('',(-0.,0.,-1.));
#12048 = DIRECTION('',(-0.,-1.,0.));
#12049 = FACE_BOUND('',#12050,.T.);
#12050 = EDGE_LOOP('',(#12051));
#12051 = ORIENTED_EDGE('',*,*,#12052,.T.);
#12052 = EDGE_CURVE('',#12053,#12053,#12055,.T.);
#12053 = VERTEX_POINT('',#12054);
#12054 = CARTESIAN_POINT('',(49.74,-86.83,1.51));
#12055 = CIRCLE('',#12056,0.5);
#12056 = AXIS2_PLACEMENT_3D('',#12057,#12058,#12059);
#12057 = CARTESIAN_POINT('',(49.74,-86.33,1.51));
#12058 = DIRECTION('',(-0.,0.,-1.));
#12059 = DIRECTION('',(-0.,-1.,0.));
#12060 = FACE_BOUND('',#12061,.T.);
#12061 = EDGE_LOOP('',(#12062));
#12062 = ORIENTED_EDGE('',*,*,#12063,.T.);
#12063 = EDGE_CURVE('',#12064,#12064,#12066,.T.);
#12064 = VERTEX_POINT('',#12065);
#12065 = CARTESIAN_POINT('',(49.74,-84.29,1.51));
#12066 = CIRCLE('',#12067,0.5);
#12067 = AXIS2_PLACEMENT_3D('',#12068,#12069,#12070);
#12068 = CARTESIAN_POINT('',(49.74,-83.79,1.51));
#12069 = DIRECTION('',(-0.,0.,-1.));
#12070 = DIRECTION('',(-0.,-1.,0.));
#12071 = FACE_BOUND('',#12072,.T.);
#12072 = EDGE_LOOP('',(#12073));
#12073 = ORIENTED_EDGE('',*,*,#12074,.T.);
#12074 = EDGE_CURVE('',#12075,#12075,#12077,.T.);
#12075 = VERTEX_POINT('',#12076);
#12076 = CARTESIAN_POINT('',(64.98,-89.37,1.51));
#12077 = CIRCLE('',#12078,0.5);
#12078 = AXIS2_PLACEMENT_3D('',#12079,#12080,#12081);
#12079 = CARTESIAN_POINT('',(64.98,-88.87,1.51));
#12080 = DIRECTION('',(-0.,0.,-1.));
#12081 = DIRECTION('',(-0.,-1.,0.));
#12082 = FACE_BOUND('',#12083,.T.);
#12083 = EDGE_LOOP('',(#12084));
#12084 = ORIENTED_EDGE('',*,*,#12085,.T.);
#12085 = EDGE_CURVE('',#12086,#12086,#12088,.T.);
#12086 = VERTEX_POINT('',#12087);
#12087 = CARTESIAN_POINT('',(64.98,-86.83,1.51));
#12088 = CIRCLE('',#12089,0.5);
#12089 = AXIS2_PLACEMENT_3D('',#12090,#12091,#12092);
#12090 = CARTESIAN_POINT('',(64.98,-86.33,1.51));
#12091 = DIRECTION('',(-0.,0.,-1.));
#12092 = DIRECTION('',(-0.,-1.,0.));
#12093 = FACE_BOUND('',#12094,.T.);
#12094 = EDGE_LOOP('',(#12095));
#12095 = ORIENTED_EDGE('',*,*,#12096,.T.);
#12096 = EDGE_CURVE('',#12097,#12097,#12099,.T.);
#12097 = VERTEX_POINT('',#12098);
#12098 = CARTESIAN_POINT('',(64.98,-84.29,1.51));
#12099 = CIRCLE('',#12100,0.5);
#12100 = AXIS2_PLACEMENT_3D('',#12101,#12102,#12103);
#12101 = CARTESIAN_POINT('',(64.98,-83.79,1.51));
#12102 = DIRECTION('',(-0.,0.,-1.));
#12103 = DIRECTION('',(-0.,-1.,0.));
#12104 = FACE_BOUND('',#12105,.T.);
#12105 = EDGE_LOOP('',(#12106));
#12106 = ORIENTED_EDGE('',*,*,#12107,.T.);
#12107 = EDGE_CURVE('',#12108,#12108,#12110,.T.);
#12108 = VERTEX_POINT('',#12109);
#12109 = CARTESIAN_POINT('',(81.55,-91.6,1.51));
#12110 = CIRCLE('',#12111,0.5);
#12111 = AXIS2_PLACEMENT_3D('',#12112,#12113,#12114);
#12112 = CARTESIAN_POINT('',(81.55,-91.1,1.51));
#12113 = DIRECTION('',(-0.,0.,-1.));
#12114 = DIRECTION('',(-0.,-1.,0.));
#12115 = FACE_BOUND('',#12116,.T.);
#12116 = EDGE_LOOP('',(#12117));
#12117 = ORIENTED_EDGE('',*,*,#12118,.T.);
#12118 = EDGE_CURVE('',#12119,#12119,#12121,.T.);
#12119 = VERTEX_POINT('',#12120);
#12120 = CARTESIAN_POINT('',(81.55,-89.06,1.51));
#12121 = CIRCLE('',#12122,0.5);
#12122 = AXIS2_PLACEMENT_3D('',#12123,#12124,#12125);
#12123 = CARTESIAN_POINT('',(81.55,-88.56,1.51));
#12124 = DIRECTION('',(-0.,0.,-1.));
#12125 = DIRECTION('',(-0.,-1.,0.));
#12126 = FACE_BOUND('',#12127,.T.);
#12127 = EDGE_LOOP('',(#12128));
#12128 = ORIENTED_EDGE('',*,*,#12129,.T.);
#12129 = EDGE_CURVE('',#12130,#12130,#12132,.T.);
#12130 = VERTEX_POINT('',#12131);
#12131 = CARTESIAN_POINT('',(81.55,-86.52,1.51));
#12132 = CIRCLE('',#12133,0.5);
#12133 = AXIS2_PLACEMENT_3D('',#12134,#12135,#12136);
#12134 = CARTESIAN_POINT('',(81.55,-86.02,1.51));
#12135 = DIRECTION('',(-0.,0.,-1.));
#12136 = DIRECTION('',(-0.,-1.,0.));
#12137 = FACE_BOUND('',#12138,.T.);
#12138 = EDGE_LOOP('',(#12139));
#12139 = ORIENTED_EDGE('',*,*,#12140,.T.);
#12140 = EDGE_CURVE('',#12141,#12141,#12143,.T.);
#12141 = VERTEX_POINT('',#12142);
#12142 = CARTESIAN_POINT('',(81.55,-83.98,1.51));
#12143 = CIRCLE('',#12144,0.5);
#12144 = AXIS2_PLACEMENT_3D('',#12145,#12146,#12147);
#12145 = CARTESIAN_POINT('',(81.55,-83.48,1.51));
#12146 = DIRECTION('',(-0.,0.,-1.));
#12147 = DIRECTION('',(-0.,-1.,0.));
#12148 = FACE_BOUND('',#12149,.T.);
#12149 = EDGE_LOOP('',(#12150));
#12150 = ORIENTED_EDGE('',*,*,#12151,.T.);
#12151 = EDGE_CURVE('',#12152,#12152,#12154,.T.);
#12152 = VERTEX_POINT('',#12153);
#12153 = CARTESIAN_POINT('',(91.55,-113.51,1.51));
#12154 = CIRCLE('',#12155,0.51);
#12155 = AXIS2_PLACEMENT_3D('',#12156,#12157,#12158);
#12156 = CARTESIAN_POINT('',(91.55,-113.,1.51));
#12157 = DIRECTION('',(-0.,0.,-1.));
#12158 = DIRECTION('',(-2.78644210102E-14,-1.,0.));
#12159 = FACE_BOUND('',#12160,.T.);
#12160 = EDGE_LOOP('',(#12161));
#12161 = ORIENTED_EDGE('',*,*,#12162,.T.);
#12162 = EDGE_CURVE('',#12163,#12163,#12165,.T.);
#12163 = VERTEX_POINT('',#12164);
#12164 = CARTESIAN_POINT('',(94.09,-113.51,1.51));
#12165 = CIRCLE('',#12166,0.51);
#12166 = AXIS2_PLACEMENT_3D('',#12167,#12168,#12169);
#12167 = CARTESIAN_POINT('',(94.09,-113.,1.51));
#12168 = DIRECTION('',(-0.,0.,-1.));
#12169 = DIRECTION('',(-0.,-1.,0.));
#12170 = FACE_BOUND('',#12171,.T.);
#12171 = EDGE_LOOP('',(#12172));
#12172 = ORIENTED_EDGE('',*,*,#12173,.T.);
#12173 = EDGE_CURVE('',#12174,#12174,#12176,.T.);
#12174 = VERTEX_POINT('',#12175);
#12175 = CARTESIAN_POINT('',(96.63,-113.51,1.51));
#12176 = CIRCLE('',#12177,0.51);
#12177 = AXIS2_PLACEMENT_3D('',#12178,#12179,#12180);
#12178 = CARTESIAN_POINT('',(96.63,-113.,1.51));
#12179 = DIRECTION('',(-0.,0.,-1.));
#12180 = DIRECTION('',(-0.,-1.,0.));
#12181 = FACE_BOUND('',#12182,.T.);
#12182 = EDGE_LOOP('',(#12183));
#12183 = ORIENTED_EDGE('',*,*,#12184,.T.);
#12184 = EDGE_CURVE('',#12185,#12185,#12187,.T.);
#12185 = VERTEX_POINT('',#12186);
#12186 = CARTESIAN_POINT('',(96.63,-111.39,1.51));
#12187 = CIRCLE('',#12188,0.55);
#12188 = AXIS2_PLACEMENT_3D('',#12189,#12190,#12191);
#12189 = CARTESIAN_POINT('',(96.63,-110.84,1.51));
#12190 = DIRECTION('',(-0.,0.,-1.));
#12191 = DIRECTION('',(-0.,-1.,0.));
#12192 = FACE_BOUND('',#12193,.T.);
#12193 = EDGE_LOOP('',(#12194));
#12194 = ORIENTED_EDGE('',*,*,#12195,.T.);
#12195 = EDGE_CURVE('',#12196,#12196,#12198,.T.);
#12196 = VERTEX_POINT('',#12197);
#12197 = CARTESIAN_POINT('',(99.17,-113.51,1.51));
#12198 = CIRCLE('',#12199,0.51);
#12199 = AXIS2_PLACEMENT_3D('',#12200,#12201,#12202);
#12200 = CARTESIAN_POINT('',(99.17,-113.,1.51));
#12201 = DIRECTION('',(-0.,0.,-1.));
#12202 = DIRECTION('',(-0.,-1.,0.));
#12203 = FACE_BOUND('',#12204,.T.);
#12204 = EDGE_LOOP('',(#12205));
#12205 = ORIENTED_EDGE('',*,*,#12206,.T.);
#12206 = EDGE_CURVE('',#12207,#12207,#12209,.T.);
#12207 = VERTEX_POINT('',#12208);
#12208 = CARTESIAN_POINT('',(111.48,-88.905,1.51));
#12209 = CIRCLE('',#12210,0.5);
#12210 = AXIS2_PLACEMENT_3D('',#12211,#12212,#12213);
#12211 = CARTESIAN_POINT('',(111.48,-88.405,1.51));
#12212 = DIRECTION('',(-0.,0.,-1.));
#12213 = DIRECTION('',(-0.,-1.,0.));
#12214 = FACE_BOUND('',#12215,.T.);
#12215 = EDGE_LOOP('',(#12216));
#12216 = ORIENTED_EDGE('',*,*,#12217,.T.);
#12217 = EDGE_CURVE('',#12218,#12218,#12220,.T.);
#12218 = VERTEX_POINT('',#12219);
#12219 = CARTESIAN_POINT('',(111.48,-86.365,1.51));
#12220 = CIRCLE('',#12221,0.5);
#12221 = AXIS2_PLACEMENT_3D('',#12222,#12223,#12224);
#12222 = CARTESIAN_POINT('',(111.48,-85.865,1.51));
#12223 = DIRECTION('',(-0.,0.,-1.));
#12224 = DIRECTION('',(-0.,-1.,0.));
#12225 = FACE_BOUND('',#12226,.T.);
#12226 = EDGE_LOOP('',(#12227));
#12227 = ORIENTED_EDGE('',*,*,#12228,.T.);
#12228 = EDGE_CURVE('',#12229,#12229,#12231,.T.);
#12229 = VERTEX_POINT('',#12230);
#12230 = CARTESIAN_POINT('',(49.74,-81.75,1.51));
#12231 = CIRCLE('',#12232,0.5);
#12232 = AXIS2_PLACEMENT_3D('',#12233,#12234,#12235);
#12233 = CARTESIAN_POINT('',(49.74,-81.25,1.51));
#12234 = DIRECTION('',(-0.,0.,-1.));
#12235 = DIRECTION('',(-0.,-1.,0.));
#12236 = FACE_BOUND('',#12237,.T.);
#12237 = EDGE_LOOP('',(#12238));
#12238 = ORIENTED_EDGE('',*,*,#12239,.T.);
#12239 = EDGE_CURVE('',#12240,#12240,#12242,.T.);
#12240 = VERTEX_POINT('',#12241);
#12241 = CARTESIAN_POINT('',(49.74,-79.21,1.51));
#12242 = CIRCLE('',#12243,0.5);
#12243 = AXIS2_PLACEMENT_3D('',#12244,#12245,#12246);
#12244 = CARTESIAN_POINT('',(49.74,-78.71,1.51));
#12245 = DIRECTION('',(-0.,0.,-1.));
#12246 = DIRECTION('',(-0.,-1.,0.));
#12247 = FACE_BOUND('',#12248,.T.);
#12248 = EDGE_LOOP('',(#12249));
#12249 = ORIENTED_EDGE('',*,*,#12250,.T.);
#12250 = EDGE_CURVE('',#12251,#12251,#12253,.T.);
#12251 = VERTEX_POINT('',#12252);
#12252 = CARTESIAN_POINT('',(49.74,-76.67,1.51));
#12253 = CIRCLE('',#12254,0.5);
#12254 = AXIS2_PLACEMENT_3D('',#12255,#12256,#12257);
#12255 = CARTESIAN_POINT('',(49.74,-76.17,1.51));
#12256 = DIRECTION('',(-0.,0.,-1.));
#12257 = DIRECTION('',(-0.,-1.,0.));
#12258 = FACE_BOUND('',#12259,.T.);
#12259 = EDGE_LOOP('',(#12260));
#12260 = ORIENTED_EDGE('',*,*,#12261,.T.);
#12261 = EDGE_CURVE('',#12262,#12262,#12264,.T.);
#12262 = VERTEX_POINT('',#12263);
#12263 = CARTESIAN_POINT('',(64.98,-81.75,1.51));
#12264 = CIRCLE('',#12265,0.5);
#12265 = AXIS2_PLACEMENT_3D('',#12266,#12267,#12268);
#12266 = CARTESIAN_POINT('',(64.98,-81.25,1.51));
#12267 = DIRECTION('',(-0.,0.,-1.));
#12268 = DIRECTION('',(-0.,-1.,0.));
#12269 = FACE_BOUND('',#12270,.T.);
#12270 = EDGE_LOOP('',(#12271));
#12271 = ORIENTED_EDGE('',*,*,#12272,.T.);
#12272 = EDGE_CURVE('',#12273,#12273,#12275,.T.);
#12273 = VERTEX_POINT('',#12274);
#12274 = CARTESIAN_POINT('',(64.98,-79.21,1.51));
#12275 = CIRCLE('',#12276,0.5);
#12276 = AXIS2_PLACEMENT_3D('',#12277,#12278,#12279);
#12277 = CARTESIAN_POINT('',(64.98,-78.71,1.51));
#12278 = DIRECTION('',(-0.,0.,-1.));
#12279 = DIRECTION('',(-0.,-1.,0.));
#12280 = FACE_BOUND('',#12281,.T.);
#12281 = EDGE_LOOP('',(#12282));
#12282 = ORIENTED_EDGE('',*,*,#12283,.T.);
#12283 = EDGE_CURVE('',#12284,#12284,#12286,.T.);
#12284 = VERTEX_POINT('',#12285);
#12285 = CARTESIAN_POINT('',(64.98,-76.67,1.51));
#12286 = CIRCLE('',#12287,0.5);
#12287 = AXIS2_PLACEMENT_3D('',#12288,#12289,#12290);
#12288 = CARTESIAN_POINT('',(64.98,-76.17,1.51));
#12289 = DIRECTION('',(-0.,0.,-1.));
#12290 = DIRECTION('',(-0.,-1.,0.));
#12291 = FACE_BOUND('',#12292,.T.);
#12292 = EDGE_LOOP('',(#12293));
#12293 = ORIENTED_EDGE('',*,*,#12294,.T.);
#12294 = EDGE_CURVE('',#12295,#12295,#12297,.T.);
#12295 = VERTEX_POINT('',#12296);
#12296 = CARTESIAN_POINT('',(81.55,-81.44,1.51));
#12297 = CIRCLE('',#12298,0.5);
#12298 = AXIS2_PLACEMENT_3D('',#12299,#12300,#12301);
#12299 = CARTESIAN_POINT('',(81.55,-80.94,1.51));
#12300 = DIRECTION('',(-0.,0.,-1.));
#12301 = DIRECTION('',(-0.,-1.,0.));
#12302 = FACE_BOUND('',#12303,.T.);
#12303 = EDGE_LOOP('',(#12304));
#12304 = ORIENTED_EDGE('',*,*,#12305,.T.);
#12305 = EDGE_CURVE('',#12306,#12306,#12308,.T.);
#12306 = VERTEX_POINT('',#12307);
#12307 = CARTESIAN_POINT('',(70.,-57.51,1.51));
#12308 = CIRCLE('',#12309,0.51);
#12309 = AXIS2_PLACEMENT_3D('',#12310,#12311,#12312);
#12310 = CARTESIAN_POINT('',(70.,-57.,1.51));
#12311 = DIRECTION('',(-0.,0.,-1.));
#12312 = DIRECTION('',(-0.,-1.,0.));
#12313 = FACE_BOUND('',#12314,.T.);
#12314 = EDGE_LOOP('',(#12315));
#12315 = ORIENTED_EDGE('',*,*,#12316,.T.);
#12316 = EDGE_CURVE('',#12317,#12317,#12319,.T.);
#12317 = VERTEX_POINT('',#12318);
#12318 = CARTESIAN_POINT('',(72.54,-57.51,1.51));
#12319 = CIRCLE('',#12320,0.51);
#12320 = AXIS2_PLACEMENT_3D('',#12321,#12322,#12323);
#12321 = CARTESIAN_POINT('',(72.54,-57.,1.51));
#12322 = DIRECTION('',(-0.,0.,-1.));
#12323 = DIRECTION('',(2.78644210102E-14,-1.,-0.));
#12324 = FACE_BOUND('',#12325,.T.);
#12325 = EDGE_LOOP('',(#12326));
#12326 = ORIENTED_EDGE('',*,*,#12327,.T.);
#12327 = EDGE_CURVE('',#12328,#12328,#12330,.T.);
#12328 = VERTEX_POINT('',#12329);
#12329 = CARTESIAN_POINT('',(75.08,-57.51,1.51));
#12330 = CIRCLE('',#12331,0.51);
#12331 = AXIS2_PLACEMENT_3D('',#12332,#12333,#12334);
#12332 = CARTESIAN_POINT('',(75.08,-57.,1.51));
#12333 = DIRECTION('',(-0.,0.,-1.));
#12334 = DIRECTION('',(-0.,-1.,0.));
#12335 = FACE_BOUND('',#12336,.T.);
#12336 = EDGE_LOOP('',(#12337));
#12337 = ORIENTED_EDGE('',*,*,#12338,.T.);
#12338 = EDGE_CURVE('',#12339,#12339,#12341,.T.);
#12339 = VERTEX_POINT('',#12340);
#12340 = CARTESIAN_POINT('',(75.08,-55.39,1.51));
#12341 = CIRCLE('',#12342,0.55);
#12342 = AXIS2_PLACEMENT_3D('',#12343,#12344,#12345);
#12343 = CARTESIAN_POINT('',(75.08,-54.84,1.51));
#12344 = DIRECTION('',(-0.,0.,-1.));
#12345 = DIRECTION('',(-0.,-1.,0.));
#12346 = FACE_BOUND('',#12347,.T.);
#12347 = EDGE_LOOP('',(#12348));
#12348 = ORIENTED_EDGE('',*,*,#12349,.T.);
#12349 = EDGE_CURVE('',#12350,#12350,#12352,.T.);
#12350 = VERTEX_POINT('',#12351);
#12351 = CARTESIAN_POINT('',(77.62,-57.51,1.51));
#12352 = CIRCLE('',#12353,0.51);
#12353 = AXIS2_PLACEMENT_3D('',#12354,#12355,#12356);
#12354 = CARTESIAN_POINT('',(77.62,-57.,1.51));
#12355 = DIRECTION('',(-0.,0.,-1.));
#12356 = DIRECTION('',(-0.,-1.,0.));
#12357 = FACE_BOUND('',#12358,.T.);
#12358 = EDGE_LOOP('',(#12359));
#12359 = ORIENTED_EDGE('',*,*,#12360,.T.);
#12360 = EDGE_CURVE('',#12361,#12361,#12363,.T.);
#12361 = VERTEX_POINT('',#12362);
#12362 = CARTESIAN_POINT('',(86.,-57.51,1.51));
#12363 = CIRCLE('',#12364,0.51);
#12364 = AXIS2_PLACEMENT_3D('',#12365,#12366,#12367);
#12365 = CARTESIAN_POINT('',(86.,-57.,1.51));
#12366 = DIRECTION('',(-0.,0.,-1.));
#12367 = DIRECTION('',(-0.,-1.,0.));
#12368 = FACE_BOUND('',#12369,.T.);
#12369 = EDGE_LOOP('',(#12370));
#12370 = ORIENTED_EDGE('',*,*,#12371,.T.);
#12371 = EDGE_CURVE('',#12372,#12372,#12374,.T.);
#12372 = VERTEX_POINT('',#12373);
#12373 = CARTESIAN_POINT('',(88.54,-57.51,1.51));
#12374 = CIRCLE('',#12375,0.51);
#12375 = AXIS2_PLACEMENT_3D('',#12376,#12377,#12378);
#12376 = CARTESIAN_POINT('',(88.54,-57.,1.51));
#12377 = DIRECTION('',(-0.,0.,-1.));
#12378 = DIRECTION('',(2.78644210102E-14,-1.,-0.));
#12379 = FACE_BOUND('',#12380,.T.);
#12380 = EDGE_LOOP('',(#12381));
#12381 = ORIENTED_EDGE('',*,*,#12382,.T.);
#12382 = EDGE_CURVE('',#12383,#12383,#12385,.T.);
#12383 = VERTEX_POINT('',#12384);
#12384 = CARTESIAN_POINT('',(91.08,-57.51,1.51));
#12385 = CIRCLE('',#12386,0.51);
#12386 = AXIS2_PLACEMENT_3D('',#12387,#12388,#12389);
#12387 = CARTESIAN_POINT('',(91.08,-57.,1.51));
#12388 = DIRECTION('',(-0.,0.,-1.));
#12389 = DIRECTION('',(-0.,-1.,0.));
#12390 = FACE_BOUND('',#12391,.T.);
#12391 = EDGE_LOOP('',(#12392));
#12392 = ORIENTED_EDGE('',*,*,#12393,.T.);
#12393 = EDGE_CURVE('',#12394,#12394,#12396,.T.);
#12394 = VERTEX_POINT('',#12395);
#12395 = CARTESIAN_POINT('',(91.08,-55.39,1.51));
#12396 = CIRCLE('',#12397,0.55);
#12397 = AXIS2_PLACEMENT_3D('',#12398,#12399,#12400);
#12398 = CARTESIAN_POINT('',(91.08,-54.84,1.51));
#12399 = DIRECTION('',(-0.,0.,-1.));
#12400 = DIRECTION('',(-0.,-1.,0.));
#12401 = FACE_BOUND('',#12402,.T.);
#12402 = EDGE_LOOP('',(#12403));
#12403 = ORIENTED_EDGE('',*,*,#12404,.T.);
#12404 = EDGE_CURVE('',#12405,#12405,#12407,.T.);
#12405 = VERTEX_POINT('',#12406);
#12406 = CARTESIAN_POINT('',(93.62,-57.51,1.51));
#12407 = CIRCLE('',#12408,0.51);
#12408 = AXIS2_PLACEMENT_3D('',#12409,#12410,#12411);
#12409 = CARTESIAN_POINT('',(93.62,-57.,1.51));
#12410 = DIRECTION('',(-0.,0.,-1.));
#12411 = DIRECTION('',(-0.,-1.,0.));
#12412 = FACE_BOUND('',#12413,.T.);
#12413 = EDGE_LOOP('',(#12414,#12425,#12433,#12442));
#12414 = ORIENTED_EDGE('',*,*,#12415,.T.);
#12415 = EDGE_CURVE('',#12416,#12418,#12420,.T.);
#12416 = VERTEX_POINT('',#12417);
#12417 = CARTESIAN_POINT('',(115.259886,-59.180059,1.51));
#12418 = VERTEX_POINT('',#12419);
#12419 = CARTESIAN_POINT('',(115.259886,-59.780059,1.51));
#12420 = CIRCLE('',#12421,0.3);
#12421 = AXIS2_PLACEMENT_3D('',#12422,#12423,#12424);
#12422 = CARTESIAN_POINT('',(115.259886,-59.480059,1.51));
#12423 = DIRECTION('',(-0.,0.,-1.));
#12424 = DIRECTION('',(-4.736951571734E-14,-1.,0.));
#12425 = ORIENTED_EDGE('',*,*,#12426,.T.);
#12426 = EDGE_CURVE('',#12418,#12427,#12429,.T.);
#12427 = VERTEX_POINT('',#12428);
#12428 = CARTESIAN_POINT('',(114.15986,-59.780059,1.51));
#12429 = LINE('',#12430,#12431);
#12430 = CARTESIAN_POINT('',(57.07993,-59.780059,1.51));
#12431 = VECTOR('',#12432,1.);
#12432 = DIRECTION('',(-1.,0.,0.));
#12433 = ORIENTED_EDGE('',*,*,#12434,.T.);
#12434 = EDGE_CURVE('',#12427,#12435,#12437,.T.);
#12435 = VERTEX_POINT('',#12436);
#12436 = CARTESIAN_POINT('',(114.15986,-59.180059,1.51));
#12437 = CIRCLE('',#12438,0.3);
#12438 = AXIS2_PLACEMENT_3D('',#12439,#12440,#12441);
#12439 = CARTESIAN_POINT('',(114.15986,-59.480059,1.51));
#12440 = DIRECTION('',(-0.,0.,-1.));
#12441 = DIRECTION('',(-4.736951571734E-14,1.,0.));
#12442 = ORIENTED_EDGE('',*,*,#12443,.T.);
#12443 = EDGE_CURVE('',#12435,#12416,#12444,.T.);
#12444 = LINE('',#12445,#12446);
#12445 = CARTESIAN_POINT('',(57.629943,-59.180059,1.51));
#12446 = VECTOR('',#12447,1.);
#12447 = DIRECTION('',(1.,0.,-0.));
#12448 = FACE_BOUND('',#12449,.T.);
#12449 = EDGE_LOOP('',(#12450,#12461,#12469,#12478));
#12450 = ORIENTED_EDGE('',*,*,#12451,.T.);
#12451 = EDGE_CURVE('',#12452,#12454,#12456,.T.);
#12452 = VERTEX_POINT('',#12453);
#12453 = CARTESIAN_POINT('',(119.28996,-59.180059,1.51));
#12454 = VERTEX_POINT('',#12455);
#12455 = CARTESIAN_POINT('',(119.28996,-59.780059,1.51));
#12456 = CIRCLE('',#12457,0.3);
#12457 = AXIS2_PLACEMENT_3D('',#12458,#12459,#12460);
#12458 = CARTESIAN_POINT('',(119.28996,-59.480059,1.51));
#12459 = DIRECTION('',(-0.,0.,-1.));
#12460 = DIRECTION('',(-4.736951571734E-14,-1.,0.));
#12461 = ORIENTED_EDGE('',*,*,#12462,.T.);
#12462 = EDGE_CURVE('',#12454,#12463,#12465,.T.);
#12463 = VERTEX_POINT('',#12464);
#12464 = CARTESIAN_POINT('',(118.48996,-59.780059,1.51));
#12465 = LINE('',#12466,#12467);
#12466 = CARTESIAN_POINT('',(59.24498,-59.780059,1.51));
#12467 = VECTOR('',#12468,1.);
#12468 = DIRECTION('',(-1.,0.,0.));
#12469 = ORIENTED_EDGE('',*,*,#12470,.T.);
#12470 = EDGE_CURVE('',#12463,#12471,#12473,.T.);
#12471 = VERTEX_POINT('',#12472);
#12472 = CARTESIAN_POINT('',(118.48996,-59.180059,1.51));
#12473 = CIRCLE('',#12474,0.3);
#12474 = AXIS2_PLACEMENT_3D('',#12475,#12476,#12477);
#12475 = CARTESIAN_POINT('',(118.48996,-59.480059,1.51));
#12476 = DIRECTION('',(-0.,0.,-1.));
#12477 = DIRECTION('',(0.,1.,0.));
#12478 = ORIENTED_EDGE('',*,*,#12479,.T.);
#12479 = EDGE_CURVE('',#12471,#12452,#12480,.T.);
#12480 = LINE('',#12481,#12482);
#12481 = CARTESIAN_POINT('',(59.64498,-59.180059,1.51));
#12482 = VECTOR('',#12483,1.);
#12483 = DIRECTION('',(1.,0.,-0.));
#12484 = FACE_BOUND('',#12485,.T.);
#12485 = EDGE_LOOP('',(#12486));
#12486 = ORIENTED_EDGE('',*,*,#12487,.T.);
#12487 = EDGE_CURVE('',#12488,#12488,#12490,.T.);
#12488 = VERTEX_POINT('',#12489);
#12489 = CARTESIAN_POINT('',(115.21,-58.37503,1.51));
#12490 = CIRCLE('',#12491,0.324994);
#12491 = AXIS2_PLACEMENT_3D('',#12492,#12493,#12494);
#12492 = CARTESIAN_POINT('',(115.21,-58.050036,1.51));
#12493 = DIRECTION('',(-0.,0.,-1.));
#12494 = DIRECTION('',(-4.372651407473E-14,-1.,0.));
#12495 = FACE_BOUND('',#12496,.T.);
#12496 = EDGE_LOOP('',(#12497,#12508,#12516,#12525));
#12497 = ORIENTED_EDGE('',*,*,#12498,.T.);
#12498 = EDGE_CURVE('',#12499,#12501,#12503,.T.);
#12499 = VERTEX_POINT('',#12500);
#12500 = CARTESIAN_POINT('',(115.259873,-50.539977,1.51));
#12501 = VERTEX_POINT('',#12502);
#12502 = CARTESIAN_POINT('',(115.259873,-51.139977,1.51));
#12503 = CIRCLE('',#12504,0.3);
#12504 = AXIS2_PLACEMENT_3D('',#12505,#12506,#12507);
#12505 = CARTESIAN_POINT('',(115.259873,-50.839977,1.51));
#12506 = DIRECTION('',(-0.,0.,-1.));
#12507 = DIRECTION('',(-0.,-1.,0.));
#12508 = ORIENTED_EDGE('',*,*,#12509,.T.);
#12509 = EDGE_CURVE('',#12501,#12510,#12512,.T.);
#12510 = VERTEX_POINT('',#12511);
#12511 = CARTESIAN_POINT('',(114.159873,-51.139977,1.51));
#12512 = LINE('',#12513,#12514);
#12513 = CARTESIAN_POINT('',(57.0799365,-51.139977,1.51));
#12514 = VECTOR('',#12515,1.);
#12515 = DIRECTION('',(-1.,0.,0.));
#12516 = ORIENTED_EDGE('',*,*,#12517,.T.);
#12517 = EDGE_CURVE('',#12510,#12518,#12520,.T.);
#12518 = VERTEX_POINT('',#12519);
#12519 = CARTESIAN_POINT('',(114.159873,-50.539977,1.51));
#12520 = CIRCLE('',#12521,0.3);
#12521 = AXIS2_PLACEMENT_3D('',#12522,#12523,#12524);
#12522 = CARTESIAN_POINT('',(114.159873,-50.839977,1.51));
#12523 = DIRECTION('',(0.,-0.,-1.));
#12524 = DIRECTION('',(4.736951571734E-14,1.,-0.));
#12525 = ORIENTED_EDGE('',*,*,#12526,.T.);
#12526 = EDGE_CURVE('',#12518,#12499,#12527,.T.);
#12527 = LINE('',#12528,#12529);
#12528 = CARTESIAN_POINT('',(57.6299365,-50.539977,1.51));
#12529 = VECTOR('',#12530,1.);
#12530 = DIRECTION('',(1.,0.,-0.));
#12531 = FACE_BOUND('',#12532,.T.);
#12532 = EDGE_LOOP('',(#12533));
#12533 = ORIENTED_EDGE('',*,*,#12534,.T.);
#12534 = EDGE_CURVE('',#12535,#12535,#12537,.T.);
#12535 = VERTEX_POINT('',#12536);
#12536 = CARTESIAN_POINT('',(115.21,-52.594994,1.51));
#12537 = CIRCLE('',#12538,0.324994);
#12538 = AXIS2_PLACEMENT_3D('',#12539,#12540,#12541);
#12539 = CARTESIAN_POINT('',(115.21,-52.27,1.51));
#12540 = DIRECTION('',(-0.,0.,-1.));
#12541 = DIRECTION('',(-4.372651407473E-14,-1.,0.));
#12542 = FACE_BOUND('',#12543,.T.);
#12543 = EDGE_LOOP('',(#12544,#12555,#12563,#12572));
#12544 = ORIENTED_EDGE('',*,*,#12545,.T.);
#12545 = EDGE_CURVE('',#12546,#12548,#12550,.T.);
#12546 = VERTEX_POINT('',#12547);
#12547 = CARTESIAN_POINT('',(119.28996,-50.539977,1.51));
#12548 = VERTEX_POINT('',#12549);
#12549 = CARTESIAN_POINT('',(119.28996,-51.139977,1.51));
#12550 = CIRCLE('',#12551,0.3);
#12551 = AXIS2_PLACEMENT_3D('',#12552,#12553,#12554);
#12552 = CARTESIAN_POINT('',(119.28996,-50.839977,1.51));
#12553 = DIRECTION('',(-0.,0.,-1.));
#12554 = DIRECTION('',(-4.736951571734E-14,-1.,0.));
#12555 = ORIENTED_EDGE('',*,*,#12556,.T.);
#12556 = EDGE_CURVE('',#12548,#12557,#12559,.T.);
#12557 = VERTEX_POINT('',#12558);
#12558 = CARTESIAN_POINT('',(118.48996,-51.139977,1.51));
#12559 = LINE('',#12560,#12561);
#12560 = CARTESIAN_POINT('',(59.24498,-51.139977,1.51));
#12561 = VECTOR('',#12562,1.);
#12562 = DIRECTION('',(-1.,0.,0.));
#12563 = ORIENTED_EDGE('',*,*,#12564,.T.);
#12564 = EDGE_CURVE('',#12557,#12565,#12567,.T.);
#12565 = VERTEX_POINT('',#12566);
#12566 = CARTESIAN_POINT('',(118.48996,-50.539977,1.51));
#12567 = CIRCLE('',#12568,0.3);
#12568 = AXIS2_PLACEMENT_3D('',#12569,#12570,#12571);
#12569 = CARTESIAN_POINT('',(118.48996,-50.839977,1.51));
#12570 = DIRECTION('',(-0.,0.,-1.));
#12571 = DIRECTION('',(0.,1.,0.));
#12572 = ORIENTED_EDGE('',*,*,#12573,.T.);
#12573 = EDGE_CURVE('',#12565,#12546,#12574,.T.);
#12574 = LINE('',#12575,#12576);
#12575 = CARTESIAN_POINT('',(59.64498,-50.539977,1.51));
#12576 = VECTOR('',#12577,1.);
#12577 = DIRECTION('',(1.,0.,-0.));
#12578 = PLANE('',#12579);
#12579 = AXIS2_PLACEMENT_3D('',#12580,#12581,#12582);
#12580 = CARTESIAN_POINT('',(0.,0.,1.51));
#12581 = DIRECTION('',(0.,0.,1.));
#12582 = DIRECTION('',(1.,0.,-0.));
#12583 = ADVANCED_FACE('',(#12584),#12590,.T.);
#12584 = FACE_BOUND('',#12585,.T.);
#12585 = EDGE_LOOP('',(#12586,#12587,#12588,#12589));
#12586 = ORIENTED_EDGE('',*,*,#11143,.T.);
#12587 = ORIENTED_EDGE('',*,*,#11878,.T.);
#12588 = ORIENTED_EDGE('',*,*,#11103,.F.);
#12589 = ORIENTED_EDGE('',*,*,#11167,.F.);
#12590 = PLANE('',#12591);
#12591 = AXIS2_PLACEMENT_3D('',#12592,#12593,#12594);
#12592 = CARTESIAN_POINT('',(41.779056,-44.485,0.));
#12593 = DIRECTION('',(0.,1.,0.));
#12594 = DIRECTION('',(1.,0.,0.));
#12595 = ADVANCED_FACE('',(#12596),#12607,.F.);
#12596 = FACE_BOUND('',#12597,.T.);
#12597 = EDGE_LOOP('',(#12598,#12599,#12605,#12606));
#12598 = ORIENTED_EDGE('',*,*,#11176,.T.);
#12599 = ORIENTED_EDGE('',*,*,#12600,.T.);
#12600 = EDGE_CURVE('',#11177,#11888,#12601,.T.);
#12601 = LINE('',#12602,#12603);
#12602 = CARTESIAN_POINT('',(61.55,-113.51,-4.6E-02));
#12603 = VECTOR('',#12604,1.);
#12604 = DIRECTION('',(0.,0.,1.));
#12605 = ORIENTED_EDGE('',*,*,#11887,.F.);
#12606 = ORIENTED_EDGE('',*,*,#12600,.F.);
#12607 = CYLINDRICAL_SURFACE('',#12608,0.51);
#12608 = AXIS2_PLACEMENT_3D('',#12609,#12610,#12611);
#12609 = CARTESIAN_POINT('',(61.55,-113.,-4.6E-02));
#12610 = DIRECTION('',(-0.,-0.,-1.));
#12611 = DIRECTION('',(-0.,-1.,0.));
#12612 = ADVANCED_FACE('',(#12613),#12624,.F.);
#12613 = FACE_BOUND('',#12614,.T.);
#12614 = EDGE_LOOP('',(#12615,#12616,#12622,#12623));
#12615 = ORIENTED_EDGE('',*,*,#11187,.T.);
#12616 = ORIENTED_EDGE('',*,*,#12617,.T.);
#12617 = EDGE_CURVE('',#11188,#11899,#12618,.T.);
#12618 = LINE('',#12619,#12620);
#12619 = CARTESIAN_POINT('',(64.09,-113.51,-4.6E-02));
#12620 = VECTOR('',#12621,1.);
#12621 = DIRECTION('',(0.,0.,1.));
#12622 = ORIENTED_EDGE('',*,*,#11898,.F.);
#12623 = ORIENTED_EDGE('',*,*,#12617,.F.);
#12624 = CYLINDRICAL_SURFACE('',#12625,0.51);
#12625 = AXIS2_PLACEMENT_3D('',#12626,#12627,#12628);
#12626 = CARTESIAN_POINT('',(64.09,-113.,-4.6E-02));
#12627 = DIRECTION('',(-0.,-0.,-1.));
#12628 = DIRECTION('',(-0.,-1.,0.));
#12629 = ADVANCED_FACE('',(#12630),#12641,.F.);
#12630 = FACE_BOUND('',#12631,.T.);
#12631 = EDGE_LOOP('',(#12632,#12633,#12639,#12640));
#12632 = ORIENTED_EDGE('',*,*,#11198,.T.);
#12633 = ORIENTED_EDGE('',*,*,#12634,.T.);
#12634 = EDGE_CURVE('',#11199,#11910,#12635,.T.);
#12635 = LINE('',#12636,#12637);
#12636 = CARTESIAN_POINT('',(66.63,-113.51,-4.6E-02));
#12637 = VECTOR('',#12638,1.);
#12638 = DIRECTION('',(0.,0.,1.));
#12639 = ORIENTED_EDGE('',*,*,#11909,.F.);
#12640 = ORIENTED_EDGE('',*,*,#12634,.F.);
#12641 = CYLINDRICAL_SURFACE('',#12642,0.51);
#12642 = AXIS2_PLACEMENT_3D('',#12643,#12644,#12645);
#12643 = CARTESIAN_POINT('',(66.63,-113.,-4.6E-02));
#12644 = DIRECTION('',(-0.,-0.,-1.));
#12645 = DIRECTION('',(-0.,-1.,0.));
#12646 = ADVANCED_FACE('',(#12647),#12658,.F.);
#12647 = FACE_BOUND('',#12648,.T.);
#12648 = EDGE_LOOP('',(#12649,#12650,#12656,#12657));
#12649 = ORIENTED_EDGE('',*,*,#11209,.T.);
#12650 = ORIENTED_EDGE('',*,*,#12651,.T.);
#12651 = EDGE_CURVE('',#11210,#11921,#12652,.T.);
#12652 = LINE('',#12653,#12654);
#12653 = CARTESIAN_POINT('',(66.63,-111.39,-4.6E-02));
#12654 = VECTOR('',#12655,1.);
#12655 = DIRECTION('',(0.,0.,1.));
#12656 = ORIENTED_EDGE('',*,*,#11920,.F.);
#12657 = ORIENTED_EDGE('',*,*,#12651,.F.);
#12658 = CYLINDRICAL_SURFACE('',#12659,0.55);
#12659 = AXIS2_PLACEMENT_3D('',#12660,#12661,#12662);
#12660 = CARTESIAN_POINT('',(66.63,-110.84,-4.6E-02));
#12661 = DIRECTION('',(-0.,-0.,-1.));
#12662 = DIRECTION('',(-0.,-1.,0.));
#12663 = ADVANCED_FACE('',(#12664),#12675,.F.);
#12664 = FACE_BOUND('',#12665,.T.);
#12665 = EDGE_LOOP('',(#12666,#12667,#12673,#12674));
#12666 = ORIENTED_EDGE('',*,*,#11220,.T.);
#12667 = ORIENTED_EDGE('',*,*,#12668,.T.);
#12668 = EDGE_CURVE('',#11221,#11932,#12669,.T.);
#12669 = LINE('',#12670,#12671);
#12670 = CARTESIAN_POINT('',(69.17,-113.51,-4.6E-02));
#12671 = VECTOR('',#12672,1.);
#12672 = DIRECTION('',(0.,0.,1.));
#12673 = ORIENTED_EDGE('',*,*,#11931,.F.);
#12674 = ORIENTED_EDGE('',*,*,#12668,.F.);
#12675 = CYLINDRICAL_SURFACE('',#12676,0.51);
#12676 = AXIS2_PLACEMENT_3D('',#12677,#12678,#12679);
#12677 = CARTESIAN_POINT('',(69.17,-113.,-4.6E-02));
#12678 = DIRECTION('',(-0.,-0.,-1.));
#12679 = DIRECTION('',(-0.,-1.,0.));
#12680 = ADVANCED_FACE('',(#12681),#12692,.F.);
#12681 = FACE_BOUND('',#12682,.T.);
#12682 = EDGE_LOOP('',(#12683,#12684,#12690,#12691));
#12683 = ORIENTED_EDGE('',*,*,#11231,.T.);
#12684 = ORIENTED_EDGE('',*,*,#12685,.T.);
#12685 = EDGE_CURVE('',#11232,#11943,#12686,.T.);
#12686 = LINE('',#12687,#12688);
#12687 = CARTESIAN_POINT('',(76.55,-113.51,-4.6E-02));
#12688 = VECTOR('',#12689,1.);
#12689 = DIRECTION('',(0.,0.,1.));
#12690 = ORIENTED_EDGE('',*,*,#11942,.F.);
#12691 = ORIENTED_EDGE('',*,*,#12685,.F.);
#12692 = CYLINDRICAL_SURFACE('',#12693,0.51);
#12693 = AXIS2_PLACEMENT_3D('',#12694,#12695,#12696);
#12694 = CARTESIAN_POINT('',(76.55,-113.,-4.6E-02));
#12695 = DIRECTION('',(-0.,-0.,-1.));
#12696 = DIRECTION('',(-2.78644210102E-14,-1.,0.));
#12697 = ADVANCED_FACE('',(#12698),#12709,.F.);
#12698 = FACE_BOUND('',#12699,.T.);
#12699 = EDGE_LOOP('',(#12700,#12701,#12707,#12708));
#12700 = ORIENTED_EDGE('',*,*,#11242,.T.);
#12701 = ORIENTED_EDGE('',*,*,#12702,.T.);
#12702 = EDGE_CURVE('',#11243,#11954,#12703,.T.);
#12703 = LINE('',#12704,#12705);
#12704 = CARTESIAN_POINT('',(79.09,-113.51,-4.6E-02));
#12705 = VECTOR('',#12706,1.);
#12706 = DIRECTION('',(0.,0.,1.));
#12707 = ORIENTED_EDGE('',*,*,#11953,.F.);
#12708 = ORIENTED_EDGE('',*,*,#12702,.F.);
#12709 = CYLINDRICAL_SURFACE('',#12710,0.51);
#12710 = AXIS2_PLACEMENT_3D('',#12711,#12712,#12713);
#12711 = CARTESIAN_POINT('',(79.09,-113.,-4.6E-02));
#12712 = DIRECTION('',(-0.,-0.,-1.));
#12713 = DIRECTION('',(-0.,-1.,0.));
#12714 = ADVANCED_FACE('',(#12715),#12726,.F.);
#12715 = FACE_BOUND('',#12716,.T.);
#12716 = EDGE_LOOP('',(#12717,#12718,#12724,#12725));
#12717 = ORIENTED_EDGE('',*,*,#11253,.T.);
#12718 = ORIENTED_EDGE('',*,*,#12719,.T.);
#12719 = EDGE_CURVE('',#11254,#11965,#12720,.T.);
#12720 = LINE('',#12721,#12722);
#12721 = CARTESIAN_POINT('',(81.63,-113.51,-4.6E-02));
#12722 = VECTOR('',#12723,1.);
#12723 = DIRECTION('',(0.,0.,1.));
#12724 = ORIENTED_EDGE('',*,*,#11964,.F.);
#12725 = ORIENTED_EDGE('',*,*,#12719,.F.);
#12726 = CYLINDRICAL_SURFACE('',#12727,0.51);
#12727 = AXIS2_PLACEMENT_3D('',#12728,#12729,#12730);
#12728 = CARTESIAN_POINT('',(81.63,-113.,-4.6E-02));
#12729 = DIRECTION('',(-0.,-0.,-1.));
#12730 = DIRECTION('',(-0.,-1.,0.));
#12731 = ADVANCED_FACE('',(#12732),#12743,.F.);
#12732 = FACE_BOUND('',#12733,.T.);
#12733 = EDGE_LOOP('',(#12734,#12735,#12741,#12742));
#12734 = ORIENTED_EDGE('',*,*,#11264,.T.);
#12735 = ORIENTED_EDGE('',*,*,#12736,.T.);
#12736 = EDGE_CURVE('',#11265,#11976,#12737,.T.);
#12737 = LINE('',#12738,#12739);
#12738 = CARTESIAN_POINT('',(84.17,-113.51,-4.6E-02));
#12739 = VECTOR('',#12740,1.);
#12740 = DIRECTION('',(0.,0.,1.));
#12741 = ORIENTED_EDGE('',*,*,#11975,.F.);
#12742 = ORIENTED_EDGE('',*,*,#12736,.F.);
#12743 = CYLINDRICAL_SURFACE('',#12744,0.51);
#12744 = AXIS2_PLACEMENT_3D('',#12745,#12746,#12747);
#12745 = CARTESIAN_POINT('',(84.17,-113.,-4.6E-02));
#12746 = DIRECTION('',(-0.,-0.,-1.));
#12747 = DIRECTION('',(-0.,-1.,0.));
#12748 = ADVANCED_FACE('',(#12749),#12760,.F.);
#12749 = FACE_BOUND('',#12750,.T.);
#12750 = EDGE_LOOP('',(#12751,#12752,#12758,#12759));
#12751 = ORIENTED_EDGE('',*,*,#11275,.T.);
#12752 = ORIENTED_EDGE('',*,*,#12753,.T.);
#12753 = EDGE_CURVE('',#11276,#11987,#12754,.T.);
#12754 = LINE('',#12755,#12756);
#12755 = CARTESIAN_POINT('',(81.63,-111.39,-4.6E-02));
#12756 = VECTOR('',#12757,1.);
#12757 = DIRECTION('',(0.,0.,1.));
#12758 = ORIENTED_EDGE('',*,*,#11986,.F.);
#12759 = ORIENTED_EDGE('',*,*,#12753,.F.);
#12760 = CYLINDRICAL_SURFACE('',#12761,0.55);
#12761 = AXIS2_PLACEMENT_3D('',#12762,#12763,#12764);
#12762 = CARTESIAN_POINT('',(81.63,-110.84,-4.6E-02));
#12763 = DIRECTION('',(-0.,-0.,-1.));
#12764 = DIRECTION('',(-0.,-1.,0.));
#12765 = ADVANCED_FACE('',(#12766),#12777,.F.);
#12766 = FACE_BOUND('',#12767,.T.);
#12767 = EDGE_LOOP('',(#12768,#12769,#12775,#12776));
#12768 = ORIENTED_EDGE('',*,*,#11286,.T.);
#12769 = ORIENTED_EDGE('',*,*,#12770,.T.);
#12770 = EDGE_CURVE('',#11287,#11998,#12771,.T.);
#12771 = LINE('',#12772,#12773);
#12772 = CARTESIAN_POINT('',(49.74,-94.45,-4.6E-02));
#12773 = VECTOR('',#12774,1.);
#12774 = DIRECTION('',(0.,0.,1.));
#12775 = ORIENTED_EDGE('',*,*,#11997,.F.);
#12776 = ORIENTED_EDGE('',*,*,#12770,.F.);
#12777 = CYLINDRICAL_SURFACE('',#12778,0.5);
#12778 = AXIS2_PLACEMENT_3D('',#12779,#12780,#12781);
#12779 = CARTESIAN_POINT('',(49.74,-93.95,-4.6E-02));
#12780 = DIRECTION('',(-0.,-0.,-1.));
#12781 = DIRECTION('',(-0.,-1.,0.));
#12782 = ADVANCED_FACE('',(#12783),#12794,.F.);
#12783 = FACE_BOUND('',#12784,.T.);
#12784 = EDGE_LOOP('',(#12785,#12786,#12792,#12793));
#12785 = ORIENTED_EDGE('',*,*,#11297,.T.);
#12786 = ORIENTED_EDGE('',*,*,#12787,.T.);
#12787 = EDGE_CURVE('',#11298,#12009,#12788,.T.);
#12788 = LINE('',#12789,#12790);
#12789 = CARTESIAN_POINT('',(49.74,-91.91,-4.6E-02));
#12790 = VECTOR('',#12791,1.);
#12791 = DIRECTION('',(0.,0.,1.));
#12792 = ORIENTED_EDGE('',*,*,#12008,.F.);
#12793 = ORIENTED_EDGE('',*,*,#12787,.F.);
#12794 = CYLINDRICAL_SURFACE('',#12795,0.5);
#12795 = AXIS2_PLACEMENT_3D('',#12796,#12797,#12798);
#12796 = CARTESIAN_POINT('',(49.74,-91.41,-4.6E-02));
#12797 = DIRECTION('',(-0.,-0.,-1.));
#12798 = DIRECTION('',(-0.,-1.,0.));
#12799 = ADVANCED_FACE('',(#12800),#12811,.F.);
#12800 = FACE_BOUND('',#12801,.T.);
#12801 = EDGE_LOOP('',(#12802,#12803,#12809,#12810));
#12802 = ORIENTED_EDGE('',*,*,#11308,.T.);
#12803 = ORIENTED_EDGE('',*,*,#12804,.T.);
#12804 = EDGE_CURVE('',#11309,#12020,#12805,.T.);
#12805 = LINE('',#12806,#12807);
#12806 = CARTESIAN_POINT('',(64.98,-94.45,-4.6E-02));
#12807 = VECTOR('',#12808,1.);
#12808 = DIRECTION('',(0.,0.,1.));
#12809 = ORIENTED_EDGE('',*,*,#12019,.F.);
#12810 = ORIENTED_EDGE('',*,*,#12804,.F.);
#12811 = CYLINDRICAL_SURFACE('',#12812,0.5);
#12812 = AXIS2_PLACEMENT_3D('',#12813,#12814,#12815);
#12813 = CARTESIAN_POINT('',(64.98,-93.95,-4.6E-02));
#12814 = DIRECTION('',(-0.,-0.,-1.));
#12815 = DIRECTION('',(-0.,-1.,0.));
#12816 = ADVANCED_FACE('',(#12817),#12828,.F.);
#12817 = FACE_BOUND('',#12818,.T.);
#12818 = EDGE_LOOP('',(#12819,#12820,#12826,#12827));
#12819 = ORIENTED_EDGE('',*,*,#11319,.T.);
#12820 = ORIENTED_EDGE('',*,*,#12821,.T.);
#12821 = EDGE_CURVE('',#11320,#12031,#12822,.T.);
#12822 = LINE('',#12823,#12824);
#12823 = CARTESIAN_POINT('',(64.98,-91.91,-4.6E-02));
#12824 = VECTOR('',#12825,1.);
#12825 = DIRECTION('',(0.,0.,1.));
#12826 = ORIENTED_EDGE('',*,*,#12030,.F.);
#12827 = ORIENTED_EDGE('',*,*,#12821,.F.);
#12828 = CYLINDRICAL_SURFACE('',#12829,0.5);
#12829 = AXIS2_PLACEMENT_3D('',#12830,#12831,#12832);
#12830 = CARTESIAN_POINT('',(64.98,-91.41,-4.6E-02));
#12831 = DIRECTION('',(-0.,-0.,-1.));
#12832 = DIRECTION('',(-0.,-1.,0.));
#12833 = ADVANCED_FACE('',(#12834),#12845,.F.);
#12834 = FACE_BOUND('',#12835,.T.);
#12835 = EDGE_LOOP('',(#12836,#12837,#12843,#12844));
#12836 = ORIENTED_EDGE('',*,*,#11330,.T.);
#12837 = ORIENTED_EDGE('',*,*,#12838,.T.);
#12838 = EDGE_CURVE('',#11331,#12042,#12839,.T.);
#12839 = LINE('',#12840,#12841);
#12840 = CARTESIAN_POINT('',(49.74,-89.37,-4.6E-02));
#12841 = VECTOR('',#12842,1.);
#12842 = DIRECTION('',(0.,0.,1.));
#12843 = ORIENTED_EDGE('',*,*,#12041,.F.);
#12844 = ORIENTED_EDGE('',*,*,#12838,.F.);
#12845 = CYLINDRICAL_SURFACE('',#12846,0.5);
#12846 = AXIS2_PLACEMENT_3D('',#12847,#12848,#12849);
#12847 = CARTESIAN_POINT('',(49.74,-88.87,-4.6E-02));
#12848 = DIRECTION('',(-0.,-0.,-1.));
#12849 = DIRECTION('',(-0.,-1.,0.));
#12850 = ADVANCED_FACE('',(#12851),#12862,.F.);
#12851 = FACE_BOUND('',#12852,.T.);
#12852 = EDGE_LOOP('',(#12853,#12854,#12860,#12861));
#12853 = ORIENTED_EDGE('',*,*,#11341,.T.);
#12854 = ORIENTED_EDGE('',*,*,#12855,.T.);
#12855 = EDGE_CURVE('',#11342,#12053,#12856,.T.);
#12856 = LINE('',#12857,#12858);
#12857 = CARTESIAN_POINT('',(49.74,-86.83,-4.6E-02));
#12858 = VECTOR('',#12859,1.);
#12859 = DIRECTION('',(0.,0.,1.));
#12860 = ORIENTED_EDGE('',*,*,#12052,.F.);
#12861 = ORIENTED_EDGE('',*,*,#12855,.F.);
#12862 = CYLINDRICAL_SURFACE('',#12863,0.5);
#12863 = AXIS2_PLACEMENT_3D('',#12864,#12865,#12866);
#12864 = CARTESIAN_POINT('',(49.74,-86.33,-4.6E-02));
#12865 = DIRECTION('',(-0.,-0.,-1.));
#12866 = DIRECTION('',(-0.,-1.,0.));
#12867 = ADVANCED_FACE('',(#12868),#12879,.F.);
#12868 = FACE_BOUND('',#12869,.T.);
#12869 = EDGE_LOOP('',(#12870,#12871,#12877,#12878));
#12870 = ORIENTED_EDGE('',*,*,#11352,.T.);
#12871 = ORIENTED_EDGE('',*,*,#12872,.T.);
#12872 = EDGE_CURVE('',#11353,#12064,#12873,.T.);
#12873 = LINE('',#12874,#12875);
#12874 = CARTESIAN_POINT('',(49.74,-84.29,-4.6E-02));
#12875 = VECTOR('',#12876,1.);
#12876 = DIRECTION('',(0.,0.,1.));
#12877 = ORIENTED_EDGE('',*,*,#12063,.F.);
#12878 = ORIENTED_EDGE('',*,*,#12872,.F.);
#12879 = CYLINDRICAL_SURFACE('',#12880,0.5);
#12880 = AXIS2_PLACEMENT_3D('',#12881,#12882,#12883);
#12881 = CARTESIAN_POINT('',(49.74,-83.79,-4.6E-02));
#12882 = DIRECTION('',(-0.,-0.,-1.));
#12883 = DIRECTION('',(-0.,-1.,0.));
#12884 = ADVANCED_FACE('',(#12885),#12896,.F.);
#12885 = FACE_BOUND('',#12886,.T.);
#12886 = EDGE_LOOP('',(#12887,#12888,#12894,#12895));
#12887 = ORIENTED_EDGE('',*,*,#11363,.T.);
#12888 = ORIENTED_EDGE('',*,*,#12889,.T.);
#12889 = EDGE_CURVE('',#11364,#12075,#12890,.T.);
#12890 = LINE('',#12891,#12892);
#12891 = CARTESIAN_POINT('',(64.98,-89.37,-4.6E-02));
#12892 = VECTOR('',#12893,1.);
#12893 = DIRECTION('',(0.,0.,1.));
#12894 = ORIENTED_EDGE('',*,*,#12074,.F.);
#12895 = ORIENTED_EDGE('',*,*,#12889,.F.);
#12896 = CYLINDRICAL_SURFACE('',#12897,0.5);
#12897 = AXIS2_PLACEMENT_3D('',#12898,#12899,#12900);
#12898 = CARTESIAN_POINT('',(64.98,-88.87,-4.6E-02));
#12899 = DIRECTION('',(-0.,-0.,-1.));
#12900 = DIRECTION('',(-0.,-1.,0.));
#12901 = ADVANCED_FACE('',(#12902),#12913,.F.);
#12902 = FACE_BOUND('',#12903,.T.);
#12903 = EDGE_LOOP('',(#12904,#12905,#12911,#12912));
#12904 = ORIENTED_EDGE('',*,*,#11374,.T.);
#12905 = ORIENTED_EDGE('',*,*,#12906,.T.);
#12906 = EDGE_CURVE('',#11375,#12086,#12907,.T.);
#12907 = LINE('',#12908,#12909);
#12908 = CARTESIAN_POINT('',(64.98,-86.83,-4.6E-02));
#12909 = VECTOR('',#12910,1.);
#12910 = DIRECTION('',(0.,0.,1.));
#12911 = ORIENTED_EDGE('',*,*,#12085,.F.);
#12912 = ORIENTED_EDGE('',*,*,#12906,.F.);
#12913 = CYLINDRICAL_SURFACE('',#12914,0.5);
#12914 = AXIS2_PLACEMENT_3D('',#12915,#12916,#12917);
#12915 = CARTESIAN_POINT('',(64.98,-86.33,-4.6E-02));
#12916 = DIRECTION('',(-0.,-0.,-1.));
#12917 = DIRECTION('',(-0.,-1.,0.));
#12918 = ADVANCED_FACE('',(#12919),#12930,.F.);
#12919 = FACE_BOUND('',#12920,.T.);
#12920 = EDGE_LOOP('',(#12921,#12922,#12928,#12929));
#12921 = ORIENTED_EDGE('',*,*,#11385,.T.);
#12922 = ORIENTED_EDGE('',*,*,#12923,.T.);
#12923 = EDGE_CURVE('',#11386,#12097,#12924,.T.);
#12924 = LINE('',#12925,#12926);
#12925 = CARTESIAN_POINT('',(64.98,-84.29,-4.6E-02));
#12926 = VECTOR('',#12927,1.);
#12927 = DIRECTION('',(0.,0.,1.));
#12928 = ORIENTED_EDGE('',*,*,#12096,.F.);
#12929 = ORIENTED_EDGE('',*,*,#12923,.F.);
#12930 = CYLINDRICAL_SURFACE('',#12931,0.5);
#12931 = AXIS2_PLACEMENT_3D('',#12932,#12933,#12934);
#12932 = CARTESIAN_POINT('',(64.98,-83.79,-4.6E-02));
#12933 = DIRECTION('',(-0.,-0.,-1.));
#12934 = DIRECTION('',(-0.,-1.,0.));
#12935 = ADVANCED_FACE('',(#12936),#12947,.F.);
#12936 = FACE_BOUND('',#12937,.T.);
#12937 = EDGE_LOOP('',(#12938,#12939,#12945,#12946));
#12938 = ORIENTED_EDGE('',*,*,#11396,.T.);
#12939 = ORIENTED_EDGE('',*,*,#12940,.T.);
#12940 = EDGE_CURVE('',#11397,#12108,#12941,.T.);
#12941 = LINE('',#12942,#12943);
#12942 = CARTESIAN_POINT('',(81.55,-91.6,-4.6E-02));
#12943 = VECTOR('',#12944,1.);
#12944 = DIRECTION('',(0.,0.,1.));
#12945 = ORIENTED_EDGE('',*,*,#12107,.F.);
#12946 = ORIENTED_EDGE('',*,*,#12940,.F.);
#12947 = CYLINDRICAL_SURFACE('',#12948,0.5);
#12948 = AXIS2_PLACEMENT_3D('',#12949,#12950,#12951);
#12949 = CARTESIAN_POINT('',(81.55,-91.1,-4.6E-02));
#12950 = DIRECTION('',(-0.,-0.,-1.));
#12951 = DIRECTION('',(-0.,-1.,0.));
#12952 = ADVANCED_FACE('',(#12953),#12964,.F.);
#12953 = FACE_BOUND('',#12954,.T.);
#12954 = EDGE_LOOP('',(#12955,#12956,#12962,#12963));
#12955 = ORIENTED_EDGE('',*,*,#11407,.T.);
#12956 = ORIENTED_EDGE('',*,*,#12957,.T.);
#12957 = EDGE_CURVE('',#11408,#12119,#12958,.T.);
#12958 = LINE('',#12959,#12960);
#12959 = CARTESIAN_POINT('',(81.55,-89.06,-4.6E-02));
#12960 = VECTOR('',#12961,1.);
#12961 = DIRECTION('',(0.,0.,1.));
#12962 = ORIENTED_EDGE('',*,*,#12118,.F.);
#12963 = ORIENTED_EDGE('',*,*,#12957,.F.);
#12964 = CYLINDRICAL_SURFACE('',#12965,0.5);
#12965 = AXIS2_PLACEMENT_3D('',#12966,#12967,#12968);
#12966 = CARTESIAN_POINT('',(81.55,-88.56,-4.6E-02));
#12967 = DIRECTION('',(-0.,-0.,-1.));
#12968 = DIRECTION('',(-0.,-1.,0.));
#12969 = ADVANCED_FACE('',(#12970),#12981,.F.);
#12970 = FACE_BOUND('',#12971,.T.);
#12971 = EDGE_LOOP('',(#12972,#12973,#12979,#12980));
#12972 = ORIENTED_EDGE('',*,*,#11418,.T.);
#12973 = ORIENTED_EDGE('',*,*,#12974,.T.);
#12974 = EDGE_CURVE('',#11419,#12130,#12975,.T.);
#12975 = LINE('',#12976,#12977);
#12976 = CARTESIAN_POINT('',(81.55,-86.52,-4.6E-02));
#12977 = VECTOR('',#12978,1.);
#12978 = DIRECTION('',(0.,0.,1.));
#12979 = ORIENTED_EDGE('',*,*,#12129,.F.);
#12980 = ORIENTED_EDGE('',*,*,#12974,.F.);
#12981 = CYLINDRICAL_SURFACE('',#12982,0.5);
#12982 = AXIS2_PLACEMENT_3D('',#12983,#12984,#12985);
#12983 = CARTESIAN_POINT('',(81.55,-86.02,-4.6E-02));
#12984 = DIRECTION('',(-0.,-0.,-1.));
#12985 = DIRECTION('',(-0.,-1.,0.));
#12986 = ADVANCED_FACE('',(#12987),#12998,.F.);
#12987 = FACE_BOUND('',#12988,.T.);
#12988 = EDGE_LOOP('',(#12989,#12990,#12996,#12997));
#12989 = ORIENTED_EDGE('',*,*,#11429,.T.);
#12990 = ORIENTED_EDGE('',*,*,#12991,.T.);
#12991 = EDGE_CURVE('',#11430,#12141,#12992,.T.);
#12992 = LINE('',#12993,#12994);
#12993 = CARTESIAN_POINT('',(81.55,-83.98,-4.6E-02));
#12994 = VECTOR('',#12995,1.);
#12995 = DIRECTION('',(0.,0.,1.));
#12996 = ORIENTED_EDGE('',*,*,#12140,.F.);
#12997 = ORIENTED_EDGE('',*,*,#12991,.F.);
#12998 = CYLINDRICAL_SURFACE('',#12999,0.5);
#12999 = AXIS2_PLACEMENT_3D('',#13000,#13001,#13002);
#13000 = CARTESIAN_POINT('',(81.55,-83.48,-4.6E-02));
#13001 = DIRECTION('',(-0.,-0.,-1.));
#13002 = DIRECTION('',(-0.,-1.,0.));
#13003 = ADVANCED_FACE('',(#13004),#13015,.F.);
#13004 = FACE_BOUND('',#13005,.T.);
#13005 = EDGE_LOOP('',(#13006,#13007,#13013,#13014));
#13006 = ORIENTED_EDGE('',*,*,#11440,.T.);
#13007 = ORIENTED_EDGE('',*,*,#13008,.T.);
#13008 = EDGE_CURVE('',#11441,#12152,#13009,.T.);
#13009 = LINE('',#13010,#13011);
#13010 = CARTESIAN_POINT('',(91.55,-113.51,-4.6E-02));
#13011 = VECTOR('',#13012,1.);
#13012 = DIRECTION('',(0.,0.,1.));
#13013 = ORIENTED_EDGE('',*,*,#12151,.F.);
#13014 = ORIENTED_EDGE('',*,*,#13008,.F.);
#13015 = CYLINDRICAL_SURFACE('',#13016,0.51);
#13016 = AXIS2_PLACEMENT_3D('',#13017,#13018,#13019);
#13017 = CARTESIAN_POINT('',(91.55,-113.,-4.6E-02));
#13018 = DIRECTION('',(-0.,-0.,-1.));
#13019 = DIRECTION('',(-2.78644210102E-14,-1.,0.));
#13020 = ADVANCED_FACE('',(#13021),#13032,.F.);
#13021 = FACE_BOUND('',#13022,.T.);
#13022 = EDGE_LOOP('',(#13023,#13024,#13030,#13031));
#13023 = ORIENTED_EDGE('',*,*,#11451,.T.);
#13024 = ORIENTED_EDGE('',*,*,#13025,.T.);
#13025 = EDGE_CURVE('',#11452,#12163,#13026,.T.);
#13026 = LINE('',#13027,#13028);
#13027 = CARTESIAN_POINT('',(94.09,-113.51,-4.6E-02));
#13028 = VECTOR('',#13029,1.);
#13029 = DIRECTION('',(0.,0.,1.));
#13030 = ORIENTED_EDGE('',*,*,#12162,.F.);
#13031 = ORIENTED_EDGE('',*,*,#13025,.F.);
#13032 = CYLINDRICAL_SURFACE('',#13033,0.51);
#13033 = AXIS2_PLACEMENT_3D('',#13034,#13035,#13036);
#13034 = CARTESIAN_POINT('',(94.09,-113.,-4.6E-02));
#13035 = DIRECTION('',(-0.,-0.,-1.));
#13036 = DIRECTION('',(-0.,-1.,0.));
#13037 = ADVANCED_FACE('',(#13038),#13049,.F.);
#13038 = FACE_BOUND('',#13039,.T.);
#13039 = EDGE_LOOP('',(#13040,#13041,#13047,#13048));
#13040 = ORIENTED_EDGE('',*,*,#11462,.T.);
#13041 = ORIENTED_EDGE('',*,*,#13042,.T.);
#13042 = EDGE_CURVE('',#11463,#12174,#13043,.T.);
#13043 = LINE('',#13044,#13045);
#13044 = CARTESIAN_POINT('',(96.63,-113.51,-4.6E-02));
#13045 = VECTOR('',#13046,1.);
#13046 = DIRECTION('',(0.,0.,1.));
#13047 = ORIENTED_EDGE('',*,*,#12173,.F.);
#13048 = ORIENTED_EDGE('',*,*,#13042,.F.);
#13049 = CYLINDRICAL_SURFACE('',#13050,0.51);
#13050 = AXIS2_PLACEMENT_3D('',#13051,#13052,#13053);
#13051 = CARTESIAN_POINT('',(96.63,-113.,-4.6E-02));
#13052 = DIRECTION('',(-0.,-0.,-1.));
#13053 = DIRECTION('',(-0.,-1.,0.));
#13054 = ADVANCED_FACE('',(#13055),#13066,.F.);
#13055 = FACE_BOUND('',#13056,.T.);
#13056 = EDGE_LOOP('',(#13057,#13058,#13064,#13065));
#13057 = ORIENTED_EDGE('',*,*,#11473,.T.);
#13058 = ORIENTED_EDGE('',*,*,#13059,.T.);
#13059 = EDGE_CURVE('',#11474,#12185,#13060,.T.);
#13060 = LINE('',#13061,#13062);
#13061 = CARTESIAN_POINT('',(96.63,-111.39,-4.6E-02));
#13062 = VECTOR('',#13063,1.);
#13063 = DIRECTION('',(0.,0.,1.));
#13064 = ORIENTED_EDGE('',*,*,#12184,.F.);
#13065 = ORIENTED_EDGE('',*,*,#13059,.F.);
#13066 = CYLINDRICAL_SURFACE('',#13067,0.55);
#13067 = AXIS2_PLACEMENT_3D('',#13068,#13069,#13070);
#13068 = CARTESIAN_POINT('',(96.63,-110.84,-4.6E-02));
#13069 = DIRECTION('',(-0.,-0.,-1.));
#13070 = DIRECTION('',(-0.,-1.,0.));
#13071 = ADVANCED_FACE('',(#13072),#13083,.F.);
#13072 = FACE_BOUND('',#13073,.T.);
#13073 = EDGE_LOOP('',(#13074,#13075,#13081,#13082));
#13074 = ORIENTED_EDGE('',*,*,#11484,.T.);
#13075 = ORIENTED_EDGE('',*,*,#13076,.T.);
#13076 = EDGE_CURVE('',#11485,#12196,#13077,.T.);
#13077 = LINE('',#13078,#13079);
#13078 = CARTESIAN_POINT('',(99.17,-113.51,-4.6E-02));
#13079 = VECTOR('',#13080,1.);
#13080 = DIRECTION('',(0.,0.,1.));
#13081 = ORIENTED_EDGE('',*,*,#12195,.F.);
#13082 = ORIENTED_EDGE('',*,*,#13076,.F.);
#13083 = CYLINDRICAL_SURFACE('',#13084,0.51);
#13084 = AXIS2_PLACEMENT_3D('',#13085,#13086,#13087);
#13085 = CARTESIAN_POINT('',(99.17,-113.,-4.6E-02));
#13086 = DIRECTION('',(-0.,-0.,-1.));
#13087 = DIRECTION('',(-0.,-1.,0.));
#13088 = ADVANCED_FACE('',(#13089),#13100,.F.);
#13089 = FACE_BOUND('',#13090,.T.);
#13090 = EDGE_LOOP('',(#13091,#13092,#13098,#13099));
#13091 = ORIENTED_EDGE('',*,*,#11495,.T.);
#13092 = ORIENTED_EDGE('',*,*,#13093,.T.);
#13093 = EDGE_CURVE('',#11496,#12207,#13094,.T.);
#13094 = LINE('',#13095,#13096);
#13095 = CARTESIAN_POINT('',(111.48,-88.905,-4.6E-02));
#13096 = VECTOR('',#13097,1.);
#13097 = DIRECTION('',(0.,0.,1.));
#13098 = ORIENTED_EDGE('',*,*,#12206,.F.);
#13099 = ORIENTED_EDGE('',*,*,#13093,.F.);
#13100 = CYLINDRICAL_SURFACE('',#13101,0.5);
#13101 = AXIS2_PLACEMENT_3D('',#13102,#13103,#13104);
#13102 = CARTESIAN_POINT('',(111.48,-88.405,-4.6E-02));
#13103 = DIRECTION('',(-0.,-0.,-1.));
#13104 = DIRECTION('',(-0.,-1.,0.));
#13105 = ADVANCED_FACE('',(#13106),#13117,.F.);
#13106 = FACE_BOUND('',#13107,.T.);
#13107 = EDGE_LOOP('',(#13108,#13109,#13115,#13116));
#13108 = ORIENTED_EDGE('',*,*,#11506,.T.);
#13109 = ORIENTED_EDGE('',*,*,#13110,.T.);
#13110 = EDGE_CURVE('',#11507,#12218,#13111,.T.);
#13111 = LINE('',#13112,#13113);
#13112 = CARTESIAN_POINT('',(111.48,-86.365,-4.6E-02));
#13113 = VECTOR('',#13114,1.);
#13114 = DIRECTION('',(0.,0.,1.));
#13115 = ORIENTED_EDGE('',*,*,#12217,.F.);
#13116 = ORIENTED_EDGE('',*,*,#13110,.F.);
#13117 = CYLINDRICAL_SURFACE('',#13118,0.5);
#13118 = AXIS2_PLACEMENT_3D('',#13119,#13120,#13121);
#13119 = CARTESIAN_POINT('',(111.48,-85.865,-4.6E-02));
#13120 = DIRECTION('',(-0.,-0.,-1.));
#13121 = DIRECTION('',(-0.,-1.,0.));
#13122 = ADVANCED_FACE('',(#13123),#13134,.F.);
#13123 = FACE_BOUND('',#13124,.T.);
#13124 = EDGE_LOOP('',(#13125,#13126,#13132,#13133));
#13125 = ORIENTED_EDGE('',*,*,#11517,.T.);
#13126 = ORIENTED_EDGE('',*,*,#13127,.T.);
#13127 = EDGE_CURVE('',#11518,#12229,#13128,.T.);
#13128 = LINE('',#13129,#13130);
#13129 = CARTESIAN_POINT('',(49.74,-81.75,-4.6E-02));
#13130 = VECTOR('',#13131,1.);
#13131 = DIRECTION('',(0.,0.,1.));
#13132 = ORIENTED_EDGE('',*,*,#12228,.F.);
#13133 = ORIENTED_EDGE('',*,*,#13127,.F.);
#13134 = CYLINDRICAL_SURFACE('',#13135,0.5);
#13135 = AXIS2_PLACEMENT_3D('',#13136,#13137,#13138);
#13136 = CARTESIAN_POINT('',(49.74,-81.25,-4.6E-02));
#13137 = DIRECTION('',(-0.,-0.,-1.));
#13138 = DIRECTION('',(-0.,-1.,0.));
#13139 = ADVANCED_FACE('',(#13140),#13151,.F.);
#13140 = FACE_BOUND('',#13141,.T.);
#13141 = EDGE_LOOP('',(#13142,#13143,#13149,#13150));
#13142 = ORIENTED_EDGE('',*,*,#11528,.T.);
#13143 = ORIENTED_EDGE('',*,*,#13144,.T.);
#13144 = EDGE_CURVE('',#11529,#12240,#13145,.T.);
#13145 = LINE('',#13146,#13147);
#13146 = CARTESIAN_POINT('',(49.74,-79.21,-4.6E-02));
#13147 = VECTOR('',#13148,1.);
#13148 = DIRECTION('',(0.,0.,1.));
#13149 = ORIENTED_EDGE('',*,*,#12239,.F.);
#13150 = ORIENTED_EDGE('',*,*,#13144,.F.);
#13151 = CYLINDRICAL_SURFACE('',#13152,0.5);
#13152 = AXIS2_PLACEMENT_3D('',#13153,#13154,#13155);
#13153 = CARTESIAN_POINT('',(49.74,-78.71,-4.6E-02));
#13154 = DIRECTION('',(-0.,-0.,-1.));
#13155 = DIRECTION('',(-0.,-1.,0.));
#13156 = ADVANCED_FACE('',(#13157),#13168,.F.);
#13157 = FACE_BOUND('',#13158,.T.);
#13158 = EDGE_LOOP('',(#13159,#13160,#13166,#13167));
#13159 = ORIENTED_EDGE('',*,*,#11539,.T.);
#13160 = ORIENTED_EDGE('',*,*,#13161,.T.);
#13161 = EDGE_CURVE('',#11540,#12251,#13162,.T.);
#13162 = LINE('',#13163,#13164);
#13163 = CARTESIAN_POINT('',(49.74,-76.67,-4.6E-02));
#13164 = VECTOR('',#13165,1.);
#13165 = DIRECTION('',(0.,0.,1.));
#13166 = ORIENTED_EDGE('',*,*,#12250,.F.);
#13167 = ORIENTED_EDGE('',*,*,#13161,.F.);
#13168 = CYLINDRICAL_SURFACE('',#13169,0.5);
#13169 = AXIS2_PLACEMENT_3D('',#13170,#13171,#13172);
#13170 = CARTESIAN_POINT('',(49.74,-76.17,-4.6E-02));
#13171 = DIRECTION('',(-0.,-0.,-1.));
#13172 = DIRECTION('',(-0.,-1.,0.));
#13173 = ADVANCED_FACE('',(#13174),#13185,.F.);
#13174 = FACE_BOUND('',#13175,.T.);
#13175 = EDGE_LOOP('',(#13176,#13177,#13183,#13184));
#13176 = ORIENTED_EDGE('',*,*,#11550,.T.);
#13177 = ORIENTED_EDGE('',*,*,#13178,.T.);
#13178 = EDGE_CURVE('',#11551,#12262,#13179,.T.);
#13179 = LINE('',#13180,#13181);
#13180 = CARTESIAN_POINT('',(64.98,-81.75,-4.6E-02));
#13181 = VECTOR('',#13182,1.);
#13182 = DIRECTION('',(0.,0.,1.));
#13183 = ORIENTED_EDGE('',*,*,#12261,.F.);
#13184 = ORIENTED_EDGE('',*,*,#13178,.F.);
#13185 = CYLINDRICAL_SURFACE('',#13186,0.5);
#13186 = AXIS2_PLACEMENT_3D('',#13187,#13188,#13189);
#13187 = CARTESIAN_POINT('',(64.98,-81.25,-4.6E-02));
#13188 = DIRECTION('',(-0.,-0.,-1.));
#13189 = DIRECTION('',(-0.,-1.,0.));
#13190 = ADVANCED_FACE('',(#13191),#13202,.F.);
#13191 = FACE_BOUND('',#13192,.T.);
#13192 = EDGE_LOOP('',(#13193,#13194,#13200,#13201));
#13193 = ORIENTED_EDGE('',*,*,#11561,.T.);
#13194 = ORIENTED_EDGE('',*,*,#13195,.T.);
#13195 = EDGE_CURVE('',#11562,#12273,#13196,.T.);
#13196 = LINE('',#13197,#13198);
#13197 = CARTESIAN_POINT('',(64.98,-79.21,-4.6E-02));
#13198 = VECTOR('',#13199,1.);
#13199 = DIRECTION('',(0.,0.,1.));
#13200 = ORIENTED_EDGE('',*,*,#12272,.F.);
#13201 = ORIENTED_EDGE('',*,*,#13195,.F.);
#13202 = CYLINDRICAL_SURFACE('',#13203,0.5);
#13203 = AXIS2_PLACEMENT_3D('',#13204,#13205,#13206);
#13204 = CARTESIAN_POINT('',(64.98,-78.71,-4.6E-02));
#13205 = DIRECTION('',(-0.,-0.,-1.));
#13206 = DIRECTION('',(-0.,-1.,0.));
#13207 = ADVANCED_FACE('',(#13208),#13219,.F.);
#13208 = FACE_BOUND('',#13209,.T.);
#13209 = EDGE_LOOP('',(#13210,#13211,#13217,#13218));
#13210 = ORIENTED_EDGE('',*,*,#11572,.T.);
#13211 = ORIENTED_EDGE('',*,*,#13212,.T.);
#13212 = EDGE_CURVE('',#11573,#12284,#13213,.T.);
#13213 = LINE('',#13214,#13215);
#13214 = CARTESIAN_POINT('',(64.98,-76.67,-4.6E-02));
#13215 = VECTOR('',#13216,1.);
#13216 = DIRECTION('',(0.,0.,1.));
#13217 = ORIENTED_EDGE('',*,*,#12283,.F.);
#13218 = ORIENTED_EDGE('',*,*,#13212,.F.);
#13219 = CYLINDRICAL_SURFACE('',#13220,0.5);
#13220 = AXIS2_PLACEMENT_3D('',#13221,#13222,#13223);
#13221 = CARTESIAN_POINT('',(64.98,-76.17,-4.6E-02));
#13222 = DIRECTION('',(-0.,-0.,-1.));
#13223 = DIRECTION('',(-0.,-1.,0.));
#13224 = ADVANCED_FACE('',(#13225),#13236,.F.);
#13225 = FACE_BOUND('',#13226,.T.);
#13226 = EDGE_LOOP('',(#13227,#13228,#13234,#13235));
#13227 = ORIENTED_EDGE('',*,*,#11583,.T.);
#13228 = ORIENTED_EDGE('',*,*,#13229,.T.);
#13229 = EDGE_CURVE('',#11584,#12295,#13230,.T.);
#13230 = LINE('',#13231,#13232);
#13231 = CARTESIAN_POINT('',(81.55,-81.44,-4.6E-02));
#13232 = VECTOR('',#13233,1.);
#13233 = DIRECTION('',(0.,0.,1.));
#13234 = ORIENTED_EDGE('',*,*,#12294,.F.);
#13235 = ORIENTED_EDGE('',*,*,#13229,.F.);
#13236 = CYLINDRICAL_SURFACE('',#13237,0.5);
#13237 = AXIS2_PLACEMENT_3D('',#13238,#13239,#13240);
#13238 = CARTESIAN_POINT('',(81.55,-80.94,-4.6E-02));
#13239 = DIRECTION('',(-0.,-0.,-1.));
#13240 = DIRECTION('',(-0.,-1.,0.));
#13241 = ADVANCED_FACE('',(#13242),#13253,.F.);
#13242 = FACE_BOUND('',#13243,.T.);
#13243 = EDGE_LOOP('',(#13244,#13245,#13251,#13252));
#13244 = ORIENTED_EDGE('',*,*,#11594,.T.);
#13245 = ORIENTED_EDGE('',*,*,#13246,.T.);
#13246 = EDGE_CURVE('',#11595,#12306,#13247,.T.);
#13247 = LINE('',#13248,#13249);
#13248 = CARTESIAN_POINT('',(70.,-57.51,-4.6E-02));
#13249 = VECTOR('',#13250,1.);
#13250 = DIRECTION('',(0.,0.,1.));
#13251 = ORIENTED_EDGE('',*,*,#12305,.F.);
#13252 = ORIENTED_EDGE('',*,*,#13246,.F.);
#13253 = CYLINDRICAL_SURFACE('',#13254,0.51);
#13254 = AXIS2_PLACEMENT_3D('',#13255,#13256,#13257);
#13255 = CARTESIAN_POINT('',(70.,-57.,-4.6E-02));
#13256 = DIRECTION('',(-0.,-0.,-1.));
#13257 = DIRECTION('',(-0.,-1.,0.));
#13258 = ADVANCED_FACE('',(#13259),#13270,.F.);
#13259 = FACE_BOUND('',#13260,.T.);
#13260 = EDGE_LOOP('',(#13261,#13262,#13268,#13269));
#13261 = ORIENTED_EDGE('',*,*,#11605,.T.);
#13262 = ORIENTED_EDGE('',*,*,#13263,.T.);
#13263 = EDGE_CURVE('',#11606,#12317,#13264,.T.);
#13264 = LINE('',#13265,#13266);
#13265 = CARTESIAN_POINT('',(72.54,-57.51,-4.6E-02));
#13266 = VECTOR('',#13267,1.);
#13267 = DIRECTION('',(0.,0.,1.));
#13268 = ORIENTED_EDGE('',*,*,#12316,.F.);
#13269 = ORIENTED_EDGE('',*,*,#13263,.F.);
#13270 = CYLINDRICAL_SURFACE('',#13271,0.51);
#13271 = AXIS2_PLACEMENT_3D('',#13272,#13273,#13274);
#13272 = CARTESIAN_POINT('',(72.54,-57.,-4.6E-02));
#13273 = DIRECTION('',(-0.,0.,-1.));
#13274 = DIRECTION('',(2.78644210102E-14,-1.,-0.));
#13275 = ADVANCED_FACE('',(#13276),#13287,.F.);
#13276 = FACE_BOUND('',#13277,.T.);
#13277 = EDGE_LOOP('',(#13278,#13279,#13285,#13286));
#13278 = ORIENTED_EDGE('',*,*,#11616,.T.);
#13279 = ORIENTED_EDGE('',*,*,#13280,.T.);
#13280 = EDGE_CURVE('',#11617,#12328,#13281,.T.);
#13281 = LINE('',#13282,#13283);
#13282 = CARTESIAN_POINT('',(75.08,-57.51,-4.6E-02));
#13283 = VECTOR('',#13284,1.);
#13284 = DIRECTION('',(0.,0.,1.));
#13285 = ORIENTED_EDGE('',*,*,#12327,.F.);
#13286 = ORIENTED_EDGE('',*,*,#13280,.F.);
#13287 = CYLINDRICAL_SURFACE('',#13288,0.51);
#13288 = AXIS2_PLACEMENT_3D('',#13289,#13290,#13291);
#13289 = CARTESIAN_POINT('',(75.08,-57.,-4.6E-02));
#13290 = DIRECTION('',(-0.,-0.,-1.));
#13291 = DIRECTION('',(-0.,-1.,0.));
#13292 = ADVANCED_FACE('',(#13293),#13304,.F.);
#13293 = FACE_BOUND('',#13294,.T.);
#13294 = EDGE_LOOP('',(#13295,#13296,#13302,#13303));
#13295 = ORIENTED_EDGE('',*,*,#11627,.T.);
#13296 = ORIENTED_EDGE('',*,*,#13297,.T.);
#13297 = EDGE_CURVE('',#11628,#12339,#13298,.T.);
#13298 = LINE('',#13299,#13300);
#13299 = CARTESIAN_POINT('',(75.08,-55.39,-4.6E-02));
#13300 = VECTOR('',#13301,1.);
#13301 = DIRECTION('',(0.,0.,1.));
#13302 = ORIENTED_EDGE('',*,*,#12338,.F.);
#13303 = ORIENTED_EDGE('',*,*,#13297,.F.);
#13304 = CYLINDRICAL_SURFACE('',#13305,0.55);
#13305 = AXIS2_PLACEMENT_3D('',#13306,#13307,#13308);
#13306 = CARTESIAN_POINT('',(75.08,-54.84,-4.6E-02));
#13307 = DIRECTION('',(-0.,-0.,-1.));
#13308 = DIRECTION('',(-0.,-1.,0.));
#13309 = ADVANCED_FACE('',(#13310),#13321,.F.);
#13310 = FACE_BOUND('',#13311,.T.);
#13311 = EDGE_LOOP('',(#13312,#13313,#13319,#13320));
#13312 = ORIENTED_EDGE('',*,*,#11638,.T.);
#13313 = ORIENTED_EDGE('',*,*,#13314,.T.);
#13314 = EDGE_CURVE('',#11639,#12350,#13315,.T.);
#13315 = LINE('',#13316,#13317);
#13316 = CARTESIAN_POINT('',(77.62,-57.51,-4.6E-02));
#13317 = VECTOR('',#13318,1.);
#13318 = DIRECTION('',(0.,0.,1.));
#13319 = ORIENTED_EDGE('',*,*,#12349,.F.);
#13320 = ORIENTED_EDGE('',*,*,#13314,.F.);
#13321 = CYLINDRICAL_SURFACE('',#13322,0.51);
#13322 = AXIS2_PLACEMENT_3D('',#13323,#13324,#13325);
#13323 = CARTESIAN_POINT('',(77.62,-57.,-4.6E-02));
#13324 = DIRECTION('',(-0.,-0.,-1.));
#13325 = DIRECTION('',(-0.,-1.,0.));
#13326 = ADVANCED_FACE('',(#13327),#13338,.F.);
#13327 = FACE_BOUND('',#13328,.T.);
#13328 = EDGE_LOOP('',(#13329,#13330,#13336,#13337));
#13329 = ORIENTED_EDGE('',*,*,#11649,.T.);
#13330 = ORIENTED_EDGE('',*,*,#13331,.T.);
#13331 = EDGE_CURVE('',#11650,#12361,#13332,.T.);
#13332 = LINE('',#13333,#13334);
#13333 = CARTESIAN_POINT('',(86.,-57.51,-4.6E-02));
#13334 = VECTOR('',#13335,1.);
#13335 = DIRECTION('',(0.,0.,1.));
#13336 = ORIENTED_EDGE('',*,*,#12360,.F.);
#13337 = ORIENTED_EDGE('',*,*,#13331,.F.);
#13338 = CYLINDRICAL_SURFACE('',#13339,0.51);
#13339 = AXIS2_PLACEMENT_3D('',#13340,#13341,#13342);
#13340 = CARTESIAN_POINT('',(86.,-57.,-4.6E-02));
#13341 = DIRECTION('',(-0.,-0.,-1.));
#13342 = DIRECTION('',(-0.,-1.,0.));
#13343 = ADVANCED_FACE('',(#13344),#13355,.F.);
#13344 = FACE_BOUND('',#13345,.T.);
#13345 = EDGE_LOOP('',(#13346,#13347,#13353,#13354));
#13346 = ORIENTED_EDGE('',*,*,#11660,.T.);
#13347 = ORIENTED_EDGE('',*,*,#13348,.T.);
#13348 = EDGE_CURVE('',#11661,#12372,#13349,.T.);
#13349 = LINE('',#13350,#13351);
#13350 = CARTESIAN_POINT('',(88.54,-57.51,-4.6E-02));
#13351 = VECTOR('',#13352,1.);
#13352 = DIRECTION('',(0.,0.,1.));
#13353 = ORIENTED_EDGE('',*,*,#12371,.F.);
#13354 = ORIENTED_EDGE('',*,*,#13348,.F.);
#13355 = CYLINDRICAL_SURFACE('',#13356,0.51);
#13356 = AXIS2_PLACEMENT_3D('',#13357,#13358,#13359);
#13357 = CARTESIAN_POINT('',(88.54,-57.,-4.6E-02));
#13358 = DIRECTION('',(-0.,0.,-1.));
#13359 = DIRECTION('',(2.78644210102E-14,-1.,-0.));
#13360 = ADVANCED_FACE('',(#13361),#13372,.F.);
#13361 = FACE_BOUND('',#13362,.T.);
#13362 = EDGE_LOOP('',(#13363,#13364,#13370,#13371));
#13363 = ORIENTED_EDGE('',*,*,#11671,.T.);
#13364 = ORIENTED_EDGE('',*,*,#13365,.T.);
#13365 = EDGE_CURVE('',#11672,#12383,#13366,.T.);
#13366 = LINE('',#13367,#13368);
#13367 = CARTESIAN_POINT('',(91.08,-57.51,-4.6E-02));
#13368 = VECTOR('',#13369,1.);
#13369 = DIRECTION('',(0.,0.,1.));
#13370 = ORIENTED_EDGE('',*,*,#12382,.F.);
#13371 = ORIENTED_EDGE('',*,*,#13365,.F.);
#13372 = CYLINDRICAL_SURFACE('',#13373,0.51);
#13373 = AXIS2_PLACEMENT_3D('',#13374,#13375,#13376);
#13374 = CARTESIAN_POINT('',(91.08,-57.,-4.6E-02));
#13375 = DIRECTION('',(-0.,-0.,-1.));
#13376 = DIRECTION('',(-0.,-1.,0.));
#13377 = ADVANCED_FACE('',(#13378),#13389,.F.);
#13378 = FACE_BOUND('',#13379,.T.);
#13379 = EDGE_LOOP('',(#13380,#13381,#13387,#13388));
#13380 = ORIENTED_EDGE('',*,*,#11682,.T.);
#13381 = ORIENTED_EDGE('',*,*,#13382,.T.);
#13382 = EDGE_CURVE('',#11683,#12394,#13383,.T.);
#13383 = LINE('',#13384,#13385);
#13384 = CARTESIAN_POINT('',(91.08,-55.39,-4.6E-02));
#13385 = VECTOR('',#13386,1.);
#13386 = DIRECTION('',(0.,0.,1.));
#13387 = ORIENTED_EDGE('',*,*,#12393,.F.);
#13388 = ORIENTED_EDGE('',*,*,#13382,.F.);
#13389 = CYLINDRICAL_SURFACE('',#13390,0.55);
#13390 = AXIS2_PLACEMENT_3D('',#13391,#13392,#13393);
#13391 = CARTESIAN_POINT('',(91.08,-54.84,-4.6E-02));
#13392 = DIRECTION('',(-0.,-0.,-1.));
#13393 = DIRECTION('',(-0.,-1.,0.));
#13394 = ADVANCED_FACE('',(#13395),#13406,.F.);
#13395 = FACE_BOUND('',#13396,.T.);
#13396 = EDGE_LOOP('',(#13397,#13398,#13404,#13405));
#13397 = ORIENTED_EDGE('',*,*,#11693,.T.);
#13398 = ORIENTED_EDGE('',*,*,#13399,.T.);
#13399 = EDGE_CURVE('',#11694,#12405,#13400,.T.);
#13400 = LINE('',#13401,#13402);
#13401 = CARTESIAN_POINT('',(93.62,-57.51,-4.6E-02));
#13402 = VECTOR('',#13403,1.);
#13403 = DIRECTION('',(0.,0.,1.));
#13404 = ORIENTED_EDGE('',*,*,#12404,.F.);
#13405 = ORIENTED_EDGE('',*,*,#13399,.F.);
#13406 = CYLINDRICAL_SURFACE('',#13407,0.51);
#13407 = AXIS2_PLACEMENT_3D('',#13408,#13409,#13410);
#13408 = CARTESIAN_POINT('',(93.62,-57.,-4.6E-02));
#13409 = DIRECTION('',(-0.,-0.,-1.));
#13410 = DIRECTION('',(-0.,-1.,0.));
#13411 = ADVANCED_FACE('',(#13412),#13428,.F.);
#13412 = FACE_BOUND('',#13413,.T.);
#13413 = EDGE_LOOP('',(#13414,#13415,#13421,#13422));
#13414 = ORIENTED_EDGE('',*,*,#11704,.T.);
#13415 = ORIENTED_EDGE('',*,*,#13416,.T.);
#13416 = EDGE_CURVE('',#11707,#12418,#13417,.T.);
#13417 = LINE('',#13418,#13419);
#13418 = CARTESIAN_POINT('',(115.259886,-59.780059,-4.6E-02));
#13419 = VECTOR('',#13420,1.);
#13420 = DIRECTION('',(0.,0.,1.));
#13421 = ORIENTED_EDGE('',*,*,#12415,.F.);
#13422 = ORIENTED_EDGE('',*,*,#13423,.F.);
#13423 = EDGE_CURVE('',#11705,#12416,#13424,.T.);
#13424 = LINE('',#13425,#13426);
#13425 = CARTESIAN_POINT('',(115.259886,-59.180059,-4.6E-02));
#13426 = VECTOR('',#13427,1.);
#13427 = DIRECTION('',(0.,0.,1.));
#13428 = CYLINDRICAL_SURFACE('',#13429,0.3);
#13429 = AXIS2_PLACEMENT_3D('',#13430,#13431,#13432);
#13430 = CARTESIAN_POINT('',(115.259886,-59.480059,-4.6E-02));
#13431 = DIRECTION('',(-0.,-0.,-1.));
#13432 = DIRECTION('',(-4.736951571734E-14,-1.,0.));
#13433 = ADVANCED_FACE('',(#13434),#13445,.T.);
#13434 = FACE_BOUND('',#13435,.T.);
#13435 = EDGE_LOOP('',(#13436,#13437,#13438,#13439));
#13436 = ORIENTED_EDGE('',*,*,#11732,.T.);
#13437 = ORIENTED_EDGE('',*,*,#13423,.T.);
#13438 = ORIENTED_EDGE('',*,*,#12443,.F.);
#13439 = ORIENTED_EDGE('',*,*,#13440,.F.);
#13440 = EDGE_CURVE('',#11724,#12435,#13441,.T.);
#13441 = LINE('',#13442,#13443);
#13442 = CARTESIAN_POINT('',(114.15986,-59.180059,-4.6E-02));
#13443 = VECTOR('',#13444,1.);
#13444 = DIRECTION('',(0.,0.,1.));
#13445 = PLANE('',#13446);
#13446 = AXIS2_PLACEMENT_3D('',#13447,#13448,#13449);
#13447 = CARTESIAN_POINT('',(115.259886,-59.180059,-4.6E-02));
#13448 = DIRECTION('',(0.,-1.,0.));
#13449 = DIRECTION('',(-1.,0.,0.));
#13450 = ADVANCED_FACE('',(#13451),#13462,.F.);
#13451 = FACE_BOUND('',#13452,.T.);
#13452 = EDGE_LOOP('',(#13453,#13454,#13455,#13456));
#13453 = ORIENTED_EDGE('',*,*,#11723,.T.);
#13454 = ORIENTED_EDGE('',*,*,#13440,.T.);
#13455 = ORIENTED_EDGE('',*,*,#12434,.F.);
#13456 = ORIENTED_EDGE('',*,*,#13457,.F.);
#13457 = EDGE_CURVE('',#11716,#12427,#13458,.T.);
#13458 = LINE('',#13459,#13460);
#13459 = CARTESIAN_POINT('',(114.15986,-59.780059,-4.6E-02));
#13460 = VECTOR('',#13461,1.);
#13461 = DIRECTION('',(0.,0.,1.));
#13462 = CYLINDRICAL_SURFACE('',#13463,0.3);
#13463 = AXIS2_PLACEMENT_3D('',#13464,#13465,#13466);
#13464 = CARTESIAN_POINT('',(114.15986,-59.480059,-4.6E-02));
#13465 = DIRECTION('',(-0.,-0.,-1.));
#13466 = DIRECTION('',(-4.736951571734E-14,1.,0.));
#13467 = ADVANCED_FACE('',(#13468),#13474,.T.);
#13468 = FACE_BOUND('',#13469,.T.);
#13469 = EDGE_LOOP('',(#13470,#13471,#13472,#13473));
#13470 = ORIENTED_EDGE('',*,*,#11715,.T.);
#13471 = ORIENTED_EDGE('',*,*,#13457,.T.);
#13472 = ORIENTED_EDGE('',*,*,#12426,.F.);
#13473 = ORIENTED_EDGE('',*,*,#13416,.F.);
#13474 = PLANE('',#13475);
#13475 = AXIS2_PLACEMENT_3D('',#13476,#13477,#13478);
#13476 = CARTESIAN_POINT('',(114.15986,-59.780059,-4.6E-02));
#13477 = DIRECTION('',(0.,1.,0.));
#13478 = DIRECTION('',(1.,0.,0.));
#13479 = ADVANCED_FACE('',(#13480),#13496,.F.);
#13480 = FACE_BOUND('',#13481,.T.);
#13481 = EDGE_LOOP('',(#13482,#13483,#13489,#13490));
#13482 = ORIENTED_EDGE('',*,*,#11740,.T.);
#13483 = ORIENTED_EDGE('',*,*,#13484,.T.);
#13484 = EDGE_CURVE('',#11743,#12454,#13485,.T.);
#13485 = LINE('',#13486,#13487);
#13486 = CARTESIAN_POINT('',(119.28996,-59.780059,-4.6E-02));
#13487 = VECTOR('',#13488,1.);
#13488 = DIRECTION('',(0.,0.,1.));
#13489 = ORIENTED_EDGE('',*,*,#12451,.F.);
#13490 = ORIENTED_EDGE('',*,*,#13491,.F.);
#13491 = EDGE_CURVE('',#11741,#12452,#13492,.T.);
#13492 = LINE('',#13493,#13494);
#13493 = CARTESIAN_POINT('',(119.28996,-59.180059,-4.6E-02));
#13494 = VECTOR('',#13495,1.);
#13495 = DIRECTION('',(0.,0.,1.));
#13496 = CYLINDRICAL_SURFACE('',#13497,0.3);
#13497 = AXIS2_PLACEMENT_3D('',#13498,#13499,#13500);
#13498 = CARTESIAN_POINT('',(119.28996,-59.480059,-4.6E-02));
#13499 = DIRECTION('',(-0.,-0.,-1.));
#13500 = DIRECTION('',(-4.736951571734E-14,-1.,0.));
#13501 = ADVANCED_FACE('',(#13502),#13513,.T.);
#13502 = FACE_BOUND('',#13503,.T.);
#13503 = EDGE_LOOP('',(#13504,#13505,#13506,#13507));
#13504 = ORIENTED_EDGE('',*,*,#11768,.T.);
#13505 = ORIENTED_EDGE('',*,*,#13491,.T.);
#13506 = ORIENTED_EDGE('',*,*,#12479,.F.);
#13507 = ORIENTED_EDGE('',*,*,#13508,.F.);
#13508 = EDGE_CURVE('',#11760,#12471,#13509,.T.);
#13509 = LINE('',#13510,#13511);
#13510 = CARTESIAN_POINT('',(118.48996,-59.180059,-4.6E-02));
#13511 = VECTOR('',#13512,1.);
#13512 = DIRECTION('',(0.,0.,1.));
#13513 = PLANE('',#13514);
#13514 = AXIS2_PLACEMENT_3D('',#13515,#13516,#13517);
#13515 = CARTESIAN_POINT('',(119.28996,-59.180059,-4.6E-02));
#13516 = DIRECTION('',(0.,-1.,0.));
#13517 = DIRECTION('',(-1.,0.,0.));
#13518 = ADVANCED_FACE('',(#13519),#13530,.F.);
#13519 = FACE_BOUND('',#13520,.T.);
#13520 = EDGE_LOOP('',(#13521,#13522,#13523,#13524));
#13521 = ORIENTED_EDGE('',*,*,#11759,.T.);
#13522 = ORIENTED_EDGE('',*,*,#13508,.T.);
#13523 = ORIENTED_EDGE('',*,*,#12470,.F.);
#13524 = ORIENTED_EDGE('',*,*,#13525,.F.);
#13525 = EDGE_CURVE('',#11752,#12463,#13526,.T.);
#13526 = LINE('',#13527,#13528);
#13527 = CARTESIAN_POINT('',(118.48996,-59.780059,-4.6E-02));
#13528 = VECTOR('',#13529,1.);
#13529 = DIRECTION('',(0.,0.,1.));
#13530 = CYLINDRICAL_SURFACE('',#13531,0.3);
#13531 = AXIS2_PLACEMENT_3D('',#13532,#13533,#13534);
#13532 = CARTESIAN_POINT('',(118.48996,-59.480059,-4.6E-02));
#13533 = DIRECTION('',(-0.,0.,-1.));
#13534 = DIRECTION('',(0.,1.,0.));
#13535 = ADVANCED_FACE('',(#13536),#13542,.T.);
#13536 = FACE_BOUND('',#13537,.T.);
#13537 = EDGE_LOOP('',(#13538,#13539,#13540,#13541));
#13538 = ORIENTED_EDGE('',*,*,#11751,.T.);
#13539 = ORIENTED_EDGE('',*,*,#13525,.T.);
#13540 = ORIENTED_EDGE('',*,*,#12462,.F.);
#13541 = ORIENTED_EDGE('',*,*,#13484,.F.);
#13542 = PLANE('',#13543);
#13543 = AXIS2_PLACEMENT_3D('',#13544,#13545,#13546);
#13544 = CARTESIAN_POINT('',(118.48996,-59.780059,-4.6E-02));
#13545 = DIRECTION('',(0.,1.,0.));
#13546 = DIRECTION('',(1.,0.,0.));
#13547 = ADVANCED_FACE('',(#13548),#13559,.F.);
#13548 = FACE_BOUND('',#13549,.T.);
#13549 = EDGE_LOOP('',(#13550,#13551,#13557,#13558));
#13550 = ORIENTED_EDGE('',*,*,#11776,.T.);
#13551 = ORIENTED_EDGE('',*,*,#13552,.T.);
#13552 = EDGE_CURVE('',#11777,#12488,#13553,.T.);
#13553 = LINE('',#13554,#13555);
#13554 = CARTESIAN_POINT('',(115.21,-58.37503,-4.6E-02));
#13555 = VECTOR('',#13556,1.);
#13556 = DIRECTION('',(0.,0.,1.));
#13557 = ORIENTED_EDGE('',*,*,#12487,.F.);
#13558 = ORIENTED_EDGE('',*,*,#13552,.F.);
#13559 = CYLINDRICAL_SURFACE('',#13560,0.324994);
#13560 = AXIS2_PLACEMENT_3D('',#13561,#13562,#13563);
#13561 = CARTESIAN_POINT('',(115.21,-58.050036,-4.6E-02));
#13562 = DIRECTION('',(-0.,-0.,-1.));
#13563 = DIRECTION('',(-4.372651407473E-14,-1.,0.));
#13564 = ADVANCED_FACE('',(#13565),#13581,.F.);
#13565 = FACE_BOUND('',#13566,.T.);
#13566 = EDGE_LOOP('',(#13567,#13568,#13574,#13575));
#13567 = ORIENTED_EDGE('',*,*,#11787,.T.);
#13568 = ORIENTED_EDGE('',*,*,#13569,.T.);
#13569 = EDGE_CURVE('',#11790,#12501,#13570,.T.);
#13570 = LINE('',#13571,#13572);
#13571 = CARTESIAN_POINT('',(115.259873,-51.139977,-4.6E-02));
#13572 = VECTOR('',#13573,1.);
#13573 = DIRECTION('',(0.,0.,1.));
#13574 = ORIENTED_EDGE('',*,*,#12498,.F.);
#13575 = ORIENTED_EDGE('',*,*,#13576,.F.);
#13576 = EDGE_CURVE('',#11788,#12499,#13577,.T.);
#13577 = LINE('',#13578,#13579);
#13578 = CARTESIAN_POINT('',(115.259873,-50.539977,-4.6E-02));
#13579 = VECTOR('',#13580,1.);
#13580 = DIRECTION('',(0.,0.,1.));
#13581 = CYLINDRICAL_SURFACE('',#13582,0.3);
#13582 = AXIS2_PLACEMENT_3D('',#13583,#13584,#13585);
#13583 = CARTESIAN_POINT('',(115.259873,-50.839977,-4.6E-02));
#13584 = DIRECTION('',(-0.,-0.,-1.));
#13585 = DIRECTION('',(-0.,-1.,0.));
#13586 = ADVANCED_FACE('',(#13587),#13598,.T.);
#13587 = FACE_BOUND('',#13588,.T.);
#13588 = EDGE_LOOP('',(#13589,#13590,#13591,#13592));
#13589 = ORIENTED_EDGE('',*,*,#11815,.T.);
#13590 = ORIENTED_EDGE('',*,*,#13576,.T.);
#13591 = ORIENTED_EDGE('',*,*,#12526,.F.);
#13592 = ORIENTED_EDGE('',*,*,#13593,.F.);
#13593 = EDGE_CURVE('',#11807,#12518,#13594,.T.);
#13594 = LINE('',#13595,#13596);
#13595 = CARTESIAN_POINT('',(114.159873,-50.539977,-4.6E-02));
#13596 = VECTOR('',#13597,1.);
#13597 = DIRECTION('',(0.,0.,1.));
#13598 = PLANE('',#13599);
#13599 = AXIS2_PLACEMENT_3D('',#13600,#13601,#13602);
#13600 = CARTESIAN_POINT('',(115.259873,-50.539977,-4.6E-02));
#13601 = DIRECTION('',(0.,-1.,0.));
#13602 = DIRECTION('',(-1.,0.,0.));
#13603 = ADVANCED_FACE('',(#13604),#13615,.F.);
#13604 = FACE_BOUND('',#13605,.T.);
#13605 = EDGE_LOOP('',(#13606,#13607,#13608,#13609));
#13606 = ORIENTED_EDGE('',*,*,#11806,.T.);
#13607 = ORIENTED_EDGE('',*,*,#13593,.T.);
#13608 = ORIENTED_EDGE('',*,*,#12517,.F.);
#13609 = ORIENTED_EDGE('',*,*,#13610,.F.);
#13610 = EDGE_CURVE('',#11799,#12510,#13611,.T.);
#13611 = LINE('',#13612,#13613);
#13612 = CARTESIAN_POINT('',(114.159873,-51.139977,-4.6E-02));
#13613 = VECTOR('',#13614,1.);
#13614 = DIRECTION('',(0.,0.,1.));
#13615 = CYLINDRICAL_SURFACE('',#13616,0.3);
#13616 = AXIS2_PLACEMENT_3D('',#13617,#13618,#13619);
#13617 = CARTESIAN_POINT('',(114.159873,-50.839977,-4.6E-02));
#13618 = DIRECTION('',(-0.,-0.,-1.));
#13619 = DIRECTION('',(4.736951571734E-14,1.,-0.));
#13620 = ADVANCED_FACE('',(#13621),#13627,.T.);
#13621 = FACE_BOUND('',#13622,.T.);
#13622 = EDGE_LOOP('',(#13623,#13624,#13625,#13626));
#13623 = ORIENTED_EDGE('',*,*,#11798,.T.);
#13624 = ORIENTED_EDGE('',*,*,#13610,.T.);
#13625 = ORIENTED_EDGE('',*,*,#12509,.F.);
#13626 = ORIENTED_EDGE('',*,*,#13569,.F.);
#13627 = PLANE('',#13628);
#13628 = AXIS2_PLACEMENT_3D('',#13629,#13630,#13631);
#13629 = CARTESIAN_POINT('',(114.159873,-51.139977,-4.6E-02));
#13630 = DIRECTION('',(0.,1.,0.));
#13631 = DIRECTION('',(1.,0.,0.));
#13632 = ADVANCED_FACE('',(#13633),#13644,.F.);
#13633 = FACE_BOUND('',#13634,.T.);
#13634 = EDGE_LOOP('',(#13635,#13636,#13642,#13643));
#13635 = ORIENTED_EDGE('',*,*,#11823,.T.);
#13636 = ORIENTED_EDGE('',*,*,#13637,.T.);
#13637 = EDGE_CURVE('',#11824,#12535,#13638,.T.);
#13638 = LINE('',#13639,#13640);
#13639 = CARTESIAN_POINT('',(115.21,-52.594994,-4.6E-02));
#13640 = VECTOR('',#13641,1.);
#13641 = DIRECTION('',(0.,0.,1.));
#13642 = ORIENTED_EDGE('',*,*,#12534,.F.);
#13643 = ORIENTED_EDGE('',*,*,#13637,.F.);
#13644 = CYLINDRICAL_SURFACE('',#13645,0.324994);
#13645 = AXIS2_PLACEMENT_3D('',#13646,#13647,#13648);
#13646 = CARTESIAN_POINT('',(115.21,-52.27,-4.6E-02));
#13647 = DIRECTION('',(-0.,-0.,-1.));
#13648 = DIRECTION('',(-4.372651407473E-14,-1.,0.));
#13649 = ADVANCED_FACE('',(#13650),#13666,.F.);
#13650 = FACE_BOUND('',#13651,.T.);
#13651 = EDGE_LOOP('',(#13652,#13653,#13659,#13660));
#13652 = ORIENTED_EDGE('',*,*,#11834,.T.);
#13653 = ORIENTED_EDGE('',*,*,#13654,.T.);
#13654 = EDGE_CURVE('',#11837,#12548,#13655,.T.);
#13655 = LINE('',#13656,#13657);
#13656 = CARTESIAN_POINT('',(119.28996,-51.139977,-4.6E-02));
#13657 = VECTOR('',#13658,1.);
#13658 = DIRECTION('',(0.,0.,1.));
#13659 = ORIENTED_EDGE('',*,*,#12545,.F.);
#13660 = ORIENTED_EDGE('',*,*,#13661,.F.);
#13661 = EDGE_CURVE('',#11835,#12546,#13662,.T.);
#13662 = LINE('',#13663,#13664);
#13663 = CARTESIAN_POINT('',(119.28996,-50.539977,-4.6E-02));
#13664 = VECTOR('',#13665,1.);
#13665 = DIRECTION('',(0.,0.,1.));
#13666 = CYLINDRICAL_SURFACE('',#13667,0.3);
#13667 = AXIS2_PLACEMENT_3D('',#13668,#13669,#13670);
#13668 = CARTESIAN_POINT('',(119.28996,-50.839977,-4.6E-02));
#13669 = DIRECTION('',(-0.,-0.,-1.));
#13670 = DIRECTION('',(-4.736951571734E-14,-1.,0.));
#13671 = ADVANCED_FACE('',(#13672),#13683,.T.);
#13672 = FACE_BOUND('',#13673,.T.);
#13673 = EDGE_LOOP('',(#13674,#13675,#13676,#13677));
#13674 = ORIENTED_EDGE('',*,*,#11862,.T.);
#13675 = ORIENTED_EDGE('',*,*,#13661,.T.);
#13676 = ORIENTED_EDGE('',*,*,#12573,.F.);
#13677 = ORIENTED_EDGE('',*,*,#13678,.F.);
#13678 = EDGE_CURVE('',#11854,#12565,#13679,.T.);
#13679 = LINE('',#13680,#13681);
#13680 = CARTESIAN_POINT('',(118.48996,-50.539977,-4.6E-02));
#13681 = VECTOR('',#13682,1.);
#13682 = DIRECTION('',(0.,0.,1.));
#13683 = PLANE('',#13684);
#13684 = AXIS2_PLACEMENT_3D('',#13685,#13686,#13687);
#13685 = CARTESIAN_POINT('',(119.28996,-50.539977,-4.6E-02));
#13686 = DIRECTION('',(0.,-1.,0.));
#13687 = DIRECTION('',(-1.,0.,0.));
#13688 = ADVANCED_FACE('',(#13689),#13700,.F.);
#13689 = FACE_BOUND('',#13690,.T.);
#13690 = EDGE_LOOP('',(#13691,#13692,#13693,#13694));
#13691 = ORIENTED_EDGE('',*,*,#11853,.T.);
#13692 = ORIENTED_EDGE('',*,*,#13678,.T.);
#13693 = ORIENTED_EDGE('',*,*,#12564,.F.);
#13694 = ORIENTED_EDGE('',*,*,#13695,.F.);
#13695 = EDGE_CURVE('',#11846,#12557,#13696,.T.);
#13696 = LINE('',#13697,#13698);
#13697 = CARTESIAN_POINT('',(118.48996,-51.139977,-4.6E-02));
#13698 = VECTOR('',#13699,1.);
#13699 = DIRECTION('',(0.,0.,1.));
#13700 = CYLINDRICAL_SURFACE('',#13701,0.3);
#13701 = AXIS2_PLACEMENT_3D('',#13702,#13703,#13704);
#13702 = CARTESIAN_POINT('',(118.48996,-50.839977,-4.6E-02));
#13703 = DIRECTION('',(-0.,0.,-1.));
#13704 = DIRECTION('',(0.,1.,0.));
#13705 = ADVANCED_FACE('',(#13706),#13712,.T.);
#13706 = FACE_BOUND('',#13707,.T.);
#13707 = EDGE_LOOP('',(#13708,#13709,#13710,#13711));
#13708 = ORIENTED_EDGE('',*,*,#11845,.T.);
#13709 = ORIENTED_EDGE('',*,*,#13695,.T.);
#13710 = ORIENTED_EDGE('',*,*,#12556,.F.);
#13711 = ORIENTED_EDGE('',*,*,#13654,.F.);
#13712 = PLANE('',#13713);
#13713 = AXIS2_PLACEMENT_3D('',#13714,#13715,#13716);
#13714 = CARTESIAN_POINT('',(118.48996,-51.139977,-4.6E-02));
#13715 = DIRECTION('',(0.,1.,0.));
#13716 = DIRECTION('',(1.,0.,0.));
#13717 = ( GEOMETRIC_REPRESENTATION_CONTEXT(3) 
GLOBAL_UNCERTAINTY_ASSIGNED_CONTEXT((#13721)) 
GLOBAL_UNIT_ASSIGNED_CONTEXT((#13718,#13719,#13720)) 
REPRESENTATION_CONTEXT('Context #1',
  '3D Context with UNIT and UNCERTAINTY') );
#13718 = ( LENGTH_UNIT() NAMED_UNIT(*) SI_UNIT(.MILLI.,.METRE.) );
#13719 = ( NAMED_UNIT(*) PLANE_ANGLE_UNIT() SI_UNIT($,.RADIAN.) );
#13720 = ( NAMED_UNIT(*) SI_UNIT($,.STERADIAN.) SOLID_ANGLE_UNIT() );
#13721 = UNCERTAINTY_MEASURE_WITH_UNIT(LENGTH_MEASURE(1.E-07),#13718,
  'distance_accuracy_value','confusion accuracy');
#13722 = CONTEXT_DEPENDENT_SHAPE_REPRESENTATION(#13723,#13725);
#13723 = ( REPRESENTATION_RELATIONSHIP('','',#11056,#10) 
REPRESENTATION_RELATIONSHIP_WITH_TRANSFORMATION(#13724) 
SHAPE_REPRESENTATION_RELATIONSHIP() );
#13724 = ITEM_DEFINED_TRANSFORMATION('','',#11,#111);
#13725 = PRODUCT_DEFINITION_SHAPE('Placement','Placement of an item',
  #13726);
#13726 = NEXT_ASSEMBLY_USAGE_OCCURRENCE('31','=>[0:1:1:14]','',#5,#11051
  ,$);
#13727 = PRODUCT_RELATED_PRODUCT_CATEGORY('part',$,(#11053));
#13728 = MECHANICAL_DESIGN_GEOMETRIC_PRESENTATION_REPRESENTATION('',(
    #13729),#13717);
#13729 = STYLED_ITEM('color',(#13730),#11057);
#13730 = PRESENTATION_STYLE_ASSIGNMENT((#13731));
#13731 = SURFACE_STYLE_USAGE(.BOTH.,#13732);
#13732 = SURFACE_SIDE_STYLE('',(#13733));
#13733 = SURFACE_STYLE_FILL_AREA(#13734);
#13734 = FILL_AREA_STYLE('',(#13735));
#13735 = FILL_AREA_STYLE_COLOUR('',#13736);
#13736 = COLOUR_RGB('',0.313304153717,0.484529207832,0.410020903123);
#13737 = MECHANICAL_DESIGN_GEOMETRIC_PRESENTATION_REPRESENTATION('',(
    #13738,#13746,#13753,#13760,#13767,#13774,#13781,#13788,#13795,
    #13802,#13809,#13816,#13823,#13830,#13837,#13844,#13851,#13858,
    #13865,#13872,#13879,#13886,#13893,#13900,#13907,#13914,#13921,
    #13928,#13935,#13942,#13949,#13956,#13963,#13970,#13977,#13985,
    #13992,#13999,#14006,#14013,#14020,#14027,#14034,#14041,#14048,
    #14055,#14062,#14069,#14076,#14083,#14090,#14097,#14104,#14111,
    #14118,#14125,#14132,#14139,#14146,#14153,#14160,#14167,#14174,
    #14181,#14188,#14195,#14202,#14209,#14216,#14223,#14230,#14237,
    #14244,#14251,#14258,#14265,#14272,#14279,#14286,#14293,#14300,
    #14307,#14314,#14321,#14328,#14335,#14342,#14349,#14356,#14363,
    #14370,#14377,#14384,#14391,#14398,#14405,#14412,#14419,#14426,
    #14433,#14440,#14447,#14454,#14461,#14468,#14475,#14482,#14489,
    #14496,#14503,#14510,#14517,#14524,#14531,#14538,#14545,#14552,
    #14559,#14566,#14573,#14580,#14587,#14594,#14601),#3606);
#13738 = STYLED_ITEM('color',(#13739),#154);
#13739 = PRESENTATION_STYLE_ASSIGNMENT((#13740));
#13740 = SURFACE_STYLE_USAGE(.BOTH.,#13741);
#13741 = SURFACE_SIDE_STYLE('',(#13742));
#13742 = SURFACE_STYLE_FILL_AREA(#13743);
#13743 = FILL_AREA_STYLE('',(#13744));
#13744 = FILL_AREA_STYLE_COLOUR('',#13745);
#13745 = COLOUR_RGB('',0.147999998088,0.144999993226,0.144999993226);
#13746 = STYLED_ITEM('color',(#13747),#194);
#13747 = PRESENTATION_STYLE_ASSIGNMENT((#13748));
#13748 = SURFACE_STYLE_USAGE(.BOTH.,#13749);
#13749 = SURFACE_SIDE_STYLE('',(#13750));
#13750 = SURFACE_STYLE_FILL_AREA(#13751);
#13751 = FILL_AREA_STYLE('',(#13752));
#13752 = FILL_AREA_STYLE_COLOUR('',#13745);
#13753 = STYLED_ITEM('color',(#13754),#225);
#13754 = PRESENTATION_STYLE_ASSIGNMENT((#13755));
#13755 = SURFACE_STYLE_USAGE(.BOTH.,#13756);
#13756 = SURFACE_SIDE_STYLE('',(#13757));
#13757 = SURFACE_STYLE_FILL_AREA(#13758);
#13758 = FILL_AREA_STYLE('',(#13759));
#13759 = FILL_AREA_STYLE_COLOUR('',#13745);
#13760 = STYLED_ITEM('color',(#13761),#256);
#13761 = PRESENTATION_STYLE_ASSIGNMENT((#13762));
#13762 = SURFACE_STYLE_USAGE(.BOTH.,#13763);
#13763 = SURFACE_SIDE_STYLE('',(#13764));
#13764 = SURFACE_STYLE_FILL_AREA(#13765);
#13765 = FILL_AREA_STYLE('',(#13766));
#13766 = FILL_AREA_STYLE_COLOUR('',#13745);
#13767 = STYLED_ITEM('color',(#13768),#667);
#13768 = PRESENTATION_STYLE_ASSIGNMENT((#13769));
#13769 = SURFACE_STYLE_USAGE(.BOTH.,#13770);
#13770 = SURFACE_SIDE_STYLE('',(#13771));
#13771 = SURFACE_STYLE_FILL_AREA(#13772);
#13772 = FILL_AREA_STYLE('',(#13773));
#13773 = FILL_AREA_STYLE_COLOUR('',#13745);
#13774 = STYLED_ITEM('color',(#13775),#1078);
#13775 = PRESENTATION_STYLE_ASSIGNMENT((#13776));
#13776 = SURFACE_STYLE_USAGE(.BOTH.,#13777);
#13777 = SURFACE_SIDE_STYLE('',(#13778));
#13778 = SURFACE_STYLE_FILL_AREA(#13779);
#13779 = FILL_AREA_STYLE('',(#13780));
#13780 = FILL_AREA_STYLE_COLOUR('',#13745);
#13781 = STYLED_ITEM('color',(#13782),#1095);
#13782 = PRESENTATION_STYLE_ASSIGNMENT((#13783));
#13783 = SURFACE_STYLE_USAGE(.BOTH.,#13784);
#13784 = SURFACE_SIDE_STYLE('',(#13785));
#13785 = SURFACE_STYLE_FILL_AREA(#13786);
#13786 = FILL_AREA_STYLE('',(#13787));
#13787 = FILL_AREA_STYLE_COLOUR('',#13745);
#13788 = STYLED_ITEM('color',(#13789),#1112);
#13789 = PRESENTATION_STYLE_ASSIGNMENT((#13790));
#13790 = SURFACE_STYLE_USAGE(.BOTH.,#13791);
#13791 = SURFACE_SIDE_STYLE('',(#13792));
#13792 = SURFACE_STYLE_FILL_AREA(#13793);
#13793 = FILL_AREA_STYLE('',(#13794));
#13794 = FILL_AREA_STYLE_COLOUR('',#13745);
#13795 = STYLED_ITEM('color',(#13796),#1129);
#13796 = PRESENTATION_STYLE_ASSIGNMENT((#13797));
#13797 = SURFACE_STYLE_USAGE(.BOTH.,#13798);
#13798 = SURFACE_SIDE_STYLE('',(#13799));
#13799 = SURFACE_STYLE_FILL_AREA(#13800);
#13800 = FILL_AREA_STYLE('',(#13801));
#13801 = FILL_AREA_STYLE_COLOUR('',#13745);
#13802 = STYLED_ITEM('color',(#13803),#1146);
#13803 = PRESENTATION_STYLE_ASSIGNMENT((#13804));
#13804 = SURFACE_STYLE_USAGE(.BOTH.,#13805);
#13805 = SURFACE_SIDE_STYLE('',(#13806));
#13806 = SURFACE_STYLE_FILL_AREA(#13807);
#13807 = FILL_AREA_STYLE('',(#13808));
#13808 = FILL_AREA_STYLE_COLOUR('',#13745);
#13809 = STYLED_ITEM('color',(#13810),#1163);
#13810 = PRESENTATION_STYLE_ASSIGNMENT((#13811));
#13811 = SURFACE_STYLE_USAGE(.BOTH.,#13812);
#13812 = SURFACE_SIDE_STYLE('',(#13813));
#13813 = SURFACE_STYLE_FILL_AREA(#13814);
#13814 = FILL_AREA_STYLE('',(#13815));
#13815 = FILL_AREA_STYLE_COLOUR('',#13745);
#13816 = STYLED_ITEM('color',(#13817),#1180);
#13817 = PRESENTATION_STYLE_ASSIGNMENT((#13818));
#13818 = SURFACE_STYLE_USAGE(.BOTH.,#13819);
#13819 = SURFACE_SIDE_STYLE('',(#13820));
#13820 = SURFACE_STYLE_FILL_AREA(#13821);
#13821 = FILL_AREA_STYLE('',(#13822));
#13822 = FILL_AREA_STYLE_COLOUR('',#13745);
#13823 = STYLED_ITEM('color',(#13824),#1197);
#13824 = PRESENTATION_STYLE_ASSIGNMENT((#13825));
#13825 = SURFACE_STYLE_USAGE(.BOTH.,#13826);
#13826 = SURFACE_SIDE_STYLE('',(#13827));
#13827 = SURFACE_STYLE_FILL_AREA(#13828);
#13828 = FILL_AREA_STYLE('',(#13829));
#13829 = FILL_AREA_STYLE_COLOUR('',#13745);
#13830 = STYLED_ITEM('color',(#13831),#1214);
#13831 = PRESENTATION_STYLE_ASSIGNMENT((#13832));
#13832 = SURFACE_STYLE_USAGE(.BOTH.,#13833);
#13833 = SURFACE_SIDE_STYLE('',(#13834));
#13834 = SURFACE_STYLE_FILL_AREA(#13835);
#13835 = FILL_AREA_STYLE('',(#13836));
#13836 = FILL_AREA_STYLE_COLOUR('',#13745);
#13837 = STYLED_ITEM('color',(#13838),#1231);
#13838 = PRESENTATION_STYLE_ASSIGNMENT((#13839));
#13839 = SURFACE_STYLE_USAGE(.BOTH.,#13840);
#13840 = SURFACE_SIDE_STYLE('',(#13841));
#13841 = SURFACE_STYLE_FILL_AREA(#13842);
#13842 = FILL_AREA_STYLE('',(#13843));
#13843 = FILL_AREA_STYLE_COLOUR('',#13745);
#13844 = STYLED_ITEM('color',(#13845),#1248);
#13845 = PRESENTATION_STYLE_ASSIGNMENT((#13846));
#13846 = SURFACE_STYLE_USAGE(.BOTH.,#13847);
#13847 = SURFACE_SIDE_STYLE('',(#13848));
#13848 = SURFACE_STYLE_FILL_AREA(#13849);
#13849 = FILL_AREA_STYLE('',(#13850));
#13850 = FILL_AREA_STYLE_COLOUR('',#13745);
#13851 = STYLED_ITEM('color',(#13852),#1265);
#13852 = PRESENTATION_STYLE_ASSIGNMENT((#13853));
#13853 = SURFACE_STYLE_USAGE(.BOTH.,#13854);
#13854 = SURFACE_SIDE_STYLE('',(#13855));
#13855 = SURFACE_STYLE_FILL_AREA(#13856);
#13856 = FILL_AREA_STYLE('',(#13857));
#13857 = FILL_AREA_STYLE_COLOUR('',#13745);
#13858 = STYLED_ITEM('color',(#13859),#1282);
#13859 = PRESENTATION_STYLE_ASSIGNMENT((#13860));
#13860 = SURFACE_STYLE_USAGE(.BOTH.,#13861);
#13861 = SURFACE_SIDE_STYLE('',(#13862));
#13862 = SURFACE_STYLE_FILL_AREA(#13863);
#13863 = FILL_AREA_STYLE('',(#13864));
#13864 = FILL_AREA_STYLE_COLOUR('',#13745);
#13865 = STYLED_ITEM('color',(#13866),#1299);
#13866 = PRESENTATION_STYLE_ASSIGNMENT((#13867));
#13867 = SURFACE_STYLE_USAGE(.BOTH.,#13868);
#13868 = SURFACE_SIDE_STYLE('',(#13869));
#13869 = SURFACE_STYLE_FILL_AREA(#13870);
#13870 = FILL_AREA_STYLE('',(#13871));
#13871 = FILL_AREA_STYLE_COLOUR('',#13745);
#13872 = STYLED_ITEM('color',(#13873),#1316);
#13873 = PRESENTATION_STYLE_ASSIGNMENT((#13874));
#13874 = SURFACE_STYLE_USAGE(.BOTH.,#13875);
#13875 = SURFACE_SIDE_STYLE('',(#13876));
#13876 = SURFACE_STYLE_FILL_AREA(#13877);
#13877 = FILL_AREA_STYLE('',(#13878));
#13878 = FILL_AREA_STYLE_COLOUR('',#13745);
#13879 = STYLED_ITEM('color',(#13880),#1333);
#13880 = PRESENTATION_STYLE_ASSIGNMENT((#13881));
#13881 = SURFACE_STYLE_USAGE(.BOTH.,#13882);
#13882 = SURFACE_SIDE_STYLE('',(#13883));
#13883 = SURFACE_STYLE_FILL_AREA(#13884);
#13884 = FILL_AREA_STYLE('',(#13885));
#13885 = FILL_AREA_STYLE_COLOUR('',#13745);
#13886 = STYLED_ITEM('color',(#13887),#1350);
#13887 = PRESENTATION_STYLE_ASSIGNMENT((#13888));
#13888 = SURFACE_STYLE_USAGE(.BOTH.,#13889);
#13889 = SURFACE_SIDE_STYLE('',(#13890));
#13890 = SURFACE_STYLE_FILL_AREA(#13891);
#13891 = FILL_AREA_STYLE('',(#13892));
#13892 = FILL_AREA_STYLE_COLOUR('',#13745);
#13893 = STYLED_ITEM('color',(#13894),#1367);
#13894 = PRESENTATION_STYLE_ASSIGNMENT((#13895));
#13895 = SURFACE_STYLE_USAGE(.BOTH.,#13896);
#13896 = SURFACE_SIDE_STYLE('',(#13897));
#13897 = SURFACE_STYLE_FILL_AREA(#13898);
#13898 = FILL_AREA_STYLE('',(#13899));
#13899 = FILL_AREA_STYLE_COLOUR('',#13745);
#13900 = STYLED_ITEM('color',(#13901),#1384);
#13901 = PRESENTATION_STYLE_ASSIGNMENT((#13902));
#13902 = SURFACE_STYLE_USAGE(.BOTH.,#13903);
#13903 = SURFACE_SIDE_STYLE('',(#13904));
#13904 = SURFACE_STYLE_FILL_AREA(#13905);
#13905 = FILL_AREA_STYLE('',(#13906));
#13906 = FILL_AREA_STYLE_COLOUR('',#13745);
#13907 = STYLED_ITEM('color',(#13908),#1401);
#13908 = PRESENTATION_STYLE_ASSIGNMENT((#13909));
#13909 = SURFACE_STYLE_USAGE(.BOTH.,#13910);
#13910 = SURFACE_SIDE_STYLE('',(#13911));
#13911 = SURFACE_STYLE_FILL_AREA(#13912);
#13912 = FILL_AREA_STYLE('',(#13913));
#13913 = FILL_AREA_STYLE_COLOUR('',#13745);
#13914 = STYLED_ITEM('color',(#13915),#1418);
#13915 = PRESENTATION_STYLE_ASSIGNMENT((#13916));
#13916 = SURFACE_STYLE_USAGE(.BOTH.,#13917);
#13917 = SURFACE_SIDE_STYLE('',(#13918));
#13918 = SURFACE_STYLE_FILL_AREA(#13919);
#13919 = FILL_AREA_STYLE('',(#13920));
#13920 = FILL_AREA_STYLE_COLOUR('',#13745);
#13921 = STYLED_ITEM('color',(#13922),#1435);
#13922 = PRESENTATION_STYLE_ASSIGNMENT((#13923));
#13923 = SURFACE_STYLE_USAGE(.BOTH.,#13924);
#13924 = SURFACE_SIDE_STYLE('',(#13925));
#13925 = SURFACE_STYLE_FILL_AREA(#13926);
#13926 = FILL_AREA_STYLE('',(#13927));
#13927 = FILL_AREA_STYLE_COLOUR('',#13745);
#13928 = STYLED_ITEM('color',(#13929),#1452);
#13929 = PRESENTATION_STYLE_ASSIGNMENT((#13930));
#13930 = SURFACE_STYLE_USAGE(.BOTH.,#13931);
#13931 = SURFACE_SIDE_STYLE('',(#13932));
#13932 = SURFACE_STYLE_FILL_AREA(#13933);
#13933 = FILL_AREA_STYLE('',(#13934));
#13934 = FILL_AREA_STYLE_COLOUR('',#13745);
#13935 = STYLED_ITEM('color',(#13936),#1469);
#13936 = PRESENTATION_STYLE_ASSIGNMENT((#13937));
#13937 = SURFACE_STYLE_USAGE(.BOTH.,#13938);
#13938 = SURFACE_SIDE_STYLE('',(#13939));
#13939 = SURFACE_STYLE_FILL_AREA(#13940);
#13940 = FILL_AREA_STYLE('',(#13941));
#13941 = FILL_AREA_STYLE_COLOUR('',#13745);
#13942 = STYLED_ITEM('color',(#13943),#1486);
#13943 = PRESENTATION_STYLE_ASSIGNMENT((#13944));
#13944 = SURFACE_STYLE_USAGE(.BOTH.,#13945);
#13945 = SURFACE_SIDE_STYLE('',(#13946));
#13946 = SURFACE_STYLE_FILL_AREA(#13947);
#13947 = FILL_AREA_STYLE('',(#13948));
#13948 = FILL_AREA_STYLE_COLOUR('',#13745);
#13949 = STYLED_ITEM('color',(#13950),#1503);
#13950 = PRESENTATION_STYLE_ASSIGNMENT((#13951));
#13951 = SURFACE_STYLE_USAGE(.BOTH.,#13952);
#13952 = SURFACE_SIDE_STYLE('',(#13953));
#13953 = SURFACE_STYLE_FILL_AREA(#13954);
#13954 = FILL_AREA_STYLE('',(#13955));
#13955 = FILL_AREA_STYLE_COLOUR('',#13745);
#13956 = STYLED_ITEM('color',(#13957),#1520);
#13957 = PRESENTATION_STYLE_ASSIGNMENT((#13958));
#13958 = SURFACE_STYLE_USAGE(.BOTH.,#13959);
#13959 = SURFACE_SIDE_STYLE('',(#13960));
#13960 = SURFACE_STYLE_FILL_AREA(#13961);
#13961 = FILL_AREA_STYLE('',(#13962));
#13962 = FILL_AREA_STYLE_COLOUR('',#13745);
#13963 = STYLED_ITEM('color',(#13964),#1537);
#13964 = PRESENTATION_STYLE_ASSIGNMENT((#13965));
#13965 = SURFACE_STYLE_USAGE(.BOTH.,#13966);
#13966 = SURFACE_SIDE_STYLE('',(#13967));
#13967 = SURFACE_STYLE_FILL_AREA(#13968);
#13968 = FILL_AREA_STYLE('',(#13969));
#13969 = FILL_AREA_STYLE_COLOUR('',#13745);
#13970 = STYLED_ITEM('color',(#13971),#1554);
#13971 = PRESENTATION_STYLE_ASSIGNMENT((#13972));
#13972 = SURFACE_STYLE_USAGE(.BOTH.,#13973);
#13973 = SURFACE_SIDE_STYLE('',(#13974));
#13974 = SURFACE_STYLE_FILL_AREA(#13975);
#13975 = FILL_AREA_STYLE('',(#13976));
#13976 = FILL_AREA_STYLE_COLOUR('',#13745);
#13977 = STYLED_ITEM('color',(#13978),#1566);
#13978 = PRESENTATION_STYLE_ASSIGNMENT((#13979));
#13979 = SURFACE_STYLE_USAGE(.BOTH.,#13980);
#13980 = SURFACE_SIDE_STYLE('',(#13981));
#13981 = SURFACE_STYLE_FILL_AREA(#13982);
#13982 = FILL_AREA_STYLE('',(#13983));
#13983 = FILL_AREA_STYLE_COLOUR('',#13984);
#13984 = COLOUR_RGB('',0.859000020776,0.737999965183,0.495999988746);
#13985 = STYLED_ITEM('color',(#13986),#1597);
#13986 = PRESENTATION_STYLE_ASSIGNMENT((#13987));
#13987 = SURFACE_STYLE_USAGE(.BOTH.,#13988);
#13988 = SURFACE_SIDE_STYLE('',(#13989));
#13989 = SURFACE_STYLE_FILL_AREA(#13990);
#13990 = FILL_AREA_STYLE('',(#13991));
#13991 = FILL_AREA_STYLE_COLOUR('',#13984);
#13992 = STYLED_ITEM('color',(#13993),#1621);
#13993 = PRESENTATION_STYLE_ASSIGNMENT((#13994));
#13994 = SURFACE_STYLE_USAGE(.BOTH.,#13995);
#13995 = SURFACE_SIDE_STYLE('',(#13996));
#13996 = SURFACE_STYLE_FILL_AREA(#13997);
#13997 = FILL_AREA_STYLE('',(#13998));
#13998 = FILL_AREA_STYLE_COLOUR('',#13984);
#13999 = STYLED_ITEM('color',(#14000),#1645);
#14000 = PRESENTATION_STYLE_ASSIGNMENT((#14001));
#14001 = SURFACE_STYLE_USAGE(.BOTH.,#14002);
#14002 = SURFACE_SIDE_STYLE('',(#14003));
#14003 = SURFACE_STYLE_FILL_AREA(#14004);
#14004 = FILL_AREA_STYLE('',(#14005));
#14005 = FILL_AREA_STYLE_COLOUR('',#13984);
#14006 = STYLED_ITEM('color',(#14007),#1662);
#14007 = PRESENTATION_STYLE_ASSIGNMENT((#14008));
#14008 = SURFACE_STYLE_USAGE(.BOTH.,#14009);
#14009 = SURFACE_SIDE_STYLE('',(#14010));
#14010 = SURFACE_STYLE_FILL_AREA(#14011);
#14011 = FILL_AREA_STYLE('',(#14012));
#14012 = FILL_AREA_STYLE_COLOUR('',#13984);
#14013 = STYLED_ITEM('color',(#14014),#1693);
#14014 = PRESENTATION_STYLE_ASSIGNMENT((#14015));
#14015 = SURFACE_STYLE_USAGE(.BOTH.,#14016);
#14016 = SURFACE_SIDE_STYLE('',(#14017));
#14017 = SURFACE_STYLE_FILL_AREA(#14018);
#14018 = FILL_AREA_STYLE('',(#14019));
#14019 = FILL_AREA_STYLE_COLOUR('',#13984);
#14020 = STYLED_ITEM('color',(#14021),#1717);
#14021 = PRESENTATION_STYLE_ASSIGNMENT((#14022));
#14022 = SURFACE_STYLE_USAGE(.BOTH.,#14023);
#14023 = SURFACE_SIDE_STYLE('',(#14024));
#14024 = SURFACE_STYLE_FILL_AREA(#14025);
#14025 = FILL_AREA_STYLE('',(#14026));
#14026 = FILL_AREA_STYLE_COLOUR('',#13984);
#14027 = STYLED_ITEM('color',(#14028),#1741);
#14028 = PRESENTATION_STYLE_ASSIGNMENT((#14029));
#14029 = SURFACE_STYLE_USAGE(.BOTH.,#14030);
#14030 = SURFACE_SIDE_STYLE('',(#14031));
#14031 = SURFACE_STYLE_FILL_AREA(#14032);
#14032 = FILL_AREA_STYLE('',(#14033));
#14033 = FILL_AREA_STYLE_COLOUR('',#13984);
#14034 = STYLED_ITEM('color',(#14035),#1758);
#14035 = PRESENTATION_STYLE_ASSIGNMENT((#14036));
#14036 = SURFACE_STYLE_USAGE(.BOTH.,#14037);
#14037 = SURFACE_SIDE_STYLE('',(#14038));
#14038 = SURFACE_STYLE_FILL_AREA(#14039);
#14039 = FILL_AREA_STYLE('',(#14040));
#14040 = FILL_AREA_STYLE_COLOUR('',#13984);
#14041 = STYLED_ITEM('color',(#14042),#1789);
#14042 = PRESENTATION_STYLE_ASSIGNMENT((#14043));
#14043 = SURFACE_STYLE_USAGE(.BOTH.,#14044);
#14044 = SURFACE_SIDE_STYLE('',(#14045));
#14045 = SURFACE_STYLE_FILL_AREA(#14046);
#14046 = FILL_AREA_STYLE('',(#14047));
#14047 = FILL_AREA_STYLE_COLOUR('',#13984);
#14048 = STYLED_ITEM('color',(#14049),#1813);
#14049 = PRESENTATION_STYLE_ASSIGNMENT((#14050));
#14050 = SURFACE_STYLE_USAGE(.BOTH.,#14051);
#14051 = SURFACE_SIDE_STYLE('',(#14052));
#14052 = SURFACE_STYLE_FILL_AREA(#14053);
#14053 = FILL_AREA_STYLE('',(#14054));
#14054 = FILL_AREA_STYLE_COLOUR('',#13984);
#14055 = STYLED_ITEM('color',(#14056),#1837);
#14056 = PRESENTATION_STYLE_ASSIGNMENT((#14057));
#14057 = SURFACE_STYLE_USAGE(.BOTH.,#14058);
#14058 = SURFACE_SIDE_STYLE('',(#14059));
#14059 = SURFACE_STYLE_FILL_AREA(#14060);
#14060 = FILL_AREA_STYLE('',(#14061));
#14061 = FILL_AREA_STYLE_COLOUR('',#13984);
#14062 = STYLED_ITEM('color',(#14063),#1854);
#14063 = PRESENTATION_STYLE_ASSIGNMENT((#14064));
#14064 = SURFACE_STYLE_USAGE(.BOTH.,#14065);
#14065 = SURFACE_SIDE_STYLE('',(#14066));
#14066 = SURFACE_STYLE_FILL_AREA(#14067);
#14067 = FILL_AREA_STYLE('',(#14068));
#14068 = FILL_AREA_STYLE_COLOUR('',#13984);
#14069 = STYLED_ITEM('color',(#14070),#1885);
#14070 = PRESENTATION_STYLE_ASSIGNMENT((#14071));
#14071 = SURFACE_STYLE_USAGE(.BOTH.,#14072);
#14072 = SURFACE_SIDE_STYLE('',(#14073));
#14073 = SURFACE_STYLE_FILL_AREA(#14074);
#14074 = FILL_AREA_STYLE('',(#14075));
#14075 = FILL_AREA_STYLE_COLOUR('',#13984);
#14076 = STYLED_ITEM('color',(#14077),#1909);
#14077 = PRESENTATION_STYLE_ASSIGNMENT((#14078));
#14078 = SURFACE_STYLE_USAGE(.BOTH.,#14079);
#14079 = SURFACE_SIDE_STYLE('',(#14080));
#14080 = SURFACE_STYLE_FILL_AREA(#14081);
#14081 = FILL_AREA_STYLE('',(#14082));
#14082 = FILL_AREA_STYLE_COLOUR('',#13984);
#14083 = STYLED_ITEM('color',(#14084),#1933);
#14084 = PRESENTATION_STYLE_ASSIGNMENT((#14085));
#14085 = SURFACE_STYLE_USAGE(.BOTH.,#14086);
#14086 = SURFACE_SIDE_STYLE('',(#14087));
#14087 = SURFACE_STYLE_FILL_AREA(#14088);
#14088 = FILL_AREA_STYLE('',(#14089));
#14089 = FILL_AREA_STYLE_COLOUR('',#13984);
#14090 = STYLED_ITEM('color',(#14091),#1950);
#14091 = PRESENTATION_STYLE_ASSIGNMENT((#14092));
#14092 = SURFACE_STYLE_USAGE(.BOTH.,#14093);
#14093 = SURFACE_SIDE_STYLE('',(#14094));
#14094 = SURFACE_STYLE_FILL_AREA(#14095);
#14095 = FILL_AREA_STYLE('',(#14096));
#14096 = FILL_AREA_STYLE_COLOUR('',#13984);
#14097 = STYLED_ITEM('color',(#14098),#1981);
#14098 = PRESENTATION_STYLE_ASSIGNMENT((#14099));
#14099 = SURFACE_STYLE_USAGE(.BOTH.,#14100);
#14100 = SURFACE_SIDE_STYLE('',(#14101));
#14101 = SURFACE_STYLE_FILL_AREA(#14102);
#14102 = FILL_AREA_STYLE('',(#14103));
#14103 = FILL_AREA_STYLE_COLOUR('',#13984);
#14104 = STYLED_ITEM('color',(#14105),#2005);
#14105 = PRESENTATION_STYLE_ASSIGNMENT((#14106));
#14106 = SURFACE_STYLE_USAGE(.BOTH.,#14107);
#14107 = SURFACE_SIDE_STYLE('',(#14108));
#14108 = SURFACE_STYLE_FILL_AREA(#14109);
#14109 = FILL_AREA_STYLE('',(#14110));
#14110 = FILL_AREA_STYLE_COLOUR('',#13984);
#14111 = STYLED_ITEM('color',(#14112),#2029);
#14112 = PRESENTATION_STYLE_ASSIGNMENT((#14113));
#14113 = SURFACE_STYLE_USAGE(.BOTH.,#14114);
#14114 = SURFACE_SIDE_STYLE('',(#14115));
#14115 = SURFACE_STYLE_FILL_AREA(#14116);
#14116 = FILL_AREA_STYLE('',(#14117));
#14117 = FILL_AREA_STYLE_COLOUR('',#13984);
#14118 = STYLED_ITEM('color',(#14119),#2046);
#14119 = PRESENTATION_STYLE_ASSIGNMENT((#14120));
#14120 = SURFACE_STYLE_USAGE(.BOTH.,#14121);
#14121 = SURFACE_SIDE_STYLE('',(#14122));
#14122 = SURFACE_STYLE_FILL_AREA(#14123);
#14123 = FILL_AREA_STYLE('',(#14124));
#14124 = FILL_AREA_STYLE_COLOUR('',#13984);
#14125 = STYLED_ITEM('color',(#14126),#2077);
#14126 = PRESENTATION_STYLE_ASSIGNMENT((#14127));
#14127 = SURFACE_STYLE_USAGE(.BOTH.,#14128);
#14128 = SURFACE_SIDE_STYLE('',(#14129));
#14129 = SURFACE_STYLE_FILL_AREA(#14130);
#14130 = FILL_AREA_STYLE('',(#14131));
#14131 = FILL_AREA_STYLE_COLOUR('',#13984);
#14132 = STYLED_ITEM('color',(#14133),#2101);
#14133 = PRESENTATION_STYLE_ASSIGNMENT((#14134));
#14134 = SURFACE_STYLE_USAGE(.BOTH.,#14135);
#14135 = SURFACE_SIDE_STYLE('',(#14136));
#14136 = SURFACE_STYLE_FILL_AREA(#14137);
#14137 = FILL_AREA_STYLE('',(#14138));
#14138 = FILL_AREA_STYLE_COLOUR('',#13984);
#14139 = STYLED_ITEM('color',(#14140),#2125);
#14140 = PRESENTATION_STYLE_ASSIGNMENT((#14141));
#14141 = SURFACE_STYLE_USAGE(.BOTH.,#14142);
#14142 = SURFACE_SIDE_STYLE('',(#14143));
#14143 = SURFACE_STYLE_FILL_AREA(#14144);
#14144 = FILL_AREA_STYLE('',(#14145));
#14145 = FILL_AREA_STYLE_COLOUR('',#13984);
#14146 = STYLED_ITEM('color',(#14147),#2142);
#14147 = PRESENTATION_STYLE_ASSIGNMENT((#14148));
#14148 = SURFACE_STYLE_USAGE(.BOTH.,#14149);
#14149 = SURFACE_SIDE_STYLE('',(#14150));
#14150 = SURFACE_STYLE_FILL_AREA(#14151);
#14151 = FILL_AREA_STYLE('',(#14152));
#14152 = FILL_AREA_STYLE_COLOUR('',#13984);
#14153 = STYLED_ITEM('color',(#14154),#2173);
#14154 = PRESENTATION_STYLE_ASSIGNMENT((#14155));
#14155 = SURFACE_STYLE_USAGE(.BOTH.,#14156);
#14156 = SURFACE_SIDE_STYLE('',(#14157));
#14157 = SURFACE_STYLE_FILL_AREA(#14158);
#14158 = FILL_AREA_STYLE('',(#14159));
#14159 = FILL_AREA_STYLE_COLOUR('',#13984);
#14160 = STYLED_ITEM('color',(#14161),#2197);
#14161 = PRESENTATION_STYLE_ASSIGNMENT((#14162));
#14162 = SURFACE_STYLE_USAGE(.BOTH.,#14163);
#14163 = SURFACE_SIDE_STYLE('',(#14164));
#14164 = SURFACE_STYLE_FILL_AREA(#14165);
#14165 = FILL_AREA_STYLE('',(#14166));
#14166 = FILL_AREA_STYLE_COLOUR('',#13984);
#14167 = STYLED_ITEM('color',(#14168),#2221);
#14168 = PRESENTATION_STYLE_ASSIGNMENT((#14169));
#14169 = SURFACE_STYLE_USAGE(.BOTH.,#14170);
#14170 = SURFACE_SIDE_STYLE('',(#14171));
#14171 = SURFACE_STYLE_FILL_AREA(#14172);
#14172 = FILL_AREA_STYLE('',(#14173));
#14173 = FILL_AREA_STYLE_COLOUR('',#13984);
#14174 = STYLED_ITEM('color',(#14175),#2238);
#14175 = PRESENTATION_STYLE_ASSIGNMENT((#14176));
#14176 = SURFACE_STYLE_USAGE(.BOTH.,#14177);
#14177 = SURFACE_SIDE_STYLE('',(#14178));
#14178 = SURFACE_STYLE_FILL_AREA(#14179);
#14179 = FILL_AREA_STYLE('',(#14180));
#14180 = FILL_AREA_STYLE_COLOUR('',#13984);
#14181 = STYLED_ITEM('color',(#14182),#2269);
#14182 = PRESENTATION_STYLE_ASSIGNMENT((#14183));
#14183 = SURFACE_STYLE_USAGE(.BOTH.,#14184);
#14184 = SURFACE_SIDE_STYLE('',(#14185));
#14185 = SURFACE_STYLE_FILL_AREA(#14186);
#14186 = FILL_AREA_STYLE('',(#14187));
#14187 = FILL_AREA_STYLE_COLOUR('',#13984);
#14188 = STYLED_ITEM('color',(#14189),#2293);
#14189 = PRESENTATION_STYLE_ASSIGNMENT((#14190));
#14190 = SURFACE_STYLE_USAGE(.BOTH.,#14191);
#14191 = SURFACE_SIDE_STYLE('',(#14192));
#14192 = SURFACE_STYLE_FILL_AREA(#14193);
#14193 = FILL_AREA_STYLE('',(#14194));
#14194 = FILL_AREA_STYLE_COLOUR('',#13984);
#14195 = STYLED_ITEM('color',(#14196),#2317);
#14196 = PRESENTATION_STYLE_ASSIGNMENT((#14197));
#14197 = SURFACE_STYLE_USAGE(.BOTH.,#14198);
#14198 = SURFACE_SIDE_STYLE('',(#14199));
#14199 = SURFACE_STYLE_FILL_AREA(#14200);
#14200 = FILL_AREA_STYLE('',(#14201));
#14201 = FILL_AREA_STYLE_COLOUR('',#13984);
#14202 = STYLED_ITEM('color',(#14203),#2334);
#14203 = PRESENTATION_STYLE_ASSIGNMENT((#14204));
#14204 = SURFACE_STYLE_USAGE(.BOTH.,#14205);
#14205 = SURFACE_SIDE_STYLE('',(#14206));
#14206 = SURFACE_STYLE_FILL_AREA(#14207);
#14207 = FILL_AREA_STYLE('',(#14208));
#14208 = FILL_AREA_STYLE_COLOUR('',#13984);
#14209 = STYLED_ITEM('color',(#14210),#2365);
#14210 = PRESENTATION_STYLE_ASSIGNMENT((#14211));
#14211 = SURFACE_STYLE_USAGE(.BOTH.,#14212);
#14212 = SURFACE_SIDE_STYLE('',(#14213));
#14213 = SURFACE_STYLE_FILL_AREA(#14214);
#14214 = FILL_AREA_STYLE('',(#14215));
#14215 = FILL_AREA_STYLE_COLOUR('',#13984);
#14216 = STYLED_ITEM('color',(#14217),#2389);
#14217 = PRESENTATION_STYLE_ASSIGNMENT((#14218));
#14218 = SURFACE_STYLE_USAGE(.BOTH.,#14219);
#14219 = SURFACE_SIDE_STYLE('',(#14220));
#14220 = SURFACE_STYLE_FILL_AREA(#14221);
#14221 = FILL_AREA_STYLE('',(#14222));
#14222 = FILL_AREA_STYLE_COLOUR('',#13984);
#14223 = STYLED_ITEM('color',(#14224),#2413);
#14224 = PRESENTATION_STYLE_ASSIGNMENT((#14225));
#14225 = SURFACE_STYLE_USAGE(.BOTH.,#14226);
#14226 = SURFACE_SIDE_STYLE('',(#14227));
#14227 = SURFACE_STYLE_FILL_AREA(#14228);
#14228 = FILL_AREA_STYLE('',(#14229));
#14229 = FILL_AREA_STYLE_COLOUR('',#13984);
#14230 = STYLED_ITEM('color',(#14231),#2430);
#14231 = PRESENTATION_STYLE_ASSIGNMENT((#14232));
#14232 = SURFACE_STYLE_USAGE(.BOTH.,#14233);
#14233 = SURFACE_SIDE_STYLE('',(#14234));
#14234 = SURFACE_STYLE_FILL_AREA(#14235);
#14235 = FILL_AREA_STYLE('',(#14236));
#14236 = FILL_AREA_STYLE_COLOUR('',#13984);
#14237 = STYLED_ITEM('color',(#14238),#2461);
#14238 = PRESENTATION_STYLE_ASSIGNMENT((#14239));
#14239 = SURFACE_STYLE_USAGE(.BOTH.,#14240);
#14240 = SURFACE_SIDE_STYLE('',(#14241));
#14241 = SURFACE_STYLE_FILL_AREA(#14242);
#14242 = FILL_AREA_STYLE('',(#14243));
#14243 = FILL_AREA_STYLE_COLOUR('',#13984);
#14244 = STYLED_ITEM('color',(#14245),#2485);
#14245 = PRESENTATION_STYLE_ASSIGNMENT((#14246));
#14246 = SURFACE_STYLE_USAGE(.BOTH.,#14247);
#14247 = SURFACE_SIDE_STYLE('',(#14248));
#14248 = SURFACE_STYLE_FILL_AREA(#14249);
#14249 = FILL_AREA_STYLE('',(#14250));
#14250 = FILL_AREA_STYLE_COLOUR('',#13984);
#14251 = STYLED_ITEM('color',(#14252),#2509);
#14252 = PRESENTATION_STYLE_ASSIGNMENT((#14253));
#14253 = SURFACE_STYLE_USAGE(.BOTH.,#14254);
#14254 = SURFACE_SIDE_STYLE('',(#14255));
#14255 = SURFACE_STYLE_FILL_AREA(#14256);
#14256 = FILL_AREA_STYLE('',(#14257));
#14257 = FILL_AREA_STYLE_COLOUR('',#13984);
#14258 = STYLED_ITEM('color',(#14259),#2526);
#14259 = PRESENTATION_STYLE_ASSIGNMENT((#14260));
#14260 = SURFACE_STYLE_USAGE(.BOTH.,#14261);
#14261 = SURFACE_SIDE_STYLE('',(#14262));
#14262 = SURFACE_STYLE_FILL_AREA(#14263);
#14263 = FILL_AREA_STYLE('',(#14264));
#14264 = FILL_AREA_STYLE_COLOUR('',#13984);
#14265 = STYLED_ITEM('color',(#14266),#2557);
#14266 = PRESENTATION_STYLE_ASSIGNMENT((#14267));
#14267 = SURFACE_STYLE_USAGE(.BOTH.,#14268);
#14268 = SURFACE_SIDE_STYLE('',(#14269));
#14269 = SURFACE_STYLE_FILL_AREA(#14270);
#14270 = FILL_AREA_STYLE('',(#14271));
#14271 = FILL_AREA_STYLE_COLOUR('',#13984);
#14272 = STYLED_ITEM('color',(#14273),#2581);
#14273 = PRESENTATION_STYLE_ASSIGNMENT((#14274));
#14274 = SURFACE_STYLE_USAGE(.BOTH.,#14275);
#14275 = SURFACE_SIDE_STYLE('',(#14276));
#14276 = SURFACE_STYLE_FILL_AREA(#14277);
#14277 = FILL_AREA_STYLE('',(#14278));
#14278 = FILL_AREA_STYLE_COLOUR('',#13984);
#14279 = STYLED_ITEM('color',(#14280),#2605);
#14280 = PRESENTATION_STYLE_ASSIGNMENT((#14281));
#14281 = SURFACE_STYLE_USAGE(.BOTH.,#14282);
#14282 = SURFACE_SIDE_STYLE('',(#14283));
#14283 = SURFACE_STYLE_FILL_AREA(#14284);
#14284 = FILL_AREA_STYLE('',(#14285));
#14285 = FILL_AREA_STYLE_COLOUR('',#13984);
#14286 = STYLED_ITEM('color',(#14287),#2622);
#14287 = PRESENTATION_STYLE_ASSIGNMENT((#14288));
#14288 = SURFACE_STYLE_USAGE(.BOTH.,#14289);
#14289 = SURFACE_SIDE_STYLE('',(#14290));
#14290 = SURFACE_STYLE_FILL_AREA(#14291);
#14291 = FILL_AREA_STYLE('',(#14292));
#14292 = FILL_AREA_STYLE_COLOUR('',#13984);
#14293 = STYLED_ITEM('color',(#14294),#2653);
#14294 = PRESENTATION_STYLE_ASSIGNMENT((#14295));
#14295 = SURFACE_STYLE_USAGE(.BOTH.,#14296);
#14296 = SURFACE_SIDE_STYLE('',(#14297));
#14297 = SURFACE_STYLE_FILL_AREA(#14298);
#14298 = FILL_AREA_STYLE('',(#14299));
#14299 = FILL_AREA_STYLE_COLOUR('',#13984);
#14300 = STYLED_ITEM('color',(#14301),#2677);
#14301 = PRESENTATION_STYLE_ASSIGNMENT((#14302));
#14302 = SURFACE_STYLE_USAGE(.BOTH.,#14303);
#14303 = SURFACE_SIDE_STYLE('',(#14304));
#14304 = SURFACE_STYLE_FILL_AREA(#14305);
#14305 = FILL_AREA_STYLE('',(#14306));
#14306 = FILL_AREA_STYLE_COLOUR('',#13984);
#14307 = STYLED_ITEM('color',(#14308),#2701);
#14308 = PRESENTATION_STYLE_ASSIGNMENT((#14309));
#14309 = SURFACE_STYLE_USAGE(.BOTH.,#14310);
#14310 = SURFACE_SIDE_STYLE('',(#14311));
#14311 = SURFACE_STYLE_FILL_AREA(#14312);
#14312 = FILL_AREA_STYLE('',(#14313));
#14313 = FILL_AREA_STYLE_COLOUR('',#13984);
#14314 = STYLED_ITEM('color',(#14315),#2718);
#14315 = PRESENTATION_STYLE_ASSIGNMENT((#14316));
#14316 = SURFACE_STYLE_USAGE(.BOTH.,#14317);
#14317 = SURFACE_SIDE_STYLE('',(#14318));
#14318 = SURFACE_STYLE_FILL_AREA(#14319);
#14319 = FILL_AREA_STYLE('',(#14320));
#14320 = FILL_AREA_STYLE_COLOUR('',#13984);
#14321 = STYLED_ITEM('color',(#14322),#2749);
#14322 = PRESENTATION_STYLE_ASSIGNMENT((#14323));
#14323 = SURFACE_STYLE_USAGE(.BOTH.,#14324);
#14324 = SURFACE_SIDE_STYLE('',(#14325));
#14325 = SURFACE_STYLE_FILL_AREA(#14326);
#14326 = FILL_AREA_STYLE('',(#14327));
#14327 = FILL_AREA_STYLE_COLOUR('',#13984);
#14328 = STYLED_ITEM('color',(#14329),#2773);
#14329 = PRESENTATION_STYLE_ASSIGNMENT((#14330));
#14330 = SURFACE_STYLE_USAGE(.BOTH.,#14331);
#14331 = SURFACE_SIDE_STYLE('',(#14332));
#14332 = SURFACE_STYLE_FILL_AREA(#14333);
#14333 = FILL_AREA_STYLE('',(#14334));
#14334 = FILL_AREA_STYLE_COLOUR('',#13984);
#14335 = STYLED_ITEM('color',(#14336),#2797);
#14336 = PRESENTATION_STYLE_ASSIGNMENT((#14337));
#14337 = SURFACE_STYLE_USAGE(.BOTH.,#14338);
#14338 = SURFACE_SIDE_STYLE('',(#14339));
#14339 = SURFACE_STYLE_FILL_AREA(#14340);
#14340 = FILL_AREA_STYLE('',(#14341));
#14341 = FILL_AREA_STYLE_COLOUR('',#13984);
#14342 = STYLED_ITEM('color',(#14343),#2814);
#14343 = PRESENTATION_STYLE_ASSIGNMENT((#14344));
#14344 = SURFACE_STYLE_USAGE(.BOTH.,#14345);
#14345 = SURFACE_SIDE_STYLE('',(#14346));
#14346 = SURFACE_STYLE_FILL_AREA(#14347);
#14347 = FILL_AREA_STYLE('',(#14348));
#14348 = FILL_AREA_STYLE_COLOUR('',#13984);
#14349 = STYLED_ITEM('color',(#14350),#2845);
#14350 = PRESENTATION_STYLE_ASSIGNMENT((#14351));
#14351 = SURFACE_STYLE_USAGE(.BOTH.,#14352);
#14352 = SURFACE_SIDE_STYLE('',(#14353));
#14353 = SURFACE_STYLE_FILL_AREA(#14354);
#14354 = FILL_AREA_STYLE('',(#14355));
#14355 = FILL_AREA_STYLE_COLOUR('',#13984);
#14356 = STYLED_ITEM('color',(#14357),#2869);
#14357 = PRESENTATION_STYLE_ASSIGNMENT((#14358));
#14358 = SURFACE_STYLE_USAGE(.BOTH.,#14359);
#14359 = SURFACE_SIDE_STYLE('',(#14360));
#14360 = SURFACE_STYLE_FILL_AREA(#14361);
#14361 = FILL_AREA_STYLE('',(#14362));
#14362 = FILL_AREA_STYLE_COLOUR('',#13984);
#14363 = STYLED_ITEM('color',(#14364),#2893);
#14364 = PRESENTATION_STYLE_ASSIGNMENT((#14365));
#14365 = SURFACE_STYLE_USAGE(.BOTH.,#14366);
#14366 = SURFACE_SIDE_STYLE('',(#14367));
#14367 = SURFACE_STYLE_FILL_AREA(#14368);
#14368 = FILL_AREA_STYLE('',(#14369));
#14369 = FILL_AREA_STYLE_COLOUR('',#13984);
#14370 = STYLED_ITEM('color',(#14371),#2910);
#14371 = PRESENTATION_STYLE_ASSIGNMENT((#14372));
#14372 = SURFACE_STYLE_USAGE(.BOTH.,#14373);
#14373 = SURFACE_SIDE_STYLE('',(#14374));
#14374 = SURFACE_STYLE_FILL_AREA(#14375);
#14375 = FILL_AREA_STYLE('',(#14376));
#14376 = FILL_AREA_STYLE_COLOUR('',#13984);
#14377 = STYLED_ITEM('color',(#14378),#2941);
#14378 = PRESENTATION_STYLE_ASSIGNMENT((#14379));
#14379 = SURFACE_STYLE_USAGE(.BOTH.,#14380);
#14380 = SURFACE_SIDE_STYLE('',(#14381));
#14381 = SURFACE_STYLE_FILL_AREA(#14382);
#14382 = FILL_AREA_STYLE('',(#14383));
#14383 = FILL_AREA_STYLE_COLOUR('',#13984);
#14384 = STYLED_ITEM('color',(#14385),#2965);
#14385 = PRESENTATION_STYLE_ASSIGNMENT((#14386));
#14386 = SURFACE_STYLE_USAGE(.BOTH.,#14387);
#14387 = SURFACE_SIDE_STYLE('',(#14388));
#14388 = SURFACE_STYLE_FILL_AREA(#14389);
#14389 = FILL_AREA_STYLE('',(#14390));
#14390 = FILL_AREA_STYLE_COLOUR('',#13984);
#14391 = STYLED_ITEM('color',(#14392),#2989);
#14392 = PRESENTATION_STYLE_ASSIGNMENT((#14393));
#14393 = SURFACE_STYLE_USAGE(.BOTH.,#14394);
#14394 = SURFACE_SIDE_STYLE('',(#14395));
#14395 = SURFACE_STYLE_FILL_AREA(#14396);
#14396 = FILL_AREA_STYLE('',(#14397));
#14397 = FILL_AREA_STYLE_COLOUR('',#13984);
#14398 = STYLED_ITEM('color',(#14399),#3006);
#14399 = PRESENTATION_STYLE_ASSIGNMENT((#14400));
#14400 = SURFACE_STYLE_USAGE(.BOTH.,#14401);
#14401 = SURFACE_SIDE_STYLE('',(#14402));
#14402 = SURFACE_STYLE_FILL_AREA(#14403);
#14403 = FILL_AREA_STYLE('',(#14404));
#14404 = FILL_AREA_STYLE_COLOUR('',#13984);
#14405 = STYLED_ITEM('color',(#14406),#3037);
#14406 = PRESENTATION_STYLE_ASSIGNMENT((#14407));
#14407 = SURFACE_STYLE_USAGE(.BOTH.,#14408);
#14408 = SURFACE_SIDE_STYLE('',(#14409));
#14409 = SURFACE_STYLE_FILL_AREA(#14410);
#14410 = FILL_AREA_STYLE('',(#14411));
#14411 = FILL_AREA_STYLE_COLOUR('',#13984);
#14412 = STYLED_ITEM('color',(#14413),#3061);
#14413 = PRESENTATION_STYLE_ASSIGNMENT((#14414));
#14414 = SURFACE_STYLE_USAGE(.BOTH.,#14415);
#14415 = SURFACE_SIDE_STYLE('',(#14416));
#14416 = SURFACE_STYLE_FILL_AREA(#14417);
#14417 = FILL_AREA_STYLE('',(#14418));
#14418 = FILL_AREA_STYLE_COLOUR('',#13984);
#14419 = STYLED_ITEM('color',(#14420),#3085);
#14420 = PRESENTATION_STYLE_ASSIGNMENT((#14421));
#14421 = SURFACE_STYLE_USAGE(.BOTH.,#14422);
#14422 = SURFACE_SIDE_STYLE('',(#14423));
#14423 = SURFACE_STYLE_FILL_AREA(#14424);
#14424 = FILL_AREA_STYLE('',(#14425));
#14425 = FILL_AREA_STYLE_COLOUR('',#13984);
#14426 = STYLED_ITEM('color',(#14427),#3102);
#14427 = PRESENTATION_STYLE_ASSIGNMENT((#14428));
#14428 = SURFACE_STYLE_USAGE(.BOTH.,#14429);
#14429 = SURFACE_SIDE_STYLE('',(#14430));
#14430 = SURFACE_STYLE_FILL_AREA(#14431);
#14431 = FILL_AREA_STYLE('',(#14432));
#14432 = FILL_AREA_STYLE_COLOUR('',#13984);
#14433 = STYLED_ITEM('color',(#14434),#3133);
#14434 = PRESENTATION_STYLE_ASSIGNMENT((#14435));
#14435 = SURFACE_STYLE_USAGE(.BOTH.,#14436);
#14436 = SURFACE_SIDE_STYLE('',(#14437));
#14437 = SURFACE_STYLE_FILL_AREA(#14438);
#14438 = FILL_AREA_STYLE('',(#14439));
#14439 = FILL_AREA_STYLE_COLOUR('',#13984);
#14440 = STYLED_ITEM('color',(#14441),#3157);
#14441 = PRESENTATION_STYLE_ASSIGNMENT((#14442));
#14442 = SURFACE_STYLE_USAGE(.BOTH.,#14443);
#14443 = SURFACE_SIDE_STYLE('',(#14444));
#14444 = SURFACE_STYLE_FILL_AREA(#14445);
#14445 = FILL_AREA_STYLE('',(#14446));
#14446 = FILL_AREA_STYLE_COLOUR('',#13984);
#14447 = STYLED_ITEM('color',(#14448),#3181);
#14448 = PRESENTATION_STYLE_ASSIGNMENT((#14449));
#14449 = SURFACE_STYLE_USAGE(.BOTH.,#14450);
#14450 = SURFACE_SIDE_STYLE('',(#14451));
#14451 = SURFACE_STYLE_FILL_AREA(#14452);
#14452 = FILL_AREA_STYLE('',(#14453));
#14453 = FILL_AREA_STYLE_COLOUR('',#13984);
#14454 = STYLED_ITEM('color',(#14455),#3198);
#14455 = PRESENTATION_STYLE_ASSIGNMENT((#14456));
#14456 = SURFACE_STYLE_USAGE(.BOTH.,#14457);
#14457 = SURFACE_SIDE_STYLE('',(#14458));
#14458 = SURFACE_STYLE_FILL_AREA(#14459);
#14459 = FILL_AREA_STYLE('',(#14460));
#14460 = FILL_AREA_STYLE_COLOUR('',#13984);
#14461 = STYLED_ITEM('color',(#14462),#3229);
#14462 = PRESENTATION_STYLE_ASSIGNMENT((#14463));
#14463 = SURFACE_STYLE_USAGE(.BOTH.,#14464);
#14464 = SURFACE_SIDE_STYLE('',(#14465));
#14465 = SURFACE_STYLE_FILL_AREA(#14466);
#14466 = FILL_AREA_STYLE('',(#14467));
#14467 = FILL_AREA_STYLE_COLOUR('',#13984);
#14468 = STYLED_ITEM('color',(#14469),#3253);
#14469 = PRESENTATION_STYLE_ASSIGNMENT((#14470));
#14470 = SURFACE_STYLE_USAGE(.BOTH.,#14471);
#14471 = SURFACE_SIDE_STYLE('',(#14472));
#14472 = SURFACE_STYLE_FILL_AREA(#14473);
#14473 = FILL_AREA_STYLE('',(#14474));
#14474 = FILL_AREA_STYLE_COLOUR('',#13984);
#14475 = STYLED_ITEM('color',(#14476),#3277);
#14476 = PRESENTATION_STYLE_ASSIGNMENT((#14477));
#14477 = SURFACE_STYLE_USAGE(.BOTH.,#14478);
#14478 = SURFACE_SIDE_STYLE('',(#14479));
#14479 = SURFACE_STYLE_FILL_AREA(#14480);
#14480 = FILL_AREA_STYLE('',(#14481));
#14481 = FILL_AREA_STYLE_COLOUR('',#13984);
#14482 = STYLED_ITEM('color',(#14483),#3294);
#14483 = PRESENTATION_STYLE_ASSIGNMENT((#14484));
#14484 = SURFACE_STYLE_USAGE(.BOTH.,#14485);
#14485 = SURFACE_SIDE_STYLE('',(#14486));
#14486 = SURFACE_STYLE_FILL_AREA(#14487);
#14487 = FILL_AREA_STYLE('',(#14488));
#14488 = FILL_AREA_STYLE_COLOUR('',#13984);
#14489 = STYLED_ITEM('color',(#14490),#3325);
#14490 = PRESENTATION_STYLE_ASSIGNMENT((#14491));
#14491 = SURFACE_STYLE_USAGE(.BOTH.,#14492);
#14492 = SURFACE_SIDE_STYLE('',(#14493));
#14493 = SURFACE_STYLE_FILL_AREA(#14494);
#14494 = FILL_AREA_STYLE('',(#14495));
#14495 = FILL_AREA_STYLE_COLOUR('',#13984);
#14496 = STYLED_ITEM('color',(#14497),#3349);
#14497 = PRESENTATION_STYLE_ASSIGNMENT((#14498));
#14498 = SURFACE_STYLE_USAGE(.BOTH.,#14499);
#14499 = SURFACE_SIDE_STYLE('',(#14500));
#14500 = SURFACE_STYLE_FILL_AREA(#14501);
#14501 = FILL_AREA_STYLE('',(#14502));
#14502 = FILL_AREA_STYLE_COLOUR('',#13984);
#14503 = STYLED_ITEM('color',(#14504),#3373);
#14504 = PRESENTATION_STYLE_ASSIGNMENT((#14505));
#14505 = SURFACE_STYLE_USAGE(.BOTH.,#14506);
#14506 = SURFACE_SIDE_STYLE('',(#14507));
#14507 = SURFACE_STYLE_FILL_AREA(#14508);
#14508 = FILL_AREA_STYLE('',(#14509));
#14509 = FILL_AREA_STYLE_COLOUR('',#13984);
#14510 = STYLED_ITEM('color',(#14511),#3390);
#14511 = PRESENTATION_STYLE_ASSIGNMENT((#14512));
#14512 = SURFACE_STYLE_USAGE(.BOTH.,#14513);
#14513 = SURFACE_SIDE_STYLE('',(#14514));
#14514 = SURFACE_STYLE_FILL_AREA(#14515);
#14515 = FILL_AREA_STYLE('',(#14516));
#14516 = FILL_AREA_STYLE_COLOUR('',#13984);
#14517 = STYLED_ITEM('color',(#14518),#3421);
#14518 = PRESENTATION_STYLE_ASSIGNMENT((#14519));
#14519 = SURFACE_STYLE_USAGE(.BOTH.,#14520);
#14520 = SURFACE_SIDE_STYLE('',(#14521));
#14521 = SURFACE_STYLE_FILL_AREA(#14522);
#14522 = FILL_AREA_STYLE('',(#14523));
#14523 = FILL_AREA_STYLE_COLOUR('',#13984);
#14524 = STYLED_ITEM('color',(#14525),#3445);
#14525 = PRESENTATION_STYLE_ASSIGNMENT((#14526));
#14526 = SURFACE_STYLE_USAGE(.BOTH.,#14527);
#14527 = SURFACE_SIDE_STYLE('',(#14528));
#14528 = SURFACE_STYLE_FILL_AREA(#14529);
#14529 = FILL_AREA_STYLE('',(#14530));
#14530 = FILL_AREA_STYLE_COLOUR('',#13984);
#14531 = STYLED_ITEM('color',(#14532),#3469);
#14532 = PRESENTATION_STYLE_ASSIGNMENT((#14533));
#14533 = SURFACE_STYLE_USAGE(.BOTH.,#14534);
#14534 = SURFACE_SIDE_STYLE('',(#14535));
#14535 = SURFACE_STYLE_FILL_AREA(#14536);
#14536 = FILL_AREA_STYLE('',(#14537));
#14537 = FILL_AREA_STYLE_COLOUR('',#13984);
#14538 = STYLED_ITEM('color',(#14539),#3486);
#14539 = PRESENTATION_STYLE_ASSIGNMENT((#14540));
#14540 = SURFACE_STYLE_USAGE(.BOTH.,#14541);
#14541 = SURFACE_SIDE_STYLE('',(#14542));
#14542 = SURFACE_STYLE_FILL_AREA(#14543);
#14543 = FILL_AREA_STYLE('',(#14544));
#14544 = FILL_AREA_STYLE_COLOUR('',#13984);
#14545 = STYLED_ITEM('color',(#14546),#3498);
#14546 = PRESENTATION_STYLE_ASSIGNMENT((#14547));
#14547 = SURFACE_STYLE_USAGE(.BOTH.,#14548);
#14548 = SURFACE_SIDE_STYLE('',(#14549));
#14549 = SURFACE_STYLE_FILL_AREA(#14550);
#14550 = FILL_AREA_STYLE('',(#14551));
#14551 = FILL_AREA_STYLE_COLOUR('',#13984);
#14552 = STYLED_ITEM('color',(#14553),#3510);
#14553 = PRESENTATION_STYLE_ASSIGNMENT((#14554));
#14554 = SURFACE_STYLE_USAGE(.BOTH.,#14555);
#14555 = SURFACE_SIDE_STYLE('',(#14556));
#14556 = SURFACE_STYLE_FILL_AREA(#14557);
#14557 = FILL_AREA_STYLE('',(#14558));
#14558 = FILL_AREA_STYLE_COLOUR('',#13984);
#14559 = STYLED_ITEM('color',(#14560),#3522);
#14560 = PRESENTATION_STYLE_ASSIGNMENT((#14561));
#14561 = SURFACE_STYLE_USAGE(.BOTH.,#14562);
#14562 = SURFACE_SIDE_STYLE('',(#14563));
#14563 = SURFACE_STYLE_FILL_AREA(#14564);
#14564 = FILL_AREA_STYLE('',(#14565));
#14565 = FILL_AREA_STYLE_COLOUR('',#13984);
#14566 = STYLED_ITEM('color',(#14567),#3534);
#14567 = PRESENTATION_STYLE_ASSIGNMENT((#14568));
#14568 = SURFACE_STYLE_USAGE(.BOTH.,#14569);
#14569 = SURFACE_SIDE_STYLE('',(#14570));
#14570 = SURFACE_STYLE_FILL_AREA(#14571);
#14571 = FILL_AREA_STYLE('',(#14572));
#14572 = FILL_AREA_STYLE_COLOUR('',#13984);
#14573 = STYLED_ITEM('color',(#14574),#3546);
#14574 = PRESENTATION_STYLE_ASSIGNMENT((#14575));
#14575 = SURFACE_STYLE_USAGE(.BOTH.,#14576);
#14576 = SURFACE_SIDE_STYLE('',(#14577));
#14577 = SURFACE_STYLE_FILL_AREA(#14578);
#14578 = FILL_AREA_STYLE('',(#14579));
#14579 = FILL_AREA_STYLE_COLOUR('',#13984);
#14580 = STYLED_ITEM('color',(#14581),#3558);
#14581 = PRESENTATION_STYLE_ASSIGNMENT((#14582));
#14582 = SURFACE_STYLE_USAGE(.BOTH.,#14583);
#14583 = SURFACE_SIDE_STYLE('',(#14584));
#14584 = SURFACE_STYLE_FILL_AREA(#14585);
#14585 = FILL_AREA_STYLE('',(#14586));
#14586 = FILL_AREA_STYLE_COLOUR('',#13984);
#14587 = STYLED_ITEM('color',(#14588),#3570);
#14588 = PRESENTATION_STYLE_ASSIGNMENT((#14589));
#14589 = SURFACE_STYLE_USAGE(.BOTH.,#14590);
#14590 = SURFACE_SIDE_STYLE('',(#14591));
#14591 = SURFACE_STYLE_FILL_AREA(#14592);
#14592 = FILL_AREA_STYLE('',(#14593));
#14593 = FILL_AREA_STYLE_COLOUR('',#13984);
#14594 = STYLED_ITEM('color',(#14595),#3582);
#14595 = PRESENTATION_STYLE_ASSIGNMENT((#14596));
#14596 = SURFACE_STYLE_USAGE(.BOTH.,#14597);
#14597 = SURFACE_SIDE_STYLE('',(#14598));
#14598 = SURFACE_STYLE_FILL_AREA(#14599);
#14599 = FILL_AREA_STYLE('',(#14600));
#14600 = FILL_AREA_STYLE_COLOUR('',#13984);
#14601 = STYLED_ITEM('color',(#14602),#3594);
#14602 = PRESENTATION_STYLE_ASSIGNMENT((#14603));
#14603 = SURFACE_STYLE_USAGE(.BOTH.,#14604);
#14604 = SURFACE_SIDE_STYLE('',(#14605));
#14605 = SURFACE_STYLE_FILL_AREA(#14606);
#14606 = FILL_AREA_STYLE('',(#14607));
#14607 = FILL_AREA_STYLE_COLOUR('',#13984);
#14608 = MECHANICAL_DESIGN_GEOMETRIC_PRESENTATION_REPRESENTATION('',(
    #14609,#14617,#14624,#14631,#14638,#14645,#14652,#14659,#14667,
    #14674,#14681,#14688,#14695,#14702,#14710,#14717,#14724,#14731,
    #14738,#14745,#14752,#14759,#14766,#14773,#14780,#14787),#7136);
#14609 = STYLED_ITEM('color',(#14610),#6348);
#14610 = PRESENTATION_STYLE_ASSIGNMENT((#14611));
#14611 = SURFACE_STYLE_USAGE(.BOTH.,#14612);
#14612 = SURFACE_SIDE_STYLE('',(#14613));
#14613 = SURFACE_STYLE_FILL_AREA(#14614);
#14614 = FILL_AREA_STYLE('',(#14615));
#14615 = FILL_AREA_STYLE_COLOUR('',#14616);
#14616 = COLOUR_RGB('',0.823999987314,0.819999987296,0.781000009244);
#14617 = STYLED_ITEM('color',(#14618),#6388);
#14618 = PRESENTATION_STYLE_ASSIGNMENT((#14619));
#14619 = SURFACE_STYLE_USAGE(.BOTH.,#14620);
#14620 = SURFACE_SIDE_STYLE('',(#14621));
#14621 = SURFACE_STYLE_FILL_AREA(#14622);
#14622 = FILL_AREA_STYLE('',(#14623));
#14623 = FILL_AREA_STYLE_COLOUR('',#14616);
#14624 = STYLED_ITEM('color',(#14625),#6471);
#14625 = PRESENTATION_STYLE_ASSIGNMENT((#14626));
#14626 = SURFACE_STYLE_USAGE(.BOTH.,#14627);
#14627 = SURFACE_SIDE_STYLE('',(#14628));
#14628 = SURFACE_STYLE_FILL_AREA(#14629);
#14629 = FILL_AREA_STYLE('',(#14630));
#14630 = FILL_AREA_STYLE_COLOUR('',#14616);
#14631 = STYLED_ITEM('color',(#14632),#6496);
#14632 = PRESENTATION_STYLE_ASSIGNMENT((#14633));
#14633 = SURFACE_STYLE_USAGE(.BOTH.,#14634);
#14634 = SURFACE_SIDE_STYLE('',(#14635));
#14635 = SURFACE_STYLE_FILL_AREA(#14636);
#14636 = FILL_AREA_STYLE('',(#14637));
#14637 = FILL_AREA_STYLE_COLOUR('',#14616);
#14638 = STYLED_ITEM('color',(#14639),#6521);
#14639 = PRESENTATION_STYLE_ASSIGNMENT((#14640));
#14640 = SURFACE_STYLE_USAGE(.BOTH.,#14641);
#14641 = SURFACE_SIDE_STYLE('',(#14642));
#14642 = SURFACE_STYLE_FILL_AREA(#14643);
#14643 = FILL_AREA_STYLE('',(#14644));
#14644 = FILL_AREA_STYLE_COLOUR('',#14616);
#14645 = STYLED_ITEM('color',(#14646),#6588);
#14646 = PRESENTATION_STYLE_ASSIGNMENT((#14647));
#14647 = SURFACE_STYLE_USAGE(.BOTH.,#14648);
#14648 = SURFACE_SIDE_STYLE('',(#14649));
#14649 = SURFACE_STYLE_FILL_AREA(#14650);
#14650 = FILL_AREA_STYLE('',(#14651));
#14651 = FILL_AREA_STYLE_COLOUR('',#14616);
#14652 = STYLED_ITEM('color',(#14653),#6605);
#14653 = PRESENTATION_STYLE_ASSIGNMENT((#14654));
#14654 = SURFACE_STYLE_USAGE(.BOTH.,#14655);
#14655 = SURFACE_SIDE_STYLE('',(#14656));
#14656 = SURFACE_STYLE_FILL_AREA(#14657);
#14657 = FILL_AREA_STYLE('',(#14658));
#14658 = FILL_AREA_STYLE_COLOUR('',#14616);
#14659 = STYLED_ITEM('color',(#14660),#6622);
#14660 = PRESENTATION_STYLE_ASSIGNMENT((#14661));
#14661 = SURFACE_STYLE_USAGE(.BOTH.,#14662);
#14662 = SURFACE_SIDE_STYLE('',(#14663));
#14663 = SURFACE_STYLE_FILL_AREA(#14664);
#14664 = FILL_AREA_STYLE('',(#14665));
#14665 = FILL_AREA_STYLE_COLOUR('',#14666);
#14666 = COLOUR_RGB('',0.894999966383,0.890999961016,0.813000030345);
#14667 = STYLED_ITEM('color',(#14668),#6671);
#14668 = PRESENTATION_STYLE_ASSIGNMENT((#14669));
#14669 = SURFACE_STYLE_USAGE(.BOTH.,#14670);
#14670 = SURFACE_SIDE_STYLE('',(#14671));
#14671 = SURFACE_STYLE_FILL_AREA(#14672);
#14672 = FILL_AREA_STYLE('',(#14673));
#14673 = FILL_AREA_STYLE_COLOUR('',#14616);
#14674 = STYLED_ITEM('color',(#14675),#6688);
#14675 = PRESENTATION_STYLE_ASSIGNMENT((#14676));
#14676 = SURFACE_STYLE_USAGE(.BOTH.,#14677);
#14677 = SURFACE_SIDE_STYLE('',(#14678));
#14678 = SURFACE_STYLE_FILL_AREA(#14679);
#14679 = FILL_AREA_STYLE('',(#14680));
#14680 = FILL_AREA_STYLE_COLOUR('',#14616);
#14681 = STYLED_ITEM('color',(#14682),#6705);
#14682 = PRESENTATION_STYLE_ASSIGNMENT((#14683));
#14683 = SURFACE_STYLE_USAGE(.BOTH.,#14684);
#14684 = SURFACE_SIDE_STYLE('',(#14685));
#14685 = SURFACE_STYLE_FILL_AREA(#14686);
#14686 = FILL_AREA_STYLE('',(#14687));
#14687 = FILL_AREA_STYLE_COLOUR('',#14666);
#14688 = STYLED_ITEM('color',(#14689),#6754);
#14689 = PRESENTATION_STYLE_ASSIGNMENT((#14690));
#14690 = SURFACE_STYLE_USAGE(.BOTH.,#14691);
#14691 = SURFACE_SIDE_STYLE('',(#14692));
#14692 = SURFACE_STYLE_FILL_AREA(#14693);
#14693 = FILL_AREA_STYLE('',(#14694));
#14694 = FILL_AREA_STYLE_COLOUR('',#14666);
#14695 = STYLED_ITEM('color',(#14696),#6771);
#14696 = PRESENTATION_STYLE_ASSIGNMENT((#14697));
#14697 = SURFACE_STYLE_USAGE(.BOTH.,#14698);
#14698 = SURFACE_SIDE_STYLE('',(#14699));
#14699 = SURFACE_STYLE_FILL_AREA(#14700);
#14700 = FILL_AREA_STYLE('',(#14701));
#14701 = FILL_AREA_STYLE_COLOUR('',#14616);
#14702 = STYLED_ITEM('color',(#14703),#6840);
#14703 = PRESENTATION_STYLE_ASSIGNMENT((#14704));
#14704 = SURFACE_STYLE_USAGE(.BOTH.,#14705);
#14705 = SURFACE_SIDE_STYLE('',(#14706));
#14706 = SURFACE_STYLE_FILL_AREA(#14707);
#14707 = FILL_AREA_STYLE('',(#14708));
#14708 = FILL_AREA_STYLE_COLOUR('',#14709);
#14709 = COLOUR_RGB('',8.200000279077E-02,8.600000121357E-02,
  9.399999706163E-02);
#14710 = STYLED_ITEM('color',(#14711),#6871);
#14711 = PRESENTATION_STYLE_ASSIGNMENT((#14712));
#14712 = SURFACE_STYLE_USAGE(.BOTH.,#14713);
#14713 = SURFACE_SIDE_STYLE('',(#14714));
#14714 = SURFACE_STYLE_FILL_AREA(#14715);
#14715 = FILL_AREA_STYLE('',(#14716));
#14716 = FILL_AREA_STYLE_COLOUR('',#14709);
#14717 = STYLED_ITEM('color',(#14718),#6895);
#14718 = PRESENTATION_STYLE_ASSIGNMENT((#14719));
#14719 = SURFACE_STYLE_USAGE(.BOTH.,#14720);
#14720 = SURFACE_SIDE_STYLE('',(#14721));
#14721 = SURFACE_STYLE_FILL_AREA(#14722);
#14722 = FILL_AREA_STYLE('',(#14723));
#14723 = FILL_AREA_STYLE_COLOUR('',#14616);
#14724 = STYLED_ITEM('color',(#14725),#6964);
#14725 = PRESENTATION_STYLE_ASSIGNMENT((#14726));
#14726 = SURFACE_STYLE_USAGE(.BOTH.,#14727);
#14727 = SURFACE_SIDE_STYLE('',(#14728));
#14728 = SURFACE_STYLE_FILL_AREA(#14729);
#14729 = FILL_AREA_STYLE('',(#14730));
#14730 = FILL_AREA_STYLE_COLOUR('',#14709);
#14731 = STYLED_ITEM('color',(#14732),#6988);
#14732 = PRESENTATION_STYLE_ASSIGNMENT((#14733));
#14733 = SURFACE_STYLE_USAGE(.BOTH.,#14734);
#14734 = SURFACE_SIDE_STYLE('',(#14735));
#14735 = SURFACE_STYLE_FILL_AREA(#14736);
#14736 = FILL_AREA_STYLE('',(#14737));
#14737 = FILL_AREA_STYLE_COLOUR('',#14616);
#14738 = STYLED_ITEM('color',(#14739),#7005);
#14739 = PRESENTATION_STYLE_ASSIGNMENT((#14740));
#14740 = SURFACE_STYLE_USAGE(.BOTH.,#14741);
#14741 = SURFACE_SIDE_STYLE('',(#14742));
#14742 = SURFACE_STYLE_FILL_AREA(#14743);
#14743 = FILL_AREA_STYLE('',(#14744));
#14744 = FILL_AREA_STYLE_COLOUR('',#14616);
#14745 = STYLED_ITEM('color',(#14746),#7022);
#14746 = PRESENTATION_STYLE_ASSIGNMENT((#14747));
#14747 = SURFACE_STYLE_USAGE(.BOTH.,#14748);
#14748 = SURFACE_SIDE_STYLE('',(#14749));
#14749 = SURFACE_STYLE_FILL_AREA(#14750);
#14750 = FILL_AREA_STYLE('',(#14751));
#14751 = FILL_AREA_STYLE_COLOUR('',#14616);
#14752 = STYLED_ITEM('color',(#14753),#7039);
#14753 = PRESENTATION_STYLE_ASSIGNMENT((#14754));
#14754 = SURFACE_STYLE_USAGE(.BOTH.,#14755);
#14755 = SURFACE_SIDE_STYLE('',(#14756));
#14756 = SURFACE_STYLE_FILL_AREA(#14757);
#14757 = FILL_AREA_STYLE('',(#14758));
#14758 = FILL_AREA_STYLE_COLOUR('',#14616);
#14759 = STYLED_ITEM('color',(#14760),#7056);
#14760 = PRESENTATION_STYLE_ASSIGNMENT((#14761));
#14761 = SURFACE_STYLE_USAGE(.BOTH.,#14762);
#14762 = SURFACE_SIDE_STYLE('',(#14763));
#14763 = SURFACE_STYLE_FILL_AREA(#14764);
#14764 = FILL_AREA_STYLE('',(#14765));
#14765 = FILL_AREA_STYLE_COLOUR('',#14616);
#14766 = STYLED_ITEM('color',(#14767),#7073);
#14767 = PRESENTATION_STYLE_ASSIGNMENT((#14768));
#14768 = SURFACE_STYLE_USAGE(.BOTH.,#14769);
#14769 = SURFACE_SIDE_STYLE('',(#14770));
#14770 = SURFACE_STYLE_FILL_AREA(#14771);
#14771 = FILL_AREA_STYLE('',(#14772));
#14772 = FILL_AREA_STYLE_COLOUR('',#14616);
#14773 = STYLED_ITEM('color',(#14774),#7090);
#14774 = PRESENTATION_STYLE_ASSIGNMENT((#14775));
#14775 = SURFACE_STYLE_USAGE(.BOTH.,#14776);
#14776 = SURFACE_SIDE_STYLE('',(#14777));
#14777 = SURFACE_STYLE_FILL_AREA(#14778);
#14778 = FILL_AREA_STYLE('',(#14779));
#14779 = FILL_AREA_STYLE_COLOUR('',#14616);
#14780 = STYLED_ITEM('color',(#14781),#7107);
#14781 = PRESENTATION_STYLE_ASSIGNMENT((#14782));
#14782 = SURFACE_STYLE_USAGE(.BOTH.,#14783);
#14783 = SURFACE_SIDE_STYLE('',(#14784));
#14784 = SURFACE_STYLE_FILL_AREA(#14785);
#14785 = FILL_AREA_STYLE('',(#14786));
#14786 = FILL_AREA_STYLE_COLOUR('',#14709);
#14787 = STYLED_ITEM('color',(#14788),#7124);
#14788 = PRESENTATION_STYLE_ASSIGNMENT((#14789));
#14789 = SURFACE_STYLE_USAGE(.BOTH.,#14790);
#14790 = SURFACE_SIDE_STYLE('',(#14791));
#14791 = SURFACE_STYLE_FILL_AREA(#14792);
#14792 = FILL_AREA_STYLE('',(#14793));
#14793 = FILL_AREA_STYLE_COLOUR('',#14709);
#14794 = MECHANICAL_DESIGN_GEOMETRIC_PRESENTATION_REPRESENTATION('',(
    #14795,#14802,#14809,#14816,#14823,#14830,#14837,#14844,#14851,
    #14858,#14865,#14872,#14879,#14886,#14893,#14900,#14907,#14914,
    #14921,#14928,#14935,#14942,#14949,#14956,#14963,#14970,#14977,
    #14984,#14991,#14998,#15005,#15012,#15019,#15026,#15033,#15040,
    #15047,#15054,#15061,#15068,#15075,#15082,#15089,#15096,#15103,
    #15110,#15117,#15124,#15131,#15138,#15145,#15152),#8660);
#14795 = STYLED_ITEM('color',(#14796),#7230);
#14796 = PRESENTATION_STYLE_ASSIGNMENT((#14797));
#14797 = SURFACE_STYLE_USAGE(.BOTH.,#14798);
#14798 = SURFACE_SIDE_STYLE('',(#14799));
#14799 = SURFACE_STYLE_FILL_AREA(#14800);
#14800 = FILL_AREA_STYLE('',(#14801));
#14801 = FILL_AREA_STYLE_COLOUR('',#13745);
#14802 = STYLED_ITEM('color',(#14803),#7270);
#14803 = PRESENTATION_STYLE_ASSIGNMENT((#14804));
#14804 = SURFACE_STYLE_USAGE(.BOTH.,#14805);
#14805 = SURFACE_SIDE_STYLE('',(#14806));
#14806 = SURFACE_STYLE_FILL_AREA(#14807);
#14807 = FILL_AREA_STYLE('',(#14808));
#14808 = FILL_AREA_STYLE_COLOUR('',#13745);
#14809 = STYLED_ITEM('color',(#14810),#7301);
#14810 = PRESENTATION_STYLE_ASSIGNMENT((#14811));
#14811 = SURFACE_STYLE_USAGE(.BOTH.,#14812);
#14812 = SURFACE_SIDE_STYLE('',(#14813));
#14813 = SURFACE_STYLE_FILL_AREA(#14814);
#14814 = FILL_AREA_STYLE('',(#14815));
#14815 = FILL_AREA_STYLE_COLOUR('',#13745);
#14816 = STYLED_ITEM('color',(#14817),#7332);
#14817 = PRESENTATION_STYLE_ASSIGNMENT((#14818));
#14818 = SURFACE_STYLE_USAGE(.BOTH.,#14819);
#14819 = SURFACE_SIDE_STYLE('',(#14820));
#14820 = SURFACE_STYLE_FILL_AREA(#14821);
#14821 = FILL_AREA_STYLE('',(#14822));
#14822 = FILL_AREA_STYLE_COLOUR('',#13745);
#14823 = STYLED_ITEM('color',(#14824),#7497);
#14824 = PRESENTATION_STYLE_ASSIGNMENT((#14825));
#14825 = SURFACE_STYLE_USAGE(.BOTH.,#14826);
#14826 = SURFACE_SIDE_STYLE('',(#14827));
#14827 = SURFACE_STYLE_FILL_AREA(#14828);
#14828 = FILL_AREA_STYLE('',(#14829));
#14829 = FILL_AREA_STYLE_COLOUR('',#13745);
#14830 = STYLED_ITEM('color',(#14831),#7662);
#14831 = PRESENTATION_STYLE_ASSIGNMENT((#14832));
#14832 = SURFACE_STYLE_USAGE(.BOTH.,#14833);
#14833 = SURFACE_SIDE_STYLE('',(#14834));
#14834 = SURFACE_STYLE_FILL_AREA(#14835);
#14835 = FILL_AREA_STYLE('',(#14836));
#14836 = FILL_AREA_STYLE_COLOUR('',#13745);
#14837 = STYLED_ITEM('color',(#14838),#7679);
#14838 = PRESENTATION_STYLE_ASSIGNMENT((#14839));
#14839 = SURFACE_STYLE_USAGE(.BOTH.,#14840);
#14840 = SURFACE_SIDE_STYLE('',(#14841));
#14841 = SURFACE_STYLE_FILL_AREA(#14842);
#14842 = FILL_AREA_STYLE('',(#14843));
#14843 = FILL_AREA_STYLE_COLOUR('',#13745);
#14844 = STYLED_ITEM('color',(#14845),#7696);
#14845 = PRESENTATION_STYLE_ASSIGNMENT((#14846));
#14846 = SURFACE_STYLE_USAGE(.BOTH.,#14847);
#14847 = SURFACE_SIDE_STYLE('',(#14848));
#14848 = SURFACE_STYLE_FILL_AREA(#14849);
#14849 = FILL_AREA_STYLE('',(#14850));
#14850 = FILL_AREA_STYLE_COLOUR('',#13745);
#14851 = STYLED_ITEM('color',(#14852),#7713);
#14852 = PRESENTATION_STYLE_ASSIGNMENT((#14853));
#14853 = SURFACE_STYLE_USAGE(.BOTH.,#14854);
#14854 = SURFACE_SIDE_STYLE('',(#14855));
#14855 = SURFACE_STYLE_FILL_AREA(#14856);
#14856 = FILL_AREA_STYLE('',(#14857));
#14857 = FILL_AREA_STYLE_COLOUR('',#13745);
#14858 = STYLED_ITEM('color',(#14859),#7730);
#14859 = PRESENTATION_STYLE_ASSIGNMENT((#14860));
#14860 = SURFACE_STYLE_USAGE(.BOTH.,#14861);
#14861 = SURFACE_SIDE_STYLE('',(#14862));
#14862 = SURFACE_STYLE_FILL_AREA(#14863);
#14863 = FILL_AREA_STYLE('',(#14864));
#14864 = FILL_AREA_STYLE_COLOUR('',#13745);
#14865 = STYLED_ITEM('color',(#14866),#7747);
#14866 = PRESENTATION_STYLE_ASSIGNMENT((#14867));
#14867 = SURFACE_STYLE_USAGE(.BOTH.,#14868);
#14868 = SURFACE_SIDE_STYLE('',(#14869));
#14869 = SURFACE_STYLE_FILL_AREA(#14870);
#14870 = FILL_AREA_STYLE('',(#14871));
#14871 = FILL_AREA_STYLE_COLOUR('',#13745);
#14872 = STYLED_ITEM('color',(#14873),#7764);
#14873 = PRESENTATION_STYLE_ASSIGNMENT((#14874));
#14874 = SURFACE_STYLE_USAGE(.BOTH.,#14875);
#14875 = SURFACE_SIDE_STYLE('',(#14876));
#14876 = SURFACE_STYLE_FILL_AREA(#14877);
#14877 = FILL_AREA_STYLE('',(#14878));
#14878 = FILL_AREA_STYLE_COLOUR('',#13745);
#14879 = STYLED_ITEM('color',(#14880),#7781);
#14880 = PRESENTATION_STYLE_ASSIGNMENT((#14881));
#14881 = SURFACE_STYLE_USAGE(.BOTH.,#14882);
#14882 = SURFACE_SIDE_STYLE('',(#14883));
#14883 = SURFACE_STYLE_FILL_AREA(#14884);
#14884 = FILL_AREA_STYLE('',(#14885));
#14885 = FILL_AREA_STYLE_COLOUR('',#13745);
#14886 = STYLED_ITEM('color',(#14887),#7798);
#14887 = PRESENTATION_STYLE_ASSIGNMENT((#14888));
#14888 = SURFACE_STYLE_USAGE(.BOTH.,#14889);
#14889 = SURFACE_SIDE_STYLE('',(#14890));
#14890 = SURFACE_STYLE_FILL_AREA(#14891);
#14891 = FILL_AREA_STYLE('',(#14892));
#14892 = FILL_AREA_STYLE_COLOUR('',#13745);
#14893 = STYLED_ITEM('color',(#14894),#7815);
#14894 = PRESENTATION_STYLE_ASSIGNMENT((#14895));
#14895 = SURFACE_STYLE_USAGE(.BOTH.,#14896);
#14896 = SURFACE_SIDE_STYLE('',(#14897));
#14897 = SURFACE_STYLE_FILL_AREA(#14898);
#14898 = FILL_AREA_STYLE('',(#14899));
#14899 = FILL_AREA_STYLE_COLOUR('',#13745);
#14900 = STYLED_ITEM('color',(#14901),#7832);
#14901 = PRESENTATION_STYLE_ASSIGNMENT((#14902));
#14902 = SURFACE_STYLE_USAGE(.BOTH.,#14903);
#14903 = SURFACE_SIDE_STYLE('',(#14904));
#14904 = SURFACE_STYLE_FILL_AREA(#14905);
#14905 = FILL_AREA_STYLE('',(#14906));
#14906 = FILL_AREA_STYLE_COLOUR('',#13745);
#14907 = STYLED_ITEM('color',(#14908),#7844);
#14908 = PRESENTATION_STYLE_ASSIGNMENT((#14909));
#14909 = SURFACE_STYLE_USAGE(.BOTH.,#14910);
#14910 = SURFACE_SIDE_STYLE('',(#14911));
#14911 = SURFACE_STYLE_FILL_AREA(#14912);
#14912 = FILL_AREA_STYLE('',(#14913));
#14913 = FILL_AREA_STYLE_COLOUR('',#13984);
#14914 = STYLED_ITEM('color',(#14915),#7875);
#14915 = PRESENTATION_STYLE_ASSIGNMENT((#14916));
#14916 = SURFACE_STYLE_USAGE(.BOTH.,#14917);
#14917 = SURFACE_SIDE_STYLE('',(#14918));
#14918 = SURFACE_STYLE_FILL_AREA(#14919);
#14919 = FILL_AREA_STYLE('',(#14920));
#14920 = FILL_AREA_STYLE_COLOUR('',#13984);
#14921 = STYLED_ITEM('color',(#14922),#7899);
#14922 = PRESENTATION_STYLE_ASSIGNMENT((#14923));
#14923 = SURFACE_STYLE_USAGE(.BOTH.,#14924);
#14924 = SURFACE_SIDE_STYLE('',(#14925));
#14925 = SURFACE_STYLE_FILL_AREA(#14926);
#14926 = FILL_AREA_STYLE('',(#14927));
#14927 = FILL_AREA_STYLE_COLOUR('',#13984);
#14928 = STYLED_ITEM('color',(#14929),#7923);
#14929 = PRESENTATION_STYLE_ASSIGNMENT((#14930));
#14930 = SURFACE_STYLE_USAGE(.BOTH.,#14931);
#14931 = SURFACE_SIDE_STYLE('',(#14932));
#14932 = SURFACE_STYLE_FILL_AREA(#14933);
#14933 = FILL_AREA_STYLE('',(#14934));
#14934 = FILL_AREA_STYLE_COLOUR('',#13984);
#14935 = STYLED_ITEM('color',(#14936),#7940);
#14936 = PRESENTATION_STYLE_ASSIGNMENT((#14937));
#14937 = SURFACE_STYLE_USAGE(.BOTH.,#14938);
#14938 = SURFACE_SIDE_STYLE('',(#14939));
#14939 = SURFACE_STYLE_FILL_AREA(#14940);
#14940 = FILL_AREA_STYLE('',(#14941));
#14941 = FILL_AREA_STYLE_COLOUR('',#13984);
#14942 = STYLED_ITEM('color',(#14943),#7971);
#14943 = PRESENTATION_STYLE_ASSIGNMENT((#14944));
#14944 = SURFACE_STYLE_USAGE(.BOTH.,#14945);
#14945 = SURFACE_SIDE_STYLE('',(#14946));
#14946 = SURFACE_STYLE_FILL_AREA(#14947);
#14947 = FILL_AREA_STYLE('',(#14948));
#14948 = FILL_AREA_STYLE_COLOUR('',#13984);
#14949 = STYLED_ITEM('color',(#14950),#7995);
#14950 = PRESENTATION_STYLE_ASSIGNMENT((#14951));
#14951 = SURFACE_STYLE_USAGE(.BOTH.,#14952);
#14952 = SURFACE_SIDE_STYLE('',(#14953));
#14953 = SURFACE_STYLE_FILL_AREA(#14954);
#14954 = FILL_AREA_STYLE('',(#14955));
#14955 = FILL_AREA_STYLE_COLOUR('',#13984);
#14956 = STYLED_ITEM('color',(#14957),#8019);
#14957 = PRESENTATION_STYLE_ASSIGNMENT((#14958));
#14958 = SURFACE_STYLE_USAGE(.BOTH.,#14959);
#14959 = SURFACE_SIDE_STYLE('',(#14960));
#14960 = SURFACE_STYLE_FILL_AREA(#14961);
#14961 = FILL_AREA_STYLE('',(#14962));
#14962 = FILL_AREA_STYLE_COLOUR('',#13984);
#14963 = STYLED_ITEM('color',(#14964),#8036);
#14964 = PRESENTATION_STYLE_ASSIGNMENT((#14965));
#14965 = SURFACE_STYLE_USAGE(.BOTH.,#14966);
#14966 = SURFACE_SIDE_STYLE('',(#14967));
#14967 = SURFACE_STYLE_FILL_AREA(#14968);
#14968 = FILL_AREA_STYLE('',(#14969));
#14969 = FILL_AREA_STYLE_COLOUR('',#13984);
#14970 = STYLED_ITEM('color',(#14971),#8067);
#14971 = PRESENTATION_STYLE_ASSIGNMENT((#14972));
#14972 = SURFACE_STYLE_USAGE(.BOTH.,#14973);
#14973 = SURFACE_SIDE_STYLE('',(#14974));
#14974 = SURFACE_STYLE_FILL_AREA(#14975);
#14975 = FILL_AREA_STYLE('',(#14976));
#14976 = FILL_AREA_STYLE_COLOUR('',#13984);
#14977 = STYLED_ITEM('color',(#14978),#8091);
#14978 = PRESENTATION_STYLE_ASSIGNMENT((#14979));
#14979 = SURFACE_STYLE_USAGE(.BOTH.,#14980);
#14980 = SURFACE_SIDE_STYLE('',(#14981));
#14981 = SURFACE_STYLE_FILL_AREA(#14982);
#14982 = FILL_AREA_STYLE('',(#14983));
#14983 = FILL_AREA_STYLE_COLOUR('',#13984);
#14984 = STYLED_ITEM('color',(#14985),#8115);
#14985 = PRESENTATION_STYLE_ASSIGNMENT((#14986));
#14986 = SURFACE_STYLE_USAGE(.BOTH.,#14987);
#14987 = SURFACE_SIDE_STYLE('',(#14988));
#14988 = SURFACE_STYLE_FILL_AREA(#14989);
#14989 = FILL_AREA_STYLE('',(#14990));
#14990 = FILL_AREA_STYLE_COLOUR('',#13984);
#14991 = STYLED_ITEM('color',(#14992),#8132);
#14992 = PRESENTATION_STYLE_ASSIGNMENT((#14993));
#14993 = SURFACE_STYLE_USAGE(.BOTH.,#14994);
#14994 = SURFACE_SIDE_STYLE('',(#14995));
#14995 = SURFACE_STYLE_FILL_AREA(#14996);
#14996 = FILL_AREA_STYLE('',(#14997));
#14997 = FILL_AREA_STYLE_COLOUR('',#13984);
#14998 = STYLED_ITEM('color',(#14999),#8163);
#14999 = PRESENTATION_STYLE_ASSIGNMENT((#15000));
#15000 = SURFACE_STYLE_USAGE(.BOTH.,#15001);
#15001 = SURFACE_SIDE_STYLE('',(#15002));
#15002 = SURFACE_STYLE_FILL_AREA(#15003);
#15003 = FILL_AREA_STYLE('',(#15004));
#15004 = FILL_AREA_STYLE_COLOUR('',#13984);
#15005 = STYLED_ITEM('color',(#15006),#8187);
#15006 = PRESENTATION_STYLE_ASSIGNMENT((#15007));
#15007 = SURFACE_STYLE_USAGE(.BOTH.,#15008);
#15008 = SURFACE_SIDE_STYLE('',(#15009));
#15009 = SURFACE_STYLE_FILL_AREA(#15010);
#15010 = FILL_AREA_STYLE('',(#15011));
#15011 = FILL_AREA_STYLE_COLOUR('',#13984);
#15012 = STYLED_ITEM('color',(#15013),#8211);
#15013 = PRESENTATION_STYLE_ASSIGNMENT((#15014));
#15014 = SURFACE_STYLE_USAGE(.BOTH.,#15015);
#15015 = SURFACE_SIDE_STYLE('',(#15016));
#15016 = SURFACE_STYLE_FILL_AREA(#15017);
#15017 = FILL_AREA_STYLE('',(#15018));
#15018 = FILL_AREA_STYLE_COLOUR('',#13984);
#15019 = STYLED_ITEM('color',(#15020),#8228);
#15020 = PRESENTATION_STYLE_ASSIGNMENT((#15021));
#15021 = SURFACE_STYLE_USAGE(.BOTH.,#15022);
#15022 = SURFACE_SIDE_STYLE('',(#15023));
#15023 = SURFACE_STYLE_FILL_AREA(#15024);
#15024 = FILL_AREA_STYLE('',(#15025));
#15025 = FILL_AREA_STYLE_COLOUR('',#13984);
#15026 = STYLED_ITEM('color',(#15027),#8259);
#15027 = PRESENTATION_STYLE_ASSIGNMENT((#15028));
#15028 = SURFACE_STYLE_USAGE(.BOTH.,#15029);
#15029 = SURFACE_SIDE_STYLE('',(#15030));
#15030 = SURFACE_STYLE_FILL_AREA(#15031);
#15031 = FILL_AREA_STYLE('',(#15032));
#15032 = FILL_AREA_STYLE_COLOUR('',#13984);
#15033 = STYLED_ITEM('color',(#15034),#8283);
#15034 = PRESENTATION_STYLE_ASSIGNMENT((#15035));
#15035 = SURFACE_STYLE_USAGE(.BOTH.,#15036);
#15036 = SURFACE_SIDE_STYLE('',(#15037));
#15037 = SURFACE_STYLE_FILL_AREA(#15038);
#15038 = FILL_AREA_STYLE('',(#15039));
#15039 = FILL_AREA_STYLE_COLOUR('',#13984);
#15040 = STYLED_ITEM('color',(#15041),#8307);
#15041 = PRESENTATION_STYLE_ASSIGNMENT((#15042));
#15042 = SURFACE_STYLE_USAGE(.BOTH.,#15043);
#15043 = SURFACE_SIDE_STYLE('',(#15044));
#15044 = SURFACE_STYLE_FILL_AREA(#15045);
#15045 = FILL_AREA_STYLE('',(#15046));
#15046 = FILL_AREA_STYLE_COLOUR('',#13984);
#15047 = STYLED_ITEM('color',(#15048),#8324);
#15048 = PRESENTATION_STYLE_ASSIGNMENT((#15049));
#15049 = SURFACE_STYLE_USAGE(.BOTH.,#15050);
#15050 = SURFACE_SIDE_STYLE('',(#15051));
#15051 = SURFACE_STYLE_FILL_AREA(#15052);
#15052 = FILL_AREA_STYLE('',(#15053));
#15053 = FILL_AREA_STYLE_COLOUR('',#13984);
#15054 = STYLED_ITEM('color',(#15055),#8355);
#15055 = PRESENTATION_STYLE_ASSIGNMENT((#15056));
#15056 = SURFACE_STYLE_USAGE(.BOTH.,#15057);
#15057 = SURFACE_SIDE_STYLE('',(#15058));
#15058 = SURFACE_STYLE_FILL_AREA(#15059);
#15059 = FILL_AREA_STYLE('',(#15060));
#15060 = FILL_AREA_STYLE_COLOUR('',#13984);
#15061 = STYLED_ITEM('color',(#15062),#8379);
#15062 = PRESENTATION_STYLE_ASSIGNMENT((#15063));
#15063 = SURFACE_STYLE_USAGE(.BOTH.,#15064);
#15064 = SURFACE_SIDE_STYLE('',(#15065));
#15065 = SURFACE_STYLE_FILL_AREA(#15066);
#15066 = FILL_AREA_STYLE('',(#15067));
#15067 = FILL_AREA_STYLE_COLOUR('',#13984);
#15068 = STYLED_ITEM('color',(#15069),#8403);
#15069 = PRESENTATION_STYLE_ASSIGNMENT((#15070));
#15070 = SURFACE_STYLE_USAGE(.BOTH.,#15071);
#15071 = SURFACE_SIDE_STYLE('',(#15072));
#15072 = SURFACE_STYLE_FILL_AREA(#15073);
#15073 = FILL_AREA_STYLE('',(#15074));
#15074 = FILL_AREA_STYLE_COLOUR('',#13984);
#15075 = STYLED_ITEM('color',(#15076),#8420);
#15076 = PRESENTATION_STYLE_ASSIGNMENT((#15077));
#15077 = SURFACE_STYLE_USAGE(.BOTH.,#15078);
#15078 = SURFACE_SIDE_STYLE('',(#15079));
#15079 = SURFACE_STYLE_FILL_AREA(#15080);
#15080 = FILL_AREA_STYLE('',(#15081));
#15081 = FILL_AREA_STYLE_COLOUR('',#13984);
#15082 = STYLED_ITEM('color',(#15083),#8451);
#15083 = PRESENTATION_STYLE_ASSIGNMENT((#15084));
#15084 = SURFACE_STYLE_USAGE(.BOTH.,#15085);
#15085 = SURFACE_SIDE_STYLE('',(#15086));
#15086 = SURFACE_STYLE_FILL_AREA(#15087);
#15087 = FILL_AREA_STYLE('',(#15088));
#15088 = FILL_AREA_STYLE_COLOUR('',#13984);
#15089 = STYLED_ITEM('color',(#15090),#8475);
#15090 = PRESENTATION_STYLE_ASSIGNMENT((#15091));
#15091 = SURFACE_STYLE_USAGE(.BOTH.,#15092);
#15092 = SURFACE_SIDE_STYLE('',(#15093));
#15093 = SURFACE_STYLE_FILL_AREA(#15094);
#15094 = FILL_AREA_STYLE('',(#15095));
#15095 = FILL_AREA_STYLE_COLOUR('',#13984);
#15096 = STYLED_ITEM('color',(#15097),#8499);
#15097 = PRESENTATION_STYLE_ASSIGNMENT((#15098));
#15098 = SURFACE_STYLE_USAGE(.BOTH.,#15099);
#15099 = SURFACE_SIDE_STYLE('',(#15100));
#15100 = SURFACE_STYLE_FILL_AREA(#15101);
#15101 = FILL_AREA_STYLE('',(#15102));
#15102 = FILL_AREA_STYLE_COLOUR('',#13984);
#15103 = STYLED_ITEM('color',(#15104),#8516);
#15104 = PRESENTATION_STYLE_ASSIGNMENT((#15105));
#15105 = SURFACE_STYLE_USAGE(.BOTH.,#15106);
#15106 = SURFACE_SIDE_STYLE('',(#15107));
#15107 = SURFACE_STYLE_FILL_AREA(#15108);
#15108 = FILL_AREA_STYLE('',(#15109));
#15109 = FILL_AREA_STYLE_COLOUR('',#13984);
#15110 = STYLED_ITEM('color',(#15111),#8547);
#15111 = PRESENTATION_STYLE_ASSIGNMENT((#15112));
#15112 = SURFACE_STYLE_USAGE(.BOTH.,#15113);
#15113 = SURFACE_SIDE_STYLE('',(#15114));
#15114 = SURFACE_STYLE_FILL_AREA(#15115);
#15115 = FILL_AREA_STYLE('',(#15116));
#15116 = FILL_AREA_STYLE_COLOUR('',#13984);
#15117 = STYLED_ITEM('color',(#15118),#8571);
#15118 = PRESENTATION_STYLE_ASSIGNMENT((#15119));
#15119 = SURFACE_STYLE_USAGE(.BOTH.,#15120);
#15120 = SURFACE_SIDE_STYLE('',(#15121));
#15121 = SURFACE_STYLE_FILL_AREA(#15122);
#15122 = FILL_AREA_STYLE('',(#15123));
#15123 = FILL_AREA_STYLE_COLOUR('',#13984);
#15124 = STYLED_ITEM('color',(#15125),#8595);
#15125 = PRESENTATION_STYLE_ASSIGNMENT((#15126));
#15126 = SURFACE_STYLE_USAGE(.BOTH.,#15127);
#15127 = SURFACE_SIDE_STYLE('',(#15128));
#15128 = SURFACE_STYLE_FILL_AREA(#15129);
#15129 = FILL_AREA_STYLE('',(#15130));
#15130 = FILL_AREA_STYLE_COLOUR('',#13984);
#15131 = STYLED_ITEM('color',(#15132),#8612);
#15132 = PRESENTATION_STYLE_ASSIGNMENT((#15133));
#15133 = SURFACE_STYLE_USAGE(.BOTH.,#15134);
#15134 = SURFACE_SIDE_STYLE('',(#15135));
#15135 = SURFACE_STYLE_FILL_AREA(#15136);
#15136 = FILL_AREA_STYLE('',(#15137));
#15137 = FILL_AREA_STYLE_COLOUR('',#13984);
#15138 = STYLED_ITEM('color',(#15139),#8624);
#15139 = PRESENTATION_STYLE_ASSIGNMENT((#15140));
#15140 = SURFACE_STYLE_USAGE(.BOTH.,#15141);
#15141 = SURFACE_SIDE_STYLE('',(#15142));
#15142 = SURFACE_STYLE_FILL_AREA(#15143);
#15143 = FILL_AREA_STYLE('',(#15144));
#15144 = FILL_AREA_STYLE_COLOUR('',#13984);
#15145 = STYLED_ITEM('color',(#15146),#8636);
#15146 = PRESENTATION_STYLE_ASSIGNMENT((#15147));
#15147 = SURFACE_STYLE_USAGE(.BOTH.,#15148);
#15148 = SURFACE_SIDE_STYLE('',(#15149));
#15149 = SURFACE_STYLE_FILL_AREA(#15150);
#15150 = FILL_AREA_STYLE('',(#15151));
#15151 = FILL_AREA_STYLE_COLOUR('',#13984);
#15152 = STYLED_ITEM('color',(#15153),#8648);
#15153 = PRESENTATION_STYLE_ASSIGNMENT((#15154));
#15154 = SURFACE_STYLE_USAGE(.BOTH.,#15155);
#15155 = SURFACE_SIDE_STYLE('',(#15156));
#15156 = SURFACE_STYLE_FILL_AREA(#15157);
#15157 = FILL_AREA_STYLE('',(#15158));
#15158 = FILL_AREA_STYLE_COLOUR('',#13984);
#15159 = MECHANICAL_DESIGN_GEOMETRIC_PRESENTATION_REPRESENTATION('',(
    #15160,#15167,#15174,#15181,#15188,#15195,#15202,#15209,#15216,
    #15223,#15230,#15238,#15245,#15252,#15259,#15266,#15273,#15280,
    #15287,#15294,#15301,#15308,#15315,#15322,#15329,#15336,#15343,
    #15350),#11008);
#15160 = STYLED_ITEM('color',(#15161),#10156);
#15161 = PRESENTATION_STYLE_ASSIGNMENT((#15162));
#15162 = SURFACE_STYLE_USAGE(.BOTH.,#15163);
#15163 = SURFACE_SIDE_STYLE('',(#15164));
#15164 = SURFACE_STYLE_FILL_AREA(#15165);
#15165 = FILL_AREA_STYLE('',(#15166));
#15166 = FILL_AREA_STYLE_COLOUR('',#14616);
#15167 = STYLED_ITEM('color',(#15168),#10232);
#15168 = PRESENTATION_STYLE_ASSIGNMENT((#15169));
#15169 = SURFACE_STYLE_USAGE(.BOTH.,#15170);
#15170 = SURFACE_SIDE_STYLE('',(#15171));
#15171 = SURFACE_STYLE_FILL_AREA(#15172);
#15172 = FILL_AREA_STYLE('',(#15173));
#15173 = FILL_AREA_STYLE_COLOUR('',#14616);
#15174 = STYLED_ITEM('color',(#15175),#10263);
#15175 = PRESENTATION_STYLE_ASSIGNMENT((#15176));
#15176 = SURFACE_STYLE_USAGE(.BOTH.,#15177);
#15177 = SURFACE_SIDE_STYLE('',(#15178));
#15178 = SURFACE_STYLE_FILL_AREA(#15179);
#15179 = FILL_AREA_STYLE('',(#15180));
#15180 = FILL_AREA_STYLE_COLOUR('',#14616);
#15181 = STYLED_ITEM('color',(#15182),#10288);
#15182 = PRESENTATION_STYLE_ASSIGNMENT((#15183));
#15183 = SURFACE_STYLE_USAGE(.BOTH.,#15184);
#15184 = SURFACE_SIDE_STYLE('',(#15185));
#15185 = SURFACE_STYLE_FILL_AREA(#15186);
#15186 = FILL_AREA_STYLE('',(#15187));
#15187 = FILL_AREA_STYLE_COLOUR('',#14616);
#15188 = STYLED_ITEM('color',(#15189),#10313);
#15189 = PRESENTATION_STYLE_ASSIGNMENT((#15190));
#15190 = SURFACE_STYLE_USAGE(.BOTH.,#15191);
#15191 = SURFACE_SIDE_STYLE('',(#15192));
#15192 = SURFACE_STYLE_FILL_AREA(#15193);
#15193 = FILL_AREA_STYLE('',(#15194));
#15194 = FILL_AREA_STYLE_COLOUR('',#14616);
#15195 = STYLED_ITEM('color',(#15196),#10337);
#15196 = PRESENTATION_STYLE_ASSIGNMENT((#15197));
#15197 = SURFACE_STYLE_USAGE(.BOTH.,#15198);
#15198 = SURFACE_SIDE_STYLE('',(#15199));
#15199 = SURFACE_STYLE_FILL_AREA(#15200);
#15200 = FILL_AREA_STYLE('',(#15201));
#15201 = FILL_AREA_STYLE_COLOUR('',#14616);
#15202 = STYLED_ITEM('color',(#15203),#10361);
#15203 = PRESENTATION_STYLE_ASSIGNMENT((#15204));
#15204 = SURFACE_STYLE_USAGE(.BOTH.,#15205);
#15205 = SURFACE_SIDE_STYLE('',(#15206));
#15206 = SURFACE_STYLE_FILL_AREA(#15207);
#15207 = FILL_AREA_STYLE('',(#15208));
#15208 = FILL_AREA_STYLE_COLOUR('',#14616);
#15209 = STYLED_ITEM('color',(#15210),#10386);
#15210 = PRESENTATION_STYLE_ASSIGNMENT((#15211));
#15211 = SURFACE_STYLE_USAGE(.BOTH.,#15212);
#15212 = SURFACE_SIDE_STYLE('',(#15213));
#15213 = SURFACE_STYLE_FILL_AREA(#15214);
#15214 = FILL_AREA_STYLE('',(#15215));
#15215 = FILL_AREA_STYLE_COLOUR('',#14616);
#15216 = STYLED_ITEM('color',(#15217),#10411);
#15217 = PRESENTATION_STYLE_ASSIGNMENT((#15218));
#15218 = SURFACE_STYLE_USAGE(.BOTH.,#15219);
#15219 = SURFACE_SIDE_STYLE('',(#15220));
#15220 = SURFACE_STYLE_FILL_AREA(#15221);
#15221 = FILL_AREA_STYLE('',(#15222));
#15222 = FILL_AREA_STYLE_COLOUR('',#14616);
#15223 = STYLED_ITEM('color',(#15224),#10428);
#15224 = PRESENTATION_STYLE_ASSIGNMENT((#15225));
#15225 = SURFACE_STYLE_USAGE(.BOTH.,#15226);
#15226 = SURFACE_SIDE_STYLE('',(#15227));
#15227 = SURFACE_STYLE_FILL_AREA(#15228);
#15228 = FILL_AREA_STYLE('',(#15229));
#15229 = FILL_AREA_STYLE_COLOUR('',#14616);
#15230 = STYLED_ITEM('color',(#15231),#10514);
#15231 = PRESENTATION_STYLE_ASSIGNMENT((#15232));
#15232 = SURFACE_STYLE_USAGE(.BOTH.,#15233);
#15233 = SURFACE_SIDE_STYLE('',(#15234));
#15234 = SURFACE_STYLE_FILL_AREA(#15235);
#15235 = FILL_AREA_STYLE('',(#15236));
#15236 = FILL_AREA_STYLE_COLOUR('',#15237);
#15237 = COLOUR_RGB('',0.379000005575,0.270000008848,0.214999999939);
#15238 = STYLED_ITEM('color',(#15239),#10546);
#15239 = PRESENTATION_STYLE_ASSIGNMENT((#15240));
#15240 = SURFACE_STYLE_USAGE(.BOTH.,#15241);
#15241 = SURFACE_SIDE_STYLE('',(#15242));
#15242 = SURFACE_STYLE_FILL_AREA(#15243);
#15243 = FILL_AREA_STYLE('',(#15244));
#15244 = FILL_AREA_STYLE_COLOUR('',#15237);
#15245 = STYLED_ITEM('color',(#15246),#10570);
#15246 = PRESENTATION_STYLE_ASSIGNMENT((#15247));
#15247 = SURFACE_STYLE_USAGE(.BOTH.,#15248);
#15248 = SURFACE_SIDE_STYLE('',(#15249));
#15249 = SURFACE_STYLE_FILL_AREA(#15250);
#15250 = FILL_AREA_STYLE('',(#15251));
#15251 = FILL_AREA_STYLE_COLOUR('',#15237);
#15252 = STYLED_ITEM('color',(#15253),#10595);
#15253 = PRESENTATION_STYLE_ASSIGNMENT((#15254));
#15254 = SURFACE_STYLE_USAGE(.BOTH.,#15255);
#15255 = SURFACE_SIDE_STYLE('',(#15256));
#15256 = SURFACE_STYLE_FILL_AREA(#15257);
#15257 = FILL_AREA_STYLE('',(#15258));
#15258 = FILL_AREA_STYLE_COLOUR('',#15237);
#15259 = STYLED_ITEM('color',(#15260),#10619);
#15260 = PRESENTATION_STYLE_ASSIGNMENT((#15261));
#15261 = SURFACE_STYLE_USAGE(.BOTH.,#15262);
#15262 = SURFACE_SIDE_STYLE('',(#15263));
#15263 = SURFACE_STYLE_FILL_AREA(#15264);
#15264 = FILL_AREA_STYLE('',(#15265));
#15265 = FILL_AREA_STYLE_COLOUR('',#15237);
#15266 = STYLED_ITEM('color',(#15267),#10644);
#15267 = PRESENTATION_STYLE_ASSIGNMENT((#15268));
#15268 = SURFACE_STYLE_USAGE(.BOTH.,#15269);
#15269 = SURFACE_SIDE_STYLE('',(#15270));
#15270 = SURFACE_STYLE_FILL_AREA(#15271);
#15271 = FILL_AREA_STYLE('',(#15272));
#15272 = FILL_AREA_STYLE_COLOUR('',#15237);
#15273 = STYLED_ITEM('color',(#15274),#10668);
#15274 = PRESENTATION_STYLE_ASSIGNMENT((#15275));
#15275 = SURFACE_STYLE_USAGE(.BOTH.,#15276);
#15276 = SURFACE_SIDE_STYLE('',(#15277));
#15277 = SURFACE_STYLE_FILL_AREA(#15278);
#15278 = FILL_AREA_STYLE('',(#15279));
#15279 = FILL_AREA_STYLE_COLOUR('',#15237);
#15280 = STYLED_ITEM('color',(#15281),#10693);
#15281 = PRESENTATION_STYLE_ASSIGNMENT((#15282));
#15282 = SURFACE_STYLE_USAGE(.BOTH.,#15283);
#15283 = SURFACE_SIDE_STYLE('',(#15284));
#15284 = SURFACE_STYLE_FILL_AREA(#15285);
#15285 = FILL_AREA_STYLE('',(#15286));
#15286 = FILL_AREA_STYLE_COLOUR('',#15237);
#15287 = STYLED_ITEM('color',(#15288),#10710);
#15288 = PRESENTATION_STYLE_ASSIGNMENT((#15289));
#15289 = SURFACE_STYLE_USAGE(.BOTH.,#15290);
#15290 = SURFACE_SIDE_STYLE('',(#15291));
#15291 = SURFACE_STYLE_FILL_AREA(#15292);
#15292 = FILL_AREA_STYLE('',(#15293));
#15293 = FILL_AREA_STYLE_COLOUR('',#14616);
#15294 = STYLED_ITEM('color',(#15295),#10796);
#15295 = PRESENTATION_STYLE_ASSIGNMENT((#15296));
#15296 = SURFACE_STYLE_USAGE(.BOTH.,#15297);
#15297 = SURFACE_SIDE_STYLE('',(#15298));
#15298 = SURFACE_STYLE_FILL_AREA(#15299);
#15299 = FILL_AREA_STYLE('',(#15300));
#15300 = FILL_AREA_STYLE_COLOUR('',#14616);
#15301 = STYLED_ITEM('color',(#15302),#10827);
#15302 = PRESENTATION_STYLE_ASSIGNMENT((#15303));
#15303 = SURFACE_STYLE_USAGE(.BOTH.,#15304);
#15304 = SURFACE_SIDE_STYLE('',(#15305));
#15305 = SURFACE_STYLE_FILL_AREA(#15306);
#15306 = FILL_AREA_STYLE('',(#15307));
#15307 = FILL_AREA_STYLE_COLOUR('',#14616);
#15308 = STYLED_ITEM('color',(#15309),#10852);
#15309 = PRESENTATION_STYLE_ASSIGNMENT((#15310));
#15310 = SURFACE_STYLE_USAGE(.BOTH.,#15311);
#15311 = SURFACE_SIDE_STYLE('',(#15312));
#15312 = SURFACE_STYLE_FILL_AREA(#15313);
#15313 = FILL_AREA_STYLE('',(#15314));
#15314 = FILL_AREA_STYLE_COLOUR('',#14616);
#15315 = STYLED_ITEM('color',(#15316),#10877);
#15316 = PRESENTATION_STYLE_ASSIGNMENT((#15317));
#15317 = SURFACE_STYLE_USAGE(.BOTH.,#15318);
#15318 = SURFACE_SIDE_STYLE('',(#15319));
#15319 = SURFACE_STYLE_FILL_AREA(#15320);
#15320 = FILL_AREA_STYLE('',(#15321));
#15321 = FILL_AREA_STYLE_COLOUR('',#14616);
#15322 = STYLED_ITEM('color',(#15323),#10901);
#15323 = PRESENTATION_STYLE_ASSIGNMENT((#15324));
#15324 = SURFACE_STYLE_USAGE(.BOTH.,#15325);
#15325 = SURFACE_SIDE_STYLE('',(#15326));
#15326 = SURFACE_STYLE_FILL_AREA(#15327);
#15327 = FILL_AREA_STYLE('',(#15328));
#15328 = FILL_AREA_STYLE_COLOUR('',#14616);
#15329 = STYLED_ITEM('color',(#15330),#10925);
#15330 = PRESENTATION_STYLE_ASSIGNMENT((#15331));
#15331 = SURFACE_STYLE_USAGE(.BOTH.,#15332);
#15332 = SURFACE_SIDE_STYLE('',(#15333));
#15333 = SURFACE_STYLE_FILL_AREA(#15334);
#15334 = FILL_AREA_STYLE('',(#15335));
#15335 = FILL_AREA_STYLE_COLOUR('',#14616);
#15336 = STYLED_ITEM('color',(#15337),#10950);
#15337 = PRESENTATION_STYLE_ASSIGNMENT((#15338));
#15338 = SURFACE_STYLE_USAGE(.BOTH.,#15339);
#15339 = SURFACE_SIDE_STYLE('',(#15340));
#15340 = SURFACE_STYLE_FILL_AREA(#15341);
#15341 = FILL_AREA_STYLE('',(#15342));
#15342 = FILL_AREA_STYLE_COLOUR('',#14616);
#15343 = STYLED_ITEM('color',(#15344),#10975);
#15344 = PRESENTATION_STYLE_ASSIGNMENT((#15345));
#15345 = SURFACE_STYLE_USAGE(.BOTH.,#15346);
#15346 = SURFACE_SIDE_STYLE('',(#15347));
#15347 = SURFACE_STYLE_FILL_AREA(#15348);
#15348 = FILL_AREA_STYLE('',(#15349));
#15349 = FILL_AREA_STYLE_COLOUR('',#14616);
#15350 = STYLED_ITEM('color',(#15351),#10992);
#15351 = PRESENTATION_STYLE_ASSIGNMENT((#15352));
#15352 = SURFACE_STYLE_USAGE(.BOTH.,#15353);
#15353 = SURFACE_SIDE_STYLE('',(#15354));
#15354 = SURFACE_STYLE_FILL_AREA(#15355);
#15355 = FILL_AREA_STYLE('',(#15356));
#15356 = FILL_AREA_STYLE_COLOUR('',#14616);
#15357 = MECHANICAL_DESIGN_GEOMETRIC_PRESENTATION_REPRESENTATION('',(
    #15358,#15365,#15372,#15379,#15386,#15393,#15400,#15407,#15414,
    #15421,#15428,#15435,#15442,#15449,#15456,#15463,#15470,#15477,
    #15484,#15491,#15498,#15505,#15512,#15519,#15526,#15533,#15540,
    #15547,#15554,#15561,#15568,#15575,#15582,#15589,#15596,#15603,
    #15610,#15617,#15624,#15631,#15638,#15645,#15652,#15659,#15666,
    #15673,#15680,#15687,#15694,#15701,#15708,#15715,#15722,#15729,
    #15736,#15743,#15750,#15757,#15764,#15771,#15778,#15785,#15792,
    #15799,#15806,#15813,#15820,#15827,#15834,#15841,#15848,#15855,
    #15862,#15869,#15876,#15883,#15890,#15897,#15904,#15911,#15918,
    #15925,#15932,#15939,#15946,#15953,#15960,#15967,#15974,#15981,
    #15988,#15995,#16002,#16009,#16016,#16023,#16030,#16037,#16044),
  #6304);
#15358 = STYLED_ITEM('color',(#15359),#3650);
#15359 = PRESENTATION_STYLE_ASSIGNMENT((#15360));
#15360 = SURFACE_STYLE_USAGE(.BOTH.,#15361);
#15361 = SURFACE_SIDE_STYLE('',(#15362));
#15362 = SURFACE_STYLE_FILL_AREA(#15363);
#15363 = FILL_AREA_STYLE('',(#15364));
#15364 = FILL_AREA_STYLE_COLOUR('',#14666);
#15365 = STYLED_ITEM('color',(#15366),#3690);
#15366 = PRESENTATION_STYLE_ASSIGNMENT((#15367));
#15367 = SURFACE_STYLE_USAGE(.BOTH.,#15368);
#15368 = SURFACE_SIDE_STYLE('',(#15369));
#15369 = SURFACE_STYLE_FILL_AREA(#15370);
#15370 = FILL_AREA_STYLE('',(#15371));
#15371 = FILL_AREA_STYLE_COLOUR('',#14666);
#15372 = STYLED_ITEM('color',(#15373),#3770);
#15373 = PRESENTATION_STYLE_ASSIGNMENT((#15374));
#15374 = SURFACE_STYLE_USAGE(.BOTH.,#15375);
#15375 = SURFACE_SIDE_STYLE('',(#15376));
#15376 = SURFACE_STYLE_FILL_AREA(#15377);
#15377 = FILL_AREA_STYLE('',(#15378));
#15378 = FILL_AREA_STYLE_COLOUR('',#14666);
#15379 = STYLED_ITEM('color',(#15380),#3850);
#15380 = PRESENTATION_STYLE_ASSIGNMENT((#15381));
#15381 = SURFACE_STYLE_USAGE(.BOTH.,#15382);
#15382 = SURFACE_SIDE_STYLE('',(#15383));
#15383 = SURFACE_STYLE_FILL_AREA(#15384);
#15384 = FILL_AREA_STYLE('',(#15385));
#15385 = FILL_AREA_STYLE_COLOUR('',#14666);
#15386 = STYLED_ITEM('color',(#15387),#3902);
#15387 = PRESENTATION_STYLE_ASSIGNMENT((#15388));
#15388 = SURFACE_STYLE_USAGE(.BOTH.,#15389);
#15389 = SURFACE_SIDE_STYLE('',(#15390));
#15390 = SURFACE_STYLE_FILL_AREA(#15391);
#15391 = FILL_AREA_STYLE('',(#15392));
#15392 = FILL_AREA_STYLE_COLOUR('',#14666);
#15393 = STYLED_ITEM('color',(#15394),#4055);
#15394 = PRESENTATION_STYLE_ASSIGNMENT((#15395));
#15395 = SURFACE_STYLE_USAGE(.BOTH.,#15396);
#15396 = SURFACE_SIDE_STYLE('',(#15397));
#15397 = SURFACE_STYLE_FILL_AREA(#15398);
#15398 = FILL_AREA_STYLE('',(#15399));
#15399 = FILL_AREA_STYLE_COLOUR('',#14666);
#15400 = STYLED_ITEM('color',(#15401),#4077);
#15401 = PRESENTATION_STYLE_ASSIGNMENT((#15402));
#15402 = SURFACE_STYLE_USAGE(.BOTH.,#15403);
#15403 = SURFACE_SIDE_STYLE('',(#15404));
#15404 = SURFACE_STYLE_FILL_AREA(#15405);
#15405 = FILL_AREA_STYLE('',(#15406));
#15406 = FILL_AREA_STYLE_COLOUR('',#14666);
#15407 = STYLED_ITEM('color',(#15408),#4094);
#15408 = PRESENTATION_STYLE_ASSIGNMENT((#15409));
#15409 = SURFACE_STYLE_USAGE(.BOTH.,#15410);
#15410 = SURFACE_SIDE_STYLE('',(#15411));
#15411 = SURFACE_STYLE_FILL_AREA(#15412);
#15412 = FILL_AREA_STYLE('',(#15413));
#15413 = FILL_AREA_STYLE_COLOUR('',#14666);
#15414 = STYLED_ITEM('color',(#15415),#4247);
#15415 = PRESENTATION_STYLE_ASSIGNMENT((#15416));
#15416 = SURFACE_STYLE_USAGE(.BOTH.,#15417);
#15417 = SURFACE_SIDE_STYLE('',(#15418));
#15418 = SURFACE_STYLE_FILL_AREA(#15419);
#15419 = FILL_AREA_STYLE('',(#15420));
#15420 = FILL_AREA_STYLE_COLOUR('',#14666);
#15421 = STYLED_ITEM('color',(#15422),#4259);
#15422 = PRESENTATION_STYLE_ASSIGNMENT((#15423));
#15423 = SURFACE_STYLE_USAGE(.BOTH.,#15424);
#15424 = SURFACE_SIDE_STYLE('',(#15425));
#15425 = SURFACE_STYLE_FILL_AREA(#15426);
#15426 = FILL_AREA_STYLE('',(#15427));
#15427 = FILL_AREA_STYLE_COLOUR('',#14666);
#15428 = STYLED_ITEM('color',(#15429),#4292);
#15429 = PRESENTATION_STYLE_ASSIGNMENT((#15430));
#15430 = SURFACE_STYLE_USAGE(.BOTH.,#15431);
#15431 = SURFACE_SIDE_STYLE('',(#15432));
#15432 = SURFACE_STYLE_FILL_AREA(#15433);
#15433 = FILL_AREA_STYLE('',(#15434));
#15434 = FILL_AREA_STYLE_COLOUR('',#14666);
#15435 = STYLED_ITEM('color',(#15436),#4316);
#15436 = PRESENTATION_STYLE_ASSIGNMENT((#15437));
#15437 = SURFACE_STYLE_USAGE(.BOTH.,#15438);
#15438 = SURFACE_SIDE_STYLE('',(#15439));
#15439 = SURFACE_STYLE_FILL_AREA(#15440);
#15440 = FILL_AREA_STYLE('',(#15441));
#15441 = FILL_AREA_STYLE_COLOUR('',#14666);
#15442 = STYLED_ITEM('color',(#15443),#4342);
#15443 = PRESENTATION_STYLE_ASSIGNMENT((#15444));
#15444 = SURFACE_STYLE_USAGE(.BOTH.,#15445);
#15445 = SURFACE_SIDE_STYLE('',(#15446));
#15446 = SURFACE_STYLE_FILL_AREA(#15447);
#15447 = FILL_AREA_STYLE('',(#15448));
#15448 = FILL_AREA_STYLE_COLOUR('',#14666);
#15449 = STYLED_ITEM('color',(#15450),#4359);
#15450 = PRESENTATION_STYLE_ASSIGNMENT((#15451));
#15451 = SURFACE_STYLE_USAGE(.BOTH.,#15452);
#15452 = SURFACE_SIDE_STYLE('',(#15453));
#15453 = SURFACE_STYLE_FILL_AREA(#15454);
#15454 = FILL_AREA_STYLE('',(#15455));
#15455 = FILL_AREA_STYLE_COLOUR('',#14666);
#15456 = STYLED_ITEM('color',(#15457),#4390);
#15457 = PRESENTATION_STYLE_ASSIGNMENT((#15458));
#15458 = SURFACE_STYLE_USAGE(.BOTH.,#15459);
#15459 = SURFACE_SIDE_STYLE('',(#15460));
#15460 = SURFACE_STYLE_FILL_AREA(#15461);
#15461 = FILL_AREA_STYLE('',(#15462));
#15462 = FILL_AREA_STYLE_COLOUR('',#14666);
#15463 = STYLED_ITEM('color',(#15464),#4415);
#15464 = PRESENTATION_STYLE_ASSIGNMENT((#15465));
#15465 = SURFACE_STYLE_USAGE(.BOTH.,#15466);
#15466 = SURFACE_SIDE_STYLE('',(#15467));
#15467 = SURFACE_STYLE_FILL_AREA(#15468);
#15468 = FILL_AREA_STYLE('',(#15469));
#15469 = FILL_AREA_STYLE_COLOUR('',#14666);
#15470 = STYLED_ITEM('color',(#15471),#4439);
#15471 = PRESENTATION_STYLE_ASSIGNMENT((#15472));
#15472 = SURFACE_STYLE_USAGE(.BOTH.,#15473);
#15473 = SURFACE_SIDE_STYLE('',(#15474));
#15474 = SURFACE_STYLE_FILL_AREA(#15475);
#15475 = FILL_AREA_STYLE('',(#15476));
#15476 = FILL_AREA_STYLE_COLOUR('',#14666);
#15477 = STYLED_ITEM('color',(#15478),#4456);
#15478 = PRESENTATION_STYLE_ASSIGNMENT((#15479));
#15479 = SURFACE_STYLE_USAGE(.BOTH.,#15480);
#15480 = SURFACE_SIDE_STYLE('',(#15481));
#15481 = SURFACE_STYLE_FILL_AREA(#15482);
#15482 = FILL_AREA_STYLE('',(#15483));
#15483 = FILL_AREA_STYLE_COLOUR('',#13984);
#15484 = STYLED_ITEM('color',(#15485),#4487);
#15485 = PRESENTATION_STYLE_ASSIGNMENT((#15486));
#15486 = SURFACE_STYLE_USAGE(.BOTH.,#15487);
#15487 = SURFACE_SIDE_STYLE('',(#15488));
#15488 = SURFACE_STYLE_FILL_AREA(#15489);
#15489 = FILL_AREA_STYLE('',(#15490));
#15490 = FILL_AREA_STYLE_COLOUR('',#13984);
#15491 = STYLED_ITEM('color',(#15492),#4511);
#15492 = PRESENTATION_STYLE_ASSIGNMENT((#15493));
#15493 = SURFACE_STYLE_USAGE(.BOTH.,#15494);
#15494 = SURFACE_SIDE_STYLE('',(#15495));
#15495 = SURFACE_STYLE_FILL_AREA(#15496);
#15496 = FILL_AREA_STYLE('',(#15497));
#15497 = FILL_AREA_STYLE_COLOUR('',#13984);
#15498 = STYLED_ITEM('color',(#15499),#4535);
#15499 = PRESENTATION_STYLE_ASSIGNMENT((#15500));
#15500 = SURFACE_STYLE_USAGE(.BOTH.,#15501);
#15501 = SURFACE_SIDE_STYLE('',(#15502));
#15502 = SURFACE_STYLE_FILL_AREA(#15503);
#15503 = FILL_AREA_STYLE('',(#15504));
#15504 = FILL_AREA_STYLE_COLOUR('',#13984);
#15505 = STYLED_ITEM('color',(#15506),#4552);
#15506 = PRESENTATION_STYLE_ASSIGNMENT((#15507));
#15507 = SURFACE_STYLE_USAGE(.BOTH.,#15508);
#15508 = SURFACE_SIDE_STYLE('',(#15509));
#15509 = SURFACE_STYLE_FILL_AREA(#15510);
#15510 = FILL_AREA_STYLE('',(#15511));
#15511 = FILL_AREA_STYLE_COLOUR('',#13984);
#15512 = STYLED_ITEM('color',(#15513),#4583);
#15513 = PRESENTATION_STYLE_ASSIGNMENT((#15514));
#15514 = SURFACE_STYLE_USAGE(.BOTH.,#15515);
#15515 = SURFACE_SIDE_STYLE('',(#15516));
#15516 = SURFACE_STYLE_FILL_AREA(#15517);
#15517 = FILL_AREA_STYLE('',(#15518));
#15518 = FILL_AREA_STYLE_COLOUR('',#13984);
#15519 = STYLED_ITEM('color',(#15520),#4607);
#15520 = PRESENTATION_STYLE_ASSIGNMENT((#15521));
#15521 = SURFACE_STYLE_USAGE(.BOTH.,#15522);
#15522 = SURFACE_SIDE_STYLE('',(#15523));
#15523 = SURFACE_STYLE_FILL_AREA(#15524);
#15524 = FILL_AREA_STYLE('',(#15525));
#15525 = FILL_AREA_STYLE_COLOUR('',#13984);
#15526 = STYLED_ITEM('color',(#15527),#4631);
#15527 = PRESENTATION_STYLE_ASSIGNMENT((#15528));
#15528 = SURFACE_STYLE_USAGE(.BOTH.,#15529);
#15529 = SURFACE_SIDE_STYLE('',(#15530));
#15530 = SURFACE_STYLE_FILL_AREA(#15531);
#15531 = FILL_AREA_STYLE('',(#15532));
#15532 = FILL_AREA_STYLE_COLOUR('',#13984);
#15533 = STYLED_ITEM('color',(#15534),#4648);
#15534 = PRESENTATION_STYLE_ASSIGNMENT((#15535));
#15535 = SURFACE_STYLE_USAGE(.BOTH.,#15536);
#15536 = SURFACE_SIDE_STYLE('',(#15537));
#15537 = SURFACE_STYLE_FILL_AREA(#15538);
#15538 = FILL_AREA_STYLE('',(#15539));
#15539 = FILL_AREA_STYLE_COLOUR('',#13984);
#15540 = STYLED_ITEM('color',(#15541),#4679);
#15541 = PRESENTATION_STYLE_ASSIGNMENT((#15542));
#15542 = SURFACE_STYLE_USAGE(.BOTH.,#15543);
#15543 = SURFACE_SIDE_STYLE('',(#15544));
#15544 = SURFACE_STYLE_FILL_AREA(#15545);
#15545 = FILL_AREA_STYLE('',(#15546));
#15546 = FILL_AREA_STYLE_COLOUR('',#13984);
#15547 = STYLED_ITEM('color',(#15548),#4703);
#15548 = PRESENTATION_STYLE_ASSIGNMENT((#15549));
#15549 = SURFACE_STYLE_USAGE(.BOTH.,#15550);
#15550 = SURFACE_SIDE_STYLE('',(#15551));
#15551 = SURFACE_STYLE_FILL_AREA(#15552);
#15552 = FILL_AREA_STYLE('',(#15553));
#15553 = FILL_AREA_STYLE_COLOUR('',#13984);
#15554 = STYLED_ITEM('color',(#15555),#4727);
#15555 = PRESENTATION_STYLE_ASSIGNMENT((#15556));
#15556 = SURFACE_STYLE_USAGE(.BOTH.,#15557);
#15557 = SURFACE_SIDE_STYLE('',(#15558));
#15558 = SURFACE_STYLE_FILL_AREA(#15559);
#15559 = FILL_AREA_STYLE('',(#15560));
#15560 = FILL_AREA_STYLE_COLOUR('',#13984);
#15561 = STYLED_ITEM('color',(#15562),#4744);
#15562 = PRESENTATION_STYLE_ASSIGNMENT((#15563));
#15563 = SURFACE_STYLE_USAGE(.BOTH.,#15564);
#15564 = SURFACE_SIDE_STYLE('',(#15565));
#15565 = SURFACE_STYLE_FILL_AREA(#15566);
#15566 = FILL_AREA_STYLE('',(#15567));
#15567 = FILL_AREA_STYLE_COLOUR('',#13984);
#15568 = STYLED_ITEM('color',(#15569),#4775);
#15569 = PRESENTATION_STYLE_ASSIGNMENT((#15570));
#15570 = SURFACE_STYLE_USAGE(.BOTH.,#15571);
#15571 = SURFACE_SIDE_STYLE('',(#15572));
#15572 = SURFACE_STYLE_FILL_AREA(#15573);
#15573 = FILL_AREA_STYLE('',(#15574));
#15574 = FILL_AREA_STYLE_COLOUR('',#13984);
#15575 = STYLED_ITEM('color',(#15576),#4799);
#15576 = PRESENTATION_STYLE_ASSIGNMENT((#15577));
#15577 = SURFACE_STYLE_USAGE(.BOTH.,#15578);
#15578 = SURFACE_SIDE_STYLE('',(#15579));
#15579 = SURFACE_STYLE_FILL_AREA(#15580);
#15580 = FILL_AREA_STYLE('',(#15581));
#15581 = FILL_AREA_STYLE_COLOUR('',#13984);
#15582 = STYLED_ITEM('color',(#15583),#4823);
#15583 = PRESENTATION_STYLE_ASSIGNMENT((#15584));
#15584 = SURFACE_STYLE_USAGE(.BOTH.,#15585);
#15585 = SURFACE_SIDE_STYLE('',(#15586));
#15586 = SURFACE_STYLE_FILL_AREA(#15587);
#15587 = FILL_AREA_STYLE('',(#15588));
#15588 = FILL_AREA_STYLE_COLOUR('',#13984);
#15589 = STYLED_ITEM('color',(#15590),#4840);
#15590 = PRESENTATION_STYLE_ASSIGNMENT((#15591));
#15591 = SURFACE_STYLE_USAGE(.BOTH.,#15592);
#15592 = SURFACE_SIDE_STYLE('',(#15593));
#15593 = SURFACE_STYLE_FILL_AREA(#15594);
#15594 = FILL_AREA_STYLE('',(#15595));
#15595 = FILL_AREA_STYLE_COLOUR('',#13984);
#15596 = STYLED_ITEM('color',(#15597),#4871);
#15597 = PRESENTATION_STYLE_ASSIGNMENT((#15598));
#15598 = SURFACE_STYLE_USAGE(.BOTH.,#15599);
#15599 = SURFACE_SIDE_STYLE('',(#15600));
#15600 = SURFACE_STYLE_FILL_AREA(#15601);
#15601 = FILL_AREA_STYLE('',(#15602));
#15602 = FILL_AREA_STYLE_COLOUR('',#13984);
#15603 = STYLED_ITEM('color',(#15604),#4895);
#15604 = PRESENTATION_STYLE_ASSIGNMENT((#15605));
#15605 = SURFACE_STYLE_USAGE(.BOTH.,#15606);
#15606 = SURFACE_SIDE_STYLE('',(#15607));
#15607 = SURFACE_STYLE_FILL_AREA(#15608);
#15608 = FILL_AREA_STYLE('',(#15609));
#15609 = FILL_AREA_STYLE_COLOUR('',#13984);
#15610 = STYLED_ITEM('color',(#15611),#4919);
#15611 = PRESENTATION_STYLE_ASSIGNMENT((#15612));
#15612 = SURFACE_STYLE_USAGE(.BOTH.,#15613);
#15613 = SURFACE_SIDE_STYLE('',(#15614));
#15614 = SURFACE_STYLE_FILL_AREA(#15615);
#15615 = FILL_AREA_STYLE('',(#15616));
#15616 = FILL_AREA_STYLE_COLOUR('',#13984);
#15617 = STYLED_ITEM('color',(#15618),#4936);
#15618 = PRESENTATION_STYLE_ASSIGNMENT((#15619));
#15619 = SURFACE_STYLE_USAGE(.BOTH.,#15620);
#15620 = SURFACE_SIDE_STYLE('',(#15621));
#15621 = SURFACE_STYLE_FILL_AREA(#15622);
#15622 = FILL_AREA_STYLE('',(#15623));
#15623 = FILL_AREA_STYLE_COLOUR('',#13984);
#15624 = STYLED_ITEM('color',(#15625),#4967);
#15625 = PRESENTATION_STYLE_ASSIGNMENT((#15626));
#15626 = SURFACE_STYLE_USAGE(.BOTH.,#15627);
#15627 = SURFACE_SIDE_STYLE('',(#15628));
#15628 = SURFACE_STYLE_FILL_AREA(#15629);
#15629 = FILL_AREA_STYLE('',(#15630));
#15630 = FILL_AREA_STYLE_COLOUR('',#13984);
#15631 = STYLED_ITEM('color',(#15632),#4991);
#15632 = PRESENTATION_STYLE_ASSIGNMENT((#15633));
#15633 = SURFACE_STYLE_USAGE(.BOTH.,#15634);
#15634 = SURFACE_SIDE_STYLE('',(#15635));
#15635 = SURFACE_STYLE_FILL_AREA(#15636);
#15636 = FILL_AREA_STYLE('',(#15637));
#15637 = FILL_AREA_STYLE_COLOUR('',#13984);
#15638 = STYLED_ITEM('color',(#15639),#5015);
#15639 = PRESENTATION_STYLE_ASSIGNMENT((#15640));
#15640 = SURFACE_STYLE_USAGE(.BOTH.,#15641);
#15641 = SURFACE_SIDE_STYLE('',(#15642));
#15642 = SURFACE_STYLE_FILL_AREA(#15643);
#15643 = FILL_AREA_STYLE('',(#15644));
#15644 = FILL_AREA_STYLE_COLOUR('',#13984);
#15645 = STYLED_ITEM('color',(#15646),#5032);
#15646 = PRESENTATION_STYLE_ASSIGNMENT((#15647));
#15647 = SURFACE_STYLE_USAGE(.BOTH.,#15648);
#15648 = SURFACE_SIDE_STYLE('',(#15649));
#15649 = SURFACE_STYLE_FILL_AREA(#15650);
#15650 = FILL_AREA_STYLE('',(#15651));
#15651 = FILL_AREA_STYLE_COLOUR('',#13984);
#15652 = STYLED_ITEM('color',(#15653),#5063);
#15653 = PRESENTATION_STYLE_ASSIGNMENT((#15654));
#15654 = SURFACE_STYLE_USAGE(.BOTH.,#15655);
#15655 = SURFACE_SIDE_STYLE('',(#15656));
#15656 = SURFACE_STYLE_FILL_AREA(#15657);
#15657 = FILL_AREA_STYLE('',(#15658));
#15658 = FILL_AREA_STYLE_COLOUR('',#13984);
#15659 = STYLED_ITEM('color',(#15660),#5087);
#15660 = PRESENTATION_STYLE_ASSIGNMENT((#15661));
#15661 = SURFACE_STYLE_USAGE(.BOTH.,#15662);
#15662 = SURFACE_SIDE_STYLE('',(#15663));
#15663 = SURFACE_STYLE_FILL_AREA(#15664);
#15664 = FILL_AREA_STYLE('',(#15665));
#15665 = FILL_AREA_STYLE_COLOUR('',#13984);
#15666 = STYLED_ITEM('color',(#15667),#5111);
#15667 = PRESENTATION_STYLE_ASSIGNMENT((#15668));
#15668 = SURFACE_STYLE_USAGE(.BOTH.,#15669);
#15669 = SURFACE_SIDE_STYLE('',(#15670));
#15670 = SURFACE_STYLE_FILL_AREA(#15671);
#15671 = FILL_AREA_STYLE('',(#15672));
#15672 = FILL_AREA_STYLE_COLOUR('',#13984);
#15673 = STYLED_ITEM('color',(#15674),#5128);
#15674 = PRESENTATION_STYLE_ASSIGNMENT((#15675));
#15675 = SURFACE_STYLE_USAGE(.BOTH.,#15676);
#15676 = SURFACE_SIDE_STYLE('',(#15677));
#15677 = SURFACE_STYLE_FILL_AREA(#15678);
#15678 = FILL_AREA_STYLE('',(#15679));
#15679 = FILL_AREA_STYLE_COLOUR('',#13984);
#15680 = STYLED_ITEM('color',(#15681),#5159);
#15681 = PRESENTATION_STYLE_ASSIGNMENT((#15682));
#15682 = SURFACE_STYLE_USAGE(.BOTH.,#15683);
#15683 = SURFACE_SIDE_STYLE('',(#15684));
#15684 = SURFACE_STYLE_FILL_AREA(#15685);
#15685 = FILL_AREA_STYLE('',(#15686));
#15686 = FILL_AREA_STYLE_COLOUR('',#13984);
#15687 = STYLED_ITEM('color',(#15688),#5183);
#15688 = PRESENTATION_STYLE_ASSIGNMENT((#15689));
#15689 = SURFACE_STYLE_USAGE(.BOTH.,#15690);
#15690 = SURFACE_SIDE_STYLE('',(#15691));
#15691 = SURFACE_STYLE_FILL_AREA(#15692);
#15692 = FILL_AREA_STYLE('',(#15693));
#15693 = FILL_AREA_STYLE_COLOUR('',#13984);
#15694 = STYLED_ITEM('color',(#15695),#5207);
#15695 = PRESENTATION_STYLE_ASSIGNMENT((#15696));
#15696 = SURFACE_STYLE_USAGE(.BOTH.,#15697);
#15697 = SURFACE_SIDE_STYLE('',(#15698));
#15698 = SURFACE_STYLE_FILL_AREA(#15699);
#15699 = FILL_AREA_STYLE('',(#15700));
#15700 = FILL_AREA_STYLE_COLOUR('',#13984);
#15701 = STYLED_ITEM('color',(#15702),#5224);
#15702 = PRESENTATION_STYLE_ASSIGNMENT((#15703));
#15703 = SURFACE_STYLE_USAGE(.BOTH.,#15704);
#15704 = SURFACE_SIDE_STYLE('',(#15705));
#15705 = SURFACE_STYLE_FILL_AREA(#15706);
#15706 = FILL_AREA_STYLE('',(#15707));
#15707 = FILL_AREA_STYLE_COLOUR('',#14666);
#15708 = STYLED_ITEM('color',(#15709),#5255);
#15709 = PRESENTATION_STYLE_ASSIGNMENT((#15710));
#15710 = SURFACE_STYLE_USAGE(.BOTH.,#15711);
#15711 = SURFACE_SIDE_STYLE('',(#15712));
#15712 = SURFACE_STYLE_FILL_AREA(#15713);
#15713 = FILL_AREA_STYLE('',(#15714));
#15714 = FILL_AREA_STYLE_COLOUR('',#14666);
#15715 = STYLED_ITEM('color',(#15716),#5287);
#15716 = PRESENTATION_STYLE_ASSIGNMENT((#15717));
#15717 = SURFACE_STYLE_USAGE(.BOTH.,#15718);
#15718 = SURFACE_SIDE_STYLE('',(#15719));
#15719 = SURFACE_STYLE_FILL_AREA(#15720);
#15720 = FILL_AREA_STYLE('',(#15721));
#15721 = FILL_AREA_STYLE_COLOUR('',#14666);
#15722 = STYLED_ITEM('color',(#15723),#5311);
#15723 = PRESENTATION_STYLE_ASSIGNMENT((#15724));
#15724 = SURFACE_STYLE_USAGE(.BOTH.,#15725);
#15725 = SURFACE_SIDE_STYLE('',(#15726));
#15726 = SURFACE_STYLE_FILL_AREA(#15727);
#15727 = FILL_AREA_STYLE('',(#15728));
#15728 = FILL_AREA_STYLE_COLOUR('',#14666);
#15729 = STYLED_ITEM('color',(#15730),#5336);
#15730 = PRESENTATION_STYLE_ASSIGNMENT((#15731));
#15731 = SURFACE_STYLE_USAGE(.BOTH.,#15732);
#15732 = SURFACE_SIDE_STYLE('',(#15733));
#15733 = SURFACE_STYLE_FILL_AREA(#15734);
#15734 = FILL_AREA_STYLE('',(#15735));
#15735 = FILL_AREA_STYLE_COLOUR('',#14666);
#15736 = STYLED_ITEM('color',(#15737),#5348);
#15737 = PRESENTATION_STYLE_ASSIGNMENT((#15738));
#15738 = SURFACE_STYLE_USAGE(.BOTH.,#15739);
#15739 = SURFACE_SIDE_STYLE('',(#15740));
#15740 = SURFACE_STYLE_FILL_AREA(#15741);
#15741 = FILL_AREA_STYLE('',(#15742));
#15742 = FILL_AREA_STYLE_COLOUR('',#13984);
#15743 = STYLED_ITEM('color',(#15744),#5379);
#15744 = PRESENTATION_STYLE_ASSIGNMENT((#15745));
#15745 = SURFACE_STYLE_USAGE(.BOTH.,#15746);
#15746 = SURFACE_SIDE_STYLE('',(#15747));
#15747 = SURFACE_STYLE_FILL_AREA(#15748);
#15748 = FILL_AREA_STYLE('',(#15749));
#15749 = FILL_AREA_STYLE_COLOUR('',#13984);
#15750 = STYLED_ITEM('color',(#15751),#5403);
#15751 = PRESENTATION_STYLE_ASSIGNMENT((#15752));
#15752 = SURFACE_STYLE_USAGE(.BOTH.,#15753);
#15753 = SURFACE_SIDE_STYLE('',(#15754));
#15754 = SURFACE_STYLE_FILL_AREA(#15755);
#15755 = FILL_AREA_STYLE('',(#15756));
#15756 = FILL_AREA_STYLE_COLOUR('',#13984);
#15757 = STYLED_ITEM('color',(#15758),#5427);
#15758 = PRESENTATION_STYLE_ASSIGNMENT((#15759));
#15759 = SURFACE_STYLE_USAGE(.BOTH.,#15760);
#15760 = SURFACE_SIDE_STYLE('',(#15761));
#15761 = SURFACE_STYLE_FILL_AREA(#15762);
#15762 = FILL_AREA_STYLE('',(#15763));
#15763 = FILL_AREA_STYLE_COLOUR('',#13984);
#15764 = STYLED_ITEM('color',(#15765),#5444);
#15765 = PRESENTATION_STYLE_ASSIGNMENT((#15766));
#15766 = SURFACE_STYLE_USAGE(.BOTH.,#15767);
#15767 = SURFACE_SIDE_STYLE('',(#15768));
#15768 = SURFACE_STYLE_FILL_AREA(#15769);
#15769 = FILL_AREA_STYLE('',(#15770));
#15770 = FILL_AREA_STYLE_COLOUR('',#13984);
#15771 = STYLED_ITEM('color',(#15772),#5475);
#15772 = PRESENTATION_STYLE_ASSIGNMENT((#15773));
#15773 = SURFACE_STYLE_USAGE(.BOTH.,#15774);
#15774 = SURFACE_SIDE_STYLE('',(#15775));
#15775 = SURFACE_STYLE_FILL_AREA(#15776);
#15776 = FILL_AREA_STYLE('',(#15777));
#15777 = FILL_AREA_STYLE_COLOUR('',#13984);
#15778 = STYLED_ITEM('color',(#15779),#5499);
#15779 = PRESENTATION_STYLE_ASSIGNMENT((#15780));
#15780 = SURFACE_STYLE_USAGE(.BOTH.,#15781);
#15781 = SURFACE_SIDE_STYLE('',(#15782));
#15782 = SURFACE_STYLE_FILL_AREA(#15783);
#15783 = FILL_AREA_STYLE('',(#15784));
#15784 = FILL_AREA_STYLE_COLOUR('',#13984);
#15785 = STYLED_ITEM('color',(#15786),#5523);
#15786 = PRESENTATION_STYLE_ASSIGNMENT((#15787));
#15787 = SURFACE_STYLE_USAGE(.BOTH.,#15788);
#15788 = SURFACE_SIDE_STYLE('',(#15789));
#15789 = SURFACE_STYLE_FILL_AREA(#15790);
#15790 = FILL_AREA_STYLE('',(#15791));
#15791 = FILL_AREA_STYLE_COLOUR('',#13984);
#15792 = STYLED_ITEM('color',(#15793),#5540);
#15793 = PRESENTATION_STYLE_ASSIGNMENT((#15794));
#15794 = SURFACE_STYLE_USAGE(.BOTH.,#15795);
#15795 = SURFACE_SIDE_STYLE('',(#15796));
#15796 = SURFACE_STYLE_FILL_AREA(#15797);
#15797 = FILL_AREA_STYLE('',(#15798));
#15798 = FILL_AREA_STYLE_COLOUR('',#13984);
#15799 = STYLED_ITEM('color',(#15800),#5571);
#15800 = PRESENTATION_STYLE_ASSIGNMENT((#15801));
#15801 = SURFACE_STYLE_USAGE(.BOTH.,#15802);
#15802 = SURFACE_SIDE_STYLE('',(#15803));
#15803 = SURFACE_STYLE_FILL_AREA(#15804);
#15804 = FILL_AREA_STYLE('',(#15805));
#15805 = FILL_AREA_STYLE_COLOUR('',#13984);
#15806 = STYLED_ITEM('color',(#15807),#5595);
#15807 = PRESENTATION_STYLE_ASSIGNMENT((#15808));
#15808 = SURFACE_STYLE_USAGE(.BOTH.,#15809);
#15809 = SURFACE_SIDE_STYLE('',(#15810));
#15810 = SURFACE_STYLE_FILL_AREA(#15811);
#15811 = FILL_AREA_STYLE('',(#15812));
#15812 = FILL_AREA_STYLE_COLOUR('',#13984);
#15813 = STYLED_ITEM('color',(#15814),#5619);
#15814 = PRESENTATION_STYLE_ASSIGNMENT((#15815));
#15815 = SURFACE_STYLE_USAGE(.BOTH.,#15816);
#15816 = SURFACE_SIDE_STYLE('',(#15817));
#15817 = SURFACE_STYLE_FILL_AREA(#15818);
#15818 = FILL_AREA_STYLE('',(#15819));
#15819 = FILL_AREA_STYLE_COLOUR('',#13984);
#15820 = STYLED_ITEM('color',(#15821),#5636);
#15821 = PRESENTATION_STYLE_ASSIGNMENT((#15822));
#15822 = SURFACE_STYLE_USAGE(.BOTH.,#15823);
#15823 = SURFACE_SIDE_STYLE('',(#15824));
#15824 = SURFACE_STYLE_FILL_AREA(#15825);
#15825 = FILL_AREA_STYLE('',(#15826));
#15826 = FILL_AREA_STYLE_COLOUR('',#13984);
#15827 = STYLED_ITEM('color',(#15828),#5667);
#15828 = PRESENTATION_STYLE_ASSIGNMENT((#15829));
#15829 = SURFACE_STYLE_USAGE(.BOTH.,#15830);
#15830 = SURFACE_SIDE_STYLE('',(#15831));
#15831 = SURFACE_STYLE_FILL_AREA(#15832);
#15832 = FILL_AREA_STYLE('',(#15833));
#15833 = FILL_AREA_STYLE_COLOUR('',#13984);
#15834 = STYLED_ITEM('color',(#15835),#5691);
#15835 = PRESENTATION_STYLE_ASSIGNMENT((#15836));
#15836 = SURFACE_STYLE_USAGE(.BOTH.,#15837);
#15837 = SURFACE_SIDE_STYLE('',(#15838));
#15838 = SURFACE_STYLE_FILL_AREA(#15839);
#15839 = FILL_AREA_STYLE('',(#15840));
#15840 = FILL_AREA_STYLE_COLOUR('',#13984);
#15841 = STYLED_ITEM('color',(#15842),#5715);
#15842 = PRESENTATION_STYLE_ASSIGNMENT((#15843));
#15843 = SURFACE_STYLE_USAGE(.BOTH.,#15844);
#15844 = SURFACE_SIDE_STYLE('',(#15845));
#15845 = SURFACE_STYLE_FILL_AREA(#15846);
#15846 = FILL_AREA_STYLE('',(#15847));
#15847 = FILL_AREA_STYLE_COLOUR('',#13984);
#15848 = STYLED_ITEM('color',(#15849),#5732);
#15849 = PRESENTATION_STYLE_ASSIGNMENT((#15850));
#15850 = SURFACE_STYLE_USAGE(.BOTH.,#15851);
#15851 = SURFACE_SIDE_STYLE('',(#15852));
#15852 = SURFACE_STYLE_FILL_AREA(#15853);
#15853 = FILL_AREA_STYLE('',(#15854));
#15854 = FILL_AREA_STYLE_COLOUR('',#13984);
#15855 = STYLED_ITEM('color',(#15856),#5763);
#15856 = PRESENTATION_STYLE_ASSIGNMENT((#15857));
#15857 = SURFACE_STYLE_USAGE(.BOTH.,#15858);
#15858 = SURFACE_SIDE_STYLE('',(#15859));
#15859 = SURFACE_STYLE_FILL_AREA(#15860);
#15860 = FILL_AREA_STYLE('',(#15861));
#15861 = FILL_AREA_STYLE_COLOUR('',#13984);
#15862 = STYLED_ITEM('color',(#15863),#5787);
#15863 = PRESENTATION_STYLE_ASSIGNMENT((#15864));
#15864 = SURFACE_STYLE_USAGE(.BOTH.,#15865);
#15865 = SURFACE_SIDE_STYLE('',(#15866));
#15866 = SURFACE_STYLE_FILL_AREA(#15867);
#15867 = FILL_AREA_STYLE('',(#15868));
#15868 = FILL_AREA_STYLE_COLOUR('',#13984);
#15869 = STYLED_ITEM('color',(#15870),#5811);
#15870 = PRESENTATION_STYLE_ASSIGNMENT((#15871));
#15871 = SURFACE_STYLE_USAGE(.BOTH.,#15872);
#15872 = SURFACE_SIDE_STYLE('',(#15873));
#15873 = SURFACE_STYLE_FILL_AREA(#15874);
#15874 = FILL_AREA_STYLE('',(#15875));
#15875 = FILL_AREA_STYLE_COLOUR('',#13984);
#15876 = STYLED_ITEM('color',(#15877),#5828);
#15877 = PRESENTATION_STYLE_ASSIGNMENT((#15878));
#15878 = SURFACE_STYLE_USAGE(.BOTH.,#15879);
#15879 = SURFACE_SIDE_STYLE('',(#15880));
#15880 = SURFACE_STYLE_FILL_AREA(#15881);
#15881 = FILL_AREA_STYLE('',(#15882));
#15882 = FILL_AREA_STYLE_COLOUR('',#13984);
#15883 = STYLED_ITEM('color',(#15884),#5859);
#15884 = PRESENTATION_STYLE_ASSIGNMENT((#15885));
#15885 = SURFACE_STYLE_USAGE(.BOTH.,#15886);
#15886 = SURFACE_SIDE_STYLE('',(#15887));
#15887 = SURFACE_STYLE_FILL_AREA(#15888);
#15888 = FILL_AREA_STYLE('',(#15889));
#15889 = FILL_AREA_STYLE_COLOUR('',#13984);
#15890 = STYLED_ITEM('color',(#15891),#5883);
#15891 = PRESENTATION_STYLE_ASSIGNMENT((#15892));
#15892 = SURFACE_STYLE_USAGE(.BOTH.,#15893);
#15893 = SURFACE_SIDE_STYLE('',(#15894));
#15894 = SURFACE_STYLE_FILL_AREA(#15895);
#15895 = FILL_AREA_STYLE('',(#15896));
#15896 = FILL_AREA_STYLE_COLOUR('',#13984);
#15897 = STYLED_ITEM('color',(#15898),#5907);
#15898 = PRESENTATION_STYLE_ASSIGNMENT((#15899));
#15899 = SURFACE_STYLE_USAGE(.BOTH.,#15900);
#15900 = SURFACE_SIDE_STYLE('',(#15901));
#15901 = SURFACE_STYLE_FILL_AREA(#15902);
#15902 = FILL_AREA_STYLE('',(#15903));
#15903 = FILL_AREA_STYLE_COLOUR('',#13984);
#15904 = STYLED_ITEM('color',(#15905),#5924);
#15905 = PRESENTATION_STYLE_ASSIGNMENT((#15906));
#15906 = SURFACE_STYLE_USAGE(.BOTH.,#15907);
#15907 = SURFACE_SIDE_STYLE('',(#15908));
#15908 = SURFACE_STYLE_FILL_AREA(#15909);
#15909 = FILL_AREA_STYLE('',(#15910));
#15910 = FILL_AREA_STYLE_COLOUR('',#13984);
#15911 = STYLED_ITEM('color',(#15912),#5955);
#15912 = PRESENTATION_STYLE_ASSIGNMENT((#15913));
#15913 = SURFACE_STYLE_USAGE(.BOTH.,#15914);
#15914 = SURFACE_SIDE_STYLE('',(#15915));
#15915 = SURFACE_STYLE_FILL_AREA(#15916);
#15916 = FILL_AREA_STYLE('',(#15917));
#15917 = FILL_AREA_STYLE_COLOUR('',#13984);
#15918 = STYLED_ITEM('color',(#15919),#5979);
#15919 = PRESENTATION_STYLE_ASSIGNMENT((#15920));
#15920 = SURFACE_STYLE_USAGE(.BOTH.,#15921);
#15921 = SURFACE_SIDE_STYLE('',(#15922));
#15922 = SURFACE_STYLE_FILL_AREA(#15923);
#15923 = FILL_AREA_STYLE('',(#15924));
#15924 = FILL_AREA_STYLE_COLOUR('',#13984);
#15925 = STYLED_ITEM('color',(#15926),#6003);
#15926 = PRESENTATION_STYLE_ASSIGNMENT((#15927));
#15927 = SURFACE_STYLE_USAGE(.BOTH.,#15928);
#15928 = SURFACE_SIDE_STYLE('',(#15929));
#15929 = SURFACE_STYLE_FILL_AREA(#15930);
#15930 = FILL_AREA_STYLE('',(#15931));
#15931 = FILL_AREA_STYLE_COLOUR('',#13984);
#15932 = STYLED_ITEM('color',(#15933),#6020);
#15933 = PRESENTATION_STYLE_ASSIGNMENT((#15934));
#15934 = SURFACE_STYLE_USAGE(.BOTH.,#15935);
#15935 = SURFACE_SIDE_STYLE('',(#15936));
#15936 = SURFACE_STYLE_FILL_AREA(#15937);
#15937 = FILL_AREA_STYLE('',(#15938));
#15938 = FILL_AREA_STYLE_COLOUR('',#13984);
#15939 = STYLED_ITEM('color',(#15940),#6051);
#15940 = PRESENTATION_STYLE_ASSIGNMENT((#15941));
#15941 = SURFACE_STYLE_USAGE(.BOTH.,#15942);
#15942 = SURFACE_SIDE_STYLE('',(#15943));
#15943 = SURFACE_STYLE_FILL_AREA(#15944);
#15944 = FILL_AREA_STYLE('',(#15945));
#15945 = FILL_AREA_STYLE_COLOUR('',#13984);
#15946 = STYLED_ITEM('color',(#15947),#6075);
#15947 = PRESENTATION_STYLE_ASSIGNMENT((#15948));
#15948 = SURFACE_STYLE_USAGE(.BOTH.,#15949);
#15949 = SURFACE_SIDE_STYLE('',(#15950));
#15950 = SURFACE_STYLE_FILL_AREA(#15951);
#15951 = FILL_AREA_STYLE('',(#15952));
#15952 = FILL_AREA_STYLE_COLOUR('',#13984);
#15953 = STYLED_ITEM('color',(#15954),#6099);
#15954 = PRESENTATION_STYLE_ASSIGNMENT((#15955));
#15955 = SURFACE_STYLE_USAGE(.BOTH.,#15956);
#15956 = SURFACE_SIDE_STYLE('',(#15957));
#15957 = SURFACE_STYLE_FILL_AREA(#15958);
#15958 = FILL_AREA_STYLE('',(#15959));
#15959 = FILL_AREA_STYLE_COLOUR('',#13984);
#15960 = STYLED_ITEM('color',(#15961),#6116);
#15961 = PRESENTATION_STYLE_ASSIGNMENT((#15962));
#15962 = SURFACE_STYLE_USAGE(.BOTH.,#15963);
#15963 = SURFACE_SIDE_STYLE('',(#15964));
#15964 = SURFACE_STYLE_FILL_AREA(#15965);
#15965 = FILL_AREA_STYLE('',(#15966));
#15966 = FILL_AREA_STYLE_COLOUR('',#14666);
#15967 = STYLED_ITEM('color',(#15968),#6147);
#15968 = PRESENTATION_STYLE_ASSIGNMENT((#15969));
#15969 = SURFACE_STYLE_USAGE(.BOTH.,#15970);
#15970 = SURFACE_SIDE_STYLE('',(#15971));
#15971 = SURFACE_STYLE_FILL_AREA(#15972);
#15972 = FILL_AREA_STYLE('',(#15973));
#15973 = FILL_AREA_STYLE_COLOUR('',#14666);
#15974 = STYLED_ITEM('color',(#15975),#6164);
#15975 = PRESENTATION_STYLE_ASSIGNMENT((#15976));
#15976 = SURFACE_STYLE_USAGE(.BOTH.,#15977);
#15977 = SURFACE_SIDE_STYLE('',(#15978));
#15978 = SURFACE_STYLE_FILL_AREA(#15979);
#15979 = FILL_AREA_STYLE('',(#15980));
#15980 = FILL_AREA_STYLE_COLOUR('',#14666);
#15981 = STYLED_ITEM('color',(#15982),#6180);
#15982 = PRESENTATION_STYLE_ASSIGNMENT((#15983));
#15983 = SURFACE_STYLE_USAGE(.BOTH.,#15984);
#15984 = SURFACE_SIDE_STYLE('',(#15985));
#15985 = SURFACE_STYLE_FILL_AREA(#15986);
#15986 = FILL_AREA_STYLE('',(#15987));
#15987 = FILL_AREA_STYLE_COLOUR('',#14666);
#15988 = STYLED_ITEM('color',(#15989),#6196);
#15989 = PRESENTATION_STYLE_ASSIGNMENT((#15990));
#15990 = SURFACE_STYLE_USAGE(.BOTH.,#15991);
#15991 = SURFACE_SIDE_STYLE('',(#15992));
#15992 = SURFACE_STYLE_FILL_AREA(#15993);
#15993 = FILL_AREA_STYLE('',(#15994));
#15994 = FILL_AREA_STYLE_COLOUR('',#13984);
#15995 = STYLED_ITEM('color',(#15996),#6208);
#15996 = PRESENTATION_STYLE_ASSIGNMENT((#15997));
#15997 = SURFACE_STYLE_USAGE(.BOTH.,#15998);
#15998 = SURFACE_SIDE_STYLE('',(#15999));
#15999 = SURFACE_STYLE_FILL_AREA(#16000);
#16000 = FILL_AREA_STYLE('',(#16001));
#16001 = FILL_AREA_STYLE_COLOUR('',#13984);
#16002 = STYLED_ITEM('color',(#16003),#6220);
#16003 = PRESENTATION_STYLE_ASSIGNMENT((#16004));
#16004 = SURFACE_STYLE_USAGE(.BOTH.,#16005);
#16005 = SURFACE_SIDE_STYLE('',(#16006));
#16006 = SURFACE_STYLE_FILL_AREA(#16007);
#16007 = FILL_AREA_STYLE('',(#16008));
#16008 = FILL_AREA_STYLE_COLOUR('',#13984);
#16009 = STYLED_ITEM('color',(#16010),#6232);
#16010 = PRESENTATION_STYLE_ASSIGNMENT((#16011));
#16011 = SURFACE_STYLE_USAGE(.BOTH.,#16012);
#16012 = SURFACE_SIDE_STYLE('',(#16013));
#16013 = SURFACE_STYLE_FILL_AREA(#16014);
#16014 = FILL_AREA_STYLE('',(#16015));
#16015 = FILL_AREA_STYLE_COLOUR('',#13984);
#16016 = STYLED_ITEM('color',(#16017),#6244);
#16017 = PRESENTATION_STYLE_ASSIGNMENT((#16018));
#16018 = SURFACE_STYLE_USAGE(.BOTH.,#16019);
#16019 = SURFACE_SIDE_STYLE('',(#16020));
#16020 = SURFACE_STYLE_FILL_AREA(#16021);
#16021 = FILL_AREA_STYLE('',(#16022));
#16022 = FILL_AREA_STYLE_COLOUR('',#13984);
#16023 = STYLED_ITEM('color',(#16024),#6256);
#16024 = PRESENTATION_STYLE_ASSIGNMENT((#16025));
#16025 = SURFACE_STYLE_USAGE(.BOTH.,#16026);
#16026 = SURFACE_SIDE_STYLE('',(#16027));
#16027 = SURFACE_STYLE_FILL_AREA(#16028);
#16028 = FILL_AREA_STYLE('',(#16029));
#16029 = FILL_AREA_STYLE_COLOUR('',#13984);
#16030 = STYLED_ITEM('color',(#16031),#6268);
#16031 = PRESENTATION_STYLE_ASSIGNMENT((#16032));
#16032 = SURFACE_STYLE_USAGE(.BOTH.,#16033);
#16033 = SURFACE_SIDE_STYLE('',(#16034));
#16034 = SURFACE_STYLE_FILL_AREA(#16035);
#16035 = FILL_AREA_STYLE('',(#16036));
#16036 = FILL_AREA_STYLE_COLOUR('',#13984);
#16037 = STYLED_ITEM('color',(#16038),#6280);
#16038 = PRESENTATION_STYLE_ASSIGNMENT((#16039));
#16039 = SURFACE_STYLE_USAGE(.BOTH.,#16040);
#16040 = SURFACE_SIDE_STYLE('',(#16041));
#16041 = SURFACE_STYLE_FILL_AREA(#16042);
#16042 = FILL_AREA_STYLE('',(#16043));
#16043 = FILL_AREA_STYLE_COLOUR('',#13984);
#16044 = STYLED_ITEM('color',(#16045),#6292);
#16045 = PRESENTATION_STYLE_ASSIGNMENT((#16046));
#16046 = SURFACE_STYLE_USAGE(.BOTH.,#16047);
#16047 = SURFACE_SIDE_STYLE('',(#16048));
#16048 = SURFACE_STYLE_FILL_AREA(#16049);
#16049 = FILL_AREA_STYLE('',(#16050));
#16050 = FILL_AREA_STYLE_COLOUR('',#14666);
#16051 = MECHANICAL_DESIGN_GEOMETRIC_PRESENTATION_REPRESENTATION('',(
    #16052,#16063,#16070,#16077,#16084,#16091,#16098,#16105,#16112,
    #16119,#16126,#16133,#16140,#16147,#16154,#16161,#16168,#16175,
    #16182,#16189,#16196,#16203,#16210,#16217,#16224,#16231,#16238,
    #16245,#16252,#16259,#16266,#16273,#16280,#16287,#16294,#16301,
    #16308,#16315,#16322,#16329,#16336,#16343,#16350,#16357,#16364,
    #16371,#16378,#16385,#16392,#16399),#10102);
#16052 = STYLED_ITEM('color',(#16053),#8702);
#16053 = PRESENTATION_STYLE_ASSIGNMENT((#16054,#16060));
#16054 = SURFACE_STYLE_USAGE(.BOTH.,#16055);
#16055 = SURFACE_SIDE_STYLE('',(#16056));
#16056 = SURFACE_STYLE_FILL_AREA(#16057);
#16057 = FILL_AREA_STYLE('',(#16058));
#16058 = FILL_AREA_STYLE_COLOUR('',#16059);
#16059 = COLOUR_RGB('',0.1599999992,0.1599999992,0.1599999992);
#16060 = CURVE_STYLE('',#16061,POSITIVE_LENGTH_MEASURE(0.1),#16062);
#16061 = DRAUGHTING_PRE_DEFINED_CURVE_FONT('continuous');
#16062 = COLOUR_RGB('',9.803921802644E-02,9.803921802644E-02,
  9.803921802644E-02);
#16063 = OVER_RIDING_STYLED_ITEM('overriding color',(#16064),#8704,
  #16052);
#16064 = PRESENTATION_STYLE_ASSIGNMENT((#16065));
#16065 = SURFACE_STYLE_USAGE(.BOTH.,#16066);
#16066 = SURFACE_SIDE_STYLE('',(#16067));
#16067 = SURFACE_STYLE_FILL_AREA(#16068);
#16068 = FILL_AREA_STYLE('',(#16069));
#16069 = FILL_AREA_STYLE_COLOUR('',#16059);
#16070 = OVER_RIDING_STYLED_ITEM('overriding color',(#16071),#8744,
  #16052);
#16071 = PRESENTATION_STYLE_ASSIGNMENT((#16072));
#16072 = SURFACE_STYLE_USAGE(.BOTH.,#16073);
#16073 = SURFACE_SIDE_STYLE('',(#16074));
#16074 = SURFACE_STYLE_FILL_AREA(#16075);
#16075 = FILL_AREA_STYLE('',(#16076));
#16076 = FILL_AREA_STYLE_COLOUR('',#16059);
#16077 = OVER_RIDING_STYLED_ITEM('overriding color',(#16078),#8775,
  #16052);
#16078 = PRESENTATION_STYLE_ASSIGNMENT((#16079));
#16079 = SURFACE_STYLE_USAGE(.BOTH.,#16080);
#16080 = SURFACE_SIDE_STYLE('',(#16081));
#16081 = SURFACE_STYLE_FILL_AREA(#16082);
#16082 = FILL_AREA_STYLE('',(#16083));
#16083 = FILL_AREA_STYLE_COLOUR('',#16059);
#16084 = OVER_RIDING_STYLED_ITEM('overriding color',(#16085),#8806,
  #16052);
#16085 = PRESENTATION_STYLE_ASSIGNMENT((#16086));
#16086 = SURFACE_STYLE_USAGE(.BOTH.,#16087);
#16087 = SURFACE_SIDE_STYLE('',(#16088));
#16088 = SURFACE_STYLE_FILL_AREA(#16089);
#16089 = FILL_AREA_STYLE('',(#16090));
#16090 = FILL_AREA_STYLE_COLOUR('',#16059);
#16091 = OVER_RIDING_STYLED_ITEM('overriding color',(#16092),#9061,
  #16052);
#16092 = PRESENTATION_STYLE_ASSIGNMENT((#16093));
#16093 = SURFACE_STYLE_USAGE(.BOTH.,#16094);
#16094 = SURFACE_SIDE_STYLE('',(#16095));
#16095 = SURFACE_STYLE_FILL_AREA(#16096);
#16096 = FILL_AREA_STYLE('',(#16097));
#16097 = FILL_AREA_STYLE_COLOUR('',#14666);
#16098 = OVER_RIDING_STYLED_ITEM('overriding color',(#16099),#9109,
  #16052);
#16099 = PRESENTATION_STYLE_ASSIGNMENT((#16100));
#16100 = SURFACE_STYLE_USAGE(.BOTH.,#16101);
#16101 = SURFACE_SIDE_STYLE('',(#16102));
#16102 = SURFACE_STYLE_FILL_AREA(#16103);
#16103 = FILL_AREA_STYLE('',(#16104));
#16104 = FILL_AREA_STYLE_COLOUR('',#16059);
#16105 = OVER_RIDING_STYLED_ITEM('overriding color',(#16106),#9126,
  #16052);
#16106 = PRESENTATION_STYLE_ASSIGNMENT((#16107));
#16107 = SURFACE_STYLE_USAGE(.BOTH.,#16108);
#16108 = SURFACE_SIDE_STYLE('',(#16109));
#16109 = SURFACE_STYLE_FILL_AREA(#16110);
#16110 = FILL_AREA_STYLE('',(#16111));
#16111 = FILL_AREA_STYLE_COLOUR('',#14666);
#16112 = OVER_RIDING_STYLED_ITEM('overriding color',(#16113),#9167,
  #16052);
#16113 = PRESENTATION_STYLE_ASSIGNMENT((#16114));
#16114 = SURFACE_STYLE_USAGE(.BOTH.,#16115);
#16115 = SURFACE_SIDE_STYLE('',(#16116));
#16116 = SURFACE_STYLE_FILL_AREA(#16117);
#16117 = FILL_AREA_STYLE('',(#16118));
#16118 = FILL_AREA_STYLE_COLOUR('',#14666);
#16119 = OVER_RIDING_STYLED_ITEM('overriding color',(#16120),#9217,
  #16052);
#16120 = PRESENTATION_STYLE_ASSIGNMENT((#16121));
#16121 = SURFACE_STYLE_USAGE(.BOTH.,#16122);
#16122 = SURFACE_SIDE_STYLE('',(#16123));
#16123 = SURFACE_STYLE_FILL_AREA(#16124);
#16124 = FILL_AREA_STYLE('',(#16125));
#16125 = FILL_AREA_STYLE_COLOUR('',#13984);
#16126 = OVER_RIDING_STYLED_ITEM('overriding color',(#16127),#9248,
  #16052);
#16127 = PRESENTATION_STYLE_ASSIGNMENT((#16128));
#16128 = SURFACE_STYLE_USAGE(.BOTH.,#16129);
#16129 = SURFACE_SIDE_STYLE('',(#16130));
#16130 = SURFACE_STYLE_FILL_AREA(#16131);
#16131 = FILL_AREA_STYLE('',(#16132));
#16132 = FILL_AREA_STYLE_COLOUR('',#13984);
#16133 = OVER_RIDING_STYLED_ITEM('overriding color',(#16134),#9272,
  #16052);
#16134 = PRESENTATION_STYLE_ASSIGNMENT((#16135));
#16135 = SURFACE_STYLE_USAGE(.BOTH.,#16136);
#16136 = SURFACE_SIDE_STYLE('',(#16137));
#16137 = SURFACE_STYLE_FILL_AREA(#16138);
#16138 = FILL_AREA_STYLE('',(#16139));
#16139 = FILL_AREA_STYLE_COLOUR('',#13984);
#16140 = OVER_RIDING_STYLED_ITEM('overriding color',(#16141),#9296,
  #16052);
#16141 = PRESENTATION_STYLE_ASSIGNMENT((#16142));
#16142 = SURFACE_STYLE_USAGE(.BOTH.,#16143);
#16143 = SURFACE_SIDE_STYLE('',(#16144));
#16144 = SURFACE_STYLE_FILL_AREA(#16145);
#16145 = FILL_AREA_STYLE('',(#16146));
#16146 = FILL_AREA_STYLE_COLOUR('',#13984);
#16147 = OVER_RIDING_STYLED_ITEM('overriding color',(#16148),#9313,
  #16052);
#16148 = PRESENTATION_STYLE_ASSIGNMENT((#16149));
#16149 = SURFACE_STYLE_USAGE(.BOTH.,#16150);
#16150 = SURFACE_SIDE_STYLE('',(#16151));
#16151 = SURFACE_STYLE_FILL_AREA(#16152);
#16152 = FILL_AREA_STYLE('',(#16153));
#16153 = FILL_AREA_STYLE_COLOUR('',#13984);
#16154 = OVER_RIDING_STYLED_ITEM('overriding color',(#16155),#9344,
  #16052);
#16155 = PRESENTATION_STYLE_ASSIGNMENT((#16156));
#16156 = SURFACE_STYLE_USAGE(.BOTH.,#16157);
#16157 = SURFACE_SIDE_STYLE('',(#16158));
#16158 = SURFACE_STYLE_FILL_AREA(#16159);
#16159 = FILL_AREA_STYLE('',(#16160));
#16160 = FILL_AREA_STYLE_COLOUR('',#13984);
#16161 = OVER_RIDING_STYLED_ITEM('overriding color',(#16162),#9368,
  #16052);
#16162 = PRESENTATION_STYLE_ASSIGNMENT((#16163));
#16163 = SURFACE_STYLE_USAGE(.BOTH.,#16164);
#16164 = SURFACE_SIDE_STYLE('',(#16165));
#16165 = SURFACE_STYLE_FILL_AREA(#16166);
#16166 = FILL_AREA_STYLE('',(#16167));
#16167 = FILL_AREA_STYLE_COLOUR('',#13984);
#16168 = OVER_RIDING_STYLED_ITEM('overriding color',(#16169),#9392,
  #16052);
#16169 = PRESENTATION_STYLE_ASSIGNMENT((#16170));
#16170 = SURFACE_STYLE_USAGE(.BOTH.,#16171);
#16171 = SURFACE_SIDE_STYLE('',(#16172));
#16172 = SURFACE_STYLE_FILL_AREA(#16173);
#16173 = FILL_AREA_STYLE('',(#16174));
#16174 = FILL_AREA_STYLE_COLOUR('',#13984);
#16175 = OVER_RIDING_STYLED_ITEM('overriding color',(#16176),#9409,
  #16052);
#16176 = PRESENTATION_STYLE_ASSIGNMENT((#16177));
#16177 = SURFACE_STYLE_USAGE(.BOTH.,#16178);
#16178 = SURFACE_SIDE_STYLE('',(#16179));
#16179 = SURFACE_STYLE_FILL_AREA(#16180);
#16180 = FILL_AREA_STYLE('',(#16181));
#16181 = FILL_AREA_STYLE_COLOUR('',#13984);
#16182 = OVER_RIDING_STYLED_ITEM('overriding color',(#16183),#9440,
  #16052);
#16183 = PRESENTATION_STYLE_ASSIGNMENT((#16184));
#16184 = SURFACE_STYLE_USAGE(.BOTH.,#16185);
#16185 = SURFACE_SIDE_STYLE('',(#16186));
#16186 = SURFACE_STYLE_FILL_AREA(#16187);
#16187 = FILL_AREA_STYLE('',(#16188));
#16188 = FILL_AREA_STYLE_COLOUR('',#13984);
#16189 = OVER_RIDING_STYLED_ITEM('overriding color',(#16190),#9464,
  #16052);
#16190 = PRESENTATION_STYLE_ASSIGNMENT((#16191));
#16191 = SURFACE_STYLE_USAGE(.BOTH.,#16192);
#16192 = SURFACE_SIDE_STYLE('',(#16193));
#16193 = SURFACE_STYLE_FILL_AREA(#16194);
#16194 = FILL_AREA_STYLE('',(#16195));
#16195 = FILL_AREA_STYLE_COLOUR('',#13984);
#16196 = OVER_RIDING_STYLED_ITEM('overriding color',(#16197),#9488,
  #16052);
#16197 = PRESENTATION_STYLE_ASSIGNMENT((#16198));
#16198 = SURFACE_STYLE_USAGE(.BOTH.,#16199);
#16199 = SURFACE_SIDE_STYLE('',(#16200));
#16200 = SURFACE_STYLE_FILL_AREA(#16201);
#16201 = FILL_AREA_STYLE('',(#16202));
#16202 = FILL_AREA_STYLE_COLOUR('',#13984);
#16203 = OVER_RIDING_STYLED_ITEM('overriding color',(#16204),#9505,
  #16052);
#16204 = PRESENTATION_STYLE_ASSIGNMENT((#16205));
#16205 = SURFACE_STYLE_USAGE(.BOTH.,#16206);
#16206 = SURFACE_SIDE_STYLE('',(#16207));
#16207 = SURFACE_STYLE_FILL_AREA(#16208);
#16208 = FILL_AREA_STYLE('',(#16209));
#16209 = FILL_AREA_STYLE_COLOUR('',#13984);
#16210 = OVER_RIDING_STYLED_ITEM('overriding color',(#16211),#9536,
  #16052);
#16211 = PRESENTATION_STYLE_ASSIGNMENT((#16212));
#16212 = SURFACE_STYLE_USAGE(.BOTH.,#16213);
#16213 = SURFACE_SIDE_STYLE('',(#16214));
#16214 = SURFACE_STYLE_FILL_AREA(#16215);
#16215 = FILL_AREA_STYLE('',(#16216));
#16216 = FILL_AREA_STYLE_COLOUR('',#13984);
#16217 = OVER_RIDING_STYLED_ITEM('overriding color',(#16218),#9560,
  #16052);
#16218 = PRESENTATION_STYLE_ASSIGNMENT((#16219));
#16219 = SURFACE_STYLE_USAGE(.BOTH.,#16220);
#16220 = SURFACE_SIDE_STYLE('',(#16221));
#16221 = SURFACE_STYLE_FILL_AREA(#16222);
#16222 = FILL_AREA_STYLE('',(#16223));
#16223 = FILL_AREA_STYLE_COLOUR('',#13984);
#16224 = OVER_RIDING_STYLED_ITEM('overriding color',(#16225),#9584,
  #16052);
#16225 = PRESENTATION_STYLE_ASSIGNMENT((#16226));
#16226 = SURFACE_STYLE_USAGE(.BOTH.,#16227);
#16227 = SURFACE_SIDE_STYLE('',(#16228));
#16228 = SURFACE_STYLE_FILL_AREA(#16229);
#16229 = FILL_AREA_STYLE('',(#16230));
#16230 = FILL_AREA_STYLE_COLOUR('',#13984);
#16231 = OVER_RIDING_STYLED_ITEM('overriding color',(#16232),#9601,
  #16052);
#16232 = PRESENTATION_STYLE_ASSIGNMENT((#16233));
#16233 = SURFACE_STYLE_USAGE(.BOTH.,#16234);
#16234 = SURFACE_SIDE_STYLE('',(#16235));
#16235 = SURFACE_STYLE_FILL_AREA(#16236);
#16236 = FILL_AREA_STYLE('',(#16237));
#16237 = FILL_AREA_STYLE_COLOUR('',#13984);
#16238 = OVER_RIDING_STYLED_ITEM('overriding color',(#16239),#9632,
  #16052);
#16239 = PRESENTATION_STYLE_ASSIGNMENT((#16240));
#16240 = SURFACE_STYLE_USAGE(.BOTH.,#16241);
#16241 = SURFACE_SIDE_STYLE('',(#16242));
#16242 = SURFACE_STYLE_FILL_AREA(#16243);
#16243 = FILL_AREA_STYLE('',(#16244));
#16244 = FILL_AREA_STYLE_COLOUR('',#13984);
#16245 = OVER_RIDING_STYLED_ITEM('overriding color',(#16246),#9656,
  #16052);
#16246 = PRESENTATION_STYLE_ASSIGNMENT((#16247));
#16247 = SURFACE_STYLE_USAGE(.BOTH.,#16248);
#16248 = SURFACE_SIDE_STYLE('',(#16249));
#16249 = SURFACE_STYLE_FILL_AREA(#16250);
#16250 = FILL_AREA_STYLE('',(#16251));
#16251 = FILL_AREA_STYLE_COLOUR('',#13984);
#16252 = OVER_RIDING_STYLED_ITEM('overriding color',(#16253),#9680,
  #16052);
#16253 = PRESENTATION_STYLE_ASSIGNMENT((#16254));
#16254 = SURFACE_STYLE_USAGE(.BOTH.,#16255);
#16255 = SURFACE_SIDE_STYLE('',(#16256));
#16256 = SURFACE_STYLE_FILL_AREA(#16257);
#16257 = FILL_AREA_STYLE('',(#16258));
#16258 = FILL_AREA_STYLE_COLOUR('',#13984);
#16259 = OVER_RIDING_STYLED_ITEM('overriding color',(#16260),#9697,
  #16052);
#16260 = PRESENTATION_STYLE_ASSIGNMENT((#16261));
#16261 = SURFACE_STYLE_USAGE(.BOTH.,#16262);
#16262 = SURFACE_SIDE_STYLE('',(#16263));
#16263 = SURFACE_STYLE_FILL_AREA(#16264);
#16264 = FILL_AREA_STYLE('',(#16265));
#16265 = FILL_AREA_STYLE_COLOUR('',#13984);
#16266 = OVER_RIDING_STYLED_ITEM('overriding color',(#16267),#9728,
  #16052);
#16267 = PRESENTATION_STYLE_ASSIGNMENT((#16268));
#16268 = SURFACE_STYLE_USAGE(.BOTH.,#16269);
#16269 = SURFACE_SIDE_STYLE('',(#16270));
#16270 = SURFACE_STYLE_FILL_AREA(#16271);
#16271 = FILL_AREA_STYLE('',(#16272));
#16272 = FILL_AREA_STYLE_COLOUR('',#13984);
#16273 = OVER_RIDING_STYLED_ITEM('overriding color',(#16274),#9752,
  #16052);
#16274 = PRESENTATION_STYLE_ASSIGNMENT((#16275));
#16275 = SURFACE_STYLE_USAGE(.BOTH.,#16276);
#16276 = SURFACE_SIDE_STYLE('',(#16277));
#16277 = SURFACE_STYLE_FILL_AREA(#16278);
#16278 = FILL_AREA_STYLE('',(#16279));
#16279 = FILL_AREA_STYLE_COLOUR('',#13984);
#16280 = OVER_RIDING_STYLED_ITEM('overriding color',(#16281),#9776,
  #16052);
#16281 = PRESENTATION_STYLE_ASSIGNMENT((#16282));
#16282 = SURFACE_STYLE_USAGE(.BOTH.,#16283);
#16283 = SURFACE_SIDE_STYLE('',(#16284));
#16284 = SURFACE_STYLE_FILL_AREA(#16285);
#16285 = FILL_AREA_STYLE('',(#16286));
#16286 = FILL_AREA_STYLE_COLOUR('',#13984);
#16287 = OVER_RIDING_STYLED_ITEM('overriding color',(#16288),#9793,
  #16052);
#16288 = PRESENTATION_STYLE_ASSIGNMENT((#16289));
#16289 = SURFACE_STYLE_USAGE(.BOTH.,#16290);
#16290 = SURFACE_SIDE_STYLE('',(#16291));
#16291 = SURFACE_STYLE_FILL_AREA(#16292);
#16292 = FILL_AREA_STYLE('',(#16293));
#16293 = FILL_AREA_STYLE_COLOUR('',#13984);
#16294 = OVER_RIDING_STYLED_ITEM('overriding color',(#16295),#9824,
  #16052);
#16295 = PRESENTATION_STYLE_ASSIGNMENT((#16296));
#16296 = SURFACE_STYLE_USAGE(.BOTH.,#16297);
#16297 = SURFACE_SIDE_STYLE('',(#16298));
#16298 = SURFACE_STYLE_FILL_AREA(#16299);
#16299 = FILL_AREA_STYLE('',(#16300));
#16300 = FILL_AREA_STYLE_COLOUR('',#13984);
#16301 = OVER_RIDING_STYLED_ITEM('overriding color',(#16302),#9848,
  #16052);
#16302 = PRESENTATION_STYLE_ASSIGNMENT((#16303));
#16303 = SURFACE_STYLE_USAGE(.BOTH.,#16304);
#16304 = SURFACE_SIDE_STYLE('',(#16305));
#16305 = SURFACE_STYLE_FILL_AREA(#16306);
#16306 = FILL_AREA_STYLE('',(#16307));
#16307 = FILL_AREA_STYLE_COLOUR('',#13984);
#16308 = OVER_RIDING_STYLED_ITEM('overriding color',(#16309),#9872,
  #16052);
#16309 = PRESENTATION_STYLE_ASSIGNMENT((#16310));
#16310 = SURFACE_STYLE_USAGE(.BOTH.,#16311);
#16311 = SURFACE_SIDE_STYLE('',(#16312));
#16312 = SURFACE_STYLE_FILL_AREA(#16313);
#16313 = FILL_AREA_STYLE('',(#16314));
#16314 = FILL_AREA_STYLE_COLOUR('',#13984);
#16315 = OVER_RIDING_STYLED_ITEM('overriding color',(#16316),#9889,
  #16052);
#16316 = PRESENTATION_STYLE_ASSIGNMENT((#16317));
#16317 = SURFACE_STYLE_USAGE(.BOTH.,#16318);
#16318 = SURFACE_SIDE_STYLE('',(#16319));
#16319 = SURFACE_STYLE_FILL_AREA(#16320);
#16320 = FILL_AREA_STYLE('',(#16321));
#16321 = FILL_AREA_STYLE_COLOUR('',#14666);
#16322 = OVER_RIDING_STYLED_ITEM('overriding color',(#16323),#9950,
  #16052);
#16323 = PRESENTATION_STYLE_ASSIGNMENT((#16324));
#16324 = SURFACE_STYLE_USAGE(.BOTH.,#16325);
#16325 = SURFACE_SIDE_STYLE('',(#16326));
#16326 = SURFACE_STYLE_FILL_AREA(#16327);
#16327 = FILL_AREA_STYLE('',(#16328));
#16328 = FILL_AREA_STYLE_COLOUR('',#14666);
#16329 = OVER_RIDING_STYLED_ITEM('overriding color',(#16330),#9961,
  #16052);
#16330 = PRESENTATION_STYLE_ASSIGNMENT((#16331));
#16331 = SURFACE_STYLE_USAGE(.BOTH.,#16332);
#16332 = SURFACE_SIDE_STYLE('',(#16333));
#16333 = SURFACE_STYLE_FILL_AREA(#16334);
#16334 = FILL_AREA_STYLE('',(#16335));
#16335 = FILL_AREA_STYLE_COLOUR('',#14666);
#16336 = OVER_RIDING_STYLED_ITEM('overriding color',(#16337),#9972,
  #16052);
#16337 = PRESENTATION_STYLE_ASSIGNMENT((#16338));
#16338 = SURFACE_STYLE_USAGE(.BOTH.,#16339);
#16339 = SURFACE_SIDE_STYLE('',(#16340));
#16340 = SURFACE_STYLE_FILL_AREA(#16341);
#16341 = FILL_AREA_STYLE('',(#16342));
#16342 = FILL_AREA_STYLE_COLOUR('',#14666);
#16343 = OVER_RIDING_STYLED_ITEM('overriding color',(#16344),#9996,
  #16052);
#16344 = PRESENTATION_STYLE_ASSIGNMENT((#16345));
#16345 = SURFACE_STYLE_USAGE(.BOTH.,#16346);
#16346 = SURFACE_SIDE_STYLE('',(#16347));
#16347 = SURFACE_STYLE_FILL_AREA(#16348);
#16348 = FILL_AREA_STYLE('',(#16349));
#16349 = FILL_AREA_STYLE_COLOUR('',#14666);
#16350 = OVER_RIDING_STYLED_ITEM('overriding color',(#16351),#10007,
  #16052);
#16351 = PRESENTATION_STYLE_ASSIGNMENT((#16352));
#16352 = SURFACE_STYLE_USAGE(.BOTH.,#16353);
#16353 = SURFACE_SIDE_STYLE('',(#16354));
#16354 = SURFACE_STYLE_FILL_AREA(#16355);
#16355 = FILL_AREA_STYLE('',(#16356));
#16356 = FILL_AREA_STYLE_COLOUR('',#14666);
#16357 = OVER_RIDING_STYLED_ITEM('overriding color',(#16358),#10018,
  #16052);
#16358 = PRESENTATION_STYLE_ASSIGNMENT((#16359));
#16359 = SURFACE_STYLE_USAGE(.BOTH.,#16360);
#16360 = SURFACE_SIDE_STYLE('',(#16361));
#16361 = SURFACE_STYLE_FILL_AREA(#16362);
#16362 = FILL_AREA_STYLE('',(#16363));
#16363 = FILL_AREA_STYLE_COLOUR('',#13984);
#16364 = OVER_RIDING_STYLED_ITEM('overriding color',(#16365),#10030,
  #16052);
#16365 = PRESENTATION_STYLE_ASSIGNMENT((#16366));
#16366 = SURFACE_STYLE_USAGE(.BOTH.,#16367);
#16367 = SURFACE_SIDE_STYLE('',(#16368));
#16368 = SURFACE_STYLE_FILL_AREA(#16369);
#16369 = FILL_AREA_STYLE('',(#16370));
#16370 = FILL_AREA_STYLE_COLOUR('',#13984);
#16371 = OVER_RIDING_STYLED_ITEM('overriding color',(#16372),#10042,
  #16052);
#16372 = PRESENTATION_STYLE_ASSIGNMENT((#16373));
#16373 = SURFACE_STYLE_USAGE(.BOTH.,#16374);
#16374 = SURFACE_SIDE_STYLE('',(#16375));
#16375 = SURFACE_STYLE_FILL_AREA(#16376);
#16376 = FILL_AREA_STYLE('',(#16377));
#16377 = FILL_AREA_STYLE_COLOUR('',#13984);
#16378 = OVER_RIDING_STYLED_ITEM('overriding color',(#16379),#10054,
  #16052);
#16379 = PRESENTATION_STYLE_ASSIGNMENT((#16380));
#16380 = SURFACE_STYLE_USAGE(.BOTH.,#16381);
#16381 = SURFACE_SIDE_STYLE('',(#16382));
#16382 = SURFACE_STYLE_FILL_AREA(#16383);
#16383 = FILL_AREA_STYLE('',(#16384));
#16384 = FILL_AREA_STYLE_COLOUR('',#13984);
#16385 = OVER_RIDING_STYLED_ITEM('overriding color',(#16386),#10066,
  #16052);
#16386 = PRESENTATION_STYLE_ASSIGNMENT((#16387));
#16387 = SURFACE_STYLE_USAGE(.BOTH.,#16388);
#16388 = SURFACE_SIDE_STYLE('',(#16389));
#16389 = SURFACE_STYLE_FILL_AREA(#16390);
#16390 = FILL_AREA_STYLE('',(#16391));
#16391 = FILL_AREA_STYLE_COLOUR('',#13984);
#16392 = OVER_RIDING_STYLED_ITEM('overriding color',(#16393),#10078,
  #16052);
#16393 = PRESENTATION_STYLE_ASSIGNMENT((#16394));
#16394 = SURFACE_STYLE_USAGE(.BOTH.,#16395);
#16395 = SURFACE_SIDE_STYLE('',(#16396));
#16396 = SURFACE_STYLE_FILL_AREA(#16397);
#16397 = FILL_AREA_STYLE('',(#16398));
#16398 = FILL_AREA_STYLE_COLOUR('',#13984);
#16399 = OVER_RIDING_STYLED_ITEM('overriding color',(#16400),#10090,
  #16052);
#16400 = PRESENTATION_STYLE_ASSIGNMENT((#16401));
#16401 = SURFACE_STYLE_USAGE(.BOTH.,#16402);
#16402 = SURFACE_SIDE_STYLE('',(#16403));
#16403 = SURFACE_STYLE_FILL_AREA(#16404);
#16404 = FILL_AREA_STYLE('',(#16405));
#16405 = FILL_AREA_STYLE_COLOUR('',#13984);
ENDSEC;
END-ISO-10303-21;
