ISO-10303-21;
HEADER;
/* Generated by software containing ST-Developer
 * from STEP Tools, Inc. (www.steptools.com) 
 */

FILE_DESCRIPTION(
/* description */ (''),
/* implementation_level */ '2;1');

FILE_NAME(
/* name */ 'joystick.step',
/* time_stamp */ '2026-10-05T00:41:02+05:00',
/* author */ (''),
/* organization */ (''),
/* preprocessor_version */ 'ST-DEVELOPER v20.2',
/* originating_system */ 'Autodesk Translation Framework v15.15.0.0',
/* authorisation */ '');

FILE_SCHEMA (('AUTOMOTIVE_DESIGN { 1 0 10303 214 3 1 1 }'));
ENDSEC;

DATA;
#10=MECHANICAL_DESIGN_GEOMETRIC_PRESENTATION_REPRESENTATION('',(#6641,#6642,
#6643,#6644,#6645,#6646,#6647,#6648,#6649,#6650,#6651,#6652,#6653,#6654,
#6655,#6656,#6657,#6658,#6659,#6660,#6661,#6662,#6663,#6664,#6665,#6666,
#6667,#6668,#6669,#6670,#6671,#6672,#6673,#6674,#6675,#6676,#6677,#6678,
#6679,#6680,#6681,#6682,#6683,#6684,#6685,#6686,#6687,#6688,#6689,#6690,
#6691,#6692,#6693,#6694,#6695,#6696,#6697,#6698,#6699,#6700,#6701,#6702,
#6703,#6704,#6705,#6706,#6707,#6708,#6709,#6710,#6711,#6712,#6713,#6714,
#6715,#6716,#6717,#6718,#6719,#6720,#6721,#6722,#6723,#6724,#6725,#6726,
#6727,#6728,#6729,#6730,#6731,#6732,#6733,#6734,#6735,#6736,#6737,#6738,
#6739,#6740,#6741,#6742,#6743,#6744,#6745,#6746,#6747,#6748,#6749,#6750,
#6751,#6752,#6753,#6754,#6755,#6756,#6757,#6758,#6759,#6760,#6761,#6762,
#6763,#6764,#6765,#6766,#6767,#6768,#6769,#6770,#6771,#6772,#6773,#6774,
#6775,#6776,#6777,#6778,#6779,#6780,#6781,#6782,#6783,#6784,#6785,#6786,
#6787,#6788,#6789,#6790,#6791,#6792,#6793,#6794,#6795,#6796,#6797,#6798,
#6799,#6800,#6801,#6802,#6803,#6804,#6805,#6806,#6807,#6808,#6809,#6810,
#6811,#6812,#6813,#6814,#6815,#6816,#6817,#6818,#6819,#6820,#6821,#6822,
#6823,#6824,#6825,#6826,#6827,#6828,#6829,#6830,#6831,#6832,#6833,#6834,
#6835,#6836,#6837,#6838,#6839,#6840,#6841,#6842,#6843,#6844,#6845,#6846,
#6847,#6848,#6849,#6850,#6851,#6852,#6853,#6854,#6855,#6856,#6857,#6858,
#6859,#6860,#6861,#6862,#6863,#6864,#6865,#6866,#6867,#6868,#6869,#6870,
#6871,#6872,#6873,#6874,#6875,#6876,#6877,#6878,#6879,#6880,#6881,#6882,
#6883,#6884,#6885,#6886,#6887,#6888,#6889,#6890,#6891,#6892,#6893,#6894,
#6895,#6896,#6897,#6898,#6899,#6900,#6901,#6902,#6903,#6904,#6905,#6906,
#6907,#6908,#6909,#6910,#6911,#6912,#6913,#6914,#6915,#6916,#6917,#6918,
#6919,#6920,#6921,#6922,#6923,#6924,#6925,#6926,#6927,#6928,#6929,#6930,
#6931,#6932,#6933,#6934,#6935,#6936,#6937,#6938,#6939,#6940,#6941,#6942,
#6943,#6944,#6945,#6946,#6947,#6948,#6949,#6950,#6951,#6952,#6953,#6954,
#6955,#6956,#6957,#6958,#6959,#6960,#6961,#6962,#6963),#13126);
#11=ITEM_DEFINED_TRANSFORMATION($,$,#7382,#7872);
#12=ITEM_DEFINED_TRANSFORMATION($,$,#7382,#7873);
#13=ITEM_DEFINED_TRANSFORMATION($,$,#7382,#7874);
#14=ITEM_DEFINED_TRANSFORMATION($,$,#7382,#7875);
#15=(
REPRESENTATION_RELATIONSHIP($,$,#13140,#13139)
REPRESENTATION_RELATIONSHIP_WITH_TRANSFORMATION(#11)
SHAPE_REPRESENTATION_RELATIONSHIP()
);
#16=(
REPRESENTATION_RELATIONSHIP($,$,#13140,#13139)
REPRESENTATION_RELATIONSHIP_WITH_TRANSFORMATION(#12)
SHAPE_REPRESENTATION_RELATIONSHIP()
);
#17=(
REPRESENTATION_RELATIONSHIP($,$,#13140,#13139)
REPRESENTATION_RELATIONSHIP_WITH_TRANSFORMATION(#13)
SHAPE_REPRESENTATION_RELATIONSHIP()
);
#18=(
REPRESENTATION_RELATIONSHIP($,$,#13140,#13139)
REPRESENTATION_RELATIONSHIP_WITH_TRANSFORMATION(#14)
SHAPE_REPRESENTATION_RELATIONSHIP()
);
#19=CONTEXT_DEPENDENT_SHAPE_REPRESENTATION(#15,#13135);
#20=CONTEXT_DEPENDENT_SHAPE_REPRESENTATION(#16,#13136);
#21=CONTEXT_DEPENDENT_SHAPE_REPRESENTATION(#17,#13137);
#22=CONTEXT_DEPENDENT_SHAPE_REPRESENTATION(#18,#13138);
#23=NEXT_ASSEMBLY_USAGE_OCCURRENCE(
'MicroSwitch D2F-01F-T \X2\202600A7\X0\ \X2\203900AE00A8\X0\ s:2',
'MicroSwitch D2F-01F-T \X2\202600A7\X0\ \X2\203900AE00A8\X0\ s:2',
'MicroSwitch D2F-01F-T \X2\202600A7\X0\ \X2\203900AE00A8\X0\ s:2',#13142,
#13143,'MicroSwitch D2F-01F-T \X2\202600A7\X0\ \X2\203900AE00A8\X0\ s:
2');
#24=NEXT_ASSEMBLY_USAGE_OCCURRENCE(
'MicroSwitch D2F-01F-T \X2\202600A7\X0\ \X2\203900AE00A8\X0\ s:3',
'MicroSwitch D2F-01F-T \X2\202600A7\X0\ \X2\203900AE00A8\X0\ s:3',
'MicroSwitch D2F-01F-T \X2\202600A7\X0\ \X2\203900AE00A8\X0\ s:3',#13142,
#13143,'MicroSwitch D2F-01F-T \X2\202600A7\X0\ \X2\203900AE00A8\X0\ s:
3');
#25=NEXT_ASSEMBLY_USAGE_OCCURRENCE(
'MicroSwitch D2F-01F-T \X2\202600A7\X0\ \X2\203900AE00A8\X0\ s:1',
'MicroSwitch D2F-01F-T \X2\202600A7\X0\ \X2\203900AE00A8\X0\ s:1',
'MicroSwitch D2F-01F-T \X2\202600A7\X0\ \X2\203900AE00A8\X0\ s:1',#13142,
#13143,'MicroSwitch D2F-01F-T \X2\202600A7\X0\ \X2\203900AE00A8\X0\ s:
1');
#26=NEXT_ASSEMBLY_USAGE_OCCURRENCE(
'MicroSwitch D2F-01F-T \X2\202600A7\X0\ \X2\203900AE00A8\X0\ s:4',
'MicroSwitch D2F-01F-T \X2\202600A7\X0\ \X2\203900AE00A8\X0\ s:4',
'MicroSwitch D2F-01F-T \X2\202600A7\X0\ \X2\203900AE00A8\X0\ s:4',#13142,
#13143,'MicroSwitch D2F-01F-T \X2\202600A7\X0\ \X2\203900AE00A8\X0\ s:
4');
#27=(
BOUNDED_SURFACE()
B_SPLINE_SURFACE(2,2,((#12938,#12939,#12940,#12941,#12942,#12943,#12944,
#12945,#12946),(#12947,#12948,#12949,#12950,#12951,#12952,#12953,#12954,
#12955),(#12956,#12957,#12958,#12959,#12960,#12961,#12962,#12963,#12964)),
 .UNSPECIFIED.,.F.,.T.,.F.)
B_SPLINE_SURFACE_WITH_KNOTS((3,3),(3,2,2,2,3),(0.,1.5707963267949),(-3.14159265358979,
-1.5707963267949,0.,1.5707963267949,3.14159265358979),.UNSPECIFIED.)
GEOMETRIC_REPRESENTATION_ITEM()
RATIONAL_B_SPLINE_SURFACE(((1.,0.707106781186548,1.,0.707106781186548,1.,
0.707106781186548,1.,0.707106781186548,1.),(0.707106781186536,0.499999999999992,
0.707106781186536,0.499999999999992,0.707106781186536,0.499999999999992,
0.707106781186536,0.499999999999992,0.707106781186536),(1.,0.707106781186548,
1.,0.707106781186548,1.,0.707106781186548,1.,0.707106781186548,1.)))
REPRESENTATION_ITEM('')
SURFACE()
);
#28=(
BOUNDED_SURFACE()
B_SPLINE_SURFACE(2,2,((#12985,#12986,#12987,#12988,#12989,#12990,#12991,
#12992,#12993),(#12994,#12995,#12996,#12997,#12998,#12999,#13000,#13001,
#13002),(#13003,#13004,#13005,#13006,#13007,#13008,#13009,#13010,#13011)),
 .UNSPECIFIED.,.F.,.T.,.F.)
B_SPLINE_SURFACE_WITH_KNOTS((3,3),(3,2,2,2,3),(0.,1.5707963267949),(-3.14159265358979,
-1.5707963267949,0.,1.5707963267949,3.14159265358979),.UNSPECIFIED.)
GEOMETRIC_REPRESENTATION_ITEM()
RATIONAL_B_SPLINE_SURFACE(((1.,0.707106781186548,1.,0.707106781186548,1.,
0.707106781186548,1.,0.707106781186548,1.),(0.707106781186536,0.499999999999992,
0.707106781186536,0.499999999999992,0.707106781186536,0.499999999999992,
0.707106781186536,0.499999999999992,0.707106781186536),(1.,0.707106781186548,
1.,0.707106781186548,1.,0.707106781186548,1.,0.707106781186548,1.)))
REPRESENTATION_ITEM('')
SURFACE()
);
#29=(
BOUNDED_SURFACE()
B_SPLINE_SURFACE(2,2,((#13032,#13033,#13034,#13035,#13036,#13037,#13038,
#13039,#13040),(#13041,#13042,#13043,#13044,#13045,#13046,#13047,#13048,
#13049),(#13050,#13051,#13052,#13053,#13054,#13055,#13056,#13057,#13058)),
 .UNSPECIFIED.,.F.,.T.,.F.)
B_SPLINE_SURFACE_WITH_KNOTS((3,3),(3,2,2,2,3),(0.,1.5707963267949),(-3.14159265358979,
-1.5707963267949,0.,1.5707963267949,3.14159265358979),.UNSPECIFIED.)
GEOMETRIC_REPRESENTATION_ITEM()
RATIONAL_B_SPLINE_SURFACE(((1.,0.707106781186548,1.,0.707106781186548,1.,
0.707106781186548,1.,0.707106781186548,1.),(0.707106781186536,0.499999999999992,
0.707106781186536,0.499999999999992,0.707106781186536,0.499999999999992,
0.707106781186536,0.499999999999992,0.707106781186536),(1.,0.707106781186548,
1.,0.707106781186548,1.,0.707106781186548,1.,0.707106781186548,1.)))
REPRESENTATION_ITEM('')
SURFACE()
);
#30=(
BOUNDED_SURFACE()
B_SPLINE_SURFACE(2,2,((#13079,#13080,#13081,#13082,#13083,#13084,#13085,
#13086,#13087),(#13088,#13089,#13090,#13091,#13092,#13093,#13094,#13095,
#13096),(#13097,#13098,#13099,#13100,#13101,#13102,#13103,#13104,#13105)),
 .UNSPECIFIED.,.F.,.T.,.F.)
B_SPLINE_SURFACE_WITH_KNOTS((3,3),(3,2,2,2,3),(0.,1.5707963267949),(-3.14159265358979,
-1.5707963267949,0.,1.5707963267949,3.14159265358979),.UNSPECIFIED.)
GEOMETRIC_REPRESENTATION_ITEM()
RATIONAL_B_SPLINE_SURFACE(((1.,0.707106781186548,1.,0.707106781186548,1.,
0.707106781186548,1.,0.707106781186548,1.),(0.707106781186536,0.499999999999992,
0.707106781186536,0.499999999999992,0.707106781186536,0.499999999999992,
0.707106781186536,0.499999999999992,0.707106781186536),(1.,0.707106781186548,
1.,0.707106781186548,1.,0.707106781186548,1.,0.707106781186548,1.)))
REPRESENTATION_ITEM('')
SURFACE()
);
#31=SPHERICAL_SURFACE('',#7732,25.);
#32=SPHERICAL_SURFACE('',#7744,15.);
#33=SPHERICAL_SURFACE('',#7775,16.);
#34=SHAPE_REPRESENTATION_RELATIONSHIP('SRR','None',#13140,#36);
#35=SHAPE_REPRESENTATION_RELATIONSHIP('SRR','None',#13139,#37);
#36=ADVANCED_BREP_SHAPE_REPRESENTATION('',(#38),#13125);
#37=ADVANCED_BREP_SHAPE_REPRESENTATION('',(#39,#40,#41,#42,#43,#44,#45,
#46),#13124);
#38=MANIFOLD_SOLID_BREP('Body1',#7360);
#39=MANIFOLD_SOLID_BREP('Body6',#7361);
#40=MANIFOLD_SOLID_BREP('Body8',#7362);
#41=MANIFOLD_SOLID_BREP('Body9',#7363);
#42=MANIFOLD_SOLID_BREP('Body13',#7364);
#43=MANIFOLD_SOLID_BREP('Body14',#7365);
#44=MANIFOLD_SOLID_BREP('Body15',#7366);
#45=MANIFOLD_SOLID_BREP('Body16',#7367);
#46=MANIFOLD_SOLID_BREP('Body17',#7368);
#47=B_SPLINE_SURFACE_WITH_KNOTS('',3,1,((#10631,#10632),(#10633,#10634),
(#10635,#10636),(#10637,#10638),(#10639,#10640),(#10641,#10642),(#10643,
#10644),(#10645,#10646),(#10647,#10648),(#10649,#10650)),.UNSPECIFIED.,
 .F.,.F.,.F.,(4,1,1,1,1,1,1,4),(2,2),(0.697480687223678,0.735295601320718,
0.773110515417759,0.810925429514799,0.848740343611839,0.886555257708879,
0.92437017180592,1.),(0.,0.00119999999999993),.UNSPECIFIED.);
#48=B_SPLINE_SURFACE_WITH_KNOTS('',3,1,((#10667,#10668),(#10669,#10670),
(#10671,#10672),(#10673,#10674),(#10675,#10676),(#10677,#10678),(#10679,
#10680),(#10681,#10682),(#10683,#10684),(#10685,#10686),(#10687,#10688)),
 .UNSPECIFIED.,.F.,.F.,.F.,(4,1,1,1,1,1,1,1,4),(2,2),(0.0333034429854781,
0.0806933875487361,0.128083332111994,0.175473276675252,0.22286322123851,
0.270253165801768,0.317643110365026,0.365033054928284,0.412422999491542),
(0.,0.00119999999999993),.UNSPECIFIED.);
#49=B_SPLINE_SURFACE_WITH_KNOTS('',3,1,((#10717,#10718),(#10719,#10720),
(#10721,#10722),(#10723,#10724),(#10725,#10726),(#10727,#10728),(#10729,
#10730),(#10731,#10732),(#10733,#10734),(#10735,#10736),(#10737,#10738),
(#10739,#10740)),.UNSPECIFIED.,.T.,.F.,.F.,(4,1,1,1,1,1,1,1,1,4),(2,2),
(0.,0.118142143394721,0.236284286789441,0.297477038503549,0.358669790217656,
0.487743057744865,0.616816325272075,0.735200476332648,0.85358462739322,
1.),(0.,0.00119999999999993),.UNSPECIFIED.);
#50=B_SPLINE_SURFACE_WITH_KNOTS('',3,1,((#10768,#10769),(#10770,#10771),
(#10772,#10773),(#10774,#10775),(#10776,#10777),(#10778,#10779),(#10780,
#10781),(#10782,#10783),(#10784,#10785),(#10786,#10787),(#10788,#10789)),
 .UNSPECIFIED.,.T.,.F.,.F.,(4,1,1,1,1,1,1,1,4),(2,2),(0.,0.123974955889106,
0.244010788295777,0.364046620702448,0.490504333990767,0.616962047279086,
0.739991210633839,0.863020373988592,1.),(0.,0.0012),.UNSPECIFIED.);
#51=B_SPLINE_SURFACE_WITH_KNOTS('',3,1,((#10815,#10816),(#10817,#10818),
(#10819,#10820),(#10821,#10822),(#10823,#10824),(#10825,#10826),(#10827,
#10828),(#10829,#10830)),.UNSPECIFIED.,.F.,.F.,.F.,(4,1,1,1,1,4),(2,2),
(0.,0.0834820770111445,0.125223115516717,0.166964154022289,0.250446231033433,
0.333928308044578),(0.,0.00119999999999993),.UNSPECIFIED.);
#52=B_SPLINE_SURFACE_WITH_KNOTS('',3,1,((#10860,#10861),(#10862,#10863),
(#10864,#10865),(#10866,#10867),(#10868,#10869)),.UNSPECIFIED.,.F.,.F.,
 .F.,(4,1,4),(2,2),(0.711422891296535,0.757185364790419,0.802947838284303),
(0.,0.00119999999999993),.UNSPECIFIED.);
#53=B_SPLINE_SURFACE_WITH_KNOTS('',3,1,((#10879,#10880),(#10881,#10882),
(#10883,#10884),(#10885,#10886),(#10887,#10888),(#10889,#10890),(#10891,
#10892),(#10893,#10894),(#10895,#10896)),.UNSPECIFIED.,.F.,.F.,.F.,(4,1,
1,1,1,1,4),(2,2),(0.802947838284303,0.852210878713227,0.876842398927689,
0.901473919142152,0.926105439356614,0.950736959571076,1.),(0.,0.00119999999999993),
 .UNSPECIFIED.);
#54=B_SPLINE_SURFACE_WITH_KNOTS('',3,1,((#10912,#10913),(#10914,#10915),
(#10916,#10917),(#10918,#10919),(#10920,#10921),(#10922,#10923),(#10924,
#10925),(#10926,#10927),(#10928,#10929),(#10930,#10931),(#10932,#10933),
(#10934,#10935)),.UNSPECIFIED.,.F.,.F.,.F.,(4,1,1,1,1,1,1,1,1,4),(2,2),
(0.0214607852521818,0.0517331514179271,0.0820055175836725,0.112277883749418,
0.142550249915163,0.157686432998036,0.172822616080908,0.203094982246654,
0.233367348412399,0.263639714578145),(0.,0.00119999999999993),
 .UNSPECIFIED.);
#55=B_SPLINE_SURFACE_WITH_KNOTS('',3,1,((#10954,#10955),(#10956,#10957),
(#10958,#10959),(#10960,#10961),(#10962,#10963),(#10964,#10965),(#10966,
#10967),(#10968,#10969),(#10970,#10971),(#10972,#10973),(#10974,#10975),
(#10976,#10977)),.UNSPECIFIED.,.F.,.F.,.F.,(4,1,1,1,1,1,1,1,1,4),(2,2),
(0.285207269906207,0.31548861748702,0.345769965067833,0.360910638858239,
0.376051312648646,0.406332660229458,0.436614007810271,0.466895355391084,
0.497176702971897,0.527458050552709),(0.,0.00119999999999993),
 .UNSPECIFIED.);
#56=B_SPLINE_SURFACE_WITH_KNOTS('',3,1,((#11011,#11012),(#11013,#11014),
(#11015,#11016),(#11017,#11018),(#11019,#11020),(#11021,#11022),(#11023,
#11024),(#11025,#11026),(#11027,#11028),(#11029,#11030),(#11031,#11032),
(#11033,#11034)),.UNSPECIFIED.,.T.,.F.,.F.,(4,1,1,1,1,1,1,1,1,4),(2,2),
(0.,0.118142143394721,0.236284286789442,0.297477038503549,0.358669790217655,
0.487743057744865,0.616816325272076,0.735200476332648,0.85358462739322,
1.),(0.,0.0012),.UNSPECIFIED.);
#57=B_SPLINE_SURFACE_WITH_KNOTS('',3,1,((#11062,#11063),(#11064,#11065),
(#11066,#11067),(#11068,#11069),(#11070,#11071),(#11072,#11073),(#11074,
#11075),(#11076,#11077),(#11078,#11079),(#11080,#11081),(#11082,#11083)),
 .UNSPECIFIED.,.T.,.F.,.F.,(4,1,1,1,1,1,1,1,4),(2,2),(0.,0.124056713387927,
0.244090206185332,0.364123698982736,0.49064314838615,0.617162597789564,
0.740055079476305,0.862947561163045,1.),(0.,0.00119999999999993),
 .UNSPECIFIED.);
#58=B_SPLINE_SURFACE_WITH_KNOTS('',3,1,((#11113,#11114),(#11115,#11116),
(#11117,#11118),(#11119,#11120),(#11121,#11122)),.UNSPECIFIED.,.F.,.F.,
 .F.,(4,1,4),(2,2),(0.0247196638965246,0.10488265209423,0.185045640291935),
(0.,0.00119999999999993),.UNSPECIFIED.);
#59=B_SPLINE_SURFACE_WITH_KNOTS('',3,1,((#11134,#11135),(#11136,#11137),
(#11138,#11139),(#11140,#11141),(#11142,#11143),(#11144,#11145)),
 .UNSPECIFIED.,.F.,.F.,.F.,(4,1,1,4),(2,2),(0.185651019815931,0.219409696088079,
0.253168372360227,0.320685724904522),(0.,0.00119999999999993),
 .UNSPECIFIED.);
#60=B_SPLINE_SURFACE_WITH_KNOTS('',3,1,((#11166,#11167),(#11168,#11169),
(#11170,#11171),(#11172,#11173),(#11174,#11175),(#11176,#11177),(#11178,
#11179),(#11180,#11181)),.UNSPECIFIED.,.F.,.F.,.F.,(4,1,1,1,1,4),(2,2),
(0.527221039174669,0.566806190283412,0.606391341392155,0.645976492500898,
0.665769068055269,0.685561643609641),(0.,0.00119999999999993),
 .UNSPECIFIED.);
#61=B_SPLINE_SURFACE_WITH_KNOTS('',3,1,((#11196,#11197),(#11198,#11199),
(#11200,#11201),(#11202,#11203),(#11204,#11205),(#11206,#11207)),
 .UNSPECIFIED.,.F.,.F.,.F.,(4,1,1,4),(2,2),(0.685965229958972,0.719297475490989,
0.752629721023005,0.819294212087038),(0.,0.00119999999999993),
 .UNSPECIFIED.);
#62=B_SPLINE_SURFACE_WITH_KNOTS('',3,1,((#11224,#11225),(#11226,#11227),
(#11228,#11229),(#11230,#11231),(#11232,#11233)),.UNSPECIFIED.,.F.,.F.,
 .F.,(4,1,4),(2,2),(0.378304241979237,0.565895607855098,0.75348697373096),
(0.,0.00119999999999993),.UNSPECIFIED.);
#63=B_SPLINE_SURFACE_WITH_KNOTS('',3,1,((#11285,#11286),(#11287,#11288),
(#11289,#11290),(#11291,#11292),(#11293,#11294),(#11295,#11296)),
 .UNSPECIFIED.,.F.,.F.,.F.,(4,1,1,4),(2,2),(0.,0.187767216347657,0.281650824521486,
0.375534432695315),(0.,0.00119999999999993),.UNSPECIFIED.);
#64=B_SPLINE_SURFACE_WITH_KNOTS('',3,1,((#11317,#11318),(#11319,#11320),
(#11321,#11322),(#11323,#11324),(#11325,#11326),(#11327,#11328),(#11329,
#11330),(#11331,#11332)),.UNSPECIFIED.,.F.,.F.,.F.,(4,1,1,1,1,4),(2,2),
(0.502311646752736,0.564522690908644,0.626733735064552,0.751155823376368,
0.875577911688184,1.),(0.,0.00119999999999993),.UNSPECIFIED.);
#65=B_SPLINE_SURFACE_WITH_KNOTS('',3,1,((#11347,#11348),(#11349,#11350),
(#11351,#11352),(#11353,#11354),(#11355,#11356),(#11357,#11358),(#11359,
#11360)),.UNSPECIFIED.,.F.,.F.,.F.,(4,1,1,1,4),(2,2),(0.293358674220014,
0.47001900566501,0.646679337110007,0.823339668555003,1.),(0.,0.00119999999999993),
 .UNSPECIFIED.);
#66=B_SPLINE_SURFACE_WITH_KNOTS('',3,1,((#11397,#11398),(#11399,#11400),
(#11401,#11402),(#11403,#11404),(#11405,#11406)),.UNSPECIFIED.,.F.,.F.,
 .F.,(4,1,4),(2,2),(0.378304241979237,0.565895607855098,0.75348697373096),
(0.,0.00119999999999993),.UNSPECIFIED.);
#67=B_SPLINE_SURFACE_WITH_KNOTS('',3,1,((#11458,#11459),(#11460,#11461),
(#11462,#11463),(#11464,#11465),(#11466,#11467),(#11468,#11469)),
 .UNSPECIFIED.,.F.,.F.,.F.,(4,1,1,4),(2,2),(0.,0.187767216347657,0.281650824521486,
0.375534432695315),(0.,0.00119999999999993),.UNSPECIFIED.);
#68=B_SPLINE_SURFACE_WITH_KNOTS('',3,1,((#11494,#11495),(#11496,#11497),
(#11498,#11499),(#11500,#11501),(#11502,#11503)),.UNSPECIFIED.,.F.,.F.,
 .F.,(4,1,4),(2,2),(0.,0.122122208755538,0.244244417511075),(0.,0.00119999999999993),
 .UNSPECIFIED.);
#69=B_SPLINE_SURFACE_WITH_KNOTS('',3,1,((#11515,#11516),(#11517,#11518),
(#11519,#11520),(#11521,#11522),(#11523,#11524),(#11525,#11526),(#11527,
#11528),(#11529,#11530),(#11531,#11532)),.UNSPECIFIED.,.F.,.F.,.F.,(4,1,
1,1,1,1,4),(2,2),(0.292091320273263,0.396095952575179,0.448098268726137,
0.474099426801616,0.500100584877095,0.604105217179011,0.708109849480928),
(0.,0.00119999999999993),.UNSPECIFIED.);
#70=B_SPLINE_SURFACE_WITH_KNOTS('',3,1,((#11648,#11649),(#11650,#11651),
(#11652,#11653),(#11654,#11655)),.UNSPECIFIED.,.F.,.F.,.F.,(4,4),(2,2),
(0.306864681467116,0.401022921566788),(0.,0.0012),.UNSPECIFIED.);
#71=B_SPLINE_SURFACE_WITH_KNOTS('',3,1,((#11666,#11667),(#11668,#11669),
(#11670,#11671),(#11672,#11673)),.UNSPECIFIED.,.F.,.F.,.F.,(4,4),(2,2),
(0.445215043218188,0.571381513983108),(0.,0.0012),.UNSPECIFIED.);
#72=B_SPLINE_SURFACE_WITH_KNOTS('',3,1,((#11683,#11684),(#11685,#11686),
(#11687,#11688),(#11689,#11690),(#11691,#11692),(#11693,#11694),(#11695,
#11696),(#11697,#11698),(#11699,#11700),(#11701,#11702),(#11703,#11704),
(#11705,#11706),(#11707,#11708),(#11709,#11710),(#11711,#11712)),
 .UNSPECIFIED.,.T.,.F.,.F.,(4,1,1,1,1,1,1,1,1,1,1,1,4),(2,2),(0.,0.0580814823670958,
0.116162964734192,0.174244447101287,0.232325929468383,0.328285188284835,
0.424244447101287,0.52020370591774,0.616162964734192,0.712122223550644,
0.808081482367096,0.904040741183548,1.),(0.,0.0012),.UNSPECIFIED.);
#73=B_SPLINE_SURFACE_WITH_KNOTS('',3,1,((#11746,#11747),(#11748,#11749),
(#11750,#11751),(#11752,#11753),(#11754,#11755),(#11756,#11757),(#11758,
#11759),(#11760,#11761),(#11762,#11763),(#11764,#11765),(#11766,#11767),
(#11768,#11769),(#11770,#11771),(#11772,#11773),(#11774,#11775),(#11776,
#11777)),.UNSPECIFIED.,.T.,.F.,.F.,(4,1,1,1,1,1,1,1,1,1,1,1,1,4),(2,2),
(0.,0.0713375044595102,0.14267500891902,0.263619556296363,0.324091829985034,
0.384564103673706,0.505508651051048,0.56598092473972,0.626453198428391,
0.737787177123595,0.793454166471196,0.849121155818798,0.924560577909399,
1.),(0.,0.0012),.UNSPECIFIED.);
#74=B_SPLINE_SURFACE_WITH_KNOTS('',3,1,((#11862,#11863),(#11864,#11865),
(#11866,#11867),(#11868,#11869),(#11870,#11871),(#11872,#11873),(#11874,
#11875),(#11876,#11877),(#11878,#11879)),.UNSPECIFIED.,.F.,.F.,.F.,(4,1,
1,1,1,1,4),(2,2),(0.791180006520271,0.843385004890203,0.869487504075169,
0.895590003260135,0.947795001630068,0.973897500815034,1.),(0.,0.0012),
 .UNSPECIFIED.);
#75=B_SPLINE_SURFACE_WITH_KNOTS('',3,1,((#11891,#11892),(#11893,#11894),
(#11895,#11896),(#11897,#11898),(#11899,#11900),(#11901,#11902)),
 .UNSPECIFIED.,.F.,.F.,.F.,(4,1,1,4),(2,2),(0.,0.0643757488800465,0.0965636233200698,
0.128751497760093),(0.,0.0012),.UNSPECIFIED.);
#76=B_SPLINE_SURFACE_WITH_KNOTS('',3,1,((#11915,#11916),(#11917,#11918),
(#11919,#11920),(#11921,#11922),(#11923,#11924),(#11925,#11926),(#11927,
#11928),(#11929,#11930),(#11931,#11932),(#11933,#11934),(#11935,#11936),
(#11937,#11938),(#11939,#11940),(#11941,#11942)),.UNSPECIFIED.,.F.,.F.,
 .F.,(4,1,1,1,1,1,1,1,1,1,1,4),(2,2),(0.156425174951995,0.200769423064938,
0.245113671177881,0.289457919290823,0.333802167403766,0.378146415516708,
0.40031853957318,0.422490663629651,0.444662787686122,0.466834911742594,
0.489007035799065,0.511179159855536),(0.,0.0012),.UNSPECIFIED.);
#77=B_SPLINE_SURFACE_WITH_KNOTS('',3,1,((#11972,#11973),(#11974,#11975),
(#11976,#11977),(#11978,#11979),(#11980,#11981),(#11982,#11983),(#11984,
#11985),(#11986,#11987),(#11988,#11989)),.UNSPECIFIED.,.F.,.F.,.F.,(4,1,
1,1,1,1,4),(2,2),(0.329855843619359,0.497391882714519,0.5811599022621,0.66492792180968,
0.74869594135726,0.83246396090484,1.),(0.,0.00120000000621596),
 .UNSPECIFIED.);
#78=B_SPLINE_SURFACE_WITH_KNOTS('',3,1,((#12017,#12018),(#12019,#12020),
(#12021,#12022),(#12023,#12024),(#12025,#12026),(#12027,#12028),(#12029,
#12030),(#12031,#12032),(#12033,#12034),(#12035,#12036),(#12037,#12038)),
 .UNSPECIFIED.,.F.,.F.,.F.,(4,1,1,1,1,1,1,1,4),(2,2),(0.311648414679701,
0.397692362844739,0.483736311009776,0.569780259174813,0.655824207339851,
0.741868155504888,0.827912103669925,0.913956051834963,1.),(0.,0.00120000000621596),
 .UNSPECIFIED.);
#79=B_SPLINE_SURFACE_WITH_KNOTS('',3,1,((#12110,#12111),(#12112,#12113),
(#12114,#12115),(#12116,#12117),(#12118,#12119),(#12120,#12121)),
 .UNSPECIFIED.,.F.,.F.,.F.,(4,1,1,4),(2,2),(0.377921563729862,0.471790688387243,
0.565659813044624,0.753398062359386),(0.,0.0012),.UNSPECIFIED.);
#80=B_SPLINE_SURFACE_WITH_KNOTS('',3,1,((#12175,#12176),(#12177,#12178),
(#12179,#12180),(#12181,#12182),(#12183,#12184),(#12185,#12186)),
 .UNSPECIFIED.,.F.,.F.,.F.,(4,1,1,4),(2,2),(0.,0.187806278411558,0.281709417617336,
0.375612556823115),(0.,0.00120000000621596),.UNSPECIFIED.);
#81=B_SPLINE_SURFACE_WITH_KNOTS('',3,1,((#12207,#12208),(#12209,#12210),
(#12211,#12212),(#12213,#12214),(#12215,#12216),(#12217,#12218)),
 .UNSPECIFIED.,.F.,.F.,.F.,(4,1,1,4),(2,2),(0.859469685730181,0.894602264297635,
0.92973484286509,1.),(0.,0.0012),.UNSPECIFIED.);
#82=B_SPLINE_SURFACE_WITH_KNOTS('',3,1,((#12231,#12232),(#12233,#12234),
(#12235,#12236),(#12237,#12238),(#12239,#12240),(#12241,#12242),(#12243,
#12244)),.UNSPECIFIED.,.F.,.F.,.F.,(4,1,1,1,4),(2,2),(0.0370410136408635,
0.0778361046771801,0.118631195713497,0.159426286749813,0.20022137778613),
(0.,0.0012),.UNSPECIFIED.);
#83=B_SPLINE_SURFACE_WITH_KNOTS('',3,1,((#12266,#12267),(#12268,#12269),
(#12270,#12271),(#12272,#12273),(#12274,#12275),(#12276,#12277),(#12278,
#12279),(#12280,#12281),(#12282,#12283),(#12284,#12285)),.UNSPECIFIED.,
 .F.,.F.,.F.,(4,1,1,1,1,1,1,4),(2,2),(0.278011973713184,0.458508980284888,
0.54875748357074,0.639005986856592,0.729254490142444,0.819502993428296,
0.909751496714148,1.),(0.,0.00120000000621596),.UNSPECIFIED.);
#84=B_SPLINE_SURFACE_WITH_KNOTS('',3,1,((#12315,#12316),(#12317,#12318),
(#12319,#12320),(#12321,#12322),(#12323,#12324),(#12325,#12326),(#12327,
#12328)),.UNSPECIFIED.,.F.,.F.,.F.,(4,1,1,1,4),(2,2),(0.577547886036421,
0.647836214519815,0.718124543003209,0.788412871486603,0.858701199969997),
(0.,0.00120000000621596),.UNSPECIFIED.);
#85=B_SPLINE_SURFACE_WITH_KNOTS('',3,1,((#12402,#12403),(#12404,#12405),
(#12406,#12407),(#12408,#12409),(#12410,#12411),(#12412,#12413),(#12414,
#12415)),.UNSPECIFIED.,.F.,.F.,.F.,(4,1,1,1,4),(2,2),(0.716433409366523,
0.77994333587881,0.843453262391097,0.906963188903385,0.970473115415672),
(0.,0.00120000000621596),.UNSPECIFIED.);
#86=B_SPLINE_SURFACE_WITH_KNOTS('',3,1,((#12431,#12432),(#12433,#12434),
(#12435,#12436),(#12437,#12438),(#12439,#12440),(#12441,#12442),(#12443,
#12444),(#12445,#12446)),.UNSPECIFIED.,.F.,.F.,.F.,(4,1,1,1,1,4),(2,2),
(0.,0.0583326160041699,0.11666523200834,0.145831540010425,0.17499784801251,
0.23333046401668),(0.,0.0012),.UNSPECIFIED.);
#87=B_SPLINE_SURFACE_WITH_KNOTS('',3,1,((#12461,#12462),(#12463,#12464),
(#12465,#12466),(#12467,#12468),(#12469,#12470),(#12471,#12472),(#12473,
#12474),(#12475,#12476)),.UNSPECIFIED.,.F.,.F.,.F.,(4,1,1,1,1,4),(2,2),
(0.256923716292195,0.308528229182996,0.334330485628396,0.360132742073796,
0.411737254964596,0.463341767855397),(0.,0.0012),.UNSPECIFIED.);
#88=B_SPLINE_SURFACE_WITH_KNOTS('',3,1,((#12491,#12492),(#12493,#12494),
(#12495,#12496),(#12497,#12498),(#12499,#12500),(#12501,#12502)),
 .UNSPECIFIED.,.F.,.F.,.F.,(4,1,1,4),(2,2),(0.490184390204786,0.603026345866187,
0.659447323696888,0.715868301527589),(0.,0.0012),.UNSPECIFIED.);
#89=B_SPLINE_SURFACE_WITH_KNOTS('',3,1,((#12524,#12525),(#12526,#12527),
(#12528,#12529),(#12530,#12531),(#12532,#12533),(#12534,#12535),(#12536,
#12537),(#12538,#12539)),.UNSPECIFIED.,.F.,.F.,.F.,(4,1,1,1,1,4),(2,2),
(0.,0.0729745897524077,0.145949179504815,0.182436474381019,0.218923769257223,
0.291898359009631),(0.,0.0012),.UNSPECIFIED.);
#90=B_SPLINE_SURFACE_WITH_KNOTS('',3,1,((#12554,#12555),(#12556,#12557),
(#12558,#12559),(#12560,#12561)),.UNSPECIFIED.,.F.,.F.,.F.,(4,4),(2,2),
(0.330532531721679,0.612179452871402),(0.,0.0012),.UNSPECIFIED.);
#91=B_SPLINE_SURFACE_WITH_KNOTS('',3,1,((#12578,#12579),(#12580,#12581),
(#12582,#12583),(#12584,#12585),(#12586,#12587),(#12588,#12589),(#12590,
#12591),(#12592,#12593),(#12594,#12595)),.UNSPECIFIED.,.F.,.F.,.F.,(4,1,
1,1,1,1,4),(2,2),(0.791113925221779,0.843335443916334,0.895556962610889,
0.921667721958167,0.947778481305445,0.973889240652722,1.),(0.,0.0012),
 .UNSPECIFIED.);
#92=B_SPLINE_SURFACE_WITH_KNOTS('',3,1,((#12607,#12608),(#12609,#12610),
(#12611,#12612),(#12613,#12614),(#12615,#12616),(#12617,#12618)),
 .UNSPECIFIED.,.F.,.F.,.F.,(4,1,1,4),(2,2),(0.,0.0643793526450615,0.0965690289675923,
0.128758705290123),(0.,0.0012),.UNSPECIFIED.);
#93=B_SPLINE_SURFACE_WITH_KNOTS('',3,1,((#12631,#12632),(#12633,#12634),
(#12635,#12636),(#12637,#12638),(#12639,#12640),(#12641,#12642),(#12643,
#12644),(#12645,#12646),(#12647,#12648),(#12649,#12650),(#12651,#12652),
(#12653,#12654)),.UNSPECIFIED.,.F.,.F.,.F.,(4,1,1,1,1,1,1,1,1,4),(2,2),
(0.156433931659028,0.200766865709597,0.245099799760165,0.289432733810733,
0.333765667861302,0.37809860191187,0.422431535962439,0.444598002987723,
0.466764470013007,0.511097404063576),(0.,0.0012),.UNSPECIFIED.);
#94=CYLINDRICAL_SURFACE('',#7396,0.2);
#95=CYLINDRICAL_SURFACE('',#7398,1.1109178020587);
#96=CYLINDRICAL_SURFACE('',#7400,0.2);
#97=CYLINDRICAL_SURFACE('',#7409,1.5109178020587);
#98=CYLINDRICAL_SURFACE('',#7414,0.2);
#99=CYLINDRICAL_SURFACE('',#7415,0.2);
#100=CYLINDRICAL_SURFACE('',#7430,1.);
#101=CYLINDRICAL_SURFACE('',#7432,1.);
#102=CYLINDRICAL_SURFACE('',#7436,1.5109178020587);
#103=CYLINDRICAL_SURFACE('',#7446,0.2);
#104=CYLINDRICAL_SURFACE('',#7449,1.1109178020587);
#105=CYLINDRICAL_SURFACE('',#7452,0.2);
#106=CYLINDRICAL_SURFACE('',#7463,0.2);
#107=CYLINDRICAL_SURFACE('',#7465,1.1109178020587);
#108=CYLINDRICAL_SURFACE('',#7467,0.2);
#109=CYLINDRICAL_SURFACE('',#7476,1.5109178020587);
#110=CYLINDRICAL_SURFACE('',#7481,0.2);
#111=CYLINDRICAL_SURFACE('',#7482,0.2);
#112=CYLINDRICAL_SURFACE('',#7483,0.2);
#113=CYLINDRICAL_SURFACE('',#7484,0.2);
#114=CYLINDRICAL_SURFACE('',#7487,0.55);
#115=CYLINDRICAL_SURFACE('',#7491,0.55);
#116=CYLINDRICAL_SURFACE('',#7513,0.259940342126468);
#117=CYLINDRICAL_SURFACE('',#7666,4.78020160948002);
#118=CYLINDRICAL_SURFACE('',#7679,4.34809747260995);
#119=CYLINDRICAL_SURFACE('',#7702,3.00000004470348);
#120=CYLINDRICAL_SURFACE('',#7705,3.00000004470348);
#121=CYLINDRICAL_SURFACE('',#7708,3.00000004470348);
#122=CYLINDRICAL_SURFACE('',#7711,3.00000004470348);
#123=CYLINDRICAL_SURFACE('',#7714,8.50000012665987);
#124=CYLINDRICAL_SURFACE('',#7723,4.99999955296519);
#125=CYLINDRICAL_SURFACE('',#7727,7.5);
#126=CYLINDRICAL_SURFACE('',#7734,4.99999955296519);
#127=CYLINDRICAL_SURFACE('',#7742,6.);
#128=CYLINDRICAL_SURFACE('',#7749,7.5);
#129=CYLINDRICAL_SURFACE('',#7750,1.);
#130=CYLINDRICAL_SURFACE('',#7754,5.);
#131=CYLINDRICAL_SURFACE('',#7779,3.00000004470348);
#132=CYLINDRICAL_SURFACE('',#7782,3.00000004470348);
#133=CYLINDRICAL_SURFACE('',#7785,3.00000004470348);
#134=CYLINDRICAL_SURFACE('',#7788,3.00000004470348);
#135=CYLINDRICAL_SURFACE('',#7791,7.);
#136=CYLINDRICAL_SURFACE('',#7793,0.999999999999996);
#137=CYLINDRICAL_SURFACE('',#7795,0.999999999999996);
#138=CYLINDRICAL_SURFACE('',#7797,0.999999999999996);
#139=CYLINDRICAL_SURFACE('',#7799,1.00000000000001);
#140=CYLINDRICAL_SURFACE('',#7801,1.);
#141=CYLINDRICAL_SURFACE('',#7803,0.999999999999996);
#142=CYLINDRICAL_SURFACE('',#7805,1.00000000000001);
#143=CYLINDRICAL_SURFACE('',#7807,1.);
#144=CYLINDRICAL_SURFACE('',#7809,5.);
#145=CYLINDRICAL_SURFACE('',#7813,5.);
#146=CYLINDRICAL_SURFACE('',#7817,5.);
#147=CYLINDRICAL_SURFACE('',#7824,2.00000005960464);
#148=CYLINDRICAL_SURFACE('',#7833,2.85);
#149=CYLINDRICAL_SURFACE('',#7836,2.00000005960464);
#150=CYLINDRICAL_SURFACE('',#7845,2.85);
#151=CYLINDRICAL_SURFACE('',#7848,2.00000005960464);
#152=CYLINDRICAL_SURFACE('',#7857,2.85);
#153=CYLINDRICAL_SURFACE('',#7860,2.00000005960464);
#154=CYLINDRICAL_SURFACE('',#7869,2.85);
#155=ELLIPSE('',#7385,3.31193846576194,1.05293802632641);
#156=ELLIPSE('',#7693,3.31193846576194,1.05293802632641);
#157=B_SPLINE_CURVE_WITH_KNOTS('',3,(#9652,#9653,#9654,#9655),
 .UNSPECIFIED.,.F.,.F.,(4,4),(0.306864681467116,0.401022921566788),
 .UNSPECIFIED.);
#158=B_SPLINE_CURVE_WITH_KNOTS('',3,(#9659,#9660,#9661,#9662),
 .UNSPECIFIED.,.F.,.F.,(4,4),(0.445215043218188,0.571381513983108),
 .UNSPECIFIED.);
#159=B_SPLINE_CURVE_WITH_KNOTS('',3,(#9676,#9677,#9678,#9679,#9680,#9681,
#9682,#9683,#9684),.UNSPECIFIED.,.F.,.F.,(4,1,1,1,1,1,4),(0.791180006520271,
0.843385004890203,0.869487504075169,0.895590003260135,0.947795001630068,
0.973897500815034,1.),.UNSPECIFIED.);
#160=B_SPLINE_CURVE_WITH_KNOTS('',3,(#9686,#9687,#9688,#9689,#9690,#9691),
 .UNSPECIFIED.,.F.,.F.,(4,1,1,4),(0.,0.0643757488800465,0.0965636233200698,
0.128751497760093),.UNSPECIFIED.);
#161=B_SPLINE_CURVE_WITH_KNOTS('',3,(#9695,#9696,#9697,#9698,#9699,#9700,
#9701,#9702,#9703,#9704,#9705,#9706,#9707,#9708),.UNSPECIFIED.,.F.,.F.,
(4,1,1,1,1,1,1,1,1,1,1,4),(0.156425174951995,0.200769423064938,0.245113671177881,
0.289457919290823,0.333802167403766,0.378146415516708,0.40031853957318,
0.422490663629651,0.444662787686122,0.466834911742594,0.489007035799065,
0.511179159855536),.UNSPECIFIED.);
#162=B_SPLINE_CURVE_WITH_KNOTS('',3,(#9740,#9741,#9742,#9743,#9744,#9745),
 .UNSPECIFIED.,.F.,.F.,(4,1,1,4),(0.859469685730181,0.894602264297635,0.92973484286509,
1.),.UNSPECIFIED.);
#163=B_SPLINE_CURVE_WITH_KNOTS('',3,(#9749,#9750,#9751,#9752,#9753,#9754,
#9755),.UNSPECIFIED.,.F.,.F.,(4,1,1,1,4),(0.0370410136408635,0.0778361046771801,
0.118631195713497,0.159426286749813,0.20022137778613),.UNSPECIFIED.);
#164=B_SPLINE_CURVE_WITH_KNOTS('',3,(#9762,#9763,#9764,#9765,#9766,#9767,
#9768),.UNSPECIFIED.,.F.,.F.,(4,1,1,1,4),(0.577547886036421,0.647836214519815,
0.718124543003209,0.788412871486603,0.858701199969997),.UNSPECIFIED.);
#165=B_SPLINE_CURVE_WITH_KNOTS('',3,(#9771,#9772,#9773,#9774,#9775,#9776,
#9777),.UNSPECIFIED.,.F.,.F.,(4,1,1,1,4),(0.716433409366523,0.77994333587881,
0.843453262391097,0.906963188903385,0.970473115415672),.UNSPECIFIED.);
#166=B_SPLINE_CURVE_WITH_KNOTS('',3,(#9781,#9782,#9783,#9784,#9785,#9786,
#9787,#9788),.UNSPECIFIED.,.F.,.F.,(4,1,1,1,1,4),(0.,0.0583326160041699,
0.11666523200834,0.145831540010425,0.17499784801251,0.23333046401668),
 .UNSPECIFIED.);
#167=B_SPLINE_CURVE_WITH_KNOTS('',3,(#9792,#9793,#9794,#9795,#9796,#9797,
#9798,#9799),.UNSPECIFIED.,.F.,.F.,(4,1,1,1,1,4),(0.256923716292195,0.308528229182996,
0.334330485628396,0.360132742073796,0.411737254964596,0.463341767855397),
 .UNSPECIFIED.);
#168=B_SPLINE_CURVE_WITH_KNOTS('',3,(#9803,#9804,#9805,#9806,#9807,#9808),
 .UNSPECIFIED.,.F.,.F.,(4,1,1,4),(0.490184390204786,0.603026345866187,0.659447323696888,
0.715868301527589),.UNSPECIFIED.);
#169=B_SPLINE_CURVE_WITH_KNOTS('',3,(#9814,#9815,#9816,#9817,#9818,#9819,
#9820,#9821,#9822),.UNSPECIFIED.,.F.,.F.,(4,1,1,1,1,1,4),(0.791113925221779,
0.843335443916334,0.895556962610889,0.921667721958167,0.947778481305445,
0.973889240652722,1.),.UNSPECIFIED.);
#170=B_SPLINE_CURVE_WITH_KNOTS('',3,(#9824,#9825,#9826,#9827,#9828,#9829),
 .UNSPECIFIED.,.F.,.F.,(4,1,1,4),(0.,0.0643793526450615,0.0965690289675923,
0.128758705290123),.UNSPECIFIED.);
#171=B_SPLINE_CURVE_WITH_KNOTS('',3,(#9833,#9834,#9835,#9836,#9837,#9838,
#9839,#9840,#9841,#9842,#9843,#9844),.UNSPECIFIED.,.F.,.F.,(4,1,1,1,1,1,
1,1,1,4),(0.156433931659028,0.200766865709597,0.245099799760165,0.289432733810733,
0.333765667861302,0.37809860191187,0.422431535962439,0.444598002987723,
0.466764470013007,0.511097404063576),.UNSPECIFIED.);
#172=B_SPLINE_CURVE_WITH_KNOTS('',3,(#9854,#9855,#9856,#9857,#9858,#9859,
#9860,#9861),.UNSPECIFIED.,.F.,.F.,(4,1,1,1,1,4),(0.,0.0729745897524077,
0.145949179504815,0.182436474381019,0.218923769257223,0.291898359009631),
 .UNSPECIFIED.);
#173=B_SPLINE_CURVE_WITH_KNOTS('',3,(#9910,#9911,#9912,#9913,#9914,#9915,
#9916,#9917,#9918,#9919,#9920),.UNSPECIFIED.,.F.,.F.,(4,1,1,1,1,1,1,1,4),
(0.311648414679701,0.397692362844739,0.483736311009776,0.569780259174813,
0.655824207339851,0.741868155504888,0.827912103669925,0.913956051834963,
1.),.UNSPECIFIED.);
#174=B_SPLINE_CURVE_WITH_KNOTS('',3,(#9942,#9943,#9944,#9945,#9946,#9947,
#9948,#9949,#9950,#9951,#9952,#9953,#9954,#9955,#9956,#9957),
 .UNSPECIFIED.,.T.,.F.,(4,1,1,1,1,1,1,1,1,1,1,1,1,4),(0.,0.0713375044595102,
0.14267500891902,0.263619556296363,0.324091829985034,0.384564103673706,
0.505508651051048,0.56598092473972,0.626453198428391,0.737787177123595,
0.793454166471196,0.849121155818798,0.924560577909399,1.),.UNSPECIFIED.);
#175=B_SPLINE_CURVE_WITH_KNOTS('',3,(#10019,#10020,#10021,#10022,#10023,
#10024,#10025,#10026,#10027,#10028,#10029),.UNSPECIFIED.,.T.,.F.,(4,1,1,
1,1,1,1,1,4),(0.,0.123974955889106,0.244010788295777,0.364046620702448,
0.490504333990767,0.616962047279086,0.739991210633839,0.863020373988592,
1.),.UNSPECIFIED.);
#176=B_SPLINE_CURVE_WITH_KNOTS('',3,(#10032,#10033,#10034,#10035,#10036),
 .UNSPECIFIED.,.F.,.F.,(4,1,4),(0.711422891296535,0.757185364790419,0.802947838284303),
 .UNSPECIFIED.);
#177=B_SPLINE_CURVE_WITH_KNOTS('',3,(#10038,#10039,#10040,#10041,#10042,
#10043,#10044,#10045,#10046),.UNSPECIFIED.,.F.,.F.,(4,1,1,1,1,1,4),(0.802947838284303,
0.852210878713227,0.876842398927689,0.901473919142152,0.926105439356614,
0.950736959571076,1.),.UNSPECIFIED.);
#178=B_SPLINE_CURVE_WITH_KNOTS('',3,(#10050,#10051,#10052,#10053,#10054,
#10055,#10056,#10057,#10058,#10059,#10060,#10061),.UNSPECIFIED.,.F.,.F.,
(4,1,1,1,1,1,1,1,1,4),(0.0214607852521818,0.0517331514179271,0.0820055175836725,
0.112277883749418,0.142550249915163,0.157686432998036,0.172822616080908,
0.203094982246654,0.233367348412399,0.263639714578145),.UNSPECIFIED.);
#179=B_SPLINE_CURVE_WITH_KNOTS('',3,(#10065,#10066,#10067,#10068,#10069,
#10070,#10071,#10072,#10073,#10074,#10075,#10076),.UNSPECIFIED.,.F.,.F.,
(4,1,1,1,1,1,1,1,1,4),(0.285207269906207,0.31548861748702,0.345769965067833,
0.360910638858239,0.376051312648646,0.406332660229458,0.436614007810271,
0.466895355391084,0.497176702971897,0.527458050552709),.UNSPECIFIED.);
#180=B_SPLINE_CURVE_WITH_KNOTS('',3,(#10094,#10095,#10096,#10097,#10098),
 .UNSPECIFIED.,.F.,.F.,(4,1,4),(0.0247196638965246,0.10488265209423,0.185045640291935),
 .UNSPECIFIED.);
#181=B_SPLINE_CURVE_WITH_KNOTS('',3,(#10102,#10103,#10104,#10105,#10106,
#10107),.UNSPECIFIED.,.F.,.F.,(4,1,1,4),(0.185651019815931,0.219409696088079,
0.253168372360227,0.320685724904522),.UNSPECIFIED.);
#182=B_SPLINE_CURVE_WITH_KNOTS('',3,(#10115,#10116,#10117,#10118,#10119,
#10120,#10121,#10122),.UNSPECIFIED.,.F.,.F.,(4,1,1,1,1,4),(0.527221039174669,
0.566806190283412,0.606391341392155,0.645976492500898,0.665769068055269,
0.685561643609641),.UNSPECIFIED.);
#183=B_SPLINE_CURVE_WITH_KNOTS('',3,(#10125,#10126,#10127,#10128,#10129,
#10130),.UNSPECIFIED.,.F.,.F.,(4,1,1,4),(0.685965229958972,0.719297475490989,
0.752629721023005,0.819294212087038),.UNSPECIFIED.);
#184=B_SPLINE_CURVE_WITH_KNOTS('',3,(#10135,#10136,#10137,#10138,#10139,
#10140,#10141,#10142),.UNSPECIFIED.,.F.,.F.,(4,1,1,1,1,4),(0.502311646752736,
0.564522690908644,0.626733735064552,0.751155823376368,0.875577911688184,
1.),.UNSPECIFIED.);
#185=B_SPLINE_CURVE_WITH_KNOTS('',3,(#10152,#10153,#10154,#10155,#10156),
 .UNSPECIFIED.,.F.,.F.,(4,1,4),(0.,0.122122208755538,0.244244417511075),
 .UNSPECIFIED.);
#186=B_SPLINE_CURVE_WITH_KNOTS('',3,(#10159,#10160,#10161,#10162,#10163,
#10164,#10165,#10166,#10167),.UNSPECIFIED.,.F.,.F.,(4,1,1,1,1,1,4),(0.292091320273263,
0.396095952575179,0.448098268726137,0.474099426801616,0.500100584877095,
0.604105217179011,0.708109849480928),.UNSPECIFIED.);
#187=B_SPLINE_CURVE_WITH_KNOTS('',3,(#10201,#10202,#10203,#10204,#10205,
#10206,#10207,#10208,#10209,#10210,#10211),.UNSPECIFIED.,.T.,.F.,(4,1,1,
1,1,1,1,1,4),(0.,0.124056713387927,0.244090206185332,0.364123698982736,
0.49064314838615,0.617162597789564,0.740055079476305,0.862947561163045,
1.),.UNSPECIFIED.);
#188=B_SPLINE_CURVE_WITH_KNOTS('',3,(#10218,#10219,#10220,#10221,#10222,
#10223,#10224,#10225),.UNSPECIFIED.,.F.,.F.,(4,1,1,1,1,4),(0.,0.0834820770111445,
0.125223115516717,0.166964154022289,0.250446231033433,0.333928308044578),
 .UNSPECIFIED.);
#189=B_SPLINE_CURVE_WITH_KNOTS('',3,(#10239,#10240,#10241,#10242,#10243,
#10244,#10245,#10246,#10247,#10248),.UNSPECIFIED.,.F.,.F.,(4,1,1,1,1,1,
1,4),(0.697480687223678,0.735295601320718,0.773110515417759,0.810925429514799,
0.848740343611839,0.886555257708879,0.92437017180592,1.),.UNSPECIFIED.);
#190=B_SPLINE_CURVE_WITH_KNOTS('',3,(#10252,#10253,#10254,#10255,#10256,
#10257,#10258,#10259,#10260,#10261,#10262),.UNSPECIFIED.,.F.,.F.,(4,1,1,
1,1,1,1,1,4),(0.0333034429854781,0.0806933875487361,0.128083332111994,0.175473276675252,
0.22286322123851,0.270253165801768,0.317643110365026,0.365033054928284,
0.412422999491542),.UNSPECIFIED.);
#191=B_SPLINE_CURVE_WITH_KNOTS('',3,(#10652,#10653,#10654,#10655,#10656,
#10657,#10658,#10659,#10660,#10661),.UNSPECIFIED.,.F.,.F.,(4,1,1,1,1,1,
1,4),(0.697480687223678,0.735295601320718,0.773110515417759,0.810925429514799,
0.848740343611839,0.886555257708879,0.92437017180592,1.),.UNSPECIFIED.);
#192=B_SPLINE_CURVE_WITH_KNOTS('',3,(#10690,#10691,#10692,#10693,#10694,
#10695,#10696,#10697,#10698,#10699,#10700),.UNSPECIFIED.,.F.,.F.,(4,1,1,
1,1,1,1,1,4),(0.0333034429854781,0.0806933875487361,0.128083332111994,0.175473276675252,
0.22286322123851,0.270253165801768,0.317643110365026,0.365033054928284,
0.412422999491542),.UNSPECIFIED.);
#193=B_SPLINE_CURVE_WITH_KNOTS('',3,(#10742,#10743,#10744,#10745,#10746,
#10747,#10748,#10749,#10750,#10751,#10752,#10753),.UNSPECIFIED.,.T.,.F.,
(4,1,1,1,1,1,1,1,1,4),(0.,0.118142143394721,0.236284286789441,0.297477038503549,
0.358669790217656,0.487743057744865,0.616816325272075,0.735200476332648,
0.85358462739322,1.),.UNSPECIFIED.);
#194=B_SPLINE_CURVE_WITH_KNOTS('',3,(#10756,#10757,#10758,#10759,#10760,
#10761,#10762,#10763,#10764,#10765,#10766,#10767),.UNSPECIFIED.,.T.,.F.,
(4,1,1,1,1,1,1,1,1,4),(0.,0.118142143394721,0.236284286789441,0.297477038503549,
0.358669790217656,0.487743057744865,0.616816325272075,0.735200476332648,
0.85358462739322,1.),.UNSPECIFIED.);
#195=B_SPLINE_CURVE_WITH_KNOTS('',3,(#10792,#10793,#10794,#10795,#10796,
#10797,#10798,#10799,#10800,#10801,#10802),.UNSPECIFIED.,.T.,.F.,(4,1,1,
1,1,1,1,1,4),(0.,0.123974955889106,0.244010788295777,0.364046620702448,
0.490504333990767,0.616962047279086,0.739991210633839,0.863020373988592,
1.),.UNSPECIFIED.);
#196=B_SPLINE_CURVE_WITH_KNOTS('',3,(#10832,#10833,#10834,#10835,#10836,
#10837,#10838,#10839),.UNSPECIFIED.,.F.,.F.,(4,1,1,1,1,4),(0.,0.0834820770111445,
0.125223115516717,0.166964154022289,0.250446231033433,0.333928308044578),
 .UNSPECIFIED.);
#197=B_SPLINE_CURVE_WITH_KNOTS('',3,(#10873,#10874,#10875,#10876,#10877),
 .UNSPECIFIED.,.F.,.F.,(4,1,4),(0.711422891296535,0.757185364790419,0.802947838284303),
 .UNSPECIFIED.);
#198=B_SPLINE_CURVE_WITH_KNOTS('',3,(#10898,#10899,#10900,#10901,#10902,
#10903,#10904,#10905,#10906),.UNSPECIFIED.,.F.,.F.,(4,1,1,1,1,1,4),(0.802947838284303,
0.852210878713227,0.876842398927689,0.901473919142152,0.926105439356614,
0.950736959571076,1.),.UNSPECIFIED.);
#199=B_SPLINE_CURVE_WITH_KNOTS('',3,(#10937,#10938,#10939,#10940,#10941,
#10942,#10943,#10944,#10945,#10946,#10947,#10948),.UNSPECIFIED.,.F.,.F.,
(4,1,1,1,1,1,1,1,1,4),(0.0214607852521818,0.0517331514179271,0.0820055175836725,
0.112277883749418,0.142550249915163,0.157686432998036,0.172822616080908,
0.203094982246654,0.233367348412399,0.263639714578145),.UNSPECIFIED.);
#200=B_SPLINE_CURVE_WITH_KNOTS('',3,(#10979,#10980,#10981,#10982,#10983,
#10984,#10985,#10986,#10987,#10988,#10989,#10990),.UNSPECIFIED.,.F.,.F.,
(4,1,1,1,1,1,1,1,1,4),(0.285207269906207,0.31548861748702,0.345769965067833,
0.360910638858239,0.376051312648646,0.406332660229458,0.436614007810271,
0.466895355391084,0.497176702971897,0.527458050552709),.UNSPECIFIED.);
#201=B_SPLINE_CURVE_WITH_KNOTS('',3,(#11036,#11037,#11038,#11039,#11040,
#11041,#11042,#11043,#11044,#11045,#11046,#11047),.UNSPECIFIED.,.T.,.F.,
(4,1,1,1,1,1,1,1,1,4),(0.,0.118142143394721,0.236284286789442,0.297477038503549,
0.358669790217655,0.487743057744865,0.616816325272076,0.735200476332648,
0.85358462739322,1.),.UNSPECIFIED.);
#202=B_SPLINE_CURVE_WITH_KNOTS('',3,(#11050,#11051,#11052,#11053,#11054,
#11055,#11056,#11057,#11058,#11059,#11060,#11061),.UNSPECIFIED.,.T.,.F.,
(4,1,1,1,1,1,1,1,1,4),(0.,0.118142143394721,0.236284286789442,0.297477038503549,
0.358669790217655,0.487743057744865,0.616816325272076,0.735200476332648,
0.85358462739322,1.),.UNSPECIFIED.);
#203=B_SPLINE_CURVE_WITH_KNOTS('',3,(#11086,#11087,#11088,#11089,#11090,
#11091,#11092,#11093,#11094,#11095,#11096),.UNSPECIFIED.,.T.,.F.,(4,1,1,
1,1,1,1,1,4),(0.,0.124056713387927,0.244090206185332,0.364123698982736,
0.49064314838615,0.617162597789564,0.740055079476305,0.862947561163045,
1.),.UNSPECIFIED.);
#204=B_SPLINE_CURVE_WITH_KNOTS('',3,(#11124,#11125,#11126,#11127,#11128),
 .UNSPECIFIED.,.F.,.F.,(4,1,4),(0.0247196638965246,0.10488265209423,0.185045640291935),
 .UNSPECIFIED.);
#205=B_SPLINE_CURVE_WITH_KNOTS('',3,(#11147,#11148,#11149,#11150,#11151,
#11152),.UNSPECIFIED.,.F.,.F.,(4,1,1,4),(0.185651019815931,0.219409696088079,
0.253168372360227,0.320685724904522),.UNSPECIFIED.);
#206=B_SPLINE_CURVE_WITH_KNOTS('',3,(#11183,#11184,#11185,#11186,#11187,
#11188,#11189,#11190),.UNSPECIFIED.,.F.,.F.,(4,1,1,1,1,4),(0.527221039174669,
0.566806190283412,0.606391341392155,0.645976492500898,0.665769068055269,
0.685561643609641),.UNSPECIFIED.);
#207=B_SPLINE_CURVE_WITH_KNOTS('',3,(#11208,#11209,#11210,#11211,#11212,
#11213),.UNSPECIFIED.,.F.,.F.,(4,1,1,4),(0.685965229958972,0.719297475490989,
0.752629721023005,0.819294212087038),.UNSPECIFIED.);
#208=B_SPLINE_CURVE_WITH_KNOTS('',3,(#11235,#11236,#11237,#11238,#11239),
 .UNSPECIFIED.,.F.,.F.,(4,1,4),(0.378304241979237,0.565895607855098,0.75348697373096),
 .UNSPECIFIED.);
#209=B_SPLINE_CURVE_WITH_KNOTS('',3,(#11241,#11242,#11243,#11244,#11245),
 .UNSPECIFIED.,.F.,.F.,(4,1,4),(0.378304241979237,0.565895607855098,0.75348697373096),
 .UNSPECIFIED.);
#210=B_SPLINE_CURVE_WITH_KNOTS('',3,(#11297,#11298,#11299,#11300,#11301,
#11302),.UNSPECIFIED.,.F.,.F.,(4,1,1,4),(0.,0.187767216347657,0.281650824521486,
0.375534432695315),.UNSPECIFIED.);
#211=B_SPLINE_CURVE_WITH_KNOTS('',3,(#11303,#11304,#11305,#11306,#11307,
#11308),.UNSPECIFIED.,.F.,.F.,(4,1,1,4),(0.,0.187767216347657,0.281650824521486,
0.375534432695315),.UNSPECIFIED.);
#212=B_SPLINE_CURVE_WITH_KNOTS('',3,(#11334,#11335,#11336,#11337,#11338,
#11339,#11340,#11341),.UNSPECIFIED.,.F.,.F.,(4,1,1,1,1,4),(0.502311646752736,
0.564522690908644,0.626733735064552,0.751155823376368,0.875577911688184,
1.),.UNSPECIFIED.);
#213=B_SPLINE_CURVE_WITH_KNOTS('',3,(#11363,#11364,#11365,#11366,#11367,
#11368,#11369),.UNSPECIFIED.,.F.,.F.,(4,1,1,1,4),(0.293358674220014,0.47001900566501,
0.646679337110007,0.823339668555003,1.),.UNSPECIFIED.);
#214=B_SPLINE_CURVE_WITH_KNOTS('',3,(#11373,#11374,#11375,#11376,#11377,
#11378,#11379),.UNSPECIFIED.,.F.,.F.,(4,1,1,1,4),(0.293358674220014,0.47001900566501,
0.646679337110007,0.823339668555003,1.),.UNSPECIFIED.);
#215=B_SPLINE_CURVE_WITH_KNOTS('',3,(#11408,#11409,#11410,#11411,#11412),
 .UNSPECIFIED.,.F.,.F.,(4,1,4),(0.378304241979237,0.565895607855098,0.75348697373096),
 .UNSPECIFIED.);
#216=B_SPLINE_CURVE_WITH_KNOTS('',3,(#11414,#11415,#11416,#11417,#11418),
 .UNSPECIFIED.,.F.,.F.,(4,1,4),(0.378304241979237,0.565895607855098,0.75348697373096),
 .UNSPECIFIED.);
#217=B_SPLINE_CURVE_WITH_KNOTS('',3,(#11470,#11471,#11472,#11473,#11474,
#11475),.UNSPECIFIED.,.F.,.F.,(4,1,1,4),(0.,0.187767216347657,0.281650824521486,
0.375534432695315),.UNSPECIFIED.);
#218=B_SPLINE_CURVE_WITH_KNOTS('',3,(#11476,#11477,#11478,#11479,#11480,
#11481),.UNSPECIFIED.,.F.,.F.,(4,1,1,4),(0.,0.187767216347657,0.281650824521486,
0.375534432695315),.UNSPECIFIED.);
#219=B_SPLINE_CURVE_WITH_KNOTS('',3,(#11505,#11506,#11507,#11508,#11509),
 .UNSPECIFIED.,.F.,.F.,(4,1,4),(0.,0.122122208755538,0.244244417511075),
 .UNSPECIFIED.);
#220=B_SPLINE_CURVE_WITH_KNOTS('',3,(#11533,#11534,#11535,#11536,#11537,
#11538,#11539,#11540,#11541),.UNSPECIFIED.,.F.,.F.,(4,1,1,1,1,1,4),(0.292091320273263,
0.396095952575179,0.448098268726137,0.474099426801616,0.500100584877095,
0.604105217179011,0.708109849480928),.UNSPECIFIED.);
#221=B_SPLINE_CURVE_WITH_KNOTS('',3,(#11657,#11658,#11659,#11660),
 .UNSPECIFIED.,.F.,.F.,(4,4),(0.306864681467116,0.401022921566788),
 .UNSPECIFIED.);
#222=B_SPLINE_CURVE_WITH_KNOTS('',3,(#11675,#11676,#11677,#11678),
 .UNSPECIFIED.,.F.,.F.,(4,4),(0.445215043218188,0.571381513983108),
 .UNSPECIFIED.);
#223=B_SPLINE_CURVE_WITH_KNOTS('',3,(#11714,#11715,#11716,#11717,#11718,
#11719,#11720,#11721,#11722,#11723,#11724,#11725,#11726,#11727,#11728),
 .UNSPECIFIED.,.T.,.F.,(4,1,1,1,1,1,1,1,1,1,1,1,4),(0.,0.0580814823670958,
0.116162964734192,0.174244447101287,0.232325929468383,0.328285188284835,
0.424244447101287,0.52020370591774,0.616162964734192,0.712122223550644,
0.808081482367096,0.904040741183548,1.),.UNSPECIFIED.);
#224=B_SPLINE_CURVE_WITH_KNOTS('',3,(#11731,#11732,#11733,#11734,#11735,
#11736,#11737,#11738,#11739,#11740,#11741,#11742,#11743,#11744,#11745),
 .UNSPECIFIED.,.T.,.F.,(4,1,1,1,1,1,1,1,1,1,1,1,4),(0.,0.0580814823670958,
0.116162964734192,0.174244447101287,0.232325929468383,0.328285188284835,
0.424244447101287,0.52020370591774,0.616162964734192,0.712122223550644,
0.808081482367096,0.904040741183548,1.),.UNSPECIFIED.);
#225=B_SPLINE_CURVE_WITH_KNOTS('',3,(#11780,#11781,#11782,#11783,#11784,
#11785,#11786,#11787,#11788,#11789,#11790,#11791,#11792,#11793,#11794,#11795),
 .UNSPECIFIED.,.T.,.F.,(4,1,1,1,1,1,1,1,1,1,1,1,1,4),(0.,0.0713375044595102,
0.14267500891902,0.263619556296363,0.324091829985034,0.384564103673706,
0.505508651051048,0.56598092473972,0.626453198428391,0.737787177123595,
0.793454166471196,0.849121155818798,0.924560577909399,1.),.UNSPECIFIED.);
#226=B_SPLINE_CURVE_WITH_KNOTS('',3,(#11881,#11882,#11883,#11884,#11885,
#11886,#11887,#11888,#11889),.UNSPECIFIED.,.F.,.F.,(4,1,1,1,1,1,4),(0.791180006520271,
0.843385004890203,0.869487504075169,0.895590003260135,0.947795001630068,
0.973897500815034,1.),.UNSPECIFIED.);
#227=B_SPLINE_CURVE_WITH_KNOTS('',3,(#11904,#11905,#11906,#11907,#11908,
#11909),.UNSPECIFIED.,.F.,.F.,(4,1,1,4),(0.,0.0643757488800465,0.0965636233200698,
0.128751497760093),.UNSPECIFIED.);
#228=B_SPLINE_CURVE_WITH_KNOTS('',3,(#11944,#11945,#11946,#11947,#11948,
#11949,#11950,#11951,#11952,#11953,#11954,#11955,#11956,#11957),
 .UNSPECIFIED.,.F.,.F.,(4,1,1,1,1,1,1,1,1,1,1,4),(0.156425174951995,0.200769423064938,
0.245113671177881,0.289457919290823,0.333802167403766,0.378146415516708,
0.40031853957318,0.422490663629651,0.444662787686122,0.466834911742594,
0.489007035799065,0.511179159855536),.UNSPECIFIED.);
#229=B_SPLINE_CURVE_WITH_KNOTS('',3,(#11992,#11993,#11994,#11995,#11996,
#11997,#11998,#11999,#12000),.UNSPECIFIED.,.F.,.F.,(4,1,1,1,1,1,4),(0.329855843619359,
0.497391882714519,0.5811599022621,0.66492792180968,0.74869594135726,0.83246396090484,
1.),.UNSPECIFIED.);
#230=B_SPLINE_CURVE_WITH_KNOTS('',3,(#12004,#12005,#12006,#12007,#12008,
#12009,#12010,#12011,#12012),.UNSPECIFIED.,.F.,.F.,(4,1,1,1,1,1,4),(0.329855843619359,
0.497391882714519,0.5811599022621,0.66492792180968,0.74869594135726,0.83246396090484,
1.),.UNSPECIFIED.);
#231=B_SPLINE_CURVE_WITH_KNOTS('',3,(#12039,#12040,#12041,#12042,#12043,
#12044,#12045,#12046,#12047,#12048,#12049),.UNSPECIFIED.,.F.,.F.,(4,1,1,
1,1,1,1,1,4),(0.311648414679701,0.397692362844739,0.483736311009776,0.569780259174813,
0.655824207339851,0.741868155504888,0.827912103669925,0.913956051834963,
1.),.UNSPECIFIED.);
#232=B_SPLINE_CURVE_WITH_KNOTS('',3,(#12123,#12124,#12125,#12126,#12127,
#12128),.UNSPECIFIED.,.F.,.F.,(4,1,1,4),(0.377921563729862,0.471790688387243,
0.565659813044624,0.753398062359386),.UNSPECIFIED.);
#233=B_SPLINE_CURVE_WITH_KNOTS('',3,(#12130,#12131,#12132,#12133,#12134,
#12135),.UNSPECIFIED.,.F.,.F.,(4,1,1,4),(0.377921563729862,0.471790688387243,
0.565659813044624,0.753398062359386),.UNSPECIFIED.);
#234=B_SPLINE_CURVE_WITH_KNOTS('',3,(#12187,#12188,#12189,#12190,#12191,
#12192),.UNSPECIFIED.,.F.,.F.,(4,1,1,4),(0.,0.187806278411558,0.281709417617336,
0.375612556823115),.UNSPECIFIED.);
#235=B_SPLINE_CURVE_WITH_KNOTS('',3,(#12193,#12194,#12195,#12196,#12197,
#12198),.UNSPECIFIED.,.F.,.F.,(4,1,1,4),(0.,0.187806278411558,0.281709417617336,
0.375612556823115),.UNSPECIFIED.);
#236=B_SPLINE_CURVE_WITH_KNOTS('',3,(#12220,#12221,#12222,#12223,#12224,
#12225),.UNSPECIFIED.,.F.,.F.,(4,1,1,4),(0.859469685730181,0.894602264297635,
0.92973484286509,1.),.UNSPECIFIED.);
#237=B_SPLINE_CURVE_WITH_KNOTS('',3,(#12246,#12247,#12248,#12249,#12250,
#12251,#12252),.UNSPECIFIED.,.F.,.F.,(4,1,1,1,4),(0.0370410136408635,0.0778361046771801,
0.118631195713497,0.159426286749813,0.20022137778613),.UNSPECIFIED.);
#238=B_SPLINE_CURVE_WITH_KNOTS('',3,(#12288,#12289,#12290,#12291,#12292,
#12293,#12294,#12295,#12296,#12297),.UNSPECIFIED.,.F.,.F.,(4,1,1,1,1,1,
1,4),(0.278011973713184,0.458508980284888,0.54875748357074,0.639005986856592,
0.729254490142444,0.819502993428296,0.909751496714148,1.),.UNSPECIFIED.);
#239=B_SPLINE_CURVE_WITH_KNOTS('',3,(#12301,#12302,#12303,#12304,#12305,
#12306,#12307,#12308,#12309,#12310),.UNSPECIFIED.,.F.,.F.,(4,1,1,1,1,1,
1,4),(0.278011973713184,0.458508980284888,0.54875748357074,0.639005986856592,
0.729254490142444,0.819502993428296,0.909751496714148,1.),.UNSPECIFIED.);
#240=B_SPLINE_CURVE_WITH_KNOTS('',3,(#12329,#12330,#12331,#12332,#12333,
#12334,#12335),.UNSPECIFIED.,.F.,.F.,(4,1,1,1,4),(0.577547886036421,0.647836214519815,
0.718124543003209,0.788412871486603,0.858701199969997),.UNSPECIFIED.);
#241=B_SPLINE_CURVE_WITH_KNOTS('',3,(#12419,#12420,#12421,#12422,#12423,
#12424,#12425),.UNSPECIFIED.,.F.,.F.,(4,1,1,1,4),(0.716433409366523,0.77994333587881,
0.843453262391097,0.906963188903385,0.970473115415672),.UNSPECIFIED.);
#242=B_SPLINE_CURVE_WITH_KNOTS('',3,(#12448,#12449,#12450,#12451,#12452,
#12453,#12454,#12455),.UNSPECIFIED.,.F.,.F.,(4,1,1,1,1,4),(0.,0.0583326160041699,
0.11666523200834,0.145831540010425,0.17499784801251,0.23333046401668),
 .UNSPECIFIED.);
#243=B_SPLINE_CURVE_WITH_KNOTS('',3,(#12478,#12479,#12480,#12481,#12482,
#12483,#12484,#12485),.UNSPECIFIED.,.F.,.F.,(4,1,1,1,1,4),(0.256923716292195,
0.308528229182996,0.334330485628396,0.360132742073796,0.411737254964596,
0.463341767855397),.UNSPECIFIED.);
#244=B_SPLINE_CURVE_WITH_KNOTS('',3,(#12504,#12505,#12506,#12507,#12508,
#12509),.UNSPECIFIED.,.F.,.F.,(4,1,1,4),(0.490184390204786,0.603026345866187,
0.659447323696888,0.715868301527589),.UNSPECIFIED.);
#245=B_SPLINE_CURVE_WITH_KNOTS('',3,(#12541,#12542,#12543,#12544,#12545,
#12546,#12547,#12548),.UNSPECIFIED.,.F.,.F.,(4,1,1,1,1,4),(0.,0.0729745897524077,
0.145949179504815,0.182436474381019,0.218923769257223,0.291898359009631),
 .UNSPECIFIED.);
#246=B_SPLINE_CURVE_WITH_KNOTS('',3,(#12597,#12598,#12599,#12600,#12601,
#12602,#12603,#12604,#12605),.UNSPECIFIED.,.F.,.F.,(4,1,1,1,1,1,4),(0.791113925221779,
0.843335443916334,0.895556962610889,0.921667721958167,0.947778481305445,
0.973889240652722,1.),.UNSPECIFIED.);
#247=B_SPLINE_CURVE_WITH_KNOTS('',3,(#12620,#12621,#12622,#12623,#12624,
#12625),.UNSPECIFIED.,.F.,.F.,(4,1,1,4),(0.,0.0643793526450615,0.0965690289675923,
0.128758705290123),.UNSPECIFIED.);
#248=B_SPLINE_CURVE_WITH_KNOTS('',3,(#12656,#12657,#12658,#12659,#12660,
#12661,#12662,#12663,#12664,#12665,#12666,#12667),.UNSPECIFIED.,.F.,.F.,
(4,1,1,1,1,1,1,1,1,4),(0.156433931659028,0.200766865709597,0.245099799760165,
0.289432733810733,0.333765667861302,0.37809860191187,0.422431535962439,
0.444598002987723,0.466764470013007,0.511097404063576),.UNSPECIFIED.);
#249=FACE_BOUND('',#867,.T.);
#250=FACE_BOUND('',#868,.T.);
#251=FACE_BOUND('',#869,.T.);
#252=FACE_BOUND('',#870,.T.);
#253=FACE_BOUND('',#871,.T.);
#254=FACE_BOUND('',#872,.T.);
#255=FACE_BOUND('',#873,.T.);
#256=FACE_BOUND('',#874,.T.);
#257=FACE_BOUND('',#875,.T.);
#258=FACE_BOUND('',#876,.T.);
#259=FACE_BOUND('',#877,.T.);
#260=FACE_BOUND('',#878,.T.);
#261=FACE_BOUND('',#879,.T.);
#262=FACE_BOUND('',#880,.T.);
#263=FACE_BOUND('',#881,.T.);
#264=FACE_BOUND('',#882,.T.);
#265=FACE_BOUND('',#883,.T.);
#266=FACE_BOUND('',#884,.T.);
#267=FACE_BOUND('',#886,.T.);
#268=FACE_BOUND('',#887,.T.);
#269=FACE_BOUND('',#888,.T.);
#270=FACE_BOUND('',#889,.T.);
#271=FACE_BOUND('',#890,.T.);
#272=FACE_BOUND('',#891,.T.);
#273=FACE_BOUND('',#892,.T.);
#274=FACE_BOUND('',#893,.T.);
#275=FACE_BOUND('',#894,.T.);
#276=FACE_BOUND('',#895,.T.);
#277=FACE_BOUND('',#896,.T.);
#278=FACE_BOUND('',#912,.T.);
#279=FACE_BOUND('',#917,.T.);
#280=FACE_BOUND('',#924,.T.);
#281=FACE_BOUND('',#931,.T.);
#282=FACE_BOUND('',#932,.T.);
#283=FACE_BOUND('',#986,.T.);
#284=FACE_BOUND('',#1012,.T.);
#285=FACE_BOUND('',#1040,.T.);
#286=FACE_BOUND('',#1049,.T.);
#287=FACE_BOUND('',#1064,.T.);
#288=FACE_BOUND('',#1108,.T.);
#289=FACE_BOUND('',#1139,.T.);
#290=FACE_BOUND('',#1167,.T.);
#291=FACE_BOUND('',#1180,.T.);
#292=FACE_BOUND('',#1197,.T.);
#293=FACE_BOUND('',#1234,.T.);
#294=FACE_BOUND('',#1235,.T.);
#295=FACE_BOUND('',#1236,.T.);
#296=FACE_BOUND('',#1237,.T.);
#297=FACE_BOUND('',#1238,.T.);
#298=FACE_BOUND('',#1240,.T.);
#299=FACE_BOUND('',#1241,.T.);
#300=FACE_BOUND('',#1242,.T.);
#301=FACE_BOUND('',#1243,.T.);
#302=FACE_BOUND('',#1244,.T.);
#303=FACE_BOUND('',#1249,.T.);
#304=FACE_BOUND('',#1254,.T.);
#305=FACE_BOUND('',#1259,.T.);
#306=FACE_BOUND('',#1293,.T.);
#307=FACE_BOUND('',#1294,.T.);
#308=FACE_BOUND('',#1295,.T.);
#309=FACE_BOUND('',#1296,.T.);
#310=FACE_BOUND('',#1297,.T.);
#311=FACE_BOUND('',#1300,.T.);
#312=FACE_BOUND('',#1301,.T.);
#313=FACE_BOUND('',#1302,.T.);
#314=FACE_BOUND('',#1303,.T.);
#315=FACE_BOUND('',#1304,.T.);
#316=FACE_BOUND('',#1305,.T.);
#317=FACE_BOUND('',#1306,.T.);
#318=FACE_BOUND('',#1307,.T.);
#319=FACE_BOUND('',#1308,.T.);
#320=FACE_BOUND('',#1309,.T.);
#321=FACE_BOUND('',#1310,.T.);
#322=FACE_BOUND('',#1311,.T.);
#323=FACE_BOUND('',#1312,.T.);
#324=FACE_BOUND('',#1317,.T.);
#325=FACE_BOUND('',#1324,.T.);
#326=FACE_BOUND('',#1331,.T.);
#327=FACE_BOUND('',#1338,.T.);
#328=CIRCLE('',#7384,1.);
#329=CIRCLE('',#7386,4.78020160948002);
#330=CIRCLE('',#7387,1.);
#331=CIRCLE('',#7389,0.259940342126468);
#332=CIRCLE('',#7392,1.5109178020587);
#333=CIRCLE('',#7393,0.2);
#334=CIRCLE('',#7394,1.1109178020587);
#335=CIRCLE('',#7395,0.2);
#336=CIRCLE('',#7397,0.2);
#337=CIRCLE('',#7399,1.1109178020587);
#338=CIRCLE('',#7401,0.2);
#339=CIRCLE('',#7403,0.2);
#340=CIRCLE('',#7404,0.2);
#341=CIRCLE('',#7407,0.2);
#342=CIRCLE('',#7408,0.2);
#343=CIRCLE('',#7410,1.5109178020587);
#344=CIRCLE('',#7431,1.);
#345=CIRCLE('',#7433,1.);
#346=CIRCLE('',#7437,1.5109178020587);
#347=CIRCLE('',#7438,1.5109178020587);
#348=CIRCLE('',#7440,0.2);
#349=CIRCLE('',#7441,0.2);
#350=CIRCLE('',#7444,0.2);
#351=CIRCLE('',#7445,0.2);
#352=CIRCLE('',#7447,0.2);
#353=CIRCLE('',#7448,0.2);
#354=CIRCLE('',#7450,1.1109178020587);
#355=CIRCLE('',#7451,1.1109178020587);
#356=CIRCLE('',#7453,0.2);
#357=CIRCLE('',#7454,0.2);
#358=CIRCLE('',#7459,0.2);
#359=CIRCLE('',#7460,1.1109178020587);
#360=CIRCLE('',#7461,0.2);
#361=CIRCLE('',#7462,1.5109178020587);
#362=CIRCLE('',#7464,0.2);
#363=CIRCLE('',#7466,1.1109178020587);
#364=CIRCLE('',#7468,0.2);
#365=CIRCLE('',#7470,0.2);
#366=CIRCLE('',#7471,0.2);
#367=CIRCLE('',#7474,0.2);
#368=CIRCLE('',#7475,0.2);
#369=CIRCLE('',#7477,1.5109178020587);
#370=CIRCLE('',#7488,0.55);
#371=CIRCLE('',#7489,0.55);
#372=CIRCLE('',#7492,0.55);
#373=CIRCLE('',#7493,0.55);
#374=CIRCLE('',#7514,0.259940342126468);
#375=CIRCLE('',#7667,4.78020160948002);
#376=CIRCLE('',#7680,4.34809747260995);
#377=CIRCLE('',#7681,4.34809747260995);
#378=CIRCLE('',#7703,3.00000004470348);
#379=CIRCLE('',#7704,3.00000004470348);
#380=CIRCLE('',#7706,3.00000004470348);
#381=CIRCLE('',#7707,3.00000004470348);
#382=CIRCLE('',#7709,3.00000004470348);
#383=CIRCLE('',#7710,3.00000004470348);
#384=CIRCLE('',#7712,3.00000004470348);
#385=CIRCLE('',#7713,3.00000004470348);
#386=CIRCLE('',#7715,8.50000012665987);
#387=CIRCLE('',#7716,8.50000012665987);
#388=CIRCLE('',#7724,4.99999955296519);
#389=CIRCLE('',#7725,4.99999955296519);
#390=CIRCLE('',#7728,7.5);
#391=CIRCLE('',#7729,7.5);
#392=CIRCLE('',#7730,7.5);
#393=CIRCLE('',#7733,25.);
#394=CIRCLE('',#7735,4.99999955296519);
#395=CIRCLE('',#7736,4.99999955296519);
#396=CIRCLE('',#7739,7.5);
#397=CIRCLE('',#7741,6.);
#398=CIRCLE('',#7743,6.);
#399=CIRCLE('',#7745,15.);
#400=CIRCLE('',#7746,15.);
#401=CIRCLE('',#7748,7.5);
#402=CIRCLE('',#7751,1.);
#403=CIRCLE('',#7752,1.);
#404=CIRCLE('',#7755,5.);
#405=CIRCLE('',#7756,5.);
#406=CIRCLE('',#7758,0.999999999999996);
#407=CIRCLE('',#7760,0.999999999999996);
#408=CIRCLE('',#7761,0.999999999999996);
#409=CIRCLE('',#7762,0.999999999999996);
#410=CIRCLE('',#7764,0.999999999999996);
#411=CIRCLE('',#7766,1.00000000000001);
#412=CIRCLE('',#7768,1.);
#413=CIRCLE('',#7770,0.999999999999996);
#414=CIRCLE('',#7772,1.00000000000001);
#415=CIRCLE('',#7774,1.);
#416=CIRCLE('',#7776,7.);
#417=CIRCLE('',#7777,16.);
#418=CIRCLE('',#7778,16.);
#419=CIRCLE('',#7780,3.00000004470348);
#420=CIRCLE('',#7781,3.00000004470348);
#421=CIRCLE('',#7783,3.00000004470348);
#422=CIRCLE('',#7784,3.00000004470348);
#423=CIRCLE('',#7786,3.00000004470348);
#424=CIRCLE('',#7787,3.00000004470348);
#425=CIRCLE('',#7789,3.00000004470348);
#426=CIRCLE('',#7790,3.00000004470348);
#427=CIRCLE('',#7792,7.);
#428=CIRCLE('',#7794,0.999999999999996);
#429=CIRCLE('',#7796,0.999999999999996);
#430=CIRCLE('',#7798,0.999999999999996);
#431=CIRCLE('',#7800,1.00000000000001);
#432=CIRCLE('',#7802,1.);
#433=CIRCLE('',#7804,0.999999999999996);
#434=CIRCLE('',#7806,1.00000000000001);
#435=CIRCLE('',#7808,1.);
#436=CIRCLE('',#7810,5.);
#437=CIRCLE('',#7811,5.);
#438=CIRCLE('',#7814,5.);
#439=CIRCLE('',#7815,5.);
#440=CIRCLE('',#7818,5.);
#441=CIRCLE('',#7819,5.);
#442=CIRCLE('',#7825,2.00000005960464);
#443=CIRCLE('',#7826,2.00000005960464);
#444=CIRCLE('',#7827,2.00000005960464);
#445=CIRCLE('',#7829,2.);
#446=CIRCLE('',#7830,4.00000005960464);
#447=CIRCLE('',#7832,2.85);
#448=CIRCLE('',#7834,2.85);
#449=CIRCLE('',#7837,2.00000005960464);
#450=CIRCLE('',#7838,2.00000005960464);
#451=CIRCLE('',#7839,2.00000005960464);
#452=CIRCLE('',#7841,2.);
#453=CIRCLE('',#7842,4.00000005960464);
#454=CIRCLE('',#7844,2.85);
#455=CIRCLE('',#7846,2.85);
#456=CIRCLE('',#7849,2.00000005960464);
#457=CIRCLE('',#7850,2.00000005960464);
#458=CIRCLE('',#7851,2.00000005960464);
#459=CIRCLE('',#7853,2.);
#460=CIRCLE('',#7854,4.00000005960464);
#461=CIRCLE('',#7856,2.85);
#462=CIRCLE('',#7858,2.85);
#463=CIRCLE('',#7861,2.00000005960464);
#464=CIRCLE('',#7862,2.00000005960464);
#465=CIRCLE('',#7863,2.00000005960464);
#466=CIRCLE('',#7865,2.);
#467=CIRCLE('',#7866,4.00000005960464);
#468=CIRCLE('',#7868,2.85);
#469=CIRCLE('',#7870,2.85);
#470=FACE_OUTER_BOUND('',#866,.T.);
#471=FACE_OUTER_BOUND('',#885,.T.);
#472=FACE_OUTER_BOUND('',#897,.T.);
#473=FACE_OUTER_BOUND('',#898,.T.);
#474=FACE_OUTER_BOUND('',#899,.T.);
#475=FACE_OUTER_BOUND('',#900,.T.);
#476=FACE_OUTER_BOUND('',#901,.T.);
#477=FACE_OUTER_BOUND('',#902,.T.);
#478=FACE_OUTER_BOUND('',#903,.T.);
#479=FACE_OUTER_BOUND('',#904,.T.);
#480=FACE_OUTER_BOUND('',#905,.T.);
#481=FACE_OUTER_BOUND('',#906,.T.);
#482=FACE_OUTER_BOUND('',#907,.T.);
#483=FACE_OUTER_BOUND('',#908,.T.);
#484=FACE_OUTER_BOUND('',#909,.T.);
#485=FACE_OUTER_BOUND('',#910,.T.);
#486=FACE_OUTER_BOUND('',#911,.T.);
#487=FACE_OUTER_BOUND('',#913,.T.);
#488=FACE_OUTER_BOUND('',#914,.T.);
#489=FACE_OUTER_BOUND('',#915,.T.);
#490=FACE_OUTER_BOUND('',#916,.T.);
#491=FACE_OUTER_BOUND('',#918,.T.);
#492=FACE_OUTER_BOUND('',#919,.T.);
#493=FACE_OUTER_BOUND('',#920,.T.);
#494=FACE_OUTER_BOUND('',#921,.T.);
#495=FACE_OUTER_BOUND('',#922,.T.);
#496=FACE_OUTER_BOUND('',#923,.T.);
#497=FACE_OUTER_BOUND('',#925,.T.);
#498=FACE_OUTER_BOUND('',#926,.T.);
#499=FACE_OUTER_BOUND('',#927,.T.);
#500=FACE_OUTER_BOUND('',#928,.T.);
#501=FACE_OUTER_BOUND('',#929,.T.);
#502=FACE_OUTER_BOUND('',#930,.T.);
#503=FACE_OUTER_BOUND('',#933,.T.);
#504=FACE_OUTER_BOUND('',#934,.T.);
#505=FACE_OUTER_BOUND('',#935,.T.);
#506=FACE_OUTER_BOUND('',#936,.T.);
#507=FACE_OUTER_BOUND('',#937,.T.);
#508=FACE_OUTER_BOUND('',#938,.T.);
#509=FACE_OUTER_BOUND('',#939,.T.);
#510=FACE_OUTER_BOUND('',#940,.T.);
#511=FACE_OUTER_BOUND('',#941,.T.);
#512=FACE_OUTER_BOUND('',#942,.T.);
#513=FACE_OUTER_BOUND('',#943,.T.);
#514=FACE_OUTER_BOUND('',#944,.T.);
#515=FACE_OUTER_BOUND('',#945,.T.);
#516=FACE_OUTER_BOUND('',#946,.T.);
#517=FACE_OUTER_BOUND('',#947,.T.);
#518=FACE_OUTER_BOUND('',#948,.T.);
#519=FACE_OUTER_BOUND('',#949,.T.);
#520=FACE_OUTER_BOUND('',#950,.T.);
#521=FACE_OUTER_BOUND('',#951,.T.);
#522=FACE_OUTER_BOUND('',#952,.T.);
#523=FACE_OUTER_BOUND('',#953,.T.);
#524=FACE_OUTER_BOUND('',#954,.T.);
#525=FACE_OUTER_BOUND('',#955,.T.);
#526=FACE_OUTER_BOUND('',#956,.T.);
#527=FACE_OUTER_BOUND('',#957,.T.);
#528=FACE_OUTER_BOUND('',#958,.T.);
#529=FACE_OUTER_BOUND('',#959,.T.);
#530=FACE_OUTER_BOUND('',#960,.T.);
#531=FACE_OUTER_BOUND('',#961,.T.);
#532=FACE_OUTER_BOUND('',#962,.T.);
#533=FACE_OUTER_BOUND('',#963,.T.);
#534=FACE_OUTER_BOUND('',#964,.T.);
#535=FACE_OUTER_BOUND('',#965,.T.);
#536=FACE_OUTER_BOUND('',#966,.T.);
#537=FACE_OUTER_BOUND('',#967,.T.);
#538=FACE_OUTER_BOUND('',#968,.T.);
#539=FACE_OUTER_BOUND('',#969,.T.);
#540=FACE_OUTER_BOUND('',#970,.T.);
#541=FACE_OUTER_BOUND('',#971,.T.);
#542=FACE_OUTER_BOUND('',#972,.T.);
#543=FACE_OUTER_BOUND('',#973,.T.);
#544=FACE_OUTER_BOUND('',#974,.T.);
#545=FACE_OUTER_BOUND('',#975,.T.);
#546=FACE_OUTER_BOUND('',#976,.T.);
#547=FACE_OUTER_BOUND('',#977,.T.);
#548=FACE_OUTER_BOUND('',#978,.T.);
#549=FACE_OUTER_BOUND('',#979,.T.);
#550=FACE_OUTER_BOUND('',#980,.T.);
#551=FACE_OUTER_BOUND('',#981,.T.);
#552=FACE_OUTER_BOUND('',#982,.T.);
#553=FACE_OUTER_BOUND('',#983,.T.);
#554=FACE_OUTER_BOUND('',#984,.T.);
#555=FACE_OUTER_BOUND('',#985,.T.);
#556=FACE_OUTER_BOUND('',#987,.T.);
#557=FACE_OUTER_BOUND('',#988,.T.);
#558=FACE_OUTER_BOUND('',#989,.T.);
#559=FACE_OUTER_BOUND('',#990,.T.);
#560=FACE_OUTER_BOUND('',#991,.T.);
#561=FACE_OUTER_BOUND('',#992,.T.);
#562=FACE_OUTER_BOUND('',#993,.T.);
#563=FACE_OUTER_BOUND('',#994,.T.);
#564=FACE_OUTER_BOUND('',#995,.T.);
#565=FACE_OUTER_BOUND('',#996,.T.);
#566=FACE_OUTER_BOUND('',#997,.T.);
#567=FACE_OUTER_BOUND('',#998,.T.);
#568=FACE_OUTER_BOUND('',#999,.T.);
#569=FACE_OUTER_BOUND('',#1000,.T.);
#570=FACE_OUTER_BOUND('',#1001,.T.);
#571=FACE_OUTER_BOUND('',#1002,.T.);
#572=FACE_OUTER_BOUND('',#1003,.T.);
#573=FACE_OUTER_BOUND('',#1004,.T.);
#574=FACE_OUTER_BOUND('',#1005,.T.);
#575=FACE_OUTER_BOUND('',#1006,.T.);
#576=FACE_OUTER_BOUND('',#1007,.T.);
#577=FACE_OUTER_BOUND('',#1008,.T.);
#578=FACE_OUTER_BOUND('',#1009,.T.);
#579=FACE_OUTER_BOUND('',#1010,.T.);
#580=FACE_OUTER_BOUND('',#1011,.T.);
#581=FACE_OUTER_BOUND('',#1013,.T.);
#582=FACE_OUTER_BOUND('',#1014,.T.);
#583=FACE_OUTER_BOUND('',#1015,.T.);
#584=FACE_OUTER_BOUND('',#1016,.T.);
#585=FACE_OUTER_BOUND('',#1017,.T.);
#586=FACE_OUTER_BOUND('',#1018,.T.);
#587=FACE_OUTER_BOUND('',#1019,.T.);
#588=FACE_OUTER_BOUND('',#1020,.T.);
#589=FACE_OUTER_BOUND('',#1021,.T.);
#590=FACE_OUTER_BOUND('',#1022,.T.);
#591=FACE_OUTER_BOUND('',#1023,.T.);
#592=FACE_OUTER_BOUND('',#1024,.T.);
#593=FACE_OUTER_BOUND('',#1025,.T.);
#594=FACE_OUTER_BOUND('',#1026,.T.);
#595=FACE_OUTER_BOUND('',#1027,.T.);
#596=FACE_OUTER_BOUND('',#1028,.T.);
#597=FACE_OUTER_BOUND('',#1029,.T.);
#598=FACE_OUTER_BOUND('',#1030,.T.);
#599=FACE_OUTER_BOUND('',#1031,.T.);
#600=FACE_OUTER_BOUND('',#1032,.T.);
#601=FACE_OUTER_BOUND('',#1033,.T.);
#602=FACE_OUTER_BOUND('',#1034,.T.);
#603=FACE_OUTER_BOUND('',#1035,.T.);
#604=FACE_OUTER_BOUND('',#1036,.T.);
#605=FACE_OUTER_BOUND('',#1037,.T.);
#606=FACE_OUTER_BOUND('',#1038,.T.);
#607=FACE_OUTER_BOUND('',#1039,.T.);
#608=FACE_OUTER_BOUND('',#1041,.T.);
#609=FACE_OUTER_BOUND('',#1042,.T.);
#610=FACE_OUTER_BOUND('',#1043,.T.);
#611=FACE_OUTER_BOUND('',#1044,.T.);
#612=FACE_OUTER_BOUND('',#1045,.T.);
#613=FACE_OUTER_BOUND('',#1046,.T.);
#614=FACE_OUTER_BOUND('',#1047,.T.);
#615=FACE_OUTER_BOUND('',#1048,.T.);
#616=FACE_OUTER_BOUND('',#1050,.T.);
#617=FACE_OUTER_BOUND('',#1051,.T.);
#618=FACE_OUTER_BOUND('',#1052,.T.);
#619=FACE_OUTER_BOUND('',#1053,.T.);
#620=FACE_OUTER_BOUND('',#1054,.T.);
#621=FACE_OUTER_BOUND('',#1055,.T.);
#622=FACE_OUTER_BOUND('',#1056,.T.);
#623=FACE_OUTER_BOUND('',#1057,.T.);
#624=FACE_OUTER_BOUND('',#1058,.T.);
#625=FACE_OUTER_BOUND('',#1059,.T.);
#626=FACE_OUTER_BOUND('',#1060,.T.);
#627=FACE_OUTER_BOUND('',#1061,.T.);
#628=FACE_OUTER_BOUND('',#1062,.T.);
#629=FACE_OUTER_BOUND('',#1063,.T.);
#630=FACE_OUTER_BOUND('',#1065,.T.);
#631=FACE_OUTER_BOUND('',#1066,.T.);
#632=FACE_OUTER_BOUND('',#1067,.T.);
#633=FACE_OUTER_BOUND('',#1068,.T.);
#634=FACE_OUTER_BOUND('',#1069,.T.);
#635=FACE_OUTER_BOUND('',#1070,.T.);
#636=FACE_OUTER_BOUND('',#1071,.T.);
#637=FACE_OUTER_BOUND('',#1072,.T.);
#638=FACE_OUTER_BOUND('',#1073,.T.);
#639=FACE_OUTER_BOUND('',#1074,.T.);
#640=FACE_OUTER_BOUND('',#1075,.T.);
#641=FACE_OUTER_BOUND('',#1076,.T.);
#642=FACE_OUTER_BOUND('',#1077,.T.);
#643=FACE_OUTER_BOUND('',#1078,.T.);
#644=FACE_OUTER_BOUND('',#1079,.T.);
#645=FACE_OUTER_BOUND('',#1080,.T.);
#646=FACE_OUTER_BOUND('',#1081,.T.);
#647=FACE_OUTER_BOUND('',#1082,.T.);
#648=FACE_OUTER_BOUND('',#1083,.T.);
#649=FACE_OUTER_BOUND('',#1084,.T.);
#650=FACE_OUTER_BOUND('',#1085,.T.);
#651=FACE_OUTER_BOUND('',#1086,.T.);
#652=FACE_OUTER_BOUND('',#1087,.T.);
#653=FACE_OUTER_BOUND('',#1088,.T.);
#654=FACE_OUTER_BOUND('',#1089,.T.);
#655=FACE_OUTER_BOUND('',#1090,.T.);
#656=FACE_OUTER_BOUND('',#1091,.T.);
#657=FACE_OUTER_BOUND('',#1092,.T.);
#658=FACE_OUTER_BOUND('',#1093,.T.);
#659=FACE_OUTER_BOUND('',#1094,.T.);
#660=FACE_OUTER_BOUND('',#1095,.T.);
#661=FACE_OUTER_BOUND('',#1096,.T.);
#662=FACE_OUTER_BOUND('',#1097,.T.);
#663=FACE_OUTER_BOUND('',#1098,.T.);
#664=FACE_OUTER_BOUND('',#1099,.T.);
#665=FACE_OUTER_BOUND('',#1100,.T.);
#666=FACE_OUTER_BOUND('',#1101,.T.);
#667=FACE_OUTER_BOUND('',#1102,.T.);
#668=FACE_OUTER_BOUND('',#1103,.T.);
#669=FACE_OUTER_BOUND('',#1104,.T.);
#670=FACE_OUTER_BOUND('',#1105,.T.);
#671=FACE_OUTER_BOUND('',#1106,.T.);
#672=FACE_OUTER_BOUND('',#1107,.T.);
#673=FACE_OUTER_BOUND('',#1109,.T.);
#674=FACE_OUTER_BOUND('',#1110,.T.);
#675=FACE_OUTER_BOUND('',#1111,.T.);
#676=FACE_OUTER_BOUND('',#1112,.T.);
#677=FACE_OUTER_BOUND('',#1113,.T.);
#678=FACE_OUTER_BOUND('',#1114,.T.);
#679=FACE_OUTER_BOUND('',#1115,.T.);
#680=FACE_OUTER_BOUND('',#1116,.T.);
#681=FACE_OUTER_BOUND('',#1117,.T.);
#682=FACE_OUTER_BOUND('',#1118,.T.);
#683=FACE_OUTER_BOUND('',#1119,.T.);
#684=FACE_OUTER_BOUND('',#1120,.T.);
#685=FACE_OUTER_BOUND('',#1121,.T.);
#686=FACE_OUTER_BOUND('',#1122,.T.);
#687=FACE_OUTER_BOUND('',#1123,.T.);
#688=FACE_OUTER_BOUND('',#1124,.T.);
#689=FACE_OUTER_BOUND('',#1125,.T.);
#690=FACE_OUTER_BOUND('',#1126,.T.);
#691=FACE_OUTER_BOUND('',#1127,.T.);
#692=FACE_OUTER_BOUND('',#1128,.T.);
#693=FACE_OUTER_BOUND('',#1129,.T.);
#694=FACE_OUTER_BOUND('',#1130,.T.);
#695=FACE_OUTER_BOUND('',#1131,.T.);
#696=FACE_OUTER_BOUND('',#1132,.T.);
#697=FACE_OUTER_BOUND('',#1133,.T.);
#698=FACE_OUTER_BOUND('',#1134,.T.);
#699=FACE_OUTER_BOUND('',#1135,.T.);
#700=FACE_OUTER_BOUND('',#1136,.T.);
#701=FACE_OUTER_BOUND('',#1137,.T.);
#702=FACE_OUTER_BOUND('',#1138,.T.);
#703=FACE_OUTER_BOUND('',#1140,.T.);
#704=FACE_OUTER_BOUND('',#1141,.T.);
#705=FACE_OUTER_BOUND('',#1142,.T.);
#706=FACE_OUTER_BOUND('',#1143,.T.);
#707=FACE_OUTER_BOUND('',#1144,.T.);
#708=FACE_OUTER_BOUND('',#1145,.T.);
#709=FACE_OUTER_BOUND('',#1146,.T.);
#710=FACE_OUTER_BOUND('',#1147,.T.);
#711=FACE_OUTER_BOUND('',#1148,.T.);
#712=FACE_OUTER_BOUND('',#1149,.T.);
#713=FACE_OUTER_BOUND('',#1150,.T.);
#714=FACE_OUTER_BOUND('',#1151,.T.);
#715=FACE_OUTER_BOUND('',#1152,.T.);
#716=FACE_OUTER_BOUND('',#1153,.T.);
#717=FACE_OUTER_BOUND('',#1154,.T.);
#718=FACE_OUTER_BOUND('',#1155,.T.);
#719=FACE_OUTER_BOUND('',#1156,.T.);
#720=FACE_OUTER_BOUND('',#1157,.T.);
#721=FACE_OUTER_BOUND('',#1158,.T.);
#722=FACE_OUTER_BOUND('',#1159,.T.);
#723=FACE_OUTER_BOUND('',#1160,.T.);
#724=FACE_OUTER_BOUND('',#1161,.T.);
#725=FACE_OUTER_BOUND('',#1162,.T.);
#726=FACE_OUTER_BOUND('',#1163,.T.);
#727=FACE_OUTER_BOUND('',#1164,.T.);
#728=FACE_OUTER_BOUND('',#1165,.T.);
#729=FACE_OUTER_BOUND('',#1166,.T.);
#730=FACE_OUTER_BOUND('',#1168,.T.);
#731=FACE_OUTER_BOUND('',#1169,.T.);
#732=FACE_OUTER_BOUND('',#1170,.T.);
#733=FACE_OUTER_BOUND('',#1171,.T.);
#734=FACE_OUTER_BOUND('',#1172,.T.);
#735=FACE_OUTER_BOUND('',#1173,.T.);
#736=FACE_OUTER_BOUND('',#1174,.T.);
#737=FACE_OUTER_BOUND('',#1175,.T.);
#738=FACE_OUTER_BOUND('',#1176,.T.);
#739=FACE_OUTER_BOUND('',#1177,.T.);
#740=FACE_OUTER_BOUND('',#1178,.T.);
#741=FACE_OUTER_BOUND('',#1179,.T.);
#742=FACE_OUTER_BOUND('',#1181,.T.);
#743=FACE_OUTER_BOUND('',#1182,.T.);
#744=FACE_OUTER_BOUND('',#1183,.T.);
#745=FACE_OUTER_BOUND('',#1184,.T.);
#746=FACE_OUTER_BOUND('',#1185,.T.);
#747=FACE_OUTER_BOUND('',#1186,.T.);
#748=FACE_OUTER_BOUND('',#1187,.T.);
#749=FACE_OUTER_BOUND('',#1188,.T.);
#750=FACE_OUTER_BOUND('',#1189,.T.);
#751=FACE_OUTER_BOUND('',#1190,.T.);
#752=FACE_OUTER_BOUND('',#1191,.T.);
#753=FACE_OUTER_BOUND('',#1192,.T.);
#754=FACE_OUTER_BOUND('',#1193,.T.);
#755=FACE_OUTER_BOUND('',#1194,.T.);
#756=FACE_OUTER_BOUND('',#1195,.T.);
#757=FACE_OUTER_BOUND('',#1196,.T.);
#758=FACE_OUTER_BOUND('',#1198,.T.);
#759=FACE_OUTER_BOUND('',#1199,.T.);
#760=FACE_OUTER_BOUND('',#1200,.T.);
#761=FACE_OUTER_BOUND('',#1201,.T.);
#762=FACE_OUTER_BOUND('',#1202,.T.);
#763=FACE_OUTER_BOUND('',#1203,.T.);
#764=FACE_OUTER_BOUND('',#1204,.T.);
#765=FACE_OUTER_BOUND('',#1205,.T.);
#766=FACE_OUTER_BOUND('',#1206,.T.);
#767=FACE_OUTER_BOUND('',#1207,.T.);
#768=FACE_OUTER_BOUND('',#1208,.T.);
#769=FACE_OUTER_BOUND('',#1209,.T.);
#770=FACE_OUTER_BOUND('',#1210,.T.);
#771=FACE_OUTER_BOUND('',#1211,.T.);
#772=FACE_OUTER_BOUND('',#1212,.T.);
#773=FACE_OUTER_BOUND('',#1213,.T.);
#774=FACE_OUTER_BOUND('',#1214,.T.);
#775=FACE_OUTER_BOUND('',#1215,.T.);
#776=FACE_OUTER_BOUND('',#1216,.T.);
#777=FACE_OUTER_BOUND('',#1217,.T.);
#778=FACE_OUTER_BOUND('',#1218,.T.);
#779=FACE_OUTER_BOUND('',#1219,.T.);
#780=FACE_OUTER_BOUND('',#1220,.T.);
#781=FACE_OUTER_BOUND('',#1221,.T.);
#782=FACE_OUTER_BOUND('',#1222,.T.);
#783=FACE_OUTER_BOUND('',#1223,.T.);
#784=FACE_OUTER_BOUND('',#1224,.T.);
#785=FACE_OUTER_BOUND('',#1225,.T.);
#786=FACE_OUTER_BOUND('',#1226,.T.);
#787=FACE_OUTER_BOUND('',#1227,.T.);
#788=FACE_OUTER_BOUND('',#1228,.T.);
#789=FACE_OUTER_BOUND('',#1229,.T.);
#790=FACE_OUTER_BOUND('',#1230,.T.);
#791=FACE_OUTER_BOUND('',#1231,.T.);
#792=FACE_OUTER_BOUND('',#1232,.T.);
#793=FACE_OUTER_BOUND('',#1233,.T.);
#794=FACE_OUTER_BOUND('',#1239,.T.);
#795=FACE_OUTER_BOUND('',#1245,.T.);
#796=FACE_OUTER_BOUND('',#1246,.T.);
#797=FACE_OUTER_BOUND('',#1247,.T.);
#798=FACE_OUTER_BOUND('',#1248,.T.);
#799=FACE_OUTER_BOUND('',#1250,.T.);
#800=FACE_OUTER_BOUND('',#1251,.T.);
#801=FACE_OUTER_BOUND('',#1252,.T.);
#802=FACE_OUTER_BOUND('',#1253,.T.);
#803=FACE_OUTER_BOUND('',#1255,.T.);
#804=FACE_OUTER_BOUND('',#1256,.T.);
#805=FACE_OUTER_BOUND('',#1257,.T.);
#806=FACE_OUTER_BOUND('',#1258,.T.);
#807=FACE_OUTER_BOUND('',#1260,.T.);
#808=FACE_OUTER_BOUND('',#1261,.T.);
#809=FACE_OUTER_BOUND('',#1262,.T.);
#810=FACE_OUTER_BOUND('',#1263,.T.);
#811=FACE_OUTER_BOUND('',#1264,.T.);
#812=FACE_OUTER_BOUND('',#1265,.T.);
#813=FACE_OUTER_BOUND('',#1266,.T.);
#814=FACE_OUTER_BOUND('',#1267,.T.);
#815=FACE_OUTER_BOUND('',#1268,.T.);
#816=FACE_OUTER_BOUND('',#1269,.T.);
#817=FACE_OUTER_BOUND('',#1270,.T.);
#818=FACE_OUTER_BOUND('',#1271,.T.);
#819=FACE_OUTER_BOUND('',#1272,.T.);
#820=FACE_OUTER_BOUND('',#1273,.T.);
#821=FACE_OUTER_BOUND('',#1274,.T.);
#822=FACE_OUTER_BOUND('',#1275,.T.);
#823=FACE_OUTER_BOUND('',#1276,.T.);
#824=FACE_OUTER_BOUND('',#1277,.T.);
#825=FACE_OUTER_BOUND('',#1278,.T.);
#826=FACE_OUTER_BOUND('',#1279,.T.);
#827=FACE_OUTER_BOUND('',#1280,.T.);
#828=FACE_OUTER_BOUND('',#1281,.T.);
#829=FACE_OUTER_BOUND('',#1282,.T.);
#830=FACE_OUTER_BOUND('',#1283,.T.);
#831=FACE_OUTER_BOUND('',#1284,.T.);
#832=FACE_OUTER_BOUND('',#1285,.T.);
#833=FACE_OUTER_BOUND('',#1286,.T.);
#834=FACE_OUTER_BOUND('',#1287,.T.);
#835=FACE_OUTER_BOUND('',#1288,.T.);
#836=FACE_OUTER_BOUND('',#1289,.T.);
#837=FACE_OUTER_BOUND('',#1290,.T.);
#838=FACE_OUTER_BOUND('',#1291,.T.);
#839=FACE_OUTER_BOUND('',#1292,.T.);
#840=FACE_OUTER_BOUND('',#1298,.T.);
#841=FACE_OUTER_BOUND('',#1299,.T.);
#842=FACE_OUTER_BOUND('',#1313,.T.);
#843=FACE_OUTER_BOUND('',#1314,.T.);
#844=FACE_OUTER_BOUND('',#1315,.T.);
#845=FACE_OUTER_BOUND('',#1316,.T.);
#846=FACE_OUTER_BOUND('',#1318,.T.);
#847=FACE_OUTER_BOUND('',#1319,.T.);
#848=FACE_OUTER_BOUND('',#1320,.T.);
#849=FACE_OUTER_BOUND('',#1321,.T.);
#850=FACE_OUTER_BOUND('',#1322,.T.);
#851=FACE_OUTER_BOUND('',#1323,.T.);
#852=FACE_OUTER_BOUND('',#1325,.T.);
#853=FACE_OUTER_BOUND('',#1326,.T.);
#854=FACE_OUTER_BOUND('',#1327,.T.);
#855=FACE_OUTER_BOUND('',#1328,.T.);
#856=FACE_OUTER_BOUND('',#1329,.T.);
#857=FACE_OUTER_BOUND('',#1330,.T.);
#858=FACE_OUTER_BOUND('',#1332,.T.);
#859=FACE_OUTER_BOUND('',#1333,.T.);
#860=FACE_OUTER_BOUND('',#1334,.T.);
#861=FACE_OUTER_BOUND('',#1335,.T.);
#862=FACE_OUTER_BOUND('',#1336,.T.);
#863=FACE_OUTER_BOUND('',#1337,.T.);
#864=FACE_OUTER_BOUND('',#1339,.T.);
#865=FACE_OUTER_BOUND('',#1340,.T.);
#866=EDGE_LOOP('',(#4422,#4423,#4424,#4425,#4426,#4427,#4428,#4429,#4430,
#4431,#4432,#4433,#4434,#4435,#4436,#4437));
#867=EDGE_LOOP('',(#4438));
#868=EDGE_LOOP('',(#4439,#4440,#4441,#4442));
#869=EDGE_LOOP('',(#4443,#4444,#4445,#4446,#4447,#4448,#4449));
#870=EDGE_LOOP('',(#4450,#4451,#4452,#4453));
#871=EDGE_LOOP('',(#4454,#4455,#4456,#4457,#4458,#4459,#4460));
#872=EDGE_LOOP('',(#4461,#4462,#4463,#4464,#4465,#4466,#4467,#4468,#4469,
#4470,#4471,#4472));
#873=EDGE_LOOP('',(#4473,#4474,#4475,#4476,#4477,#4478,#4479,#4480));
#874=EDGE_LOOP('',(#4481,#4482,#4483,#4484,#4485,#4486,#4487,#4488));
#875=EDGE_LOOP('',(#4489,#4490,#4491,#4492,#4493,#4494,#4495));
#876=EDGE_LOOP('',(#4496,#4497,#4498,#4499,#4500,#4501,#4502));
#877=EDGE_LOOP('',(#4503,#4504,#4505,#4506,#4507,#4508,#4509,#4510,#4511,
#4512,#4513));
#878=EDGE_LOOP('',(#4514,#4515,#4516,#4517,#4518,#4519,#4520,#4521));
#879=EDGE_LOOP('',(#4522,#4523));
#880=EDGE_LOOP('',(#4524,#4525,#4526,#4527,#4528,#4529,#4530,#4531,#4532,
#4533));
#881=EDGE_LOOP('',(#4534));
#882=EDGE_LOOP('',(#4535,#4536,#4537,#4538,#4539,#4540,#4541,#4542,#4543,
#4544));
#883=EDGE_LOOP('',(#4545,#4546,#4547,#4548,#4549,#4550,#4551,#4552));
#884=EDGE_LOOP('',(#4553));
#885=EDGE_LOOP('',(#4554,#4555,#4556,#4557,#4558,#4559,#4560,#4561,#4562,
#4563,#4564,#4565));
#886=EDGE_LOOP('',(#4566));
#887=EDGE_LOOP('',(#4567,#4568,#4569,#4570,#4571,#4572,#4573,#4574,#4575,
#4576,#4577));
#888=EDGE_LOOP('',(#4578,#4579,#4580,#4581,#4582,#4583,#4584,#4585,#4586,
#4587,#4588,#4589));
#889=EDGE_LOOP('',(#4590,#4591,#4592,#4593));
#890=EDGE_LOOP('',(#4594,#4595,#4596,#4597,#4598));
#891=EDGE_LOOP('',(#4599,#4600,#4601,#4602,#4603,#4604,#4605,#4606));
#892=EDGE_LOOP('',(#4607,#4608,#4609,#4610,#4611,#4612,#4613,#4614));
#893=EDGE_LOOP('',(#4615));
#894=EDGE_LOOP('',(#4616,#4617,#4618,#4619,#4620,#4621,#4622,#4623));
#895=EDGE_LOOP('',(#4624,#4625,#4626,#4627,#4628,#4629,#4630,#4631));
#896=EDGE_LOOP('',(#4632,#4633,#4634,#4635));
#897=EDGE_LOOP('',(#4636,#4637,#4638,#4639,#4640,#4641,#4642,#4643));
#898=EDGE_LOOP('',(#4644,#4645,#4646,#4647,#4648,#4649,#4650,#4651,#4652,
#4653));
#899=EDGE_LOOP('',(#4654,#4655,#4656,#4657));
#900=EDGE_LOOP('',(#4658,#4659,#4660,#4661));
#901=EDGE_LOOP('',(#4662,#4663,#4664,#4665));
#902=EDGE_LOOP('',(#4666,#4667,#4668,#4669,#4670,#4671));
#903=EDGE_LOOP('',(#4672,#4673,#4674,#4675));
#904=EDGE_LOOP('',(#4676,#4677,#4678,#4679,#4680,#4681));
#905=EDGE_LOOP('',(#4682,#4683,#4684,#4685));
#906=EDGE_LOOP('',(#4686,#4687,#4688,#4689));
#907=EDGE_LOOP('',(#4690,#4691,#4692,#4693));
#908=EDGE_LOOP('',(#4694,#4695,#4696,#4697,#4698,#4699,#4700,#4701,#4702,
#4703));
#909=EDGE_LOOP('',(#4704,#4705,#4706,#4707));
#910=EDGE_LOOP('',(#4708,#4709,#4710,#4711));
#911=EDGE_LOOP('',(#4712,#4713,#4714,#4715));
#912=EDGE_LOOP('',(#4716,#4717,#4718,#4719));
#913=EDGE_LOOP('',(#4720,#4721,#4722,#4723));
#914=EDGE_LOOP('',(#4724,#4725,#4726,#4727));
#915=EDGE_LOOP('',(#4728,#4729,#4730,#4731));
#916=EDGE_LOOP('',(#4732,#4733,#4734,#4735));
#917=EDGE_LOOP('',(#4736,#4737,#4738,#4739));
#918=EDGE_LOOP('',(#4740,#4741,#4742,#4743));
#919=EDGE_LOOP('',(#4744,#4745,#4746,#4747));
#920=EDGE_LOOP('',(#4748,#4749,#4750,#4751));
#921=EDGE_LOOP('',(#4752,#4753,#4754,#4755));
#922=EDGE_LOOP('',(#4756,#4757,#4758,#4759));
#923=EDGE_LOOP('',(#4760,#4761,#4762,#4763));
#924=EDGE_LOOP('',(#4764,#4765,#4766,#4767));
#925=EDGE_LOOP('',(#4768,#4769,#4770,#4771));
#926=EDGE_LOOP('',(#4772,#4773,#4774,#4775));
#927=EDGE_LOOP('',(#4776,#4777,#4778,#4779));
#928=EDGE_LOOP('',(#4780,#4781,#4782,#4783));
#929=EDGE_LOOP('',(#4784,#4785,#4786,#4787));
#930=EDGE_LOOP('',(#4788,#4789,#4790,#4791,#4792,#4793,#4794,#4795,#4796,
#4797,#4798,#4799,#4800,#4801,#4802,#4803));
#931=EDGE_LOOP('',(#4804));
#932=EDGE_LOOP('',(#4805));
#933=EDGE_LOOP('',(#4806,#4807,#4808,#4809));
#934=EDGE_LOOP('',(#4810,#4811,#4812,#4813));
#935=EDGE_LOOP('',(#4814,#4815,#4816,#4817,#4818,#4819));
#936=EDGE_LOOP('',(#4820,#4821,#4822,#4823));
#937=EDGE_LOOP('',(#4824,#4825,#4826,#4827,#4828,#4829));
#938=EDGE_LOOP('',(#4830,#4831,#4832,#4833));
#939=EDGE_LOOP('',(#4834,#4835,#4836,#4837));
#940=EDGE_LOOP('',(#4838,#4839,#4840,#4841));
#941=EDGE_LOOP('',(#4842,#4843,#4844,#4845));
#942=EDGE_LOOP('',(#4846,#4847,#4848,#4849,#4850,#4851,#4852,#4853,#4854,
#4855));
#943=EDGE_LOOP('',(#4856,#4857,#4858,#4859,#4860,#4861,#4862,#4863,#4864,
#4865));
#944=EDGE_LOOP('',(#4866,#4867,#4868,#4869,#4870,#4871,#4872,#4873,#4874,
#4875));
#945=EDGE_LOOP('',(#4876,#4877,#4878,#4879));
#946=EDGE_LOOP('',(#4880,#4881,#4882,#4883));
#947=EDGE_LOOP('',(#4884,#4885,#4886,#4887));
#948=EDGE_LOOP('',(#4888,#4889,#4890,#4891,#4892,#4893));
#949=EDGE_LOOP('',(#4894,#4895,#4896,#4897));
#950=EDGE_LOOP('',(#4898,#4899,#4900,#4901,#4902,#4903));
#951=EDGE_LOOP('',(#4904,#4905,#4906,#4907));
#952=EDGE_LOOP('',(#4908,#4909,#4910,#4911));
#953=EDGE_LOOP('',(#4912,#4913,#4914,#4915));
#954=EDGE_LOOP('',(#4916,#4917,#4918,#4919,#4920,#4921,#4922,#4923,#4924,
#4925));
#955=EDGE_LOOP('',(#4926,#4927,#4928,#4929));
#956=EDGE_LOOP('',(#4930,#4931,#4932,#4933));
#957=EDGE_LOOP('',(#4934,#4935,#4936,#4937));
#958=EDGE_LOOP('',(#4938,#4939,#4940,#4941));
#959=EDGE_LOOP('',(#4942,#4943,#4944,#4945));
#960=EDGE_LOOP('',(#4946,#4947,#4948,#4949));
#961=EDGE_LOOP('',(#4950,#4951,#4952,#4953));
#962=EDGE_LOOP('',(#4954,#4955,#4956,#4957));
#963=EDGE_LOOP('',(#4958,#4959,#4960,#4961));
#964=EDGE_LOOP('',(#4962,#4963,#4964,#4965,#4966,#4967));
#965=EDGE_LOOP('',(#4968,#4969,#4970,#4971,#4972,#4973));
#966=EDGE_LOOP('',(#4974,#4975,#4976,#4977));
#967=EDGE_LOOP('',(#4978,#4979,#4980,#4981));
#968=EDGE_LOOP('',(#4982,#4983,#4984,#4985));
#969=EDGE_LOOP('',(#4986,#4987,#4988,#4989));
#970=EDGE_LOOP('',(#4990,#4991,#4992,#4993));
#971=EDGE_LOOP('',(#4994,#4995,#4996,#4997));
#972=EDGE_LOOP('',(#4998,#4999,#5000,#5001));
#973=EDGE_LOOP('',(#5002,#5003,#5004,#5005,#5006,#5007,#5008,#5009));
#974=EDGE_LOOP('',(#5010,#5011,#5012,#5013));
#975=EDGE_LOOP('',(#5014,#5015,#5016,#5017));
#976=EDGE_LOOP('',(#5018,#5019,#5020,#5021));
#977=EDGE_LOOP('',(#5022,#5023,#5024,#5025));
#978=EDGE_LOOP('',(#5026,#5027,#5028,#5029));
#979=EDGE_LOOP('',(#5030,#5031,#5032,#5033));
#980=EDGE_LOOP('',(#5034,#5035,#5036,#5037));
#981=EDGE_LOOP('',(#5038,#5039,#5040,#5041));
#982=EDGE_LOOP('',(#5042,#5043,#5044,#5045,#5046,#5047,#5048,#5049));
#983=EDGE_LOOP('',(#5050,#5051,#5052,#5053));
#984=EDGE_LOOP('',(#5054,#5055,#5056,#5057));
#985=EDGE_LOOP('',(#5058));
#986=EDGE_LOOP('',(#5059));
#987=EDGE_LOOP('',(#5060));
#988=EDGE_LOOP('',(#5061,#5062,#5063,#5064));
#989=EDGE_LOOP('',(#5065,#5066,#5067,#5068));
#990=EDGE_LOOP('',(#5069,#5070,#5071,#5072));
#991=EDGE_LOOP('',(#5073,#5074,#5075,#5076));
#992=EDGE_LOOP('',(#5077,#5078,#5079,#5080));
#993=EDGE_LOOP('',(#5081,#5082,#5083,#5084));
#994=EDGE_LOOP('',(#5085,#5086,#5087,#5088));
#995=EDGE_LOOP('',(#5089,#5090,#5091,#5092));
#996=EDGE_LOOP('',(#5093,#5094,#5095,#5096,#5097,#5098,#5099,#5100));
#997=EDGE_LOOP('',(#5101,#5102,#5103,#5104));
#998=EDGE_LOOP('',(#5105,#5106,#5107,#5108));
#999=EDGE_LOOP('',(#5109,#5110,#5111,#5112));
#1000=EDGE_LOOP('',(#5113,#5114,#5115,#5116));
#1001=EDGE_LOOP('',(#5117,#5118,#5119,#5120));
#1002=EDGE_LOOP('',(#5121,#5122,#5123,#5124));
#1003=EDGE_LOOP('',(#5125,#5126,#5127,#5128));
#1004=EDGE_LOOP('',(#5129,#5130,#5131,#5132));
#1005=EDGE_LOOP('',(#5133,#5134,#5135,#5136));
#1006=EDGE_LOOP('',(#5137,#5138,#5139,#5140));
#1007=EDGE_LOOP('',(#5141,#5142,#5143,#5144));
#1008=EDGE_LOOP('',(#5145,#5146,#5147,#5148,#5149,#5150,#5151,#5152,#5153,
#5154,#5155));
#1009=EDGE_LOOP('',(#5156,#5157,#5158,#5159));
#1010=EDGE_LOOP('',(#5160,#5161,#5162,#5163));
#1011=EDGE_LOOP('',(#5164));
#1012=EDGE_LOOP('',(#5165));
#1013=EDGE_LOOP('',(#5166));
#1014=EDGE_LOOP('',(#5167,#5168,#5169,#5170));
#1015=EDGE_LOOP('',(#5171,#5172,#5173,#5174));
#1016=EDGE_LOOP('',(#5175,#5176,#5177,#5178));
#1017=EDGE_LOOP('',(#5179,#5180,#5181,#5182));
#1018=EDGE_LOOP('',(#5183,#5184,#5185,#5186));
#1019=EDGE_LOOP('',(#5187,#5188,#5189,#5190));
#1020=EDGE_LOOP('',(#5191,#5192,#5193,#5194));
#1021=EDGE_LOOP('',(#5195,#5196,#5197,#5198));
#1022=EDGE_LOOP('',(#5199,#5200,#5201,#5202));
#1023=EDGE_LOOP('',(#5203,#5204,#5205,#5206));
#1024=EDGE_LOOP('',(#5207,#5208,#5209,#5210));
#1025=EDGE_LOOP('',(#5211,#5212,#5213,#5214));
#1026=EDGE_LOOP('',(#5215,#5216,#5217,#5218,#5219,#5220,#5221,#5222,#5223,
#5224,#5225,#5226));
#1027=EDGE_LOOP('',(#5227,#5228,#5229,#5230));
#1028=EDGE_LOOP('',(#5231,#5232,#5233,#5234));
#1029=EDGE_LOOP('',(#5235,#5236,#5237,#5238));
#1030=EDGE_LOOP('',(#5239,#5240,#5241,#5242));
#1031=EDGE_LOOP('',(#5243,#5244,#5245,#5246));
#1032=EDGE_LOOP('',(#5247,#5248,#5249,#5250));
#1033=EDGE_LOOP('',(#5251,#5252,#5253,#5254));
#1034=EDGE_LOOP('',(#5255,#5256,#5257,#5258));
#1035=EDGE_LOOP('',(#5259,#5260,#5261,#5262));
#1036=EDGE_LOOP('',(#5263,#5264,#5265,#5266));
#1037=EDGE_LOOP('',(#5267,#5268,#5269,#5270));
#1038=EDGE_LOOP('',(#5271,#5272,#5273,#5274));
#1039=EDGE_LOOP('',(#5275,#5276,#5277,#5278,#5279,#5280,#5281,#5282));
#1040=EDGE_LOOP('',(#5283,#5284,#5285,#5286));
#1041=EDGE_LOOP('',(#5287,#5288,#5289,#5290));
#1042=EDGE_LOOP('',(#5291,#5292,#5293,#5294));
#1043=EDGE_LOOP('',(#5295,#5296,#5297,#5298));
#1044=EDGE_LOOP('',(#5299,#5300,#5301,#5302));
#1045=EDGE_LOOP('',(#5303,#5304,#5305,#5306));
#1046=EDGE_LOOP('',(#5307,#5308,#5309,#5310));
#1047=EDGE_LOOP('',(#5311,#5312,#5313,#5314));
#1048=EDGE_LOOP('',(#5315,#5316,#5317,#5318));
#1049=EDGE_LOOP('',(#5319,#5320));
#1050=EDGE_LOOP('',(#5321,#5322));
#1051=EDGE_LOOP('',(#5323,#5324,#5325,#5326));
#1052=EDGE_LOOP('',(#5327,#5328,#5329,#5330));
#1053=EDGE_LOOP('',(#5331,#5332,#5333,#5334));
#1054=EDGE_LOOP('',(#5335,#5336,#5337,#5338));
#1055=EDGE_LOOP('',(#5339,#5340,#5341,#5342));
#1056=EDGE_LOOP('',(#5343,#5344,#5345,#5346));
#1057=EDGE_LOOP('',(#5347,#5348,#5349,#5350));
#1058=EDGE_LOOP('',(#5351,#5352,#5353,#5354));
#1059=EDGE_LOOP('',(#5355,#5356,#5357,#5358));
#1060=EDGE_LOOP('',(#5359,#5360,#5361,#5362));
#1061=EDGE_LOOP('',(#5363,#5364,#5365,#5366));
#1062=EDGE_LOOP('',(#5367,#5368,#5369,#5370));
#1063=EDGE_LOOP('',(#5371,#5372,#5373,#5374,#5375,#5376,#5377,#5378));
#1064=EDGE_LOOP('',(#5379,#5380,#5381,#5382));
#1065=EDGE_LOOP('',(#5383,#5384,#5385,#5386));
#1066=EDGE_LOOP('',(#5387,#5388,#5389,#5390));
#1067=EDGE_LOOP('',(#5391,#5392,#5393,#5394));
#1068=EDGE_LOOP('',(#5395,#5396,#5397,#5398));
#1069=EDGE_LOOP('',(#5399,#5400,#5401,#5402));
#1070=EDGE_LOOP('',(#5403,#5404,#5405,#5406));
#1071=EDGE_LOOP('',(#5407,#5408,#5409,#5410,#5411));
#1072=EDGE_LOOP('',(#5412,#5413,#5414,#5415));
#1073=EDGE_LOOP('',(#5416,#5417,#5418,#5419));
#1074=EDGE_LOOP('',(#5420,#5421,#5422,#5423));
#1075=EDGE_LOOP('',(#5424,#5425,#5426,#5427));
#1076=EDGE_LOOP('',(#5428,#5429,#5430,#5431));
#1077=EDGE_LOOP('',(#5432,#5433,#5434,#5435));
#1078=EDGE_LOOP('',(#5436,#5437,#5438,#5439));
#1079=EDGE_LOOP('',(#5440,#5441,#5442,#5443));
#1080=EDGE_LOOP('',(#5444,#5445,#5446,#5447,#5448,#5449,#5450,#5451));
#1081=EDGE_LOOP('',(#5452,#5453,#5454,#5455));
#1082=EDGE_LOOP('',(#5456,#5457,#5458,#5459));
#1083=EDGE_LOOP('',(#5460,#5461,#5462,#5463));
#1084=EDGE_LOOP('',(#5464,#5465,#5466,#5467));
#1085=EDGE_LOOP('',(#5468,#5469,#5470,#5471));
#1086=EDGE_LOOP('',(#5472,#5473,#5474,#5475));
#1087=EDGE_LOOP('',(#5476,#5477,#5478,#5479));
#1088=EDGE_LOOP('',(#5480,#5481,#5482,#5483));
#1089=EDGE_LOOP('',(#5484,#5485,#5486,#5487));
#1090=EDGE_LOOP('',(#5488,#5489,#5490,#5491));
#1091=EDGE_LOOP('',(#5492,#5493,#5494,#5495));
#1092=EDGE_LOOP('',(#5496,#5497,#5498,#5499));
#1093=EDGE_LOOP('',(#5500,#5501,#5502,#5503));
#1094=EDGE_LOOP('',(#5504,#5505,#5506,#5507));
#1095=EDGE_LOOP('',(#5508,#5509,#5510,#5511));
#1096=EDGE_LOOP('',(#5512,#5513,#5514,#5515,#5516,#5517,#5518,#5519,#5520,
#5521));
#1097=EDGE_LOOP('',(#5522,#5523,#5524,#5525));
#1098=EDGE_LOOP('',(#5526,#5527,#5528,#5529));
#1099=EDGE_LOOP('',(#5530,#5531,#5532,#5533));
#1100=EDGE_LOOP('',(#5534,#5535,#5536,#5537));
#1101=EDGE_LOOP('',(#5538,#5539,#5540,#5541));
#1102=EDGE_LOOP('',(#5542,#5543,#5544,#5545));
#1103=EDGE_LOOP('',(#5546,#5547,#5548,#5549));
#1104=EDGE_LOOP('',(#5550,#5551,#5552,#5553,#5554,#5555,#5556));
#1105=EDGE_LOOP('',(#5557,#5558,#5559,#5560));
#1106=EDGE_LOOP('',(#5561,#5562,#5563,#5564));
#1107=EDGE_LOOP('',(#5565));
#1108=EDGE_LOOP('',(#5566));
#1109=EDGE_LOOP('',(#5567));
#1110=EDGE_LOOP('',(#5568,#5569,#5570,#5571));
#1111=EDGE_LOOP('',(#5572,#5573,#5574,#5575));
#1112=EDGE_LOOP('',(#5576,#5577,#5578,#5579));
#1113=EDGE_LOOP('',(#5580,#5581,#5582,#5583));
#1114=EDGE_LOOP('',(#5584,#5585,#5586,#5587));
#1115=EDGE_LOOP('',(#5588,#5589,#5590,#5591));
#1116=EDGE_LOOP('',(#5592,#5593,#5594,#5595));
#1117=EDGE_LOOP('',(#5596,#5597,#5598,#5599));
#1118=EDGE_LOOP('',(#5600,#5601,#5602,#5603));
#1119=EDGE_LOOP('',(#5604,#5605,#5606,#5607));
#1120=EDGE_LOOP('',(#5608,#5609,#5610,#5611));
#1121=EDGE_LOOP('',(#5612,#5613,#5614,#5615));
#1122=EDGE_LOOP('',(#5616,#5617,#5618,#5619));
#1123=EDGE_LOOP('',(#5620,#5621,#5622,#5623));
#1124=EDGE_LOOP('',(#5624,#5625,#5626,#5627));
#1125=EDGE_LOOP('',(#5628,#5629,#5630,#5631,#5632,#5633,#5634,#5635,#5636,
#5637));
#1126=EDGE_LOOP('',(#5638,#5639,#5640,#5641));
#1127=EDGE_LOOP('',(#5642,#5643,#5644,#5645));
#1128=EDGE_LOOP('',(#5646,#5647,#5648,#5649));
#1129=EDGE_LOOP('',(#5650,#5651,#5652,#5653));
#1130=EDGE_LOOP('',(#5654,#5655,#5656,#5657));
#1131=EDGE_LOOP('',(#5658,#5659,#5660,#5661));
#1132=EDGE_LOOP('',(#5662,#5663,#5664,#5665));
#1133=EDGE_LOOP('',(#5666,#5667,#5668,#5669,#5670,#5671,#5672));
#1134=EDGE_LOOP('',(#5673,#5674,#5675,#5676));
#1135=EDGE_LOOP('',(#5677,#5678,#5679,#5680));
#1136=EDGE_LOOP('',(#5681,#5682,#5683,#5684));
#1137=EDGE_LOOP('',(#5685,#5686,#5687,#5688));
#1138=EDGE_LOOP('',(#5689,#5690));
#1139=EDGE_LOOP('',(#5691,#5692));
#1140=EDGE_LOOP('',(#5693,#5694));
#1141=EDGE_LOOP('',(#5695,#5696,#5697,#5698));
#1142=EDGE_LOOP('',(#5699,#5700,#5701,#5702));
#1143=EDGE_LOOP('',(#5703,#5704,#5705,#5706));
#1144=EDGE_LOOP('',(#5707,#5708,#5709,#5710));
#1145=EDGE_LOOP('',(#5711,#5712,#5713,#5714));
#1146=EDGE_LOOP('',(#5715,#5716,#5717,#5718));
#1147=EDGE_LOOP('',(#5719,#5720,#5721,#5722));
#1148=EDGE_LOOP('',(#5723,#5724,#5725,#5726));
#1149=EDGE_LOOP('',(#5727,#5728,#5729,#5730));
#1150=EDGE_LOOP('',(#5731,#5732,#5733,#5734));
#1151=EDGE_LOOP('',(#5735,#5736,#5737,#5738));
#1152=EDGE_LOOP('',(#5739,#5740,#5741,#5742));
#1153=EDGE_LOOP('',(#5743,#5744,#5745,#5746,#5747,#5748,#5749,#5750,#5751,
#5752,#5753,#5754));
#1154=EDGE_LOOP('',(#5755,#5756,#5757,#5758));
#1155=EDGE_LOOP('',(#5759,#5760,#5761,#5762));
#1156=EDGE_LOOP('',(#5763,#5764,#5765,#5766));
#1157=EDGE_LOOP('',(#5767,#5768,#5769,#5770));
#1158=EDGE_LOOP('',(#5771,#5772,#5773,#5774));
#1159=EDGE_LOOP('',(#5775,#5776,#5777,#5778));
#1160=EDGE_LOOP('',(#5779,#5780,#5781,#5782));
#1161=EDGE_LOOP('',(#5783,#5784,#5785,#5786));
#1162=EDGE_LOOP('',(#5787,#5788,#5789,#5790));
#1163=EDGE_LOOP('',(#5791,#5792,#5793,#5794));
#1164=EDGE_LOOP('',(#5795,#5796,#5797,#5798));
#1165=EDGE_LOOP('',(#5799,#5800,#5801,#5802));
#1166=EDGE_LOOP('',(#5803,#5804,#5805,#5806,#5807,#5808,#5809,#5810));
#1167=EDGE_LOOP('',(#5811,#5812,#5813,#5814));
#1168=EDGE_LOOP('',(#5815,#5816,#5817,#5818));
#1169=EDGE_LOOP('',(#5819,#5820,#5821,#5822));
#1170=EDGE_LOOP('',(#5823,#5824,#5825,#5826));
#1171=EDGE_LOOP('',(#5827,#5828,#5829,#5830));
#1172=EDGE_LOOP('',(#5831,#5832,#5833,#5834));
#1173=EDGE_LOOP('',(#5835,#5836,#5837,#5838));
#1174=EDGE_LOOP('',(#5839,#5840,#5841,#5842));
#1175=EDGE_LOOP('',(#5843,#5844,#5845,#5846));
#1176=EDGE_LOOP('',(#5847,#5848,#5849,#5850));
#1177=EDGE_LOOP('',(#5851,#5852,#5853,#5854));
#1178=EDGE_LOOP('',(#5855,#5856,#5857,#5858));
#1179=EDGE_LOOP('',(#5859,#5860,#5861,#5862,#5863,#5864,#5865,#5866));
#1180=EDGE_LOOP('',(#5867,#5868));
#1181=EDGE_LOOP('',(#5869,#5870));
#1182=EDGE_LOOP('',(#5871,#5872,#5873,#5874));
#1183=EDGE_LOOP('',(#5875,#5876,#5877,#5878));
#1184=EDGE_LOOP('',(#5879,#5880,#5881,#5882));
#1185=EDGE_LOOP('',(#5883,#5884,#5885,#5886));
#1186=EDGE_LOOP('',(#5887,#5888,#5889,#5890));
#1187=EDGE_LOOP('',(#5891,#5892,#5893,#5894));
#1188=EDGE_LOOP('',(#5895,#5896,#5897,#5898));
#1189=EDGE_LOOP('',(#5899,#5900,#5901,#5902));
#1190=EDGE_LOOP('',(#5903,#5904,#5905,#5906));
#1191=EDGE_LOOP('',(#5907,#5908,#5909,#5910));
#1192=EDGE_LOOP('',(#5911,#5912,#5913,#5914));
#1193=EDGE_LOOP('',(#5915,#5916,#5917,#5918));
#1194=EDGE_LOOP('',(#5919,#5920,#5921,#5922));
#1195=EDGE_LOOP('',(#5923,#5924,#5925,#5926));
#1196=EDGE_LOOP('',(#5927,#5928,#5929,#5930,#5931,#5932,#5933,#5934,#5935,
#5936,#5937));
#1197=EDGE_LOOP('',(#5938,#5939,#5940));
#1198=EDGE_LOOP('',(#5941,#5942,#5943));
#1199=EDGE_LOOP('',(#5944,#5945,#5946,#5947));
#1200=EDGE_LOOP('',(#5948,#5949,#5950,#5951));
#1201=EDGE_LOOP('',(#5952,#5953,#5954,#5955));
#1202=EDGE_LOOP('',(#5956,#5957,#5958,#5959));
#1203=EDGE_LOOP('',(#5960,#5961,#5962,#5963));
#1204=EDGE_LOOP('',(#5964,#5965,#5966,#5967));
#1205=EDGE_LOOP('',(#5968,#5969,#5970,#5971));
#1206=EDGE_LOOP('',(#5972,#5973,#5974,#5975));
#1207=EDGE_LOOP('',(#5976,#5977,#5978,#5979,#5980,#5981,#5982,#5983));
#1208=EDGE_LOOP('',(#5984,#5985,#5986,#5987));
#1209=EDGE_LOOP('',(#5988,#5989,#5990,#5991));
#1210=EDGE_LOOP('',(#5992,#5993,#5994,#5995));
#1211=EDGE_LOOP('',(#5996,#5997,#5998,#5999));
#1212=EDGE_LOOP('',(#6000,#6001,#6002,#6003));
#1213=EDGE_LOOP('',(#6004,#6005,#6006,#6007));
#1214=EDGE_LOOP('',(#6008,#6009,#6010,#6011));
#1215=EDGE_LOOP('',(#6012,#6013,#6014,#6015,#6016,#6017,#6018));
#1216=EDGE_LOOP('',(#6019,#6020,#6021,#6022));
#1217=EDGE_LOOP('',(#6023,#6024,#6025,#6026));
#1218=EDGE_LOOP('',(#6027,#6028,#6029,#6030));
#1219=EDGE_LOOP('',(#6031,#6032,#6033,#6034));
#1220=EDGE_LOOP('',(#6035,#6036,#6037,#6038));
#1221=EDGE_LOOP('',(#6039,#6040,#6041,#6042));
#1222=EDGE_LOOP('',(#6043,#6044,#6045,#6046));
#1223=EDGE_LOOP('',(#6047,#6048,#6049,#6050,#6051,#6052,#6053));
#1224=EDGE_LOOP('',(#6054,#6055,#6056,#6057));
#1225=EDGE_LOOP('',(#6058,#6059,#6060,#6061));
#1226=EDGE_LOOP('',(#6062,#6063,#6064,#6065));
#1227=EDGE_LOOP('',(#6066,#6067,#6068,#6069));
#1228=EDGE_LOOP('',(#6070,#6071,#6072,#6073));
#1229=EDGE_LOOP('',(#6074,#6075,#6076,#6077));
#1230=EDGE_LOOP('',(#6078,#6079,#6080,#6081));
#1231=EDGE_LOOP('',(#6082,#6083,#6084,#6085));
#1232=EDGE_LOOP('',(#6086,#6087,#6088,#6089));
#1233=EDGE_LOOP('',(#6090,#6091,#6092,#6093));
#1234=EDGE_LOOP('',(#6094));
#1235=EDGE_LOOP('',(#6095));
#1236=EDGE_LOOP('',(#6096));
#1237=EDGE_LOOP('',(#6097));
#1238=EDGE_LOOP('',(#6098));
#1239=EDGE_LOOP('',(#6099,#6100,#6101,#6102));
#1240=EDGE_LOOP('',(#6103));
#1241=EDGE_LOOP('',(#6104));
#1242=EDGE_LOOP('',(#6105));
#1243=EDGE_LOOP('',(#6106));
#1244=EDGE_LOOP('',(#6107));
#1245=EDGE_LOOP('',(#6108,#6109,#6110,#6111));
#1246=EDGE_LOOP('',(#6112));
#1247=EDGE_LOOP('',(#6113,#6114,#6115,#6116,#6117));
#1248=EDGE_LOOP('',(#6118));
#1249=EDGE_LOOP('',(#6119));
#1250=EDGE_LOOP('',(#6120,#6121,#6122,#6123));
#1251=EDGE_LOOP('',(#6124,#6125,#6126,#6127));
#1252=EDGE_LOOP('',(#6128));
#1253=EDGE_LOOP('',(#6129));
#1254=EDGE_LOOP('',(#6130));
#1255=EDGE_LOOP('',(#6131));
#1256=EDGE_LOOP('',(#6132,#6133,#6134,#6135));
#1257=EDGE_LOOP('',(#6136,#6137,#6138,#6139));
#1258=EDGE_LOOP('',(#6140));
#1259=EDGE_LOOP('',(#6141));
#1260=EDGE_LOOP('',(#6142,#6143,#6144,#6145));
#1261=EDGE_LOOP('',(#6146,#6147,#6148,#6149));
#1262=EDGE_LOOP('',(#6150));
#1263=EDGE_LOOP('',(#6151,#6152,#6153,#6154));
#1264=EDGE_LOOP('',(#6155));
#1265=EDGE_LOOP('',(#6156,#6157,#6158));
#1266=EDGE_LOOP('',(#6159));
#1267=EDGE_LOOP('',(#6160));
#1268=EDGE_LOOP('',(#6161));
#1269=EDGE_LOOP('',(#6162));
#1270=EDGE_LOOP('',(#6163));
#1271=EDGE_LOOP('',(#6164));
#1272=EDGE_LOOP('',(#6165,#6166,#6167,#6168));
#1273=EDGE_LOOP('',(#6169,#6170,#6171,#6172));
#1274=EDGE_LOOP('',(#6173,#6174,#6175,#6176));
#1275=EDGE_LOOP('',(#6177,#6178,#6179,#6180));
#1276=EDGE_LOOP('',(#6181,#6182,#6183,#6184));
#1277=EDGE_LOOP('',(#6185,#6186,#6187,#6188));
#1278=EDGE_LOOP('',(#6189,#6190,#6191,#6192,#6193,#6194,#6195,#6196));
#1279=EDGE_LOOP('',(#6197,#6198,#6199,#6200));
#1280=EDGE_LOOP('',(#6201,#6202,#6203,#6204));
#1281=EDGE_LOOP('',(#6205,#6206,#6207,#6208));
#1282=EDGE_LOOP('',(#6209,#6210,#6211,#6212));
#1283=EDGE_LOOP('',(#6213,#6214,#6215,#6216));
#1284=EDGE_LOOP('',(#6217,#6218,#6219,#6220));
#1285=EDGE_LOOP('',(#6221,#6222,#6223,#6224));
#1286=EDGE_LOOP('',(#6225,#6226,#6227,#6228));
#1287=EDGE_LOOP('',(#6229,#6230,#6231,#6232));
#1288=EDGE_LOOP('',(#6233,#6234,#6235,#6236));
#1289=EDGE_LOOP('',(#6237,#6238,#6239,#6240));
#1290=EDGE_LOOP('',(#6241,#6242,#6243,#6244));
#1291=EDGE_LOOP('',(#6245,#6246,#6247,#6248));
#1292=EDGE_LOOP('',(#6249,#6250,#6251,#6252,#6253,#6254,#6255,#6256));
#1293=EDGE_LOOP('',(#6257));
#1294=EDGE_LOOP('',(#6258));
#1295=EDGE_LOOP('',(#6259));
#1296=EDGE_LOOP('',(#6260));
#1297=EDGE_LOOP('',(#6261));
#1298=EDGE_LOOP('',(#6262,#6263,#6264,#6265));
#1299=EDGE_LOOP('',(#6266,#6267,#6268,#6269,#6270,#6271,#6272,#6273));
#1300=EDGE_LOOP('',(#6274));
#1301=EDGE_LOOP('',(#6275));
#1302=EDGE_LOOP('',(#6276));
#1303=EDGE_LOOP('',(#6277));
#1304=EDGE_LOOP('',(#6278));
#1305=EDGE_LOOP('',(#6279,#6280));
#1306=EDGE_LOOP('',(#6281));
#1307=EDGE_LOOP('',(#6282));
#1308=EDGE_LOOP('',(#6283));
#1309=EDGE_LOOP('',(#6284));
#1310=EDGE_LOOP('',(#6285));
#1311=EDGE_LOOP('',(#6286));
#1312=EDGE_LOOP('',(#6287));
#1313=EDGE_LOOP('',(#6288,#6289,#6290,#6291,#6292));
#1314=EDGE_LOOP('',(#6293));
#1315=EDGE_LOOP('',(#6294,#6295,#6296,#6297,#6298));
#1316=EDGE_LOOP('',(#6299));
#1317=EDGE_LOOP('',(#6300));
#1318=EDGE_LOOP('',(#6301,#6302,#6303,#6304));
#1319=EDGE_LOOP('',(#6305));
#1320=EDGE_LOOP('',(#6306,#6307,#6308,#6309,#6310));
#1321=EDGE_LOOP('',(#6311));
#1322=EDGE_LOOP('',(#6312,#6313,#6314,#6315,#6316));
#1323=EDGE_LOOP('',(#6317));
#1324=EDGE_LOOP('',(#6318));
#1325=EDGE_LOOP('',(#6319,#6320,#6321,#6322));
#1326=EDGE_LOOP('',(#6323));
#1327=EDGE_LOOP('',(#6324,#6325,#6326,#6327,#6328));
#1328=EDGE_LOOP('',(#6329));
#1329=EDGE_LOOP('',(#6330,#6331,#6332,#6333,#6334));
#1330=EDGE_LOOP('',(#6335));
#1331=EDGE_LOOP('',(#6336));
#1332=EDGE_LOOP('',(#6337,#6338,#6339,#6340));
#1333=EDGE_LOOP('',(#6341));
#1334=EDGE_LOOP('',(#6342,#6343,#6344,#6345,#6346));
#1335=EDGE_LOOP('',(#6347));
#1336=EDGE_LOOP('',(#6348,#6349,#6350,#6351,#6352));
#1337=EDGE_LOOP('',(#6353));
#1338=EDGE_LOOP('',(#6354));
#1339=EDGE_LOOP('',(#6355,#6356,#6357,#6358));
#1340=EDGE_LOOP('',(#6359));
#1341=LINE('',#9604,#2074);
#1342=LINE('',#9606,#2075);
#1343=LINE('',#9608,#2076);
#1344=LINE('',#9610,#2077);
#1345=LINE('',#9612,#2078);
#1346=LINE('',#9614,#2079);
#1347=LINE('',#9616,#2080);
#1348=LINE('',#9618,#2081);
#1349=LINE('',#9620,#2082);
#1350=LINE('',#9622,#2083);
#1351=LINE('',#9624,#2084);
#1352=LINE('',#9626,#2085);
#1353=LINE('',#9628,#2086);
#1354=LINE('',#9630,#2087);
#1355=LINE('',#9632,#2088);
#1356=LINE('',#9633,#2089);
#1357=LINE('',#9638,#2090);
#1358=LINE('',#9640,#2091);
#1359=LINE('',#9642,#2092);
#1360=LINE('',#9643,#2093);
#1361=LINE('',#9646,#2094);
#1362=LINE('',#9648,#2095);
#1363=LINE('',#9650,#2096);
#1364=LINE('',#9657,#2097);
#1365=LINE('',#9663,#2098);
#1366=LINE('',#9666,#2099);
#1367=LINE('',#9668,#2100);
#1368=LINE('',#9670,#2101);
#1369=LINE('',#9671,#2102);
#1370=LINE('',#9674,#2103);
#1371=LINE('',#9693,#2104);
#1372=LINE('',#9710,#2105);
#1373=LINE('',#9711,#2106);
#1374=LINE('',#9714,#2107);
#1375=LINE('',#9716,#2108);
#1376=LINE('',#9718,#2109);
#1377=LINE('',#9720,#2110);
#1378=LINE('',#9722,#2111);
#1379=LINE('',#9724,#2112);
#1380=LINE('',#9726,#2113);
#1381=LINE('',#9728,#2114);
#1382=LINE('',#9730,#2115);
#1383=LINE('',#9732,#2116);
#1384=LINE('',#9734,#2117);
#1385=LINE('',#9735,#2118);
#1386=LINE('',#9738,#2119);
#1387=LINE('',#9747,#2120);
#1388=LINE('',#9757,#2121);
#1389=LINE('',#9759,#2122);
#1390=LINE('',#9761,#2123);
#1391=LINE('',#9779,#2124);
#1392=LINE('',#9790,#2125);
#1393=LINE('',#9801,#2126);
#1394=LINE('',#9809,#2127);
#1395=LINE('',#9812,#2128);
#1396=LINE('',#9831,#2129);
#1397=LINE('',#9846,#2130);
#1398=LINE('',#9847,#2131);
#1399=LINE('',#9850,#2132);
#1400=LINE('',#9852,#2133);
#1401=LINE('',#9863,#2134);
#1402=LINE('',#9867,#2135);
#1403=LINE('',#9868,#2136);
#1404=LINE('',#9873,#2137);
#1405=LINE('',#9875,#2138);
#1406=LINE('',#9877,#2139);
#1407=LINE('',#9879,#2140);
#1408=LINE('',#9881,#2141);
#1409=LINE('',#9883,#2142);
#1410=LINE('',#9885,#2143);
#1411=LINE('',#9887,#2144);
#1412=LINE('',#9889,#2145);
#1413=LINE('',#9890,#2146);
#1414=LINE('',#9893,#2147);
#1415=LINE('',#9895,#2148);
#1416=LINE('',#9897,#2149);
#1417=LINE('',#9899,#2150);
#1418=LINE('',#9901,#2151);
#1419=LINE('',#9903,#2152);
#1420=LINE('',#9905,#2153);
#1421=LINE('',#9906,#2154);
#1422=LINE('',#9909,#2155);
#1423=LINE('',#9923,#2156);
#1424=LINE('',#9925,#2157);
#1425=LINE('',#9927,#2158);
#1426=LINE('',#9929,#2159);
#1427=LINE('',#9931,#2160);
#1428=LINE('',#9933,#2161);
#1429=LINE('',#9935,#2162);
#1430=LINE('',#9937,#2163);
#1431=LINE('',#9939,#2164);
#1432=LINE('',#9940,#2165);
#1433=LINE('',#9960,#2166);
#1434=LINE('',#9962,#2167);
#1435=LINE('',#9964,#2168);
#1436=LINE('',#9966,#2169);
#1437=LINE('',#9968,#2170);
#1438=LINE('',#9970,#2171);
#1439=LINE('',#9972,#2172);
#1440=LINE('',#9974,#2173);
#1441=LINE('',#9976,#2174);
#1442=LINE('',#9977,#2175);
#1443=LINE('',#9980,#2176);
#1444=LINE('',#9982,#2177);
#1445=LINE('',#9984,#2178);
#1446=LINE('',#9986,#2179);
#1447=LINE('',#9988,#2180);
#1448=LINE('',#9990,#2181);
#1449=LINE('',#9992,#2182);
#1450=LINE('',#9993,#2183);
#1451=LINE('',#9999,#2184);
#1452=LINE('',#10001,#2185);
#1453=LINE('',#10003,#2186);
#1454=LINE('',#10005,#2187);
#1455=LINE('',#10007,#2188);
#1456=LINE('',#10009,#2189);
#1457=LINE('',#10011,#2190);
#1458=LINE('',#10012,#2191);
#1459=LINE('',#10014,#2192);
#1460=LINE('',#10016,#2193);
#1461=LINE('',#10017,#2194);
#1462=LINE('',#10048,#2195);
#1463=LINE('',#10063,#2196);
#1464=LINE('',#10078,#2197);
#1465=LINE('',#10080,#2198);
#1466=LINE('',#10082,#2199);
#1467=LINE('',#10084,#2200);
#1468=LINE('',#10085,#2201);
#1469=LINE('',#10088,#2202);
#1470=LINE('',#10090,#2203);
#1471=LINE('',#10092,#2204);
#1472=LINE('',#10100,#2205);
#1473=LINE('',#10109,#2206);
#1474=LINE('',#10111,#2207);
#1475=LINE('',#10113,#2208);
#1476=LINE('',#10124,#2209);
#1477=LINE('',#10133,#2210);
#1478=LINE('',#10144,#2211);
#1479=LINE('',#10145,#2212);
#1480=LINE('',#10148,#2213);
#1481=LINE('',#10150,#2214);
#1482=LINE('',#10158,#2215);
#1483=LINE('',#10170,#2216);
#1484=LINE('',#10172,#2217);
#1485=LINE('',#10174,#2218);
#1486=LINE('',#10176,#2219);
#1487=LINE('',#10178,#2220);
#1488=LINE('',#10180,#2221);
#1489=LINE('',#10182,#2222);
#1490=LINE('',#10183,#2223);
#1491=LINE('',#10186,#2224);
#1492=LINE('',#10188,#2225);
#1493=LINE('',#10190,#2226);
#1494=LINE('',#10192,#2227);
#1495=LINE('',#10194,#2228);
#1496=LINE('',#10196,#2229);
#1497=LINE('',#10198,#2230);
#1498=LINE('',#10199,#2231);
#1499=LINE('',#10216,#2232);
#1500=LINE('',#10227,#2233);
#1501=LINE('',#10229,#2234);
#1502=LINE('',#10231,#2235);
#1503=LINE('',#10233,#2236);
#1504=LINE('',#10234,#2237);
#1505=LINE('',#10237,#2238);
#1506=LINE('',#10250,#2239);
#1507=LINE('',#10264,#2240);
#1508=LINE('',#10266,#2241);
#1509=LINE('',#10268,#2242);
#1510=LINE('',#10269,#2243);
#1511=LINE('',#10272,#2244);
#1512=LINE('',#10274,#2245);
#1513=LINE('',#10276,#2246);
#1514=LINE('',#10277,#2247);
#1515=LINE('',#10280,#2248);
#1516=LINE('',#10282,#2249);
#1517=LINE('',#10283,#2250);
#1518=LINE('',#10285,#2251);
#1519=LINE('',#10286,#2252);
#1520=LINE('',#10290,#2253);
#1521=LINE('',#10294,#2254);
#1522=LINE('',#10296,#2255);
#1523=LINE('',#10298,#2256);
#1524=LINE('',#10306,#2257);
#1525=LINE('',#10307,#2258);
#1526=LINE('',#10310,#2259);
#1527=LINE('',#10313,#2260);
#1528=LINE('',#10317,#2261);
#1529=LINE('',#10321,#2262);
#1530=LINE('',#10324,#2263);
#1531=LINE('',#10328,#2264);
#1532=LINE('',#10332,#2265);
#1533=LINE('',#10334,#2266);
#1534=LINE('',#10335,#2267);
#1535=LINE('',#10340,#2268);
#1536=LINE('',#10341,#2269);
#1537=LINE('',#10346,#2270);
#1538=LINE('',#10349,#2271);
#1539=LINE('',#10350,#2272);
#1540=LINE('',#10353,#2273);
#1541=LINE('',#10354,#2274);
#1542=LINE('',#10356,#2275);
#1543=LINE('',#10357,#2276);
#1544=LINE('',#10362,#2277);
#1545=LINE('',#10364,#2278);
#1546=LINE('',#10365,#2279);
#1547=LINE('',#10368,#2280);
#1548=LINE('',#10370,#2281);
#1549=LINE('',#10372,#2282);
#1550=LINE('',#10373,#2283);
#1551=LINE('',#10376,#2284);
#1552=LINE('',#10377,#2285);
#1553=LINE('',#10380,#2286);
#1554=LINE('',#10381,#2287);
#1555=LINE('',#10384,#2288);
#1556=LINE('',#10385,#2289);
#1557=LINE('',#10388,#2290);
#1558=LINE('',#10389,#2291);
#1559=LINE('',#10392,#2292);
#1560=LINE('',#10394,#2293);
#1561=LINE('',#10396,#2294);
#1562=LINE('',#10397,#2295);
#1563=LINE('',#10400,#2296);
#1564=LINE('',#10401,#2297);
#1565=LINE('',#10403,#2298);
#1566=LINE('',#10406,#2299);
#1567=LINE('',#10407,#2300);
#1568=LINE('',#10410,#2301);
#1569=LINE('',#10411,#2302);
#1570=LINE('',#10414,#2303);
#1571=LINE('',#10415,#2304);
#1572=LINE('',#10418,#2305);
#1573=LINE('',#10419,#2306);
#1574=LINE('',#10422,#2307);
#1575=LINE('',#10423,#2308);
#1576=LINE('',#10426,#2309);
#1577=LINE('',#10427,#2310);
#1578=LINE('',#10429,#2311);
#1579=LINE('',#10433,#2312);
#1580=LINE('',#10437,#2313);
#1581=LINE('',#10441,#2314);
#1582=LINE('',#10443,#2315);
#1583=LINE('',#10444,#2316);
#1584=LINE('',#10450,#2317);
#1585=LINE('',#10454,#2318);
#1586=LINE('',#10457,#2319);
#1587=LINE('',#10459,#2320);
#1588=LINE('',#10464,#2321);
#1589=LINE('',#10465,#2322);
#1590=LINE('',#10466,#2323);
#1591=LINE('',#10470,#2324);
#1592=LINE('',#10475,#2325);
#1593=LINE('',#10476,#2326);
#1594=LINE('',#10482,#2327);
#1595=LINE('',#10488,#2328);
#1596=LINE('',#10494,#2329);
#1597=LINE('',#10496,#2330);
#1598=LINE('',#10497,#2331);
#1599=LINE('',#10499,#2332);
#1600=LINE('',#10501,#2333);
#1601=LINE('',#10505,#2334);
#1602=LINE('',#10507,#2335);
#1603=LINE('',#10509,#2336);
#1604=LINE('',#10516,#2337);
#1605=LINE('',#10518,#2338);
#1606=LINE('',#10522,#2339);
#1607=LINE('',#10524,#2340);
#1608=LINE('',#10528,#2341);
#1609=LINE('',#10532,#2342);
#1610=LINE('',#10538,#2343);
#1611=LINE('',#10541,#2344);
#1612=LINE('',#10544,#2345);
#1613=LINE('',#10546,#2346);
#1614=LINE('',#10547,#2347);
#1615=LINE('',#10551,#2348);
#1616=LINE('',#10553,#2349);
#1617=LINE('',#10557,#2350);
#1618=LINE('',#10560,#2351);
#1619=LINE('',#10562,#2352);
#1620=LINE('',#10564,#2353);
#1621=LINE('',#10571,#2354);
#1622=LINE('',#10573,#2355);
#1623=LINE('',#10574,#2356);
#1624=LINE('',#10577,#2357);
#1625=LINE('',#10579,#2358);
#1626=LINE('',#10580,#2359);
#1627=LINE('',#10586,#2360);
#1628=LINE('',#10589,#2361);
#1629=LINE('',#10591,#2362);
#1630=LINE('',#10592,#2363);
#1631=LINE('',#10600,#2364);
#1632=LINE('',#10601,#2365);
#1633=LINE('',#10604,#2366);
#1634=LINE('',#10605,#2367);
#1635=LINE('',#10608,#2368);
#1636=LINE('',#10609,#2369);
#1637=LINE('',#10612,#2370);
#1638=LINE('',#10613,#2371);
#1639=LINE('',#10616,#2372);
#1640=LINE('',#10617,#2373);
#1641=LINE('',#10620,#2374);
#1642=LINE('',#10621,#2375);
#1643=LINE('',#10623,#2376);
#1644=LINE('',#10627,#2377);
#1645=LINE('',#10629,#2378);
#1646=LINE('',#10630,#2379);
#1647=LINE('',#10662,#2380);
#1648=LINE('',#10665,#2381);
#1649=LINE('',#10666,#2382);
#1650=LINE('',#10701,#2383);
#1651=LINE('',#10704,#2384);
#1652=LINE('',#10705,#2385);
#1653=LINE('',#10708,#2386);
#1654=LINE('',#10709,#2387);
#1655=LINE('',#10712,#2388);
#1656=LINE('',#10713,#2389);
#1657=LINE('',#10715,#2390);
#1658=LINE('',#10755,#2391);
#1659=LINE('',#10791,#2392);
#1660=LINE('',#10807,#2393);
#1661=LINE('',#10810,#2394);
#1662=LINE('',#10813,#2395);
#1663=LINE('',#10814,#2396);
#1664=LINE('',#10840,#2397);
#1665=LINE('',#10843,#2398);
#1666=LINE('',#10844,#2399);
#1667=LINE('',#10847,#2400);
#1668=LINE('',#10848,#2401);
#1669=LINE('',#10851,#2402);
#1670=LINE('',#10852,#2403);
#1671=LINE('',#10855,#2404);
#1672=LINE('',#10856,#2405);
#1673=LINE('',#10858,#2406);
#1674=LINE('',#10871,#2407);
#1675=LINE('',#10878,#2408);
#1676=LINE('',#10907,#2409);
#1677=LINE('',#10910,#2410);
#1678=LINE('',#10911,#2411);
#1679=LINE('',#10949,#2412);
#1680=LINE('',#10952,#2413);
#1681=LINE('',#10953,#2414);
#1682=LINE('',#10991,#2415);
#1683=LINE('',#10994,#2416);
#1684=LINE('',#10995,#2417);
#1685=LINE('',#10998,#2418);
#1686=LINE('',#10999,#2419);
#1687=LINE('',#11002,#2420);
#1688=LINE('',#11003,#2421);
#1689=LINE('',#11006,#2422);
#1690=LINE('',#11007,#2423);
#1691=LINE('',#11009,#2424);
#1692=LINE('',#11049,#2425);
#1693=LINE('',#11085,#2426);
#1694=LINE('',#11101,#2427);
#1695=LINE('',#11103,#2428);
#1696=LINE('',#11104,#2429);
#1697=LINE('',#11107,#2430);
#1698=LINE('',#11108,#2431);
#1699=LINE('',#11111,#2432);
#1700=LINE('',#11112,#2433);
#1701=LINE('',#11129,#2434);
#1702=LINE('',#11132,#2435);
#1703=LINE('',#11133,#2436);
#1704=LINE('',#11153,#2437);
#1705=LINE('',#11156,#2438);
#1706=LINE('',#11157,#2439);
#1707=LINE('',#11160,#2440);
#1708=LINE('',#11161,#2441);
#1709=LINE('',#11164,#2442);
#1710=LINE('',#11165,#2443);
#1711=LINE('',#11191,#2444);
#1712=LINE('',#11194,#2445);
#1713=LINE('',#11195,#2446);
#1714=LINE('',#11218,#2447);
#1715=LINE('',#11220,#2448);
#1716=LINE('',#11222,#2449);
#1717=LINE('',#11223,#2450);
#1718=LINE('',#11246,#2451);
#1719=LINE('',#11249,#2452);
#1720=LINE('',#11251,#2453);
#1721=LINE('',#11252,#2454);
#1722=LINE('',#11255,#2455);
#1723=LINE('',#11257,#2456);
#1724=LINE('',#11258,#2457);
#1725=LINE('',#11261,#2458);
#1726=LINE('',#11262,#2459);
#1727=LINE('',#11265,#2460);
#1728=LINE('',#11266,#2461);
#1729=LINE('',#11269,#2462);
#1730=LINE('',#11270,#2463);
#1731=LINE('',#11273,#2464);
#1732=LINE('',#11274,#2465);
#1733=LINE('',#11277,#2466);
#1734=LINE('',#11278,#2467);
#1735=LINE('',#11281,#2468);
#1736=LINE('',#11282,#2469);
#1737=LINE('',#11284,#2470);
#1738=LINE('',#11313,#2471);
#1739=LINE('',#11315,#2472);
#1740=LINE('',#11316,#2473);
#1741=LINE('',#11342,#2474);
#1742=LINE('',#11345,#2475);
#1743=LINE('',#11346,#2476);
#1744=LINE('',#11371,#2477);
#1745=LINE('',#11380,#2478);
#1746=LINE('',#11382,#2479);
#1747=LINE('',#11383,#2480);
#1748=LINE('',#11385,#2481);
#1749=LINE('',#11391,#2482);
#1750=LINE('',#11393,#2483);
#1751=LINE('',#11395,#2484);
#1752=LINE('',#11396,#2485);
#1753=LINE('',#11419,#2486);
#1754=LINE('',#11422,#2487);
#1755=LINE('',#11424,#2488);
#1756=LINE('',#11425,#2489);
#1757=LINE('',#11428,#2490);
#1758=LINE('',#11430,#2491);
#1759=LINE('',#11431,#2492);
#1760=LINE('',#11434,#2493);
#1761=LINE('',#11435,#2494);
#1762=LINE('',#11438,#2495);
#1763=LINE('',#11439,#2496);
#1764=LINE('',#11442,#2497);
#1765=LINE('',#11443,#2498);
#1766=LINE('',#11446,#2499);
#1767=LINE('',#11447,#2500);
#1768=LINE('',#11450,#2501);
#1769=LINE('',#11451,#2502);
#1770=LINE('',#11454,#2503);
#1771=LINE('',#11455,#2504);
#1772=LINE('',#11457,#2505);
#1773=LINE('',#11486,#2506);
#1774=LINE('',#11488,#2507);
#1775=LINE('',#11489,#2508);
#1776=LINE('',#11492,#2509);
#1777=LINE('',#11493,#2510);
#1778=LINE('',#11510,#2511);
#1779=LINE('',#11513,#2512);
#1780=LINE('',#11514,#2513);
#1781=LINE('',#11545,#2514);
#1782=LINE('',#11547,#2515);
#1783=LINE('',#11548,#2516);
#1784=LINE('',#11551,#2517);
#1785=LINE('',#11552,#2518);
#1786=LINE('',#11555,#2519);
#1787=LINE('',#11556,#2520);
#1788=LINE('',#11559,#2521);
#1789=LINE('',#11560,#2522);
#1790=LINE('',#11563,#2523);
#1791=LINE('',#11564,#2524);
#1792=LINE('',#11567,#2525);
#1793=LINE('',#11568,#2526);
#1794=LINE('',#11571,#2527);
#1795=LINE('',#11572,#2528);
#1796=LINE('',#11574,#2529);
#1797=LINE('',#11578,#2530);
#1798=LINE('',#11580,#2531);
#1799=LINE('',#11581,#2532);
#1800=LINE('',#11584,#2533);
#1801=LINE('',#11585,#2534);
#1802=LINE('',#11588,#2535);
#1803=LINE('',#11589,#2536);
#1804=LINE('',#11591,#2537);
#1805=LINE('',#11595,#2538);
#1806=LINE('',#11597,#2539);
#1807=LINE('',#11598,#2540);
#1808=LINE('',#11601,#2541);
#1809=LINE('',#11602,#2542);
#1810=LINE('',#11605,#2543);
#1811=LINE('',#11606,#2544);
#1812=LINE('',#11609,#2545);
#1813=LINE('',#11610,#2546);
#1814=LINE('',#11613,#2547);
#1815=LINE('',#11614,#2548);
#1816=LINE('',#11617,#2549);
#1817=LINE('',#11618,#2550);
#1818=LINE('',#11621,#2551);
#1819=LINE('',#11622,#2552);
#1820=LINE('',#11625,#2553);
#1821=LINE('',#11626,#2554);
#1822=LINE('',#11629,#2555);
#1823=LINE('',#11630,#2556);
#1824=LINE('',#11632,#2557);
#1825=LINE('',#11636,#2558);
#1826=LINE('',#11638,#2559);
#1827=LINE('',#11639,#2560);
#1828=LINE('',#11642,#2561);
#1829=LINE('',#11643,#2562);
#1830=LINE('',#11646,#2563);
#1831=LINE('',#11647,#2564);
#1832=LINE('',#11661,#2565);
#1833=LINE('',#11664,#2566);
#1834=LINE('',#11665,#2567);
#1835=LINE('',#11679,#2568);
#1836=LINE('',#11681,#2569);
#1837=LINE('',#11730,#2570);
#1838=LINE('',#11779,#2571);
#1839=LINE('',#11800,#2572);
#1840=LINE('',#11802,#2573);
#1841=LINE('',#11803,#2574);
#1842=LINE('',#11806,#2575);
#1843=LINE('',#11807,#2576);
#1844=LINE('',#11810,#2577);
#1845=LINE('',#11811,#2578);
#1846=LINE('',#11813,#2579);
#1847=LINE('',#11817,#2580);
#1848=LINE('',#11819,#2581);
#1849=LINE('',#11820,#2582);
#1850=LINE('',#11823,#2583);
#1851=LINE('',#11824,#2584);
#1852=LINE('',#11827,#2585);
#1853=LINE('',#11828,#2586);
#1854=LINE('',#11831,#2587);
#1855=LINE('',#11832,#2588);
#1856=LINE('',#11835,#2589);
#1857=LINE('',#11836,#2590);
#1858=LINE('',#11839,#2591);
#1859=LINE('',#11840,#2592);
#1860=LINE('',#11843,#2593);
#1861=LINE('',#11844,#2594);
#1862=LINE('',#11847,#2595);
#1863=LINE('',#11848,#2596);
#1864=LINE('',#11851,#2597);
#1865=LINE('',#11852,#2598);
#1866=LINE('',#11854,#2599);
#1867=LINE('',#11858,#2600);
#1868=LINE('',#11860,#2601);
#1869=LINE('',#11861,#2602);
#1870=LINE('',#11890,#2603);
#1871=LINE('',#11910,#2604);
#1872=LINE('',#11913,#2605);
#1873=LINE('',#11914,#2606);
#1874=LINE('',#11958,#2607);
#1875=LINE('',#11961,#2608);
#1876=LINE('',#11962,#2609);
#1877=LINE('',#11964,#2610);
#1878=LINE('',#11968,#2611);
#1879=LINE('',#11970,#2612);
#1880=LINE('',#11971,#2613);
#1881=LINE('',#12002,#2614);
#1882=LINE('',#12013,#2615);
#1883=LINE('',#12015,#2616);
#1884=LINE('',#12016,#2617);
#1885=LINE('',#12054,#2618);
#1886=LINE('',#12056,#2619);
#1887=LINE('',#12057,#2620);
#1888=LINE('',#12060,#2621);
#1889=LINE('',#12061,#2622);
#1890=LINE('',#12064,#2623);
#1891=LINE('',#12065,#2624);
#1892=LINE('',#12068,#2625);
#1893=LINE('',#12069,#2626);
#1894=LINE('',#12072,#2627);
#1895=LINE('',#12073,#2628);
#1896=LINE('',#12076,#2629);
#1897=LINE('',#12077,#2630);
#1898=LINE('',#12080,#2631);
#1899=LINE('',#12081,#2632);
#1900=LINE('',#12084,#2633);
#1901=LINE('',#12085,#2634);
#1902=LINE('',#12088,#2635);
#1903=LINE('',#12089,#2636);
#1904=LINE('',#12092,#2637);
#1905=LINE('',#12093,#2638);
#1906=LINE('',#12096,#2639);
#1907=LINE('',#12097,#2640);
#1908=LINE('',#12099,#2641);
#1909=LINE('',#12104,#2642);
#1910=LINE('',#12106,#2643);
#1911=LINE('',#12108,#2644);
#1912=LINE('',#12109,#2645);
#1913=LINE('',#12136,#2646);
#1914=LINE('',#12139,#2647);
#1915=LINE('',#12141,#2648);
#1916=LINE('',#12142,#2649);
#1917=LINE('',#12145,#2650);
#1918=LINE('',#12147,#2651);
#1919=LINE('',#12148,#2652);
#1920=LINE('',#12151,#2653);
#1921=LINE('',#12152,#2654);
#1922=LINE('',#12155,#2655);
#1923=LINE('',#12156,#2656);
#1924=LINE('',#12159,#2657);
#1925=LINE('',#12160,#2658);
#1926=LINE('',#12163,#2659);
#1927=LINE('',#12164,#2660);
#1928=LINE('',#12167,#2661);
#1929=LINE('',#12168,#2662);
#1930=LINE('',#12171,#2663);
#1931=LINE('',#12172,#2664);
#1932=LINE('',#12174,#2665);
#1933=LINE('',#12203,#2666);
#1934=LINE('',#12205,#2667);
#1935=LINE('',#12206,#2668);
#1936=LINE('',#12226,#2669);
#1937=LINE('',#12229,#2670);
#1938=LINE('',#12230,#2671);
#1939=LINE('',#12253,#2672);
#1940=LINE('',#12256,#2673);
#1941=LINE('',#12257,#2674);
#1942=LINE('',#12260,#2675);
#1943=LINE('',#12261,#2676);
#1944=LINE('',#12264,#2677);
#1945=LINE('',#12265,#2678);
#1946=LINE('',#12299,#2679);
#1947=LINE('',#12311,#2680);
#1948=LINE('',#12313,#2681);
#1949=LINE('',#12314,#2682);
#1950=LINE('',#12340,#2683);
#1951=LINE('',#12343,#2684);
#1952=LINE('',#12346,#2685);
#1953=LINE('',#12347,#2686);
#1954=LINE('',#12350,#2687);
#1955=LINE('',#12351,#2688);
#1956=LINE('',#12354,#2689);
#1957=LINE('',#12355,#2690);
#1958=LINE('',#12358,#2691);
#1959=LINE('',#12359,#2692);
#1960=LINE('',#12362,#2693);
#1961=LINE('',#12363,#2694);
#1962=LINE('',#12366,#2695);
#1963=LINE('',#12367,#2696);
#1964=LINE('',#12370,#2697);
#1965=LINE('',#12371,#2698);
#1966=LINE('',#12374,#2699);
#1967=LINE('',#12375,#2700);
#1968=LINE('',#12378,#2701);
#1969=LINE('',#12379,#2702);
#1970=LINE('',#12383,#2703);
#1971=LINE('',#12385,#2704);
#1972=LINE('',#12387,#2705);
#1973=LINE('',#12388,#2706);
#1974=LINE('',#12391,#2707);
#1975=LINE('',#12393,#2708);
#1976=LINE('',#12394,#2709);
#1977=LINE('',#12399,#2710);
#1978=LINE('',#12417,#2711);
#1979=LINE('',#12426,#2712);
#1980=LINE('',#12429,#2713);
#1981=LINE('',#12430,#2714);
#1982=LINE('',#12456,#2715);
#1983=LINE('',#12459,#2716);
#1984=LINE('',#12460,#2717);
#1985=LINE('',#12486,#2718);
#1986=LINE('',#12489,#2719);
#1987=LINE('',#12490,#2720);
#1988=LINE('',#12510,#2721);
#1989=LINE('',#12512,#2722);
#1990=LINE('',#12516,#2723);
#1991=LINE('',#12518,#2724);
#1992=LINE('',#12519,#2725);
#1993=LINE('',#12522,#2726);
#1994=LINE('',#12523,#2727);
#1995=LINE('',#12549,#2728);
#1996=LINE('',#12552,#2729);
#1997=LINE('',#12553,#2730);
#1998=LINE('',#12564,#2731);
#1999=LINE('',#12567,#2732);
#2000=LINE('',#12568,#2733);
#2001=LINE('',#12570,#2734);
#2002=LINE('',#12574,#2735);
#2003=LINE('',#12576,#2736);
#2004=LINE('',#12577,#2737);
#2005=LINE('',#12606,#2738);
#2006=LINE('',#12626,#2739);
#2007=LINE('',#12629,#2740);
#2008=LINE('',#12630,#2741);
#2009=LINE('',#12668,#2742);
#2010=LINE('',#12671,#2743);
#2011=LINE('',#12672,#2744);
#2012=LINE('',#12674,#2745);
#2013=LINE('',#12680,#2746);
#2014=LINE('',#12686,#2747);
#2015=LINE('',#12692,#2748);
#2016=LINE('',#12698,#2749);
#2017=LINE('',#12704,#2750);
#2018=LINE('',#12709,#2751);
#2019=LINE('',#12711,#2752);
#2020=LINE('',#12713,#2753);
#2021=LINE('',#12714,#2754);
#2022=LINE('',#12717,#2755);
#2023=LINE('',#12719,#2756);
#2024=LINE('',#12720,#2757);
#2025=LINE('',#12723,#2758);
#2026=LINE('',#12725,#2759);
#2027=LINE('',#12726,#2760);
#2028=LINE('',#12728,#2761);
#2029=LINE('',#12729,#2762);
#2030=LINE('',#12736,#2763);
#2031=LINE('',#12744,#2764);
#2032=LINE('',#12755,#2765);
#2033=LINE('',#12766,#2766);
#2034=LINE('',#12776,#2767);
#2035=LINE('',#12781,#2768);
#2036=LINE('',#12789,#2769);
#2037=LINE('',#12792,#2770);
#2038=LINE('',#12831,#2771);
#2039=LINE('',#12837,#2772);
#2040=LINE('',#12843,#2773);
#2041=LINE('',#12849,#2774);
#2042=LINE('',#12854,#2775);
#2043=LINE('',#12857,#2776);
#2044=LINE('',#12860,#2777);
#2045=LINE('',#12861,#2778);
#2046=LINE('',#12867,#2779);
#2047=LINE('',#12871,#2780);
#2048=LINE('',#12875,#2781);
#2049=LINE('',#12879,#2782);
#2050=LINE('',#12883,#2783);
#2051=LINE('',#12887,#2784);
#2052=LINE('',#12893,#2785);
#2053=LINE('',#12896,#2786);
#2054=LINE('',#12899,#2787);
#2055=LINE('',#12901,#2788);
#2056=LINE('',#12902,#2789);
#2057=LINE('',#12907,#2790);
#2058=LINE('',#12912,#2791);
#2059=LINE('',#12913,#2792);
#2060=LINE('',#12914,#2793);
#2061=LINE('',#12919,#2794);
#2062=LINE('',#12922,#2795);
#2063=LINE('',#12923,#2796);
#2064=LINE('',#12925,#2797);
#2065=LINE('',#12927,#2798);
#2066=LINE('',#12934,#2799);
#2067=LINE('',#12974,#2800);
#2068=LINE('',#12981,#2801);
#2069=LINE('',#13021,#2802);
#2070=LINE('',#13028,#2803);
#2071=LINE('',#13068,#2804);
#2072=LINE('',#13075,#2805);
#2073=LINE('',#13115,#2806);
#2074=VECTOR('',#7882,1000.);
#2075=VECTOR('',#7883,1000.);
#2076=VECTOR('',#7884,1000.);
#2077=VECTOR('',#7885,1000.);
#2078=VECTOR('',#7886,1000.);
#2079=VECTOR('',#7887,1000.);
#2080=VECTOR('',#7888,1000.);
#2081=VECTOR('',#7889,1000.);
#2082=VECTOR('',#7890,1000.);
#2083=VECTOR('',#7891,1000.);
#2084=VECTOR('',#7892,1000.);
#2085=VECTOR('',#7893,1000.);
#2086=VECTOR('',#7894,1000.);
#2087=VECTOR('',#7895,1000.);
#2088=VECTOR('',#7896,1000.);
#2089=VECTOR('',#7897,1000.);
#2090=VECTOR('',#7900,1000.);
#2091=VECTOR('',#7901,1000.);
#2092=VECTOR('',#7902,1000.);
#2093=VECTOR('',#7903,1000.);
#2094=VECTOR('',#7904,1000.);
#2095=VECTOR('',#7905,1000.);
#2096=VECTOR('',#7906,1000.);
#2097=VECTOR('',#7907,1000.);
#2098=VECTOR('',#7908,1000.);
#2099=VECTOR('',#7909,1000.);
#2100=VECTOR('',#7910,1000.);
#2101=VECTOR('',#7911,1000.);
#2102=VECTOR('',#7912,1000.);
#2103=VECTOR('',#7913,1000.);
#2104=VECTOR('',#7914,1000.);
#2105=VECTOR('',#7915,1000.);
#2106=VECTOR('',#7916,1000.);
#2107=VECTOR('',#7917,1000.);
#2108=VECTOR('',#7918,1000.);
#2109=VECTOR('',#7919,1000.);
#2110=VECTOR('',#7920,1000.);
#2111=VECTOR('',#7921,1000.);
#2112=VECTOR('',#7922,1000.);
#2113=VECTOR('',#7923,1000.);
#2114=VECTOR('',#7924,1000.);
#2115=VECTOR('',#7925,1000.);
#2116=VECTOR('',#7926,1000.);
#2117=VECTOR('',#7927,1000.);
#2118=VECTOR('',#7928,1000.);
#2119=VECTOR('',#7929,1000.);
#2120=VECTOR('',#7930,1000.);
#2121=VECTOR('',#7931,1000.);
#2122=VECTOR('',#7932,1000.);
#2123=VECTOR('',#7933,1000.);
#2124=VECTOR('',#7934,1000.);
#2125=VECTOR('',#7935,1000.);
#2126=VECTOR('',#7936,1000.);
#2127=VECTOR('',#7937,1000.);
#2128=VECTOR('',#7938,1000.);
#2129=VECTOR('',#7939,1000.);
#2130=VECTOR('',#7940,1000.);
#2131=VECTOR('',#7941,1000.);
#2132=VECTOR('',#7942,1000.);
#2133=VECTOR('',#7943,1000.);
#2134=VECTOR('',#7944,1000.);
#2135=VECTOR('',#7947,1000.);
#2136=VECTOR('',#7948,1000.);
#2137=VECTOR('',#7951,1000.);
#2138=VECTOR('',#7952,1000.);
#2139=VECTOR('',#7953,1000.);
#2140=VECTOR('',#7954,1000.);
#2141=VECTOR('',#7955,1000.);
#2142=VECTOR('',#7956,1000.);
#2143=VECTOR('',#7957,1000.);
#2144=VECTOR('',#7958,1000.);
#2145=VECTOR('',#7959,1000.);
#2146=VECTOR('',#7960,1000.);
#2147=VECTOR('',#7961,1000.);
#2148=VECTOR('',#7962,1000.);
#2149=VECTOR('',#7963,1000.);
#2150=VECTOR('',#7964,1000.);
#2151=VECTOR('',#7965,1000.);
#2152=VECTOR('',#7966,1000.);
#2153=VECTOR('',#7967,1000.);
#2154=VECTOR('',#7968,1000.);
#2155=VECTOR('',#7969,1000.);
#2156=VECTOR('',#7970,1000.);
#2157=VECTOR('',#7971,1000.);
#2158=VECTOR('',#7972,1000.);
#2159=VECTOR('',#7973,1000.);
#2160=VECTOR('',#7974,1000.);
#2161=VECTOR('',#7975,1000.);
#2162=VECTOR('',#7976,1000.);
#2163=VECTOR('',#7977,1000.);
#2164=VECTOR('',#7978,1000.);
#2165=VECTOR('',#7979,1000.);
#2166=VECTOR('',#7980,1000.);
#2167=VECTOR('',#7981,1000.);
#2168=VECTOR('',#7982,1000.);
#2169=VECTOR('',#7983,1000.);
#2170=VECTOR('',#7984,1000.);
#2171=VECTOR('',#7985,1000.);
#2172=VECTOR('',#7986,1000.);
#2173=VECTOR('',#7987,1000.);
#2174=VECTOR('',#7988,1000.);
#2175=VECTOR('',#7989,1000.);
#2176=VECTOR('',#7990,1000.);
#2177=VECTOR('',#7991,1000.);
#2178=VECTOR('',#7992,1000.);
#2179=VECTOR('',#7993,1000.);
#2180=VECTOR('',#7994,1000.);
#2181=VECTOR('',#7995,1000.);
#2182=VECTOR('',#7996,1000.);
#2183=VECTOR('',#7997,1000.);
#2184=VECTOR('',#8002,1000.);
#2185=VECTOR('',#8003,1000.);
#2186=VECTOR('',#8004,1000.);
#2187=VECTOR('',#8005,1000.);
#2188=VECTOR('',#8006,1000.);
#2189=VECTOR('',#8007,1000.);
#2190=VECTOR('',#8008,1000.);
#2191=VECTOR('',#8009,1000.);
#2192=VECTOR('',#8010,1000.);
#2193=VECTOR('',#8011,1000.);
#2194=VECTOR('',#8012,1000.);
#2195=VECTOR('',#8013,1000.);
#2196=VECTOR('',#8014,1000.);
#2197=VECTOR('',#8015,1000.);
#2198=VECTOR('',#8016,1000.);
#2199=VECTOR('',#8017,1000.);
#2200=VECTOR('',#8018,1000.);
#2201=VECTOR('',#8019,1000.);
#2202=VECTOR('',#8020,1000.);
#2203=VECTOR('',#8021,1000.);
#2204=VECTOR('',#8022,1000.);
#2205=VECTOR('',#8023,1000.);
#2206=VECTOR('',#8024,1000.);
#2207=VECTOR('',#8025,1000.);
#2208=VECTOR('',#8026,1000.);
#2209=VECTOR('',#8027,1000.);
#2210=VECTOR('',#8028,1000.);
#2211=VECTOR('',#8029,1000.);
#2212=VECTOR('',#8030,1000.);
#2213=VECTOR('',#8031,1000.);
#2214=VECTOR('',#8032,1000.);
#2215=VECTOR('',#8033,1000.);
#2216=VECTOR('',#8034,1000.);
#2217=VECTOR('',#8035,1000.);
#2218=VECTOR('',#8036,1000.);
#2219=VECTOR('',#8037,1000.);
#2220=VECTOR('',#8038,1000.);
#2221=VECTOR('',#8039,1000.);
#2222=VECTOR('',#8040,1000.);
#2223=VECTOR('',#8041,1000.);
#2224=VECTOR('',#8042,1000.);
#2225=VECTOR('',#8043,1000.);
#2226=VECTOR('',#8044,1000.);
#2227=VECTOR('',#8045,1000.);
#2228=VECTOR('',#8046,1000.);
#2229=VECTOR('',#8047,1000.);
#2230=VECTOR('',#8048,1000.);
#2231=VECTOR('',#8049,1000.);
#2232=VECTOR('',#8052,1000.);
#2233=VECTOR('',#8053,1000.);
#2234=VECTOR('',#8054,1000.);
#2235=VECTOR('',#8055,1000.);
#2236=VECTOR('',#8056,1000.);
#2237=VECTOR('',#8057,1000.);
#2238=VECTOR('',#8058,1000.);
#2239=VECTOR('',#8059,1000.);
#2240=VECTOR('',#8060,1000.);
#2241=VECTOR('',#8061,1000.);
#2242=VECTOR('',#8062,1000.);
#2243=VECTOR('',#8063,1000.);
#2244=VECTOR('',#8064,1000.);
#2245=VECTOR('',#8065,1000.);
#2246=VECTOR('',#8066,1000.);
#2247=VECTOR('',#8067,1000.);
#2248=VECTOR('',#8070,1000.);
#2249=VECTOR('',#8071,1000.);
#2250=VECTOR('',#8072,1000.);
#2251=VECTOR('',#8073,1000.);
#2252=VECTOR('',#8074,1000.);
#2253=VECTOR('',#8077,1000.);
#2254=VECTOR('',#8080,1000.);
#2255=VECTOR('',#8081,1000.);
#2256=VECTOR('',#8082,1000.);
#2257=VECTOR('',#8089,1000.);
#2258=VECTOR('',#8090,1000.);
#2259=VECTOR('',#8093,1000.);
#2260=VECTOR('',#8096,1000.);
#2261=VECTOR('',#8101,1000.);
#2262=VECTOR('',#8106,1000.);
#2263=VECTOR('',#8109,1000.);
#2264=VECTOR('',#8112,1000.);
#2265=VECTOR('',#8117,1000.);
#2266=VECTOR('',#8118,1000.);
#2267=VECTOR('',#8119,1000.);
#2268=VECTOR('',#8124,1000.);
#2269=VECTOR('',#8125,1000.);
#2270=VECTOR('',#8132,1000.);
#2271=VECTOR('',#8135,1000.);
#2272=VECTOR('',#8136,1000.);
#2273=VECTOR('',#8139,1000.);
#2274=VECTOR('',#8140,1000.);
#2275=VECTOR('',#8143,1000.);
#2276=VECTOR('',#8144,1000.);
#2277=VECTOR('',#8151,1000.);
#2278=VECTOR('',#8152,1000.);
#2279=VECTOR('',#8153,1000.);
#2280=VECTOR('',#8154,1000.);
#2281=VECTOR('',#8155,1000.);
#2282=VECTOR('',#8156,1000.);
#2283=VECTOR('',#8157,1000.);
#2284=VECTOR('',#8160,1000.);
#2285=VECTOR('',#8161,1000.);
#2286=VECTOR('',#8164,1000.);
#2287=VECTOR('',#8165,1000.);
#2288=VECTOR('',#8168,1000.);
#2289=VECTOR('',#8169,1000.);
#2290=VECTOR('',#8172,1000.);
#2291=VECTOR('',#8173,1000.);
#2292=VECTOR('',#8174,1000.);
#2293=VECTOR('',#8175,1000.);
#2294=VECTOR('',#8176,1000.);
#2295=VECTOR('',#8177,1000.);
#2296=VECTOR('',#8180,1000.);
#2297=VECTOR('',#8181,1000.);
#2298=VECTOR('',#8184,1000.);
#2299=VECTOR('',#8187,1000.);
#2300=VECTOR('',#8188,1000.);
#2301=VECTOR('',#8191,1000.);
#2302=VECTOR('',#8192,1000.);
#2303=VECTOR('',#8195,1000.);
#2304=VECTOR('',#8196,1000.);
#2305=VECTOR('',#8199,1000.);
#2306=VECTOR('',#8200,1000.);
#2307=VECTOR('',#8203,1000.);
#2308=VECTOR('',#8204,1000.);
#2309=VECTOR('',#8207,1000.);
#2310=VECTOR('',#8208,1000.);
#2311=VECTOR('',#8211,1000.);
#2312=VECTOR('',#8216,1.);
#2313=VECTOR('',#8221,1.);
#2314=VECTOR('',#8226,1000.);
#2315=VECTOR('',#8227,1000.);
#2316=VECTOR('',#8228,1000.);
#2317=VECTOR('',#8235,1000.);
#2318=VECTOR('',#8238,1000.);
#2319=VECTOR('',#8241,1000.);
#2320=VECTOR('',#8242,1000.);
#2321=VECTOR('',#8247,1000.);
#2322=VECTOR('',#8248,1000.);
#2323=VECTOR('',#8249,1000.);
#2324=VECTOR('',#8252,1000.);
#2325=VECTOR('',#8257,1000.);
#2326=VECTOR('',#8258,1000.);
#2327=VECTOR('',#8265,1000.);
#2328=VECTOR('',#8272,1000.);
#2329=VECTOR('',#8279,1000.);
#2330=VECTOR('',#8282,1000.);
#2331=VECTOR('',#8283,1000.);
#2332=VECTOR('',#8286,1000.);
#2333=VECTOR('',#8289,1000.);
#2334=VECTOR('',#8292,1000.);
#2335=VECTOR('',#8293,1000.);
#2336=VECTOR('',#8294,1000.);
#2337=VECTOR('',#8301,1000.);
#2338=VECTOR('',#8302,1000.);
#2339=VECTOR('',#8307,1000.);
#2340=VECTOR('',#8308,1000.);
#2341=VECTOR('',#8313,1000.);
#2342=VECTOR('',#8318,1000.);
#2343=VECTOR('',#8325,1000.);
#2344=VECTOR('',#8328,1000.);
#2345=VECTOR('',#8331,1000.);
#2346=VECTOR('',#8332,1000.);
#2347=VECTOR('',#8333,1000.);
#2348=VECTOR('',#8338,1000.);
#2349=VECTOR('',#8339,1000.);
#2350=VECTOR('',#8344,1000.);
#2351=VECTOR('',#8349,1000.);
#2352=VECTOR('',#8352,1000.);
#2353=VECTOR('',#8355,1000.);
#2354=VECTOR('',#8366,1000.);
#2355=VECTOR('',#8367,1000.);
#2356=VECTOR('',#8368,1000.);
#2357=VECTOR('',#8371,1000.);
#2358=VECTOR('',#8372,1000.);
#2359=VECTOR('',#8373,1000.);
#2360=VECTOR('',#8380,1000.);
#2361=VECTOR('',#8383,1000.);
#2362=VECTOR('',#8384,1000.);
#2363=VECTOR('',#8385,1000.);
#2364=VECTOR('',#8398,1000.);
#2365=VECTOR('',#8399,1000.);
#2366=VECTOR('',#8402,1000.);
#2367=VECTOR('',#8403,1000.);
#2368=VECTOR('',#8406,1000.);
#2369=VECTOR('',#8407,1000.);
#2370=VECTOR('',#8410,1000.);
#2371=VECTOR('',#8411,1000.);
#2372=VECTOR('',#8414,1000.);
#2373=VECTOR('',#8415,1000.);
#2374=VECTOR('',#8418,1000.);
#2375=VECTOR('',#8419,1000.);
#2376=VECTOR('',#8422,1000.);
#2377=VECTOR('',#8427,1000.);
#2378=VECTOR('',#8428,1000.);
#2379=VECTOR('',#8429,1000.);
#2380=VECTOR('',#8430,1000.);
#2381=VECTOR('',#8433,1000.);
#2382=VECTOR('',#8434,1000.);
#2383=VECTOR('',#8435,1000.);
#2384=VECTOR('',#8438,1000.);
#2385=VECTOR('',#8439,1000.);
#2386=VECTOR('',#8442,1000.);
#2387=VECTOR('',#8443,1000.);
#2388=VECTOR('',#8446,1000.);
#2389=VECTOR('',#8447,1000.);
#2390=VECTOR('',#8450,1000.);
#2391=VECTOR('',#8453,10.);
#2392=VECTOR('',#8454,10.);
#2393=VECTOR('',#8461,1000.);
#2394=VECTOR('',#8464,1000.);
#2395=VECTOR('',#8467,1000.);
#2396=VECTOR('',#8468,1000.);
#2397=VECTOR('',#8469,1000.);
#2398=VECTOR('',#8472,1000.);
#2399=VECTOR('',#8473,1000.);
#2400=VECTOR('',#8476,1000.);
#2401=VECTOR('',#8477,1000.);
#2402=VECTOR('',#8480,1000.);
#2403=VECTOR('',#8481,1000.);
#2404=VECTOR('',#8484,1000.);
#2405=VECTOR('',#8485,1000.);
#2406=VECTOR('',#8488,1000.);
#2407=VECTOR('',#8491,1000.);
#2408=VECTOR('',#8492,1000.);
#2409=VECTOR('',#8493,1000.);
#2410=VECTOR('',#8496,1000.);
#2411=VECTOR('',#8497,1000.);
#2412=VECTOR('',#8498,1000.);
#2413=VECTOR('',#8501,1000.);
#2414=VECTOR('',#8502,1000.);
#2415=VECTOR('',#8503,1000.);
#2416=VECTOR('',#8506,1000.);
#2417=VECTOR('',#8507,1000.);
#2418=VECTOR('',#8510,1000.);
#2419=VECTOR('',#8511,1000.);
#2420=VECTOR('',#8514,1000.);
#2421=VECTOR('',#8515,1000.);
#2422=VECTOR('',#8518,1000.);
#2423=VECTOR('',#8519,1000.);
#2424=VECTOR('',#8522,1000.);
#2425=VECTOR('',#8525,10.);
#2426=VECTOR('',#8526,10.);
#2427=VECTOR('',#8533,1000.);
#2428=VECTOR('',#8534,1000.);
#2429=VECTOR('',#8535,1000.);
#2430=VECTOR('',#8538,1000.);
#2431=VECTOR('',#8539,1000.);
#2432=VECTOR('',#8542,1000.);
#2433=VECTOR('',#8543,1000.);
#2434=VECTOR('',#8544,1000.);
#2435=VECTOR('',#8547,1000.);
#2436=VECTOR('',#8548,1000.);
#2437=VECTOR('',#8549,1000.);
#2438=VECTOR('',#8552,1000.);
#2439=VECTOR('',#8553,1000.);
#2440=VECTOR('',#8556,1000.);
#2441=VECTOR('',#8557,1000.);
#2442=VECTOR('',#8560,1000.);
#2443=VECTOR('',#8561,1000.);
#2444=VECTOR('',#8562,1000.);
#2445=VECTOR('',#8565,1000.);
#2446=VECTOR('',#8566,1000.);
#2447=VECTOR('',#8571,1000.);
#2448=VECTOR('',#8572,1000.);
#2449=VECTOR('',#8573,1000.);
#2450=VECTOR('',#8574,1000.);
#2451=VECTOR('',#8575,1000.);
#2452=VECTOR('',#8578,1000.);
#2453=VECTOR('',#8579,1000.);
#2454=VECTOR('',#8580,1000.);
#2455=VECTOR('',#8583,1000.);
#2456=VECTOR('',#8584,1000.);
#2457=VECTOR('',#8585,1000.);
#2458=VECTOR('',#8588,1000.);
#2459=VECTOR('',#8589,1000.);
#2460=VECTOR('',#8592,1000.);
#2461=VECTOR('',#8593,1000.);
#2462=VECTOR('',#8596,1000.);
#2463=VECTOR('',#8597,1000.);
#2464=VECTOR('',#8600,1000.);
#2465=VECTOR('',#8601,1000.);
#2466=VECTOR('',#8604,1000.);
#2467=VECTOR('',#8605,1000.);
#2468=VECTOR('',#8608,1000.);
#2469=VECTOR('',#8609,1000.);
#2470=VECTOR('',#8612,1000.);
#2471=VECTOR('',#8619,1000.);
#2472=VECTOR('',#8620,1000.);
#2473=VECTOR('',#8621,1000.);
#2474=VECTOR('',#8622,1000.);
#2475=VECTOR('',#8625,1000.);
#2476=VECTOR('',#8626,1000.);
#2477=VECTOR('',#8627,1000.);
#2478=VECTOR('',#8628,1000.);
#2479=VECTOR('',#8631,1000.);
#2480=VECTOR('',#8632,1000.);
#2481=VECTOR('',#8635,1000.);
#2482=VECTOR('',#8642,1000.);
#2483=VECTOR('',#8643,1000.);
#2484=VECTOR('',#8644,1000.);
#2485=VECTOR('',#8645,1000.);
#2486=VECTOR('',#8646,1000.);
#2487=VECTOR('',#8649,1000.);
#2488=VECTOR('',#8650,1000.);
#2489=VECTOR('',#8651,1000.);
#2490=VECTOR('',#8654,1000.);
#2491=VECTOR('',#8655,1000.);
#2492=VECTOR('',#8656,1000.);
#2493=VECTOR('',#8659,1000.);
#2494=VECTOR('',#8660,1000.);
#2495=VECTOR('',#8663,1000.);
#2496=VECTOR('',#8664,1000.);
#2497=VECTOR('',#8667,1000.);
#2498=VECTOR('',#8668,1000.);
#2499=VECTOR('',#8671,1000.);
#2500=VECTOR('',#8672,1000.);
#2501=VECTOR('',#8675,1000.);
#2502=VECTOR('',#8676,1000.);
#2503=VECTOR('',#8679,1000.);
#2504=VECTOR('',#8680,1000.);
#2505=VECTOR('',#8683,1000.);
#2506=VECTOR('',#8690,1000.);
#2507=VECTOR('',#8691,1000.);
#2508=VECTOR('',#8692,1000.);
#2509=VECTOR('',#8695,1000.);
#2510=VECTOR('',#8696,1000.);
#2511=VECTOR('',#8697,1000.);
#2512=VECTOR('',#8700,1000.);
#2513=VECTOR('',#8701,1000.);
#2514=VECTOR('',#8706,1000.);
#2515=VECTOR('',#8707,1000.);
#2516=VECTOR('',#8708,1000.);
#2517=VECTOR('',#8711,1000.);
#2518=VECTOR('',#8712,1000.);
#2519=VECTOR('',#8715,1000.);
#2520=VECTOR('',#8716,1000.);
#2521=VECTOR('',#8719,1000.);
#2522=VECTOR('',#8720,1000.);
#2523=VECTOR('',#8723,1000.);
#2524=VECTOR('',#8724,1000.);
#2525=VECTOR('',#8727,1000.);
#2526=VECTOR('',#8728,1000.);
#2527=VECTOR('',#8731,1000.);
#2528=VECTOR('',#8732,1000.);
#2529=VECTOR('',#8735,1000.);
#2530=VECTOR('',#8740,1000.);
#2531=VECTOR('',#8741,1000.);
#2532=VECTOR('',#8742,1000.);
#2533=VECTOR('',#8745,1000.);
#2534=VECTOR('',#8746,1000.);
#2535=VECTOR('',#8749,1000.);
#2536=VECTOR('',#8750,1000.);
#2537=VECTOR('',#8753,1000.);
#2538=VECTOR('',#8758,1000.);
#2539=VECTOR('',#8759,1000.);
#2540=VECTOR('',#8760,1000.);
#2541=VECTOR('',#8763,1000.);
#2542=VECTOR('',#8764,1000.);
#2543=VECTOR('',#8767,1000.);
#2544=VECTOR('',#8768,1000.);
#2545=VECTOR('',#8771,1000.);
#2546=VECTOR('',#8772,1000.);
#2547=VECTOR('',#8775,1000.);
#2548=VECTOR('',#8776,1000.);
#2549=VECTOR('',#8779,1000.);
#2550=VECTOR('',#8780,1000.);
#2551=VECTOR('',#8783,1000.);
#2552=VECTOR('',#8784,1000.);
#2553=VECTOR('',#8787,1000.);
#2554=VECTOR('',#8788,1000.);
#2555=VECTOR('',#8791,1000.);
#2556=VECTOR('',#8792,1000.);
#2557=VECTOR('',#8795,1000.);
#2558=VECTOR('',#8800,1000.);
#2559=VECTOR('',#8801,1000.);
#2560=VECTOR('',#8802,1000.);
#2561=VECTOR('',#8805,1000.);
#2562=VECTOR('',#8806,1000.);
#2563=VECTOR('',#8809,1000.);
#2564=VECTOR('',#8810,1000.);
#2565=VECTOR('',#8811,1000.);
#2566=VECTOR('',#8814,1000.);
#2567=VECTOR('',#8815,1000.);
#2568=VECTOR('',#8816,1000.);
#2569=VECTOR('',#8819,1000.);
#2570=VECTOR('',#8822,10.);
#2571=VECTOR('',#8823,10.);
#2572=VECTOR('',#8830,1000.);
#2573=VECTOR('',#8831,1000.);
#2574=VECTOR('',#8832,1000.);
#2575=VECTOR('',#8835,1000.);
#2576=VECTOR('',#8836,1000.);
#2577=VECTOR('',#8839,1000.);
#2578=VECTOR('',#8840,1000.);
#2579=VECTOR('',#8843,1000.);
#2580=VECTOR('',#8848,1000.);
#2581=VECTOR('',#8849,1000.);
#2582=VECTOR('',#8850,1000.);
#2583=VECTOR('',#8853,1000.);
#2584=VECTOR('',#8854,1000.);
#2585=VECTOR('',#8857,1000.);
#2586=VECTOR('',#8858,1000.);
#2587=VECTOR('',#8861,1000.);
#2588=VECTOR('',#8862,1000.);
#2589=VECTOR('',#8865,1000.);
#2590=VECTOR('',#8866,1000.);
#2591=VECTOR('',#8869,1000.);
#2592=VECTOR('',#8870,1000.);
#2593=VECTOR('',#8873,1000.);
#2594=VECTOR('',#8874,1000.);
#2595=VECTOR('',#8877,1000.);
#2596=VECTOR('',#8878,1000.);
#2597=VECTOR('',#8881,1000.);
#2598=VECTOR('',#8882,1000.);
#2599=VECTOR('',#8885,1000.);
#2600=VECTOR('',#8890,1000.);
#2601=VECTOR('',#8891,1000.);
#2602=VECTOR('',#8892,1000.);
#2603=VECTOR('',#8893,1000.);
#2604=VECTOR('',#8894,1000.);
#2605=VECTOR('',#8897,1000.);
#2606=VECTOR('',#8898,1000.);
#2607=VECTOR('',#8899,1000.);
#2608=VECTOR('',#8902,1000.);
#2609=VECTOR('',#8903,1000.);
#2610=VECTOR('',#8906,1000.);
#2611=VECTOR('',#8911,1000.);
#2612=VECTOR('',#8912,1000.);
#2613=VECTOR('',#8913,1000.);
#2614=VECTOR('',#8914,1000.);
#2615=VECTOR('',#8915,1000.);
#2616=VECTOR('',#8918,1000.);
#2617=VECTOR('',#8919,1000.);
#2618=VECTOR('',#8926,1000.);
#2619=VECTOR('',#8927,1000.);
#2620=VECTOR('',#8928,1000.);
#2621=VECTOR('',#8931,1000.);
#2622=VECTOR('',#8932,1000.);
#2623=VECTOR('',#8935,1000.);
#2624=VECTOR('',#8936,1000.);
#2625=VECTOR('',#8939,1000.);
#2626=VECTOR('',#8940,1000.);
#2627=VECTOR('',#8943,1000.);
#2628=VECTOR('',#8944,1000.);
#2629=VECTOR('',#8947,1000.);
#2630=VECTOR('',#8948,1000.);
#2631=VECTOR('',#8951,1000.);
#2632=VECTOR('',#8952,1000.);
#2633=VECTOR('',#8955,1000.);
#2634=VECTOR('',#8956,1000.);
#2635=VECTOR('',#8959,1000.);
#2636=VECTOR('',#8960,1000.);
#2637=VECTOR('',#8963,1000.);
#2638=VECTOR('',#8964,1000.);
#2639=VECTOR('',#8967,1000.);
#2640=VECTOR('',#8968,1000.);
#2641=VECTOR('',#8971,1000.);
#2642=VECTOR('',#8976,1000.);
#2643=VECTOR('',#8977,1000.);
#2644=VECTOR('',#8978,1000.);
#2645=VECTOR('',#8979,1000.);
#2646=VECTOR('',#8980,1000.);
#2647=VECTOR('',#8983,1000.);
#2648=VECTOR('',#8984,1000.);
#2649=VECTOR('',#8985,1000.);
#2650=VECTOR('',#8988,1000.);
#2651=VECTOR('',#8989,1000.);
#2652=VECTOR('',#8990,1000.);
#2653=VECTOR('',#8993,1000.);
#2654=VECTOR('',#8994,1000.);
#2655=VECTOR('',#8997,1000.);
#2656=VECTOR('',#8998,1000.);
#2657=VECTOR('',#9001,1000.);
#2658=VECTOR('',#9002,1000.);
#2659=VECTOR('',#9005,1000.);
#2660=VECTOR('',#9006,1000.);
#2661=VECTOR('',#9009,1000.);
#2662=VECTOR('',#9010,1000.);
#2663=VECTOR('',#9013,1000.);
#2664=VECTOR('',#9014,1000.);
#2665=VECTOR('',#9017,1000.);
#2666=VECTOR('',#9024,1000.);
#2667=VECTOR('',#9025,1000.);
#2668=VECTOR('',#9026,1000.);
#2669=VECTOR('',#9027,1000.);
#2670=VECTOR('',#9030,1000.);
#2671=VECTOR('',#9031,1000.);
#2672=VECTOR('',#9032,1000.);
#2673=VECTOR('',#9035,1000.);
#2674=VECTOR('',#9036,1000.);
#2675=VECTOR('',#9039,1000.);
#2676=VECTOR('',#9040,1000.);
#2677=VECTOR('',#9043,1000.);
#2678=VECTOR('',#9044,1000.);
#2679=VECTOR('',#9045,1000.);
#2680=VECTOR('',#9046,1000.);
#2681=VECTOR('',#9049,1000.);
#2682=VECTOR('',#9050,1000.);
#2683=VECTOR('',#9057,1000.);
#2684=VECTOR('',#9060,1000.);
#2685=VECTOR('',#9063,1000.);
#2686=VECTOR('',#9064,1000.);
#2687=VECTOR('',#9067,1000.);
#2688=VECTOR('',#9068,1000.);
#2689=VECTOR('',#9071,1000.);
#2690=VECTOR('',#9072,1000.);
#2691=VECTOR('',#9075,1000.);
#2692=VECTOR('',#9076,1000.);
#2693=VECTOR('',#9079,1000.);
#2694=VECTOR('',#9080,1000.);
#2695=VECTOR('',#9083,1000.);
#2696=VECTOR('',#9084,1000.);
#2697=VECTOR('',#9087,1000.);
#2698=VECTOR('',#9088,1000.);
#2699=VECTOR('',#9091,1000.);
#2700=VECTOR('',#9092,1000.);
#2701=VECTOR('',#9095,1000.);
#2702=VECTOR('',#9096,1000.);
#2703=VECTOR('',#9099,1000.);
#2704=VECTOR('',#9100,1000.);
#2705=VECTOR('',#9101,1000.);
#2706=VECTOR('',#9102,1000.);
#2707=VECTOR('',#9105,1000.);
#2708=VECTOR('',#9106,1000.);
#2709=VECTOR('',#9107,1000.);
#2710=VECTOR('',#9116,1000.);
#2711=VECTOR('',#9121,1000.);
#2712=VECTOR('',#9122,1000.);
#2713=VECTOR('',#9125,1000.);
#2714=VECTOR('',#9126,1000.);
#2715=VECTOR('',#9127,1000.);
#2716=VECTOR('',#9130,1000.);
#2717=VECTOR('',#9131,1000.);
#2718=VECTOR('',#9132,1000.);
#2719=VECTOR('',#9135,1000.);
#2720=VECTOR('',#9136,1000.);
#2721=VECTOR('',#9137,1000.);
#2722=VECTOR('',#9140,1000.);
#2723=VECTOR('',#9145,1000.);
#2724=VECTOR('',#9146,1000.);
#2725=VECTOR('',#9147,1000.);
#2726=VECTOR('',#9150,1000.);
#2727=VECTOR('',#9151,1000.);
#2728=VECTOR('',#9152,1000.);
#2729=VECTOR('',#9155,1000.);
#2730=VECTOR('',#9156,1000.);
#2731=VECTOR('',#9159,1000.);
#2732=VECTOR('',#9162,1000.);
#2733=VECTOR('',#9163,1000.);
#2734=VECTOR('',#9166,1000.);
#2735=VECTOR('',#9171,1000.);
#2736=VECTOR('',#9172,1000.);
#2737=VECTOR('',#9173,1000.);
#2738=VECTOR('',#9174,1000.);
#2739=VECTOR('',#9175,1000.);
#2740=VECTOR('',#9178,1000.);
#2741=VECTOR('',#9179,1000.);
#2742=VECTOR('',#9180,1000.);
#2743=VECTOR('',#9183,1000.);
#2744=VECTOR('',#9184,1000.);
#2745=VECTOR('',#9187,1000.);
#2746=VECTOR('',#9194,3.00000004470348);
#2747=VECTOR('',#9201,3.00000004470348);
#2748=VECTOR('',#9208,3.00000004470348);
#2749=VECTOR('',#9215,3.00000004470348);
#2750=VECTOR('',#9222,8.50000012665987);
#2751=VECTOR('',#9227,10.);
#2752=VECTOR('',#9228,10.);
#2753=VECTOR('',#9229,10.);
#2754=VECTOR('',#9230,10.);
#2755=VECTOR('',#9233,10.);
#2756=VECTOR('',#9234,10.);
#2757=VECTOR('',#9235,10.);
#2758=VECTOR('',#9238,10.);
#2759=VECTOR('',#9239,10.);
#2760=VECTOR('',#9240,10.);
#2761=VECTOR('',#9243,10.);
#2762=VECTOR('',#9244,10.);
#2763=VECTOR('',#9253,4.99999955296519);
#2764=VECTOR('',#9262,7.5);
#2765=VECTOR('',#9277,4.99999955296519);
#2766=VECTOR('',#9292,6.);
#2767=VECTOR('',#9307,12.5);
#2768=VECTOR('',#9312,1.);
#2769=VECTOR('',#9321,10.);
#2770=VECTOR('',#9324,10.);
#2771=VECTOR('',#9373,3.00000004470348);
#2772=VECTOR('',#9380,3.00000004470348);
#2773=VECTOR('',#9387,3.00000004470348);
#2774=VECTOR('',#9394,3.00000004470348);
#2775=VECTOR('',#9401,7.);
#2776=VECTOR('',#9404,10.);
#2777=VECTOR('',#9407,10.);
#2778=VECTOR('',#9408,0.999999999999996);
#2779=VECTOR('',#9417,0.999999999999996);
#2780=VECTOR('',#9422,1.00000000000001);
#2781=VECTOR('',#9427,1.);
#2782=VECTOR('',#9432,0.999999999999996);
#2783=VECTOR('',#9437,1.00000000000001);
#2784=VECTOR('',#9442,1.);
#2785=VECTOR('',#9447,10.);
#2786=VECTOR('',#9450,10.);
#2787=VECTOR('',#9453,10.);
#2788=VECTOR('',#9454,10.);
#2789=VECTOR('',#9455,10.);
#2790=VECTOR('',#9460,10.);
#2791=VECTOR('',#9465,10.);
#2792=VECTOR('',#9466,10.);
#2793=VECTOR('',#9467,10.);
#2794=VECTOR('',#9472,10.);
#2795=VECTOR('',#9477,10.);
#2796=VECTOR('',#9478,10.);
#2797=VECTOR('',#9481,10.);
#2798=VECTOR('',#9484,10.);
#2799=VECTOR('',#9491,2.00000005960464);
#2800=VECTOR('',#9510,2.85);
#2801=VECTOR('',#9517,2.00000005960464);
#2802=VECTOR('',#9536,2.85);
#2803=VECTOR('',#9543,2.00000005960464);
#2804=VECTOR('',#9562,2.85);
#2805=VECTOR('',#9569,2.00000005960464);
#2806=VECTOR('',#9588,2.85);
#2807=VERTEX_POINT('',#9602);
#2808=VERTEX_POINT('',#9603);
#2809=VERTEX_POINT('',#9605);
#2810=VERTEX_POINT('',#9607);
#2811=VERTEX_POINT('',#9609);
#2812=VERTEX_POINT('',#9611);
#2813=VERTEX_POINT('',#9613);
#2814=VERTEX_POINT('',#9615);
#2815=VERTEX_POINT('',#9617);
#2816=VERTEX_POINT('',#9619);
#2817=VERTEX_POINT('',#9621);
#2818=VERTEX_POINT('',#9623);
#2819=VERTEX_POINT('',#9625);
#2820=VERTEX_POINT('',#9627);
#2821=VERTEX_POINT('',#9629);
#2822=VERTEX_POINT('',#9631);
#2823=VERTEX_POINT('',#9634);
#2824=VERTEX_POINT('',#9636);
#2825=VERTEX_POINT('',#9637);
#2826=VERTEX_POINT('',#9639);
#2827=VERTEX_POINT('',#9641);
#2828=VERTEX_POINT('',#9644);
#2829=VERTEX_POINT('',#9645);
#2830=VERTEX_POINT('',#9647);
#2831=VERTEX_POINT('',#9649);
#2832=VERTEX_POINT('',#9651);
#2833=VERTEX_POINT('',#9656);
#2834=VERTEX_POINT('',#9658);
#2835=VERTEX_POINT('',#9664);
#2836=VERTEX_POINT('',#9665);
#2837=VERTEX_POINT('',#9667);
#2838=VERTEX_POINT('',#9669);
#2839=VERTEX_POINT('',#9672);
#2840=VERTEX_POINT('',#9673);
#2841=VERTEX_POINT('',#9675);
#2842=VERTEX_POINT('',#9685);
#2843=VERTEX_POINT('',#9692);
#2844=VERTEX_POINT('',#9694);
#2845=VERTEX_POINT('',#9709);
#2846=VERTEX_POINT('',#9712);
#2847=VERTEX_POINT('',#9713);
#2848=VERTEX_POINT('',#9715);
#2849=VERTEX_POINT('',#9717);
#2850=VERTEX_POINT('',#9719);
#2851=VERTEX_POINT('',#9721);
#2852=VERTEX_POINT('',#9723);
#2853=VERTEX_POINT('',#9725);
#2854=VERTEX_POINT('',#9727);
#2855=VERTEX_POINT('',#9729);
#2856=VERTEX_POINT('',#9731);
#2857=VERTEX_POINT('',#9733);
#2858=VERTEX_POINT('',#9736);
#2859=VERTEX_POINT('',#9737);
#2860=VERTEX_POINT('',#9739);
#2861=VERTEX_POINT('',#9746);
#2862=VERTEX_POINT('',#9748);
#2863=VERTEX_POINT('',#9756);
#2864=VERTEX_POINT('',#9758);
#2865=VERTEX_POINT('',#9760);
#2866=VERTEX_POINT('',#9769);
#2867=VERTEX_POINT('',#9770);
#2868=VERTEX_POINT('',#9778);
#2869=VERTEX_POINT('',#9780);
#2870=VERTEX_POINT('',#9789);
#2871=VERTEX_POINT('',#9791);
#2872=VERTEX_POINT('',#9800);
#2873=VERTEX_POINT('',#9802);
#2874=VERTEX_POINT('',#9810);
#2875=VERTEX_POINT('',#9811);
#2876=VERTEX_POINT('',#9813);
#2877=VERTEX_POINT('',#9823);
#2878=VERTEX_POINT('',#9830);
#2879=VERTEX_POINT('',#9832);
#2880=VERTEX_POINT('',#9845);
#2881=VERTEX_POINT('',#9848);
#2882=VERTEX_POINT('',#9849);
#2883=VERTEX_POINT('',#9851);
#2884=VERTEX_POINT('',#9853);
#2885=VERTEX_POINT('',#9862);
#2886=VERTEX_POINT('',#9864);
#2887=VERTEX_POINT('',#9866);
#2888=VERTEX_POINT('',#9869);
#2889=VERTEX_POINT('',#9870);
#2890=VERTEX_POINT('',#9872);
#2891=VERTEX_POINT('',#9874);
#2892=VERTEX_POINT('',#9876);
#2893=VERTEX_POINT('',#9878);
#2894=VERTEX_POINT('',#9880);
#2895=VERTEX_POINT('',#9882);
#2896=VERTEX_POINT('',#9884);
#2897=VERTEX_POINT('',#9886);
#2898=VERTEX_POINT('',#9888);
#2899=VERTEX_POINT('',#9891);
#2900=VERTEX_POINT('',#9892);
#2901=VERTEX_POINT('',#9894);
#2902=VERTEX_POINT('',#9896);
#2903=VERTEX_POINT('',#9898);
#2904=VERTEX_POINT('',#9900);
#2905=VERTEX_POINT('',#9902);
#2906=VERTEX_POINT('',#9904);
#2907=VERTEX_POINT('',#9907);
#2908=VERTEX_POINT('',#9908);
#2909=VERTEX_POINT('',#9921);
#2910=VERTEX_POINT('',#9922);
#2911=VERTEX_POINT('',#9924);
#2912=VERTEX_POINT('',#9926);
#2913=VERTEX_POINT('',#9928);
#2914=VERTEX_POINT('',#9930);
#2915=VERTEX_POINT('',#9932);
#2916=VERTEX_POINT('',#9934);
#2917=VERTEX_POINT('',#9936);
#2918=VERTEX_POINT('',#9938);
#2919=VERTEX_POINT('',#9941);
#2920=VERTEX_POINT('',#9958);
#2921=VERTEX_POINT('',#9959);
#2922=VERTEX_POINT('',#9961);
#2923=VERTEX_POINT('',#9963);
#2924=VERTEX_POINT('',#9965);
#2925=VERTEX_POINT('',#9967);
#2926=VERTEX_POINT('',#9969);
#2927=VERTEX_POINT('',#9971);
#2928=VERTEX_POINT('',#9973);
#2929=VERTEX_POINT('',#9975);
#2930=VERTEX_POINT('',#9978);
#2931=VERTEX_POINT('',#9979);
#2932=VERTEX_POINT('',#9981);
#2933=VERTEX_POINT('',#9983);
#2934=VERTEX_POINT('',#9985);
#2935=VERTEX_POINT('',#9987);
#2936=VERTEX_POINT('',#9989);
#2937=VERTEX_POINT('',#9991);
#2938=VERTEX_POINT('',#9994);
#2939=VERTEX_POINT('',#9997);
#2940=VERTEX_POINT('',#9998);
#2941=VERTEX_POINT('',#10000);
#2942=VERTEX_POINT('',#10002);
#2943=VERTEX_POINT('',#10004);
#2944=VERTEX_POINT('',#10006);
#2945=VERTEX_POINT('',#10008);
#2946=VERTEX_POINT('',#10010);
#2947=VERTEX_POINT('',#10013);
#2948=VERTEX_POINT('',#10015);
#2949=VERTEX_POINT('',#10018);
#2950=VERTEX_POINT('',#10030);
#2951=VERTEX_POINT('',#10031);
#2952=VERTEX_POINT('',#10037);
#2953=VERTEX_POINT('',#10047);
#2954=VERTEX_POINT('',#10049);
#2955=VERTEX_POINT('',#10062);
#2956=VERTEX_POINT('',#10064);
#2957=VERTEX_POINT('',#10077);
#2958=VERTEX_POINT('',#10079);
#2959=VERTEX_POINT('',#10081);
#2960=VERTEX_POINT('',#10083);
#2961=VERTEX_POINT('',#10086);
#2962=VERTEX_POINT('',#10087);
#2963=VERTEX_POINT('',#10089);
#2964=VERTEX_POINT('',#10091);
#2965=VERTEX_POINT('',#10093);
#2966=VERTEX_POINT('',#10099);
#2967=VERTEX_POINT('',#10101);
#2968=VERTEX_POINT('',#10108);
#2969=VERTEX_POINT('',#10110);
#2970=VERTEX_POINT('',#10112);
#2971=VERTEX_POINT('',#10114);
#2972=VERTEX_POINT('',#10123);
#2973=VERTEX_POINT('',#10131);
#2974=VERTEX_POINT('',#10132);
#2975=VERTEX_POINT('',#10134);
#2976=VERTEX_POINT('',#10143);
#2977=VERTEX_POINT('',#10146);
#2978=VERTEX_POINT('',#10147);
#2979=VERTEX_POINT('',#10149);
#2980=VERTEX_POINT('',#10151);
#2981=VERTEX_POINT('',#10157);
#2982=VERTEX_POINT('',#10168);
#2983=VERTEX_POINT('',#10169);
#2984=VERTEX_POINT('',#10171);
#2985=VERTEX_POINT('',#10173);
#2986=VERTEX_POINT('',#10175);
#2987=VERTEX_POINT('',#10177);
#2988=VERTEX_POINT('',#10179);
#2989=VERTEX_POINT('',#10181);
#2990=VERTEX_POINT('',#10184);
#2991=VERTEX_POINT('',#10185);
#2992=VERTEX_POINT('',#10187);
#2993=VERTEX_POINT('',#10189);
#2994=VERTEX_POINT('',#10191);
#2995=VERTEX_POINT('',#10193);
#2996=VERTEX_POINT('',#10195);
#2997=VERTEX_POINT('',#10197);
#2998=VERTEX_POINT('',#10200);
#2999=VERTEX_POINT('',#10212);
#3000=VERTEX_POINT('',#10213);
#3001=VERTEX_POINT('',#10215);
#3002=VERTEX_POINT('',#10217);
#3003=VERTEX_POINT('',#10226);
#3004=VERTEX_POINT('',#10228);
#3005=VERTEX_POINT('',#10230);
#3006=VERTEX_POINT('',#10232);
#3007=VERTEX_POINT('',#10235);
#3008=VERTEX_POINT('',#10236);
#3009=VERTEX_POINT('',#10238);
#3010=VERTEX_POINT('',#10249);
#3011=VERTEX_POINT('',#10251);
#3012=VERTEX_POINT('',#10263);
#3013=VERTEX_POINT('',#10265);
#3014=VERTEX_POINT('',#10267);
#3015=VERTEX_POINT('',#10270);
#3016=VERTEX_POINT('',#10271);
#3017=VERTEX_POINT('',#10273);
#3018=VERTEX_POINT('',#10275);
#3019=VERTEX_POINT('',#10279);
#3020=VERTEX_POINT('',#10281);
#3021=VERTEX_POINT('',#10284);
#3022=VERTEX_POINT('',#10288);
#3023=VERTEX_POINT('',#10289);
#3024=VERTEX_POINT('',#10291);
#3025=VERTEX_POINT('',#10293);
#3026=VERTEX_POINT('',#10295);
#3027=VERTEX_POINT('',#10297);
#3028=VERTEX_POINT('',#10299);
#3029=VERTEX_POINT('',#10301);
#3030=VERTEX_POINT('',#10303);
#3031=VERTEX_POINT('',#10305);
#3032=VERTEX_POINT('',#10309);
#3033=VERTEX_POINT('',#10311);
#3034=VERTEX_POINT('',#10315);
#3035=VERTEX_POINT('',#10319);
#3036=VERTEX_POINT('',#10323);
#3037=VERTEX_POINT('',#10325);
#3038=VERTEX_POINT('',#10327);
#3039=VERTEX_POINT('',#10331);
#3040=VERTEX_POINT('',#10333);
#3041=VERTEX_POINT('',#10337);
#3042=VERTEX_POINT('',#10339);
#3043=VERTEX_POINT('',#10344);
#3044=VERTEX_POINT('',#10348);
#3045=VERTEX_POINT('',#10352);
#3046=VERTEX_POINT('',#10361);
#3047=VERTEX_POINT('',#10363);
#3048=VERTEX_POINT('',#10366);
#3049=VERTEX_POINT('',#10367);
#3050=VERTEX_POINT('',#10369);
#3051=VERTEX_POINT('',#10371);
#3052=VERTEX_POINT('',#10375);
#3053=VERTEX_POINT('',#10379);
#3054=VERTEX_POINT('',#10383);
#3055=VERTEX_POINT('',#10387);
#3056=VERTEX_POINT('',#10390);
#3057=VERTEX_POINT('',#10391);
#3058=VERTEX_POINT('',#10393);
#3059=VERTEX_POINT('',#10395);
#3060=VERTEX_POINT('',#10399);
#3061=VERTEX_POINT('',#10405);
#3062=VERTEX_POINT('',#10409);
#3063=VERTEX_POINT('',#10413);
#3064=VERTEX_POINT('',#10417);
#3065=VERTEX_POINT('',#10421);
#3066=VERTEX_POINT('',#10425);
#3067=VERTEX_POINT('',#10431);
#3068=VERTEX_POINT('',#10435);
#3069=VERTEX_POINT('',#10440);
#3070=VERTEX_POINT('',#10442);
#3071=VERTEX_POINT('',#10446);
#3072=VERTEX_POINT('',#10448);
#3073=VERTEX_POINT('',#10452);
#3074=VERTEX_POINT('',#10453);
#3075=VERTEX_POINT('',#10455);
#3076=VERTEX_POINT('',#10458);
#3077=VERTEX_POINT('',#10462);
#3078=VERTEX_POINT('',#10463);
#3079=VERTEX_POINT('',#10468);
#3080=VERTEX_POINT('',#10469);
#3081=VERTEX_POINT('',#10472);
#3082=VERTEX_POINT('',#10474);
#3083=VERTEX_POINT('',#10478);
#3084=VERTEX_POINT('',#10480);
#3085=VERTEX_POINT('',#10484);
#3086=VERTEX_POINT('',#10486);
#3087=VERTEX_POINT('',#10490);
#3088=VERTEX_POINT('',#10492);
#3089=VERTEX_POINT('',#10503);
#3090=VERTEX_POINT('',#10504);
#3091=VERTEX_POINT('',#10506);
#3092=VERTEX_POINT('',#10508);
#3093=VERTEX_POINT('',#10510);
#3094=VERTEX_POINT('',#10512);
#3095=VERTEX_POINT('',#10514);
#3096=VERTEX_POINT('',#10517);
#3097=VERTEX_POINT('',#10521);
#3098=VERTEX_POINT('',#10523);
#3099=VERTEX_POINT('',#10527);
#3100=VERTEX_POINT('',#10531);
#3101=VERTEX_POINT('',#10535);
#3102=VERTEX_POINT('',#10537);
#3103=VERTEX_POINT('',#10539);
#3104=VERTEX_POINT('',#10543);
#3105=VERTEX_POINT('',#10545);
#3106=VERTEX_POINT('',#10550);
#3107=VERTEX_POINT('',#10552);
#3108=VERTEX_POINT('',#10556);
#3109=VERTEX_POINT('',#10570);
#3110=VERTEX_POINT('',#10572);
#3111=VERTEX_POINT('',#10576);
#3112=VERTEX_POINT('',#10578);
#3113=VERTEX_POINT('',#10582);
#3114=VERTEX_POINT('',#10584);
#3115=VERTEX_POINT('',#10588);
#3116=VERTEX_POINT('',#10590);
#3117=VERTEX_POINT('',#10599);
#3118=VERTEX_POINT('',#10603);
#3119=VERTEX_POINT('',#10607);
#3120=VERTEX_POINT('',#10611);
#3121=VERTEX_POINT('',#10615);
#3122=VERTEX_POINT('',#10619);
#3123=VERTEX_POINT('',#10626);
#3124=VERTEX_POINT('',#10628);
#3125=VERTEX_POINT('',#10651);
#3126=VERTEX_POINT('',#10664);
#3127=VERTEX_POINT('',#10689);
#3128=VERTEX_POINT('',#10703);
#3129=VERTEX_POINT('',#10707);
#3130=VERTEX_POINT('',#10711);
#3131=VERTEX_POINT('',#10741);
#3132=VERTEX_POINT('',#10754);
#3133=VERTEX_POINT('',#10790);
#3134=VERTEX_POINT('',#10806);
#3135=VERTEX_POINT('',#10808);
#3136=VERTEX_POINT('',#10812);
#3137=VERTEX_POINT('',#10831);
#3138=VERTEX_POINT('',#10842);
#3139=VERTEX_POINT('',#10846);
#3140=VERTEX_POINT('',#10850);
#3141=VERTEX_POINT('',#10854);
#3142=VERTEX_POINT('',#10870);
#3143=VERTEX_POINT('',#10872);
#3144=VERTEX_POINT('',#10897);
#3145=VERTEX_POINT('',#10909);
#3146=VERTEX_POINT('',#10936);
#3147=VERTEX_POINT('',#10951);
#3148=VERTEX_POINT('',#10978);
#3149=VERTEX_POINT('',#10993);
#3150=VERTEX_POINT('',#10997);
#3151=VERTEX_POINT('',#11001);
#3152=VERTEX_POINT('',#11005);
#3153=VERTEX_POINT('',#11035);
#3154=VERTEX_POINT('',#11048);
#3155=VERTEX_POINT('',#11084);
#3156=VERTEX_POINT('',#11100);
#3157=VERTEX_POINT('',#11102);
#3158=VERTEX_POINT('',#11106);
#3159=VERTEX_POINT('',#11110);
#3160=VERTEX_POINT('',#11123);
#3161=VERTEX_POINT('',#11131);
#3162=VERTEX_POINT('',#11146);
#3163=VERTEX_POINT('',#11155);
#3164=VERTEX_POINT('',#11159);
#3165=VERTEX_POINT('',#11163);
#3166=VERTEX_POINT('',#11182);
#3167=VERTEX_POINT('',#11193);
#3168=VERTEX_POINT('',#11216);
#3169=VERTEX_POINT('',#11217);
#3170=VERTEX_POINT('',#11219);
#3171=VERTEX_POINT('',#11221);
#3172=VERTEX_POINT('',#11234);
#3173=VERTEX_POINT('',#11240);
#3174=VERTEX_POINT('',#11248);
#3175=VERTEX_POINT('',#11250);
#3176=VERTEX_POINT('',#11254);
#3177=VERTEX_POINT('',#11256);
#3178=VERTEX_POINT('',#11260);
#3179=VERTEX_POINT('',#11264);
#3180=VERTEX_POINT('',#11268);
#3181=VERTEX_POINT('',#11272);
#3182=VERTEX_POINT('',#11276);
#3183=VERTEX_POINT('',#11280);
#3184=VERTEX_POINT('',#11312);
#3185=VERTEX_POINT('',#11314);
#3186=VERTEX_POINT('',#11333);
#3187=VERTEX_POINT('',#11344);
#3188=VERTEX_POINT('',#11361);
#3189=VERTEX_POINT('',#11362);
#3190=VERTEX_POINT('',#11370);
#3191=VERTEX_POINT('',#11372);
#3192=VERTEX_POINT('',#11389);
#3193=VERTEX_POINT('',#11390);
#3194=VERTEX_POINT('',#11392);
#3195=VERTEX_POINT('',#11394);
#3196=VERTEX_POINT('',#11407);
#3197=VERTEX_POINT('',#11413);
#3198=VERTEX_POINT('',#11421);
#3199=VERTEX_POINT('',#11423);
#3200=VERTEX_POINT('',#11427);
#3201=VERTEX_POINT('',#11429);
#3202=VERTEX_POINT('',#11433);
#3203=VERTEX_POINT('',#11437);
#3204=VERTEX_POINT('',#11441);
#3205=VERTEX_POINT('',#11445);
#3206=VERTEX_POINT('',#11449);
#3207=VERTEX_POINT('',#11453);
#3208=VERTEX_POINT('',#11485);
#3209=VERTEX_POINT('',#11487);
#3210=VERTEX_POINT('',#11491);
#3211=VERTEX_POINT('',#11504);
#3212=VERTEX_POINT('',#11512);
#3213=VERTEX_POINT('',#11544);
#3214=VERTEX_POINT('',#11546);
#3215=VERTEX_POINT('',#11550);
#3216=VERTEX_POINT('',#11554);
#3217=VERTEX_POINT('',#11558);
#3218=VERTEX_POINT('',#11562);
#3219=VERTEX_POINT('',#11566);
#3220=VERTEX_POINT('',#11570);
#3221=VERTEX_POINT('',#11577);
#3222=VERTEX_POINT('',#11579);
#3223=VERTEX_POINT('',#11583);
#3224=VERTEX_POINT('',#11587);
#3225=VERTEX_POINT('',#11594);
#3226=VERTEX_POINT('',#11596);
#3227=VERTEX_POINT('',#11600);
#3228=VERTEX_POINT('',#11604);
#3229=VERTEX_POINT('',#11608);
#3230=VERTEX_POINT('',#11612);
#3231=VERTEX_POINT('',#11616);
#3232=VERTEX_POINT('',#11620);
#3233=VERTEX_POINT('',#11624);
#3234=VERTEX_POINT('',#11628);
#3235=VERTEX_POINT('',#11635);
#3236=VERTEX_POINT('',#11637);
#3237=VERTEX_POINT('',#11641);
#3238=VERTEX_POINT('',#11645);
#3239=VERTEX_POINT('',#11656);
#3240=VERTEX_POINT('',#11663);
#3241=VERTEX_POINT('',#11674);
#3242=VERTEX_POINT('',#11713);
#3243=VERTEX_POINT('',#11729);
#3244=VERTEX_POINT('',#11778);
#3245=VERTEX_POINT('',#11799);
#3246=VERTEX_POINT('',#11801);
#3247=VERTEX_POINT('',#11805);
#3248=VERTEX_POINT('',#11809);
#3249=VERTEX_POINT('',#11816);
#3250=VERTEX_POINT('',#11818);
#3251=VERTEX_POINT('',#11822);
#3252=VERTEX_POINT('',#11826);
#3253=VERTEX_POINT('',#11830);
#3254=VERTEX_POINT('',#11834);
#3255=VERTEX_POINT('',#11838);
#3256=VERTEX_POINT('',#11842);
#3257=VERTEX_POINT('',#11846);
#3258=VERTEX_POINT('',#11850);
#3259=VERTEX_POINT('',#11857);
#3260=VERTEX_POINT('',#11859);
#3261=VERTEX_POINT('',#11880);
#3262=VERTEX_POINT('',#11903);
#3263=VERTEX_POINT('',#11912);
#3264=VERTEX_POINT('',#11943);
#3265=VERTEX_POINT('',#11960);
#3266=VERTEX_POINT('',#11967);
#3267=VERTEX_POINT('',#11969);
#3268=VERTEX_POINT('',#11990);
#3269=VERTEX_POINT('',#11991);
#3270=VERTEX_POINT('',#12001);
#3271=VERTEX_POINT('',#12003);
#3272=VERTEX_POINT('',#12053);
#3273=VERTEX_POINT('',#12055);
#3274=VERTEX_POINT('',#12059);
#3275=VERTEX_POINT('',#12063);
#3276=VERTEX_POINT('',#12067);
#3277=VERTEX_POINT('',#12071);
#3278=VERTEX_POINT('',#12075);
#3279=VERTEX_POINT('',#12079);
#3280=VERTEX_POINT('',#12083);
#3281=VERTEX_POINT('',#12087);
#3282=VERTEX_POINT('',#12091);
#3283=VERTEX_POINT('',#12095);
#3284=VERTEX_POINT('',#12102);
#3285=VERTEX_POINT('',#12103);
#3286=VERTEX_POINT('',#12105);
#3287=VERTEX_POINT('',#12107);
#3288=VERTEX_POINT('',#12122);
#3289=VERTEX_POINT('',#12129);
#3290=VERTEX_POINT('',#12138);
#3291=VERTEX_POINT('',#12140);
#3292=VERTEX_POINT('',#12144);
#3293=VERTEX_POINT('',#12146);
#3294=VERTEX_POINT('',#12150);
#3295=VERTEX_POINT('',#12154);
#3296=VERTEX_POINT('',#12158);
#3297=VERTEX_POINT('',#12162);
#3298=VERTEX_POINT('',#12166);
#3299=VERTEX_POINT('',#12170);
#3300=VERTEX_POINT('',#12202);
#3301=VERTEX_POINT('',#12204);
#3302=VERTEX_POINT('',#12219);
#3303=VERTEX_POINT('',#12228);
#3304=VERTEX_POINT('',#12245);
#3305=VERTEX_POINT('',#12255);
#3306=VERTEX_POINT('',#12259);
#3307=VERTEX_POINT('',#12263);
#3308=VERTEX_POINT('',#12286);
#3309=VERTEX_POINT('',#12287);
#3310=VERTEX_POINT('',#12298);
#3311=VERTEX_POINT('',#12300);
#3312=VERTEX_POINT('',#12339);
#3313=VERTEX_POINT('',#12341);
#3314=VERTEX_POINT('',#12345);
#3315=VERTEX_POINT('',#12349);
#3316=VERTEX_POINT('',#12353);
#3317=VERTEX_POINT('',#12357);
#3318=VERTEX_POINT('',#12361);
#3319=VERTEX_POINT('',#12365);
#3320=VERTEX_POINT('',#12369);
#3321=VERTEX_POINT('',#12373);
#3322=VERTEX_POINT('',#12377);
#3323=VERTEX_POINT('',#12381);
#3324=VERTEX_POINT('',#12382);
#3325=VERTEX_POINT('',#12384);
#3326=VERTEX_POINT('',#12386);
#3327=VERTEX_POINT('',#12390);
#3328=VERTEX_POINT('',#12392);
#3329=VERTEX_POINT('',#12416);
#3330=VERTEX_POINT('',#12418);
#3331=VERTEX_POINT('',#12428);
#3332=VERTEX_POINT('',#12447);
#3333=VERTEX_POINT('',#12458);
#3334=VERTEX_POINT('',#12477);
#3335=VERTEX_POINT('',#12488);
#3336=VERTEX_POINT('',#12503);
#3337=VERTEX_POINT('',#12515);
#3338=VERTEX_POINT('',#12517);
#3339=VERTEX_POINT('',#12521);
#3340=VERTEX_POINT('',#12540);
#3341=VERTEX_POINT('',#12551);
#3342=VERTEX_POINT('',#12562);
#3343=VERTEX_POINT('',#12566);
#3344=VERTEX_POINT('',#12573);
#3345=VERTEX_POINT('',#12575);
#3346=VERTEX_POINT('',#12596);
#3347=VERTEX_POINT('',#12619);
#3348=VERTEX_POINT('',#12628);
#3349=VERTEX_POINT('',#12655);
#3350=VERTEX_POINT('',#12670);
#3351=VERTEX_POINT('',#12677);
#3352=VERTEX_POINT('',#12679);
#3353=VERTEX_POINT('',#12683);
#3354=VERTEX_POINT('',#12685);
#3355=VERTEX_POINT('',#12689);
#3356=VERTEX_POINT('',#12691);
#3357=VERTEX_POINT('',#12695);
#3358=VERTEX_POINT('',#12697);
#3359=VERTEX_POINT('',#12701);
#3360=VERTEX_POINT('',#12703);
#3361=VERTEX_POINT('',#12707);
#3362=VERTEX_POINT('',#12708);
#3363=VERTEX_POINT('',#12710);
#3364=VERTEX_POINT('',#12712);
#3365=VERTEX_POINT('',#12716);
#3366=VERTEX_POINT('',#12718);
#3367=VERTEX_POINT('',#12722);
#3368=VERTEX_POINT('',#12724);
#3369=VERTEX_POINT('',#12733);
#3370=VERTEX_POINT('',#12735);
#3371=VERTEX_POINT('',#12740);
#3372=VERTEX_POINT('',#12741);
#3373=VERTEX_POINT('',#12743);
#3374=VERTEX_POINT('',#12749);
#3375=VERTEX_POINT('',#12752);
#3376=VERTEX_POINT('',#12754);
#3377=VERTEX_POINT('',#12759);
#3378=VERTEX_POINT('',#12762);
#3379=VERTEX_POINT('',#12765);
#3380=VERTEX_POINT('',#12769);
#3381=VERTEX_POINT('',#12773);
#3382=VERTEX_POINT('',#12778);
#3383=VERTEX_POINT('',#12780);
#3384=VERTEX_POINT('',#12785);
#3385=VERTEX_POINT('',#12786);
#3386=VERTEX_POINT('',#12788);
#3387=VERTEX_POINT('',#12790);
#3388=VERTEX_POINT('',#12794);
#3389=VERTEX_POINT('',#12797);
#3390=VERTEX_POINT('',#12798);
#3391=VERTEX_POINT('',#12800);
#3392=VERTEX_POINT('',#12804);
#3393=VERTEX_POINT('',#12807);
#3394=VERTEX_POINT('',#12810);
#3395=VERTEX_POINT('',#12813);
#3396=VERTEX_POINT('',#12816);
#3397=VERTEX_POINT('',#12819);
#3398=VERTEX_POINT('',#12822);
#3399=VERTEX_POINT('',#12824);
#3400=VERTEX_POINT('',#12828);
#3401=VERTEX_POINT('',#12830);
#3402=VERTEX_POINT('',#12834);
#3403=VERTEX_POINT('',#12836);
#3404=VERTEX_POINT('',#12840);
#3405=VERTEX_POINT('',#12842);
#3406=VERTEX_POINT('',#12846);
#3407=VERTEX_POINT('',#12848);
#3408=VERTEX_POINT('',#12852);
#3409=VERTEX_POINT('',#12856);
#3410=VERTEX_POINT('',#12858);
#3411=VERTEX_POINT('',#12865);
#3412=VERTEX_POINT('',#12869);
#3413=VERTEX_POINT('',#12873);
#3414=VERTEX_POINT('',#12877);
#3415=VERTEX_POINT('',#12881);
#3416=VERTEX_POINT('',#12885);
#3417=VERTEX_POINT('',#12889);
#3418=VERTEX_POINT('',#12890);
#3419=VERTEX_POINT('',#12892);
#3420=VERTEX_POINT('',#12894);
#3421=VERTEX_POINT('',#12898);
#3422=VERTEX_POINT('',#12900);
#3423=VERTEX_POINT('',#12904);
#3424=VERTEX_POINT('',#12906);
#3425=VERTEX_POINT('',#12910);
#3426=VERTEX_POINT('',#12911);
#3427=VERTEX_POINT('',#12916);
#3428=VERTEX_POINT('',#12918);
#3429=VERTEX_POINT('',#12930);
#3430=VERTEX_POINT('',#12931);
#3431=VERTEX_POINT('',#12933);
#3432=VERTEX_POINT('',#12965);
#3433=VERTEX_POINT('',#12969);
#3434=VERTEX_POINT('',#12972);
#3435=VERTEX_POINT('',#12977);
#3436=VERTEX_POINT('',#12978);
#3437=VERTEX_POINT('',#12980);
#3438=VERTEX_POINT('',#13012);
#3439=VERTEX_POINT('',#13016);
#3440=VERTEX_POINT('',#13019);
#3441=VERTEX_POINT('',#13024);
#3442=VERTEX_POINT('',#13025);
#3443=VERTEX_POINT('',#13027);
#3444=VERTEX_POINT('',#13059);
#3445=VERTEX_POINT('',#13063);
#3446=VERTEX_POINT('',#13066);
#3447=VERTEX_POINT('',#13071);
#3448=VERTEX_POINT('',#13072);
#3449=VERTEX_POINT('',#13074);
#3450=VERTEX_POINT('',#13106);
#3451=VERTEX_POINT('',#13110);
#3452=VERTEX_POINT('',#13113);
#3453=EDGE_CURVE('',#2807,#2808,#1341,.T.);
#3454=EDGE_CURVE('',#2809,#2807,#1342,.T.);
#3455=EDGE_CURVE('',#2810,#2809,#1343,.T.);
#3456=EDGE_CURVE('',#2811,#2810,#1344,.T.);
#3457=EDGE_CURVE('',#2812,#2811,#1345,.T.);
#3458=EDGE_CURVE('',#2813,#2812,#1346,.T.);
#3459=EDGE_CURVE('',#2814,#2813,#1347,.T.);
#3460=EDGE_CURVE('',#2815,#2814,#1348,.T.);
#3461=EDGE_CURVE('',#2816,#2815,#1349,.T.);
#3462=EDGE_CURVE('',#2817,#2816,#1350,.T.);
#3463=EDGE_CURVE('',#2818,#2817,#1351,.T.);
#3464=EDGE_CURVE('',#2819,#2818,#1352,.T.);
#3465=EDGE_CURVE('',#2820,#2819,#1353,.T.);
#3466=EDGE_CURVE('',#2821,#2820,#1354,.T.);
#3467=EDGE_CURVE('',#2822,#2821,#1355,.T.);
#3468=EDGE_CURVE('',#2808,#2822,#1356,.T.);
#3469=EDGE_CURVE('',#2823,#2823,#328,.T.);
#3470=EDGE_CURVE('',#2824,#2825,#1357,.T.);
#3471=EDGE_CURVE('',#2825,#2826,#1358,.T.);
#3472=EDGE_CURVE('',#2826,#2827,#1359,.T.);
#3473=EDGE_CURVE('',#2827,#2824,#1360,.T.);
#3474=EDGE_CURVE('',#2828,#2829,#1361,.T.);
#3475=EDGE_CURVE('',#2829,#2830,#1362,.T.);
#3476=EDGE_CURVE('',#2830,#2831,#1363,.T.);
#3477=EDGE_CURVE('',#2831,#2832,#157,.T.);
#3478=EDGE_CURVE('',#2832,#2833,#1364,.T.);
#3479=EDGE_CURVE('',#2833,#2834,#158,.T.);
#3480=EDGE_CURVE('',#2834,#2828,#1365,.T.);
#3481=EDGE_CURVE('',#2835,#2836,#1366,.T.);
#3482=EDGE_CURVE('',#2836,#2837,#1367,.T.);
#3483=EDGE_CURVE('',#2837,#2838,#1368,.T.);
#3484=EDGE_CURVE('',#2838,#2835,#1369,.T.);
#3485=EDGE_CURVE('',#2839,#2840,#1370,.T.);
#3486=EDGE_CURVE('',#2840,#2841,#159,.T.);
#3487=EDGE_CURVE('',#2841,#2842,#160,.T.);
#3488=EDGE_CURVE('',#2842,#2843,#1371,.T.);
#3489=EDGE_CURVE('',#2843,#2844,#161,.T.);
#3490=EDGE_CURVE('',#2844,#2845,#1372,.T.);
#3491=EDGE_CURVE('',#2845,#2839,#1373,.T.);
#3492=EDGE_CURVE('',#2846,#2847,#1374,.T.);
#3493=EDGE_CURVE('',#2847,#2848,#1375,.T.);
#3494=EDGE_CURVE('',#2848,#2849,#1376,.T.);
#3495=EDGE_CURVE('',#2849,#2850,#1377,.T.);
#3496=EDGE_CURVE('',#2850,#2851,#1378,.T.);
#3497=EDGE_CURVE('',#2851,#2852,#1379,.T.);
#3498=EDGE_CURVE('',#2852,#2853,#1380,.T.);
#3499=EDGE_CURVE('',#2853,#2854,#1381,.T.);
#3500=EDGE_CURVE('',#2854,#2855,#1382,.T.);
#3501=EDGE_CURVE('',#2855,#2856,#1383,.T.);
#3502=EDGE_CURVE('',#2856,#2857,#1384,.T.);
#3503=EDGE_CURVE('',#2857,#2846,#1385,.T.);
#3504=EDGE_CURVE('',#2858,#2859,#1386,.T.);
#3505=EDGE_CURVE('',#2859,#2860,#162,.T.);
#3506=EDGE_CURVE('',#2860,#2861,#1387,.T.);
#3507=EDGE_CURVE('',#2861,#2862,#163,.T.);
#3508=EDGE_CURVE('',#2862,#2863,#1388,.T.);
#3509=EDGE_CURVE('',#2863,#2864,#1389,.T.);
#3510=EDGE_CURVE('',#2864,#2865,#1390,.T.);
#3511=EDGE_CURVE('',#2865,#2858,#164,.T.);
#3512=EDGE_CURVE('',#2866,#2867,#165,.T.);
#3513=EDGE_CURVE('',#2867,#2868,#1391,.T.);
#3514=EDGE_CURVE('',#2868,#2869,#166,.T.);
#3515=EDGE_CURVE('',#2869,#2870,#1392,.T.);
#3516=EDGE_CURVE('',#2870,#2871,#167,.T.);
#3517=EDGE_CURVE('',#2871,#2872,#1393,.T.);
#3518=EDGE_CURVE('',#2872,#2873,#168,.T.);
#3519=EDGE_CURVE('',#2873,#2866,#1394,.T.);
#3520=EDGE_CURVE('',#2874,#2875,#1395,.T.);
#3521=EDGE_CURVE('',#2875,#2876,#169,.T.);
#3522=EDGE_CURVE('',#2876,#2877,#170,.T.);
#3523=EDGE_CURVE('',#2877,#2878,#1396,.T.);
#3524=EDGE_CURVE('',#2878,#2879,#171,.T.);
#3525=EDGE_CURVE('',#2879,#2880,#1397,.T.);
#3526=EDGE_CURVE('',#2880,#2874,#1398,.T.);
#3527=EDGE_CURVE('',#2881,#2882,#1399,.T.);
#3528=EDGE_CURVE('',#2882,#2883,#1400,.T.);
#3529=EDGE_CURVE('',#2883,#2884,#172,.T.);
#3530=EDGE_CURVE('',#2884,#2885,#1401,.T.);
#3531=EDGE_CURVE('',#2885,#2886,#155,.T.);
#3532=EDGE_CURVE('',#2886,#2887,#1402,.T.);
#3533=EDGE_CURVE('',#2887,#2881,#1403,.T.);
#3534=EDGE_CURVE('',#2888,#2889,#329,.T.);
#3535=EDGE_CURVE('',#2889,#2890,#1404,.T.);
#3536=EDGE_CURVE('',#2890,#2891,#1405,.T.);
#3537=EDGE_CURVE('',#2891,#2892,#1406,.T.);
#3538=EDGE_CURVE('',#2892,#2893,#1407,.T.);
#3539=EDGE_CURVE('',#2893,#2894,#1408,.T.);
#3540=EDGE_CURVE('',#2894,#2895,#1409,.T.);
#3541=EDGE_CURVE('',#2895,#2896,#1410,.T.);
#3542=EDGE_CURVE('',#2896,#2897,#1411,.T.);
#3543=EDGE_CURVE('',#2897,#2898,#1412,.T.);
#3544=EDGE_CURVE('',#2898,#2888,#1413,.T.);
#3545=EDGE_CURVE('',#2899,#2900,#1414,.T.);
#3546=EDGE_CURVE('',#2900,#2901,#1415,.T.);
#3547=EDGE_CURVE('',#2901,#2902,#1416,.T.);
#3548=EDGE_CURVE('',#2902,#2903,#1417,.T.);
#3549=EDGE_CURVE('',#2903,#2904,#1418,.T.);
#3550=EDGE_CURVE('',#2904,#2905,#1419,.T.);
#3551=EDGE_CURVE('',#2905,#2906,#1420,.T.);
#3552=EDGE_CURVE('',#2906,#2899,#1421,.T.);
#3553=EDGE_CURVE('',#2907,#2908,#1422,.T.);
#3554=EDGE_CURVE('',#2908,#2907,#173,.T.);
#3555=EDGE_CURVE('',#2909,#2910,#1423,.T.);
#3556=EDGE_CURVE('',#2910,#2911,#1424,.T.);
#3557=EDGE_CURVE('',#2911,#2912,#1425,.T.);
#3558=EDGE_CURVE('',#2912,#2913,#1426,.T.);
#3559=EDGE_CURVE('',#2913,#2914,#1427,.T.);
#3560=EDGE_CURVE('',#2914,#2915,#1428,.T.);
#3561=EDGE_CURVE('',#2915,#2916,#1429,.T.);
#3562=EDGE_CURVE('',#2916,#2917,#1430,.T.);
#3563=EDGE_CURVE('',#2917,#2918,#1431,.T.);
#3564=EDGE_CURVE('',#2918,#2909,#1432,.T.);
#3565=EDGE_CURVE('',#2919,#2919,#174,.T.);
#3566=EDGE_CURVE('',#2920,#2921,#1433,.T.);
#3567=EDGE_CURVE('',#2921,#2922,#1434,.T.);
#3568=EDGE_CURVE('',#2922,#2923,#1435,.T.);
#3569=EDGE_CURVE('',#2923,#2924,#1436,.T.);
#3570=EDGE_CURVE('',#2924,#2925,#1437,.T.);
#3571=EDGE_CURVE('',#2925,#2926,#1438,.T.);
#3572=EDGE_CURVE('',#2926,#2927,#1439,.T.);
#3573=EDGE_CURVE('',#2927,#2928,#1440,.T.);
#3574=EDGE_CURVE('',#2928,#2929,#1441,.T.);
#3575=EDGE_CURVE('',#2929,#2920,#1442,.T.);
#3576=EDGE_CURVE('',#2930,#2931,#1443,.T.);
#3577=EDGE_CURVE('',#2931,#2932,#1444,.T.);
#3578=EDGE_CURVE('',#2932,#2933,#1445,.T.);
#3579=EDGE_CURVE('',#2933,#2934,#1446,.T.);
#3580=EDGE_CURVE('',#2934,#2935,#1447,.T.);
#3581=EDGE_CURVE('',#2935,#2936,#1448,.T.);
#3582=EDGE_CURVE('',#2936,#2937,#1449,.T.);
#3583=EDGE_CURVE('',#2937,#2930,#1450,.T.);
#3584=EDGE_CURVE('',#2938,#2938,#330,.T.);
#3585=EDGE_CURVE('',#2939,#2940,#1451,.T.);
#3586=EDGE_CURVE('',#2940,#2941,#1452,.T.);
#3587=EDGE_CURVE('',#2941,#2942,#1453,.T.);
#3588=EDGE_CURVE('',#2942,#2943,#1454,.T.);
#3589=EDGE_CURVE('',#2943,#2944,#1455,.T.);
#3590=EDGE_CURVE('',#2944,#2945,#1456,.T.);
#3591=EDGE_CURVE('',#2945,#2946,#1457,.T.);
#3592=EDGE_CURVE('',#2946,#2817,#1458,.T.);
#3593=EDGE_CURVE('',#2947,#2816,#1459,.T.);
#3594=EDGE_CURVE('',#2948,#2947,#1460,.T.);
#3595=EDGE_CURVE('',#2948,#2939,#1461,.T.);
#3596=EDGE_CURVE('',#2949,#2949,#175,.T.);
#3597=EDGE_CURVE('',#2950,#2951,#176,.T.);
#3598=EDGE_CURVE('',#2951,#2952,#177,.T.);
#3599=EDGE_CURVE('',#2952,#2953,#1462,.T.);
#3600=EDGE_CURVE('',#2953,#2954,#178,.T.);
#3601=EDGE_CURVE('',#2954,#2955,#1463,.T.);
#3602=EDGE_CURVE('',#2955,#2956,#179,.T.);
#3603=EDGE_CURVE('',#2956,#2957,#1464,.T.);
#3604=EDGE_CURVE('',#2957,#2958,#1465,.T.);
#3605=EDGE_CURVE('',#2958,#2959,#1466,.T.);
#3606=EDGE_CURVE('',#2959,#2960,#1467,.T.);
#3607=EDGE_CURVE('',#2960,#2950,#1468,.T.);
#3608=EDGE_CURVE('',#2961,#2962,#1469,.T.);
#3609=EDGE_CURVE('',#2962,#2963,#1470,.T.);
#3610=EDGE_CURVE('',#2963,#2964,#1471,.T.);
#3611=EDGE_CURVE('',#2964,#2965,#180,.T.);
#3612=EDGE_CURVE('',#2965,#2966,#1472,.T.);
#3613=EDGE_CURVE('',#2966,#2967,#181,.T.);
#3614=EDGE_CURVE('',#2967,#2968,#1473,.T.);
#3615=EDGE_CURVE('',#2968,#2969,#1474,.T.);
#3616=EDGE_CURVE('',#2969,#2970,#1475,.T.);
#3617=EDGE_CURVE('',#2970,#2971,#182,.T.);
#3618=EDGE_CURVE('',#2971,#2972,#1476,.T.);
#3619=EDGE_CURVE('',#2972,#2961,#183,.T.);
#3620=EDGE_CURVE('',#2973,#2974,#1477,.T.);
#3621=EDGE_CURVE('',#2974,#2975,#184,.T.);
#3622=EDGE_CURVE('',#2975,#2976,#1478,.T.);
#3623=EDGE_CURVE('',#2976,#2973,#1479,.T.);
#3624=EDGE_CURVE('',#2977,#2978,#1480,.T.);
#3625=EDGE_CURVE('',#2978,#2979,#1481,.T.);
#3626=EDGE_CURVE('',#2979,#2980,#185,.T.);
#3627=EDGE_CURVE('',#2980,#2981,#1482,.T.);
#3628=EDGE_CURVE('',#2981,#2977,#186,.T.);
#3629=EDGE_CURVE('',#2982,#2983,#1483,.T.);
#3630=EDGE_CURVE('',#2983,#2984,#1484,.T.);
#3631=EDGE_CURVE('',#2984,#2985,#1485,.T.);
#3632=EDGE_CURVE('',#2985,#2986,#1486,.T.);
#3633=EDGE_CURVE('',#2986,#2987,#1487,.T.);
#3634=EDGE_CURVE('',#2987,#2988,#1488,.T.);
#3635=EDGE_CURVE('',#2988,#2989,#1489,.T.);
#3636=EDGE_CURVE('',#2989,#2982,#1490,.T.);
#3637=EDGE_CURVE('',#2990,#2991,#1491,.T.);
#3638=EDGE_CURVE('',#2991,#2992,#1492,.T.);
#3639=EDGE_CURVE('',#2992,#2993,#1493,.T.);
#3640=EDGE_CURVE('',#2993,#2994,#1494,.T.);
#3641=EDGE_CURVE('',#2994,#2995,#1495,.T.);
#3642=EDGE_CURVE('',#2995,#2996,#1496,.T.);
#3643=EDGE_CURVE('',#2996,#2997,#1497,.T.);
#3644=EDGE_CURVE('',#2997,#2990,#1498,.T.);
#3645=EDGE_CURVE('',#2998,#2998,#187,.T.);
#3646=EDGE_CURVE('',#2999,#3000,#331,.T.);
#3647=EDGE_CURVE('',#3000,#3001,#1499,.T.);
#3648=EDGE_CURVE('',#3001,#3002,#188,.T.);
#3649=EDGE_CURVE('',#3002,#3003,#1500,.T.);
#3650=EDGE_CURVE('',#3003,#3004,#1501,.T.);
#3651=EDGE_CURVE('',#3004,#3005,#1502,.T.);
#3652=EDGE_CURVE('',#3005,#3006,#1503,.T.);
#3653=EDGE_CURVE('',#3006,#2999,#1504,.T.);
#3654=EDGE_CURVE('',#3007,#3008,#1505,.T.);
#3655=EDGE_CURVE('',#3008,#3009,#189,.T.);
#3656=EDGE_CURVE('',#3009,#3010,#1506,.T.);
#3657=EDGE_CURVE('',#3010,#3011,#190,.T.);
#3658=EDGE_CURVE('',#3011,#3012,#1507,.T.);
#3659=EDGE_CURVE('',#3012,#3013,#1508,.T.);
#3660=EDGE_CURVE('',#3013,#3014,#1509,.T.);
#3661=EDGE_CURVE('',#3014,#3007,#1510,.T.);
#3662=EDGE_CURVE('',#3015,#3016,#1511,.T.);
#3663=EDGE_CURVE('',#3016,#3017,#1512,.T.);
#3664=EDGE_CURVE('',#3018,#3017,#1513,.T.);
#3665=EDGE_CURVE('',#3015,#3018,#1514,.T.);
#3666=EDGE_CURVE('',#3019,#2939,#1515,.T.);
#3667=EDGE_CURVE('',#3020,#2948,#1516,.T.);
#3668=EDGE_CURVE('',#3020,#2818,#1517,.T.);
#3669=EDGE_CURVE('',#3021,#2946,#1518,.T.);
#3670=EDGE_CURVE('',#3021,#3019,#1519,.T.);
#3671=EDGE_CURVE('',#3022,#3023,#1520,.T.);
#3672=EDGE_CURVE('',#3023,#3024,#332,.F.);
#3673=EDGE_CURVE('',#3024,#3025,#1521,.T.);
#3674=EDGE_CURVE('',#3025,#3026,#1522,.T.);
#3675=EDGE_CURVE('',#3026,#3027,#1523,.T.);
#3676=EDGE_CURVE('',#3027,#3028,#333,.F.);
#3677=EDGE_CURVE('',#3028,#3029,#334,.T.);
#3678=EDGE_CURVE('',#3029,#3030,#335,.F.);
#3679=EDGE_CURVE('',#3030,#3031,#1524,.T.);
#3680=EDGE_CURVE('',#3022,#3031,#1525,.F.);
#3681=EDGE_CURVE('',#3027,#3032,#1526,.T.);
#3682=EDGE_CURVE('',#3032,#3033,#336,.F.);
#3683=EDGE_CURVE('',#3028,#3033,#1527,.T.);
#3684=EDGE_CURVE('',#3033,#3034,#337,.T.);
#3685=EDGE_CURVE('',#3029,#3034,#1528,.T.);
#3686=EDGE_CURVE('',#3034,#3035,#338,.F.);
#3687=EDGE_CURVE('',#3030,#3035,#1529,.T.);
#3688=EDGE_CURVE('',#3035,#3036,#1530,.T.);
#3689=EDGE_CURVE('',#3037,#3036,#339,.T.);
#3690=EDGE_CURVE('',#3038,#3037,#1531,.T.);
#3691=EDGE_CURVE('',#3031,#3038,#340,.T.);
#3692=EDGE_CURVE('',#3039,#3037,#1532,.F.);
#3693=EDGE_CURVE('',#3040,#3039,#1533,.T.);
#3694=EDGE_CURVE('',#3038,#3040,#1534,.T.);
#3695=EDGE_CURVE('',#3041,#3039,#341,.T.);
#3696=EDGE_CURVE('',#3041,#3042,#1535,.T.);
#3697=EDGE_CURVE('',#3023,#3042,#1536,.T.);
#3698=EDGE_CURVE('',#3040,#3022,#342,.T.);
#3699=EDGE_CURVE('',#3042,#3043,#343,.F.);
#3700=EDGE_CURVE('',#3024,#3043,#1537,.T.);
#3701=EDGE_CURVE('',#3043,#3044,#1538,.T.);
#3702=EDGE_CURVE('',#3025,#3044,#1539,.T.);
#3703=EDGE_CURVE('',#3026,#3045,#1540,.T.);
#3704=EDGE_CURVE('',#3045,#3032,#1541,.T.);
#3705=EDGE_CURVE('',#3044,#3045,#1542,.T.);
#3706=EDGE_CURVE('',#3036,#3041,#1543,.T.);
#3707=EDGE_CURVE('',#3046,#2807,#1544,.T.);
#3708=EDGE_CURVE('',#3047,#3046,#1545,.T.);
#3709=EDGE_CURVE('',#3047,#2809,#1546,.T.);
#3710=EDGE_CURVE('',#3048,#3049,#1547,.T.);
#3711=EDGE_CURVE('',#3049,#3050,#1548,.T.);
#3712=EDGE_CURVE('',#3051,#3050,#1549,.T.);
#3713=EDGE_CURVE('',#3048,#3051,#1550,.T.);
#3714=EDGE_CURVE('',#3052,#2808,#1551,.T.);
#3715=EDGE_CURVE('',#3046,#3052,#1552,.T.);
#3716=EDGE_CURVE('',#3053,#2822,#1553,.T.);
#3717=EDGE_CURVE('',#3052,#3053,#1554,.T.);
#3718=EDGE_CURVE('',#3054,#2821,#1555,.T.);
#3719=EDGE_CURVE('',#3053,#3054,#1556,.T.);
#3720=EDGE_CURVE('',#3055,#2820,#1557,.T.);
#3721=EDGE_CURVE('',#3054,#3055,#1558,.T.);
#3722=EDGE_CURVE('',#3056,#3057,#1559,.T.);
#3723=EDGE_CURVE('',#3056,#3058,#1560,.T.);
#3724=EDGE_CURVE('',#3058,#3059,#1561,.T.);
#3725=EDGE_CURVE('',#3057,#3059,#1562,.T.);
#3726=EDGE_CURVE('',#3060,#2819,#1563,.T.);
#3727=EDGE_CURVE('',#3055,#3060,#1564,.T.);
#3728=EDGE_CURVE('',#3060,#3020,#1565,.T.);
#3729=EDGE_CURVE('',#3061,#2815,#1566,.T.);
#3730=EDGE_CURVE('',#2947,#3061,#1567,.T.);
#3731=EDGE_CURVE('',#3062,#2814,#1568,.T.);
#3732=EDGE_CURVE('',#3061,#3062,#1569,.T.);
#3733=EDGE_CURVE('',#3063,#2813,#1570,.T.);
#3734=EDGE_CURVE('',#3062,#3063,#1571,.T.);
#3735=EDGE_CURVE('',#3064,#2812,#1572,.T.);
#3736=EDGE_CURVE('',#3063,#3064,#1573,.T.);
#3737=EDGE_CURVE('',#3065,#2811,#1574,.T.);
#3738=EDGE_CURVE('',#3064,#3065,#1575,.T.);
#3739=EDGE_CURVE('',#3066,#2810,#1576,.T.);
#3740=EDGE_CURVE('',#3065,#3066,#1577,.T.);
#3741=EDGE_CURVE('',#3066,#3047,#1578,.T.);
#3742=EDGE_CURVE('',#3067,#3067,#344,.T.);
#3743=EDGE_CURVE('',#3067,#2938,#1579,.T.);
#3744=EDGE_CURVE('',#3068,#3068,#345,.T.);
#3745=EDGE_CURVE('',#3068,#2823,#1580,.T.);
#3746=EDGE_CURVE('',#3050,#3069,#1581,.T.);
#3747=EDGE_CURVE('',#3049,#3070,#1582,.T.);
#3748=EDGE_CURVE('',#3070,#3069,#1583,.T.);
#3749=EDGE_CURVE('',#3069,#3071,#346,.T.);
#3750=EDGE_CURVE('',#3070,#3072,#347,.T.);
#3751=EDGE_CURVE('',#3072,#3071,#1584,.T.);
#3752=EDGE_CURVE('',#3073,#3074,#1585,.T.);
#3753=EDGE_CURVE('',#3074,#3075,#348,.T.);
#3754=EDGE_CURVE('',#3071,#3075,#1586,.T.);
#3755=EDGE_CURVE('',#3072,#3076,#1587,.T.);
#3756=EDGE_CURVE('',#3076,#3073,#349,.T.);
#3757=EDGE_CURVE('',#3077,#3078,#1588,.T.);
#3758=EDGE_CURVE('',#3078,#3074,#1589,.F.);
#3759=EDGE_CURVE('',#3073,#3077,#1590,.T.);
#3760=EDGE_CURVE('',#3079,#3080,#1591,.T.);
#3761=EDGE_CURVE('',#3079,#3078,#350,.T.);
#3762=EDGE_CURVE('',#3077,#3081,#351,.T.);
#3763=EDGE_CURVE('',#3081,#3082,#1592,.T.);
#3764=EDGE_CURVE('',#3082,#3080,#1593,.T.);
#3765=EDGE_CURVE('',#3080,#3083,#352,.T.);
#3766=EDGE_CURVE('',#3082,#3084,#353,.T.);
#3767=EDGE_CURVE('',#3084,#3083,#1594,.T.);
#3768=EDGE_CURVE('',#3083,#3085,#354,.T.);
#3769=EDGE_CURVE('',#3084,#3086,#355,.T.);
#3770=EDGE_CURVE('',#3086,#3085,#1595,.T.);
#3771=EDGE_CURVE('',#3085,#3087,#356,.T.);
#3772=EDGE_CURVE('',#3086,#3088,#357,.T.);
#3773=EDGE_CURVE('',#3088,#3087,#1596,.T.);
#3774=EDGE_CURVE('',#3087,#3051,#1597,.T.);
#3775=EDGE_CURVE('',#3088,#3048,#1598,.T.);
#3776=EDGE_CURVE('',#3081,#3076,#1599,.F.);
#3777=EDGE_CURVE('',#3075,#3079,#1600,.T.);
#3778=EDGE_CURVE('',#3089,#3090,#1601,.T.);
#3779=EDGE_CURVE('',#3089,#3091,#1602,.F.);
#3780=EDGE_CURVE('',#3092,#3091,#1603,.T.);
#3781=EDGE_CURVE('',#3093,#3092,#358,.F.);
#3782=EDGE_CURVE('',#3094,#3093,#359,.T.);
#3783=EDGE_CURVE('',#3095,#3094,#360,.F.);
#3784=EDGE_CURVE('',#3058,#3095,#1604,.T.);
#3785=EDGE_CURVE('',#3096,#3056,#1605,.T.);
#3786=EDGE_CURVE('',#3090,#3096,#361,.F.);
#3787=EDGE_CURVE('',#3095,#3097,#1606,.T.);
#3788=EDGE_CURVE('',#3094,#3098,#1607,.T.);
#3789=EDGE_CURVE('',#3097,#3098,#362,.F.);
#3790=EDGE_CURVE('',#3093,#3099,#1608,.T.);
#3791=EDGE_CURVE('',#3098,#3099,#363,.T.);
#3792=EDGE_CURVE('',#3092,#3100,#1609,.T.);
#3793=EDGE_CURVE('',#3099,#3100,#364,.F.);
#3794=EDGE_CURVE('',#3091,#3101,#365,.T.);
#3795=EDGE_CURVE('',#3101,#3102,#1610,.T.);
#3796=EDGE_CURVE('',#3102,#3103,#366,.T.);
#3797=EDGE_CURVE('',#3100,#3103,#1611,.T.);
#3798=EDGE_CURVE('',#3101,#3104,#1612,.T.);
#3799=EDGE_CURVE('',#3104,#3105,#1613,.T.);
#3800=EDGE_CURVE('',#3105,#3102,#1614,.F.);
#3801=EDGE_CURVE('',#3104,#3089,#367,.T.);
#3802=EDGE_CURVE('',#3090,#3106,#1615,.T.);
#3803=EDGE_CURVE('',#3107,#3106,#1616,.T.);
#3804=EDGE_CURVE('',#3107,#3105,#368,.T.);
#3805=EDGE_CURVE('',#3096,#3108,#1617,.T.);
#3806=EDGE_CURVE('',#3106,#3108,#369,.F.);
#3807=EDGE_CURVE('',#3108,#3057,#1618,.T.);
#3808=EDGE_CURVE('',#3059,#3097,#1619,.T.);
#3809=EDGE_CURVE('',#3103,#3107,#1620,.T.);
#3810=EDGE_CURVE('',#3109,#3018,#1621,.T.);
#3811=EDGE_CURVE('',#3110,#3109,#1622,.T.);
#3812=EDGE_CURVE('',#3110,#3015,#1623,.T.);
#3813=EDGE_CURVE('',#3017,#3111,#1624,.T.);
#3814=EDGE_CURVE('',#3016,#3112,#1625,.T.);
#3815=EDGE_CURVE('',#3112,#3111,#1626,.T.);
#3816=EDGE_CURVE('',#3111,#3113,#370,.T.);
#3817=EDGE_CURVE('',#3112,#3114,#371,.T.);
#3818=EDGE_CURVE('',#3114,#3113,#1627,.T.);
#3819=EDGE_CURVE('',#3113,#3115,#1628,.T.);
#3820=EDGE_CURVE('',#3114,#3116,#1629,.T.);
#3821=EDGE_CURVE('',#3116,#3115,#1630,.T.);
#3822=EDGE_CURVE('',#3115,#3109,#372,.T.);
#3823=EDGE_CURVE('',#3116,#3110,#373,.T.);
#3824=EDGE_CURVE('',#3019,#3117,#1631,.T.);
#3825=EDGE_CURVE('',#3117,#2940,#1632,.T.);
#3826=EDGE_CURVE('',#3117,#3118,#1633,.T.);
#3827=EDGE_CURVE('',#3118,#2941,#1634,.T.);
#3828=EDGE_CURVE('',#3118,#3119,#1635,.T.);
#3829=EDGE_CURVE('',#3119,#2942,#1636,.T.);
#3830=EDGE_CURVE('',#3119,#3120,#1637,.T.);
#3831=EDGE_CURVE('',#3120,#2943,#1638,.T.);
#3832=EDGE_CURVE('',#3120,#3121,#1639,.T.);
#3833=EDGE_CURVE('',#3121,#2944,#1640,.T.);
#3834=EDGE_CURVE('',#3121,#3122,#1641,.T.);
#3835=EDGE_CURVE('',#3122,#2945,#1642,.T.);
#3836=EDGE_CURVE('',#3122,#3021,#1643,.T.);
#3837=EDGE_CURVE('',#3123,#3007,#1644,.T.);
#3838=EDGE_CURVE('',#3123,#3124,#1645,.T.);
#3839=EDGE_CURVE('',#3124,#3008,#1646,.T.);
#3840=EDGE_CURVE('',#3124,#3125,#191,.T.);
#3841=EDGE_CURVE('',#3125,#3009,#1647,.T.);
#3842=EDGE_CURVE('',#3125,#3126,#1648,.T.);
#3843=EDGE_CURVE('',#3126,#3010,#1649,.T.);
#3844=EDGE_CURVE('',#3126,#3127,#192,.T.);
#3845=EDGE_CURVE('',#3127,#3011,#1650,.T.);
#3846=EDGE_CURVE('',#3127,#3128,#1651,.T.);
#3847=EDGE_CURVE('',#3128,#3012,#1652,.T.);
#3848=EDGE_CURVE('',#3128,#3129,#1653,.T.);
#3849=EDGE_CURVE('',#3129,#3013,#1654,.T.);
#3850=EDGE_CURVE('',#3129,#3130,#1655,.T.);
#3851=EDGE_CURVE('',#3130,#3014,#1656,.T.);
#3852=EDGE_CURVE('',#3130,#3123,#1657,.T.);
#3853=EDGE_CURVE('',#3131,#3131,#193,.T.);
#3854=EDGE_CURVE('',#3131,#3132,#1658,.T.);
#3855=EDGE_CURVE('',#3132,#3132,#194,.T.);
#3856=EDGE_CURVE('',#2949,#3133,#1659,.T.);
#3857=EDGE_CURVE('',#3133,#3133,#195,.T.);
#3858=EDGE_CURVE('',#3134,#2999,#1660,.T.);
#3859=EDGE_CURVE('',#3134,#3135,#374,.T.);
#3860=EDGE_CURVE('',#3135,#3000,#1661,.T.);
#3861=EDGE_CURVE('',#3135,#3136,#1662,.T.);
#3862=EDGE_CURVE('',#3136,#3001,#1663,.T.);
#3863=EDGE_CURVE('',#3136,#3137,#196,.T.);
#3864=EDGE_CURVE('',#3137,#3002,#1664,.T.);
#3865=EDGE_CURVE('',#3137,#3138,#1665,.T.);
#3866=EDGE_CURVE('',#3138,#3003,#1666,.T.);
#3867=EDGE_CURVE('',#3138,#3139,#1667,.T.);
#3868=EDGE_CURVE('',#3139,#3004,#1668,.T.);
#3869=EDGE_CURVE('',#3139,#3140,#1669,.T.);
#3870=EDGE_CURVE('',#3140,#3005,#1670,.T.);
#3871=EDGE_CURVE('',#3140,#3141,#1671,.T.);
#3872=EDGE_CURVE('',#3141,#3006,#1672,.T.);
#3873=EDGE_CURVE('',#3141,#3134,#1673,.T.);
#3874=EDGE_CURVE('',#3142,#2950,#1674,.T.);
#3875=EDGE_CURVE('',#3142,#3143,#197,.T.);
#3876=EDGE_CURVE('',#3143,#2951,#1675,.T.);
#3877=EDGE_CURVE('',#3143,#3144,#198,.T.);
#3878=EDGE_CURVE('',#3144,#2952,#1676,.T.);
#3879=EDGE_CURVE('',#3144,#3145,#1677,.T.);
#3880=EDGE_CURVE('',#3145,#2953,#1678,.T.);
#3881=EDGE_CURVE('',#3145,#3146,#199,.T.);
#3882=EDGE_CURVE('',#3146,#2954,#1679,.T.);
#3883=EDGE_CURVE('',#3146,#3147,#1680,.T.);
#3884=EDGE_CURVE('',#3147,#2955,#1681,.T.);
#3885=EDGE_CURVE('',#3147,#3148,#200,.T.);
#3886=EDGE_CURVE('',#3148,#2956,#1682,.T.);
#3887=EDGE_CURVE('',#3148,#3149,#1683,.T.);
#3888=EDGE_CURVE('',#3149,#2957,#1684,.T.);
#3889=EDGE_CURVE('',#3149,#3150,#1685,.T.);
#3890=EDGE_CURVE('',#3150,#2958,#1686,.T.);
#3891=EDGE_CURVE('',#3150,#3151,#1687,.T.);
#3892=EDGE_CURVE('',#3151,#2959,#1688,.T.);
#3893=EDGE_CURVE('',#3151,#3152,#1689,.T.);
#3894=EDGE_CURVE('',#3152,#2960,#1690,.T.);
#3895=EDGE_CURVE('',#3152,#3142,#1691,.T.);
#3896=EDGE_CURVE('',#3153,#3153,#201,.T.);
#3897=EDGE_CURVE('',#3153,#3154,#1692,.T.);
#3898=EDGE_CURVE('',#3154,#3154,#202,.T.);
#3899=EDGE_CURVE('',#2998,#3155,#1693,.T.);
#3900=EDGE_CURVE('',#3155,#3155,#203,.T.);
#3901=EDGE_CURVE('',#3156,#2961,#1694,.T.);
#3902=EDGE_CURVE('',#3156,#3157,#1695,.T.);
#3903=EDGE_CURVE('',#3157,#2962,#1696,.T.);
#3904=EDGE_CURVE('',#3157,#3158,#1697,.T.);
#3905=EDGE_CURVE('',#3158,#2963,#1698,.T.);
#3906=EDGE_CURVE('',#3158,#3159,#1699,.T.);
#3907=EDGE_CURVE('',#3159,#2964,#1700,.T.);
#3908=EDGE_CURVE('',#3159,#3160,#204,.T.);
#3909=EDGE_CURVE('',#3160,#2965,#1701,.T.);
#3910=EDGE_CURVE('',#3160,#3161,#1702,.T.);
#3911=EDGE_CURVE('',#3161,#2966,#1703,.T.);
#3912=EDGE_CURVE('',#3161,#3162,#205,.T.);
#3913=EDGE_CURVE('',#3162,#2967,#1704,.T.);
#3914=EDGE_CURVE('',#3162,#3163,#1705,.T.);
#3915=EDGE_CURVE('',#3163,#2968,#1706,.T.);
#3916=EDGE_CURVE('',#3163,#3164,#1707,.T.);
#3917=EDGE_CURVE('',#3164,#2969,#1708,.T.);
#3918=EDGE_CURVE('',#3164,#3165,#1709,.T.);
#3919=EDGE_CURVE('',#3165,#2970,#1710,.T.);
#3920=EDGE_CURVE('',#3165,#3166,#206,.T.);
#3921=EDGE_CURVE('',#3166,#2971,#1711,.T.);
#3922=EDGE_CURVE('',#3166,#3167,#1712,.T.);
#3923=EDGE_CURVE('',#3167,#2972,#1713,.T.);
#3924=EDGE_CURVE('',#3167,#3156,#207,.T.);
#3925=EDGE_CURVE('',#3168,#3169,#1714,.T.);
#3926=EDGE_CURVE('',#3170,#3168,#1715,.T.);
#3927=EDGE_CURVE('',#3170,#3171,#1716,.T.);
#3928=EDGE_CURVE('',#3171,#3169,#1717,.T.);
#3929=EDGE_CURVE('',#3169,#3172,#208,.T.);
#3930=EDGE_CURVE('',#3171,#3173,#209,.T.);
#3931=EDGE_CURVE('',#3173,#3172,#1718,.T.);
#3932=EDGE_CURVE('',#3172,#3174,#1719,.T.);
#3933=EDGE_CURVE('',#3173,#3175,#1720,.T.);
#3934=EDGE_CURVE('',#3175,#3174,#1721,.T.);
#3935=EDGE_CURVE('',#3176,#2990,#1722,.T.);
#3936=EDGE_CURVE('',#3176,#3177,#1723,.T.);
#3937=EDGE_CURVE('',#3177,#2991,#1724,.T.);
#3938=EDGE_CURVE('',#3177,#3178,#1725,.T.);
#3939=EDGE_CURVE('',#3178,#2992,#1726,.T.);
#3940=EDGE_CURVE('',#3178,#3179,#1727,.T.);
#3941=EDGE_CURVE('',#3179,#2993,#1728,.T.);
#3942=EDGE_CURVE('',#3179,#3180,#1729,.T.);
#3943=EDGE_CURVE('',#3180,#2994,#1730,.T.);
#3944=EDGE_CURVE('',#3180,#3181,#1731,.T.);
#3945=EDGE_CURVE('',#3181,#2995,#1732,.T.);
#3946=EDGE_CURVE('',#3181,#3182,#1733,.T.);
#3947=EDGE_CURVE('',#3182,#2996,#1734,.T.);
#3948=EDGE_CURVE('',#3182,#3183,#1735,.T.);
#3949=EDGE_CURVE('',#3183,#2997,#1736,.T.);
#3950=EDGE_CURVE('',#3183,#3176,#1737,.T.);
#3951=EDGE_CURVE('',#3174,#3168,#210,.T.);
#3952=EDGE_CURVE('',#3175,#3170,#211,.T.);
#3953=EDGE_CURVE('',#3184,#2973,#1738,.T.);
#3954=EDGE_CURVE('',#3184,#3185,#1739,.T.);
#3955=EDGE_CURVE('',#3185,#2974,#1740,.T.);
#3956=EDGE_CURVE('',#3185,#3186,#212,.T.);
#3957=EDGE_CURVE('',#3186,#2975,#1741,.T.);
#3958=EDGE_CURVE('',#3186,#3187,#1742,.T.);
#3959=EDGE_CURVE('',#3187,#2976,#1743,.T.);
#3960=EDGE_CURVE('',#3188,#3189,#213,.T.);
#3961=EDGE_CURVE('',#3190,#3188,#1744,.T.);
#3962=EDGE_CURVE('',#3190,#3191,#214,.T.);
#3963=EDGE_CURVE('',#3191,#3189,#1745,.T.);
#3964=EDGE_CURVE('',#3189,#3188,#1746,.T.);
#3965=EDGE_CURVE('',#3191,#3190,#1747,.T.);
#3966=EDGE_CURVE('',#3187,#3184,#1748,.T.);
#3967=EDGE_CURVE('',#3192,#3193,#1749,.T.);
#3968=EDGE_CURVE('',#3194,#3192,#1750,.T.);
#3969=EDGE_CURVE('',#3194,#3195,#1751,.T.);
#3970=EDGE_CURVE('',#3195,#3193,#1752,.T.);
#3971=EDGE_CURVE('',#3193,#3196,#215,.T.);
#3972=EDGE_CURVE('',#3195,#3197,#216,.T.);
#3973=EDGE_CURVE('',#3197,#3196,#1753,.T.);
#3974=EDGE_CURVE('',#3196,#3198,#1754,.T.);
#3975=EDGE_CURVE('',#3197,#3199,#1755,.T.);
#3976=EDGE_CURVE('',#3199,#3198,#1756,.T.);
#3977=EDGE_CURVE('',#3200,#2982,#1757,.T.);
#3978=EDGE_CURVE('',#3200,#3201,#1758,.T.);
#3979=EDGE_CURVE('',#3201,#2983,#1759,.T.);
#3980=EDGE_CURVE('',#3201,#3202,#1760,.T.);
#3981=EDGE_CURVE('',#3202,#2984,#1761,.T.);
#3982=EDGE_CURVE('',#3202,#3203,#1762,.T.);
#3983=EDGE_CURVE('',#3203,#2985,#1763,.T.);
#3984=EDGE_CURVE('',#3203,#3204,#1764,.T.);
#3985=EDGE_CURVE('',#3204,#2986,#1765,.T.);
#3986=EDGE_CURVE('',#3204,#3205,#1766,.T.);
#3987=EDGE_CURVE('',#3205,#2987,#1767,.T.);
#3988=EDGE_CURVE('',#3205,#3206,#1768,.T.);
#3989=EDGE_CURVE('',#3206,#2988,#1769,.T.);
#3990=EDGE_CURVE('',#3206,#3207,#1770,.T.);
#3991=EDGE_CURVE('',#3207,#2989,#1771,.T.);
#3992=EDGE_CURVE('',#3207,#3200,#1772,.T.);
#3993=EDGE_CURVE('',#3198,#3192,#217,.T.);
#3994=EDGE_CURVE('',#3199,#3194,#218,.T.);
#3995=EDGE_CURVE('',#3208,#2977,#1773,.T.);
#3996=EDGE_CURVE('',#3208,#3209,#1774,.T.);
#3997=EDGE_CURVE('',#3209,#2978,#1775,.T.);
#3998=EDGE_CURVE('',#3209,#3210,#1776,.T.);
#3999=EDGE_CURVE('',#3210,#2979,#1777,.T.);
#4000=EDGE_CURVE('',#3210,#3211,#219,.T.);
#4001=EDGE_CURVE('',#3211,#2980,#1778,.T.);
#4002=EDGE_CURVE('',#3211,#3212,#1779,.T.);
#4003=EDGE_CURVE('',#3212,#2981,#1780,.T.);
#4004=EDGE_CURVE('',#3212,#3208,#220,.T.);
#4005=EDGE_CURVE('',#3213,#2930,#1781,.T.);
#4006=EDGE_CURVE('',#3213,#3214,#1782,.T.);
#4007=EDGE_CURVE('',#3214,#2931,#1783,.T.);
#4008=EDGE_CURVE('',#3214,#3215,#1784,.T.);
#4009=EDGE_CURVE('',#3215,#2932,#1785,.T.);
#4010=EDGE_CURVE('',#3215,#3216,#1786,.T.);
#4011=EDGE_CURVE('',#3216,#2933,#1787,.T.);
#4012=EDGE_CURVE('',#3216,#3217,#1788,.T.);
#4013=EDGE_CURVE('',#3217,#2934,#1789,.T.);
#4014=EDGE_CURVE('',#3217,#3218,#1790,.T.);
#4015=EDGE_CURVE('',#3218,#2935,#1791,.T.);
#4016=EDGE_CURVE('',#3218,#3219,#1792,.T.);
#4017=EDGE_CURVE('',#3219,#2936,#1793,.T.);
#4018=EDGE_CURVE('',#3219,#3220,#1794,.T.);
#4019=EDGE_CURVE('',#3220,#2937,#1795,.T.);
#4020=EDGE_CURVE('',#3220,#3213,#1796,.T.);
#4021=EDGE_CURVE('',#3221,#2824,#1797,.T.);
#4022=EDGE_CURVE('',#3221,#3222,#1798,.T.);
#4023=EDGE_CURVE('',#3222,#2825,#1799,.T.);
#4024=EDGE_CURVE('',#3222,#3223,#1800,.T.);
#4025=EDGE_CURVE('',#3223,#2826,#1801,.T.);
#4026=EDGE_CURVE('',#3223,#3224,#1802,.T.);
#4027=EDGE_CURVE('',#3224,#2827,#1803,.T.);
#4028=EDGE_CURVE('',#3224,#3221,#1804,.T.);
#4029=EDGE_CURVE('',#3225,#2920,#1805,.T.);
#4030=EDGE_CURVE('',#3225,#3226,#1806,.T.);
#4031=EDGE_CURVE('',#3226,#2921,#1807,.T.);
#4032=EDGE_CURVE('',#3226,#3227,#1808,.T.);
#4033=EDGE_CURVE('',#3227,#2922,#1809,.T.);
#4034=EDGE_CURVE('',#3227,#3228,#1810,.T.);
#4035=EDGE_CURVE('',#3228,#2923,#1811,.T.);
#4036=EDGE_CURVE('',#3228,#3229,#1812,.T.);
#4037=EDGE_CURVE('',#3229,#2924,#1813,.T.);
#4038=EDGE_CURVE('',#3229,#3230,#1814,.T.);
#4039=EDGE_CURVE('',#3230,#2925,#1815,.T.);
#4040=EDGE_CURVE('',#3230,#3231,#1816,.T.);
#4041=EDGE_CURVE('',#3231,#2926,#1817,.T.);
#4042=EDGE_CURVE('',#3231,#3232,#1818,.T.);
#4043=EDGE_CURVE('',#3232,#2927,#1819,.T.);
#4044=EDGE_CURVE('',#3232,#3233,#1820,.T.);
#4045=EDGE_CURVE('',#3233,#2928,#1821,.T.);
#4046=EDGE_CURVE('',#3233,#3234,#1822,.T.);
#4047=EDGE_CURVE('',#3234,#2929,#1823,.T.);
#4048=EDGE_CURVE('',#3234,#3225,#1824,.T.);
#4049=EDGE_CURVE('',#3235,#2828,#1825,.T.);
#4050=EDGE_CURVE('',#3235,#3236,#1826,.T.);
#4051=EDGE_CURVE('',#3236,#2829,#1827,.T.);
#4052=EDGE_CURVE('',#3236,#3237,#1828,.T.);
#4053=EDGE_CURVE('',#3237,#2830,#1829,.T.);
#4054=EDGE_CURVE('',#3237,#3238,#1830,.T.);
#4055=EDGE_CURVE('',#3238,#2831,#1831,.T.);
#4056=EDGE_CURVE('',#3238,#3239,#221,.T.);
#4057=EDGE_CURVE('',#3239,#2832,#1832,.T.);
#4058=EDGE_CURVE('',#3239,#3240,#1833,.T.);
#4059=EDGE_CURVE('',#3240,#2833,#1834,.T.);
#4060=EDGE_CURVE('',#3240,#3241,#222,.T.);
#4061=EDGE_CURVE('',#3241,#2834,#1835,.T.);
#4062=EDGE_CURVE('',#3241,#3235,#1836,.T.);
#4063=EDGE_CURVE('',#3242,#3242,#223,.T.);
#4064=EDGE_CURVE('',#3242,#3243,#1837,.T.);
#4065=EDGE_CURVE('',#3243,#3243,#224,.T.);
#4066=EDGE_CURVE('',#2919,#3244,#1838,.T.);
#4067=EDGE_CURVE('',#3244,#3244,#225,.T.);
#4068=EDGE_CURVE('',#3245,#2835,#1839,.T.);
#4069=EDGE_CURVE('',#3245,#3246,#1840,.T.);
#4070=EDGE_CURVE('',#3246,#2836,#1841,.T.);
#4071=EDGE_CURVE('',#3246,#3247,#1842,.T.);
#4072=EDGE_CURVE('',#3247,#2837,#1843,.T.);
#4073=EDGE_CURVE('',#3247,#3248,#1844,.T.);
#4074=EDGE_CURVE('',#3248,#2838,#1845,.T.);
#4075=EDGE_CURVE('',#3248,#3245,#1846,.T.);
#4076=EDGE_CURVE('',#3249,#2909,#1847,.T.);
#4077=EDGE_CURVE('',#3249,#3250,#1848,.T.);
#4078=EDGE_CURVE('',#3250,#2910,#1849,.T.);
#4079=EDGE_CURVE('',#3250,#3251,#1850,.T.);
#4080=EDGE_CURVE('',#3251,#2911,#1851,.T.);
#4081=EDGE_CURVE('',#3251,#3252,#1852,.T.);
#4082=EDGE_CURVE('',#3252,#2912,#1853,.T.);
#4083=EDGE_CURVE('',#3252,#3253,#1854,.T.);
#4084=EDGE_CURVE('',#3253,#2913,#1855,.T.);
#4085=EDGE_CURVE('',#3253,#3254,#1856,.T.);
#4086=EDGE_CURVE('',#3254,#2914,#1857,.T.);
#4087=EDGE_CURVE('',#3254,#3255,#1858,.T.);
#4088=EDGE_CURVE('',#3255,#2915,#1859,.T.);
#4089=EDGE_CURVE('',#3255,#3256,#1860,.T.);
#4090=EDGE_CURVE('',#3256,#2916,#1861,.T.);
#4091=EDGE_CURVE('',#3256,#3257,#1862,.T.);
#4092=EDGE_CURVE('',#3257,#2917,#1863,.T.);
#4093=EDGE_CURVE('',#3257,#3258,#1864,.T.);
#4094=EDGE_CURVE('',#3258,#2918,#1865,.T.);
#4095=EDGE_CURVE('',#3258,#3249,#1866,.T.);
#4096=EDGE_CURVE('',#3259,#2839,#1867,.T.);
#4097=EDGE_CURVE('',#3259,#3260,#1868,.T.);
#4098=EDGE_CURVE('',#3260,#2840,#1869,.T.);
#4099=EDGE_CURVE('',#3260,#3261,#226,.T.);
#4100=EDGE_CURVE('',#3261,#2841,#1870,.T.);
#4101=EDGE_CURVE('',#3261,#3262,#227,.T.);
#4102=EDGE_CURVE('',#3262,#2842,#1871,.T.);
#4103=EDGE_CURVE('',#3262,#3263,#1872,.T.);
#4104=EDGE_CURVE('',#3263,#2843,#1873,.T.);
#4105=EDGE_CURVE('',#3263,#3264,#228,.T.);
#4106=EDGE_CURVE('',#3264,#2844,#1874,.T.);
#4107=EDGE_CURVE('',#3264,#3265,#1875,.T.);
#4108=EDGE_CURVE('',#3265,#2845,#1876,.T.);
#4109=EDGE_CURVE('',#3265,#3259,#1877,.T.);
#4110=EDGE_CURVE('',#3266,#2907,#1878,.T.);
#4111=EDGE_CURVE('',#3266,#3267,#1879,.T.);
#4112=EDGE_CURVE('',#3267,#2908,#1880,.T.);
#4113=EDGE_CURVE('',#3268,#3269,#229,.T.);
#4114=EDGE_CURVE('',#3270,#3268,#1881,.T.);
#4115=EDGE_CURVE('',#3270,#3271,#230,.T.);
#4116=EDGE_CURVE('',#3271,#3269,#1882,.T.);
#4117=EDGE_CURVE('',#3269,#3268,#1883,.T.);
#4118=EDGE_CURVE('',#3271,#3270,#1884,.T.);
#4119=EDGE_CURVE('',#3267,#3266,#231,.T.);
#4120=EDGE_CURVE('',#3272,#2846,#1885,.T.);
#4121=EDGE_CURVE('',#3272,#3273,#1886,.T.);
#4122=EDGE_CURVE('',#3273,#2847,#1887,.T.);
#4123=EDGE_CURVE('',#3273,#3274,#1888,.T.);
#4124=EDGE_CURVE('',#3274,#2848,#1889,.T.);
#4125=EDGE_CURVE('',#3274,#3275,#1890,.T.);
#4126=EDGE_CURVE('',#3275,#2849,#1891,.T.);
#4127=EDGE_CURVE('',#3275,#3276,#1892,.T.);
#4128=EDGE_CURVE('',#3276,#2850,#1893,.T.);
#4129=EDGE_CURVE('',#3276,#3277,#1894,.T.);
#4130=EDGE_CURVE('',#3277,#2851,#1895,.T.);
#4131=EDGE_CURVE('',#3277,#3278,#1896,.T.);
#4132=EDGE_CURVE('',#3278,#2852,#1897,.T.);
#4133=EDGE_CURVE('',#3278,#3279,#1898,.T.);
#4134=EDGE_CURVE('',#3279,#2853,#1899,.T.);
#4135=EDGE_CURVE('',#3279,#3280,#1900,.T.);
#4136=EDGE_CURVE('',#3280,#2854,#1901,.T.);
#4137=EDGE_CURVE('',#3280,#3281,#1902,.T.);
#4138=EDGE_CURVE('',#3281,#2855,#1903,.T.);
#4139=EDGE_CURVE('',#3281,#3282,#1904,.T.);
#4140=EDGE_CURVE('',#3282,#2856,#1905,.T.);
#4141=EDGE_CURVE('',#3282,#3283,#1906,.T.);
#4142=EDGE_CURVE('',#3283,#2857,#1907,.T.);
#4143=EDGE_CURVE('',#3283,#3272,#1908,.T.);
#4144=EDGE_CURVE('',#3284,#3285,#1909,.T.);
#4145=EDGE_CURVE('',#3286,#3284,#1910,.T.);
#4146=EDGE_CURVE('',#3286,#3287,#1911,.T.);
#4147=EDGE_CURVE('',#3287,#3285,#1912,.T.);
#4148=EDGE_CURVE('',#3285,#3288,#232,.T.);
#4149=EDGE_CURVE('',#3287,#3289,#233,.T.);
#4150=EDGE_CURVE('',#3289,#3288,#1913,.T.);
#4151=EDGE_CURVE('',#3288,#3290,#1914,.T.);
#4152=EDGE_CURVE('',#3289,#3291,#1915,.T.);
#4153=EDGE_CURVE('',#3291,#3290,#1916,.T.);
#4154=EDGE_CURVE('',#3292,#2899,#1917,.T.);
#4155=EDGE_CURVE('',#3292,#3293,#1918,.T.);
#4156=EDGE_CURVE('',#3293,#2900,#1919,.T.);
#4157=EDGE_CURVE('',#3293,#3294,#1920,.T.);
#4158=EDGE_CURVE('',#3294,#2901,#1921,.T.);
#4159=EDGE_CURVE('',#3294,#3295,#1922,.T.);
#4160=EDGE_CURVE('',#3295,#2902,#1923,.T.);
#4161=EDGE_CURVE('',#3295,#3296,#1924,.T.);
#4162=EDGE_CURVE('',#3296,#2903,#1925,.T.);
#4163=EDGE_CURVE('',#3296,#3297,#1926,.T.);
#4164=EDGE_CURVE('',#3297,#2904,#1927,.T.);
#4165=EDGE_CURVE('',#3297,#3298,#1928,.T.);
#4166=EDGE_CURVE('',#3298,#2905,#1929,.T.);
#4167=EDGE_CURVE('',#3298,#3299,#1930,.T.);
#4168=EDGE_CURVE('',#3299,#2906,#1931,.T.);
#4169=EDGE_CURVE('',#3299,#3292,#1932,.T.);
#4170=EDGE_CURVE('',#3290,#3284,#234,.T.);
#4171=EDGE_CURVE('',#3291,#3286,#235,.T.);
#4172=EDGE_CURVE('',#3300,#2858,#1933,.T.);
#4173=EDGE_CURVE('',#3300,#3301,#1934,.T.);
#4174=EDGE_CURVE('',#3301,#2859,#1935,.T.);
#4175=EDGE_CURVE('',#3301,#3302,#236,.T.);
#4176=EDGE_CURVE('',#3302,#2860,#1936,.T.);
#4177=EDGE_CURVE('',#3302,#3303,#1937,.T.);
#4178=EDGE_CURVE('',#3303,#2861,#1938,.T.);
#4179=EDGE_CURVE('',#3303,#3304,#237,.T.);
#4180=EDGE_CURVE('',#3304,#2862,#1939,.T.);
#4181=EDGE_CURVE('',#3304,#3305,#1940,.T.);
#4182=EDGE_CURVE('',#3305,#2863,#1941,.T.);
#4183=EDGE_CURVE('',#3305,#3306,#1942,.T.);
#4184=EDGE_CURVE('',#3306,#2864,#1943,.T.);
#4185=EDGE_CURVE('',#3306,#3307,#1944,.T.);
#4186=EDGE_CURVE('',#3307,#2865,#1945,.T.);
#4187=EDGE_CURVE('',#3308,#3309,#238,.T.);
#4188=EDGE_CURVE('',#3310,#3308,#1946,.T.);
#4189=EDGE_CURVE('',#3310,#3311,#239,.T.);
#4190=EDGE_CURVE('',#3311,#3309,#1947,.T.);
#4191=EDGE_CURVE('',#3309,#3308,#1948,.T.);
#4192=EDGE_CURVE('',#3311,#3310,#1949,.T.);
#4193=EDGE_CURVE('',#3307,#3300,#240,.T.);
#4194=EDGE_CURVE('',#3312,#2888,#1950,.T.);
#4195=EDGE_CURVE('',#3312,#3313,#375,.T.);
#4196=EDGE_CURVE('',#3313,#2889,#1951,.T.);
#4197=EDGE_CURVE('',#3313,#3314,#1952,.T.);
#4198=EDGE_CURVE('',#3314,#2890,#1953,.T.);
#4199=EDGE_CURVE('',#3314,#3315,#1954,.T.);
#4200=EDGE_CURVE('',#3315,#2891,#1955,.T.);
#4201=EDGE_CURVE('',#3315,#3316,#1956,.T.);
#4202=EDGE_CURVE('',#3316,#2892,#1957,.T.);
#4203=EDGE_CURVE('',#3316,#3317,#1958,.T.);
#4204=EDGE_CURVE('',#3317,#2893,#1959,.T.);
#4205=EDGE_CURVE('',#3317,#3318,#1960,.T.);
#4206=EDGE_CURVE('',#3318,#2894,#1961,.T.);
#4207=EDGE_CURVE('',#3318,#3319,#1962,.T.);
#4208=EDGE_CURVE('',#3319,#2895,#1963,.T.);
#4209=EDGE_CURVE('',#3319,#3320,#1964,.T.);
#4210=EDGE_CURVE('',#3320,#2896,#1965,.T.);
#4211=EDGE_CURVE('',#3320,#3321,#1966,.T.);
#4212=EDGE_CURVE('',#3321,#2897,#1967,.T.);
#4213=EDGE_CURVE('',#3321,#3322,#1968,.T.);
#4214=EDGE_CURVE('',#3322,#2898,#1969,.T.);
#4215=EDGE_CURVE('',#3323,#3324,#1970,.T.);
#4216=EDGE_CURVE('',#3325,#3323,#1971,.T.);
#4217=EDGE_CURVE('',#3325,#3326,#1972,.T.);
#4218=EDGE_CURVE('',#3326,#3324,#1973,.T.);
#4219=EDGE_CURVE('',#3324,#3327,#1974,.T.);
#4220=EDGE_CURVE('',#3326,#3328,#1975,.T.);
#4221=EDGE_CURVE('',#3328,#3327,#1976,.T.);
#4222=EDGE_CURVE('',#3327,#3323,#376,.T.);
#4223=EDGE_CURVE('',#3328,#3325,#377,.T.);
#4224=EDGE_CURVE('',#3322,#3312,#1977,.T.);
#4225=EDGE_CURVE('',#3329,#2866,#1978,.T.);
#4226=EDGE_CURVE('',#3329,#3330,#241,.T.);
#4227=EDGE_CURVE('',#3330,#2867,#1979,.T.);
#4228=EDGE_CURVE('',#3330,#3331,#1980,.T.);
#4229=EDGE_CURVE('',#3331,#2868,#1981,.T.);
#4230=EDGE_CURVE('',#3331,#3332,#242,.T.);
#4231=EDGE_CURVE('',#3332,#2869,#1982,.T.);
#4232=EDGE_CURVE('',#3332,#3333,#1983,.T.);
#4233=EDGE_CURVE('',#3333,#2870,#1984,.T.);
#4234=EDGE_CURVE('',#3333,#3334,#243,.T.);
#4235=EDGE_CURVE('',#3334,#2871,#1985,.T.);
#4236=EDGE_CURVE('',#3334,#3335,#1986,.T.);
#4237=EDGE_CURVE('',#3335,#2872,#1987,.T.);
#4238=EDGE_CURVE('',#3335,#3336,#244,.T.);
#4239=EDGE_CURVE('',#3336,#2873,#1988,.T.);
#4240=EDGE_CURVE('',#3336,#3329,#1989,.T.);
#4241=EDGE_CURVE('',#3337,#2881,#1990,.T.);
#4242=EDGE_CURVE('',#3337,#3338,#1991,.T.);
#4243=EDGE_CURVE('',#3338,#2882,#1992,.T.);
#4244=EDGE_CURVE('',#3338,#3339,#1993,.T.);
#4245=EDGE_CURVE('',#3339,#2883,#1994,.T.);
#4246=EDGE_CURVE('',#3339,#3340,#245,.T.);
#4247=EDGE_CURVE('',#3340,#2884,#1995,.T.);
#4248=EDGE_CURVE('',#3340,#3341,#1996,.T.);
#4249=EDGE_CURVE('',#3341,#2885,#1997,.T.);
#4250=EDGE_CURVE('',#3341,#3342,#156,.T.);
#4251=EDGE_CURVE('',#3342,#2886,#1998,.T.);
#4252=EDGE_CURVE('',#3342,#3343,#1999,.T.);
#4253=EDGE_CURVE('',#3343,#2887,#2000,.T.);
#4254=EDGE_CURVE('',#3343,#3337,#2001,.T.);
#4255=EDGE_CURVE('',#3344,#2874,#2002,.T.);
#4256=EDGE_CURVE('',#3344,#3345,#2003,.T.);
#4257=EDGE_CURVE('',#3345,#2875,#2004,.T.);
#4258=EDGE_CURVE('',#3345,#3346,#246,.T.);
#4259=EDGE_CURVE('',#3346,#2876,#2005,.T.);
#4260=EDGE_CURVE('',#3346,#3347,#247,.T.);
#4261=EDGE_CURVE('',#3347,#2877,#2006,.T.);
#4262=EDGE_CURVE('',#3347,#3348,#2007,.T.);
#4263=EDGE_CURVE('',#3348,#2878,#2008,.T.);
#4264=EDGE_CURVE('',#3348,#3349,#248,.T.);
#4265=EDGE_CURVE('',#3349,#2879,#2009,.T.);
#4266=EDGE_CURVE('',#3349,#3350,#2010,.T.);
#4267=EDGE_CURVE('',#3350,#2880,#2011,.T.);
#4268=EDGE_CURVE('',#3350,#3344,#2012,.T.);
#4269=EDGE_CURVE('',#3351,#3351,#378,.T.);
#4270=EDGE_CURVE('',#3351,#3352,#2013,.T.);
#4271=EDGE_CURVE('',#3352,#3352,#379,.T.);
#4272=EDGE_CURVE('',#3353,#3353,#380,.T.);
#4273=EDGE_CURVE('',#3353,#3354,#2014,.T.);
#4274=EDGE_CURVE('',#3354,#3354,#381,.T.);
#4275=EDGE_CURVE('',#3355,#3355,#382,.T.);
#4276=EDGE_CURVE('',#3355,#3356,#2015,.T.);
#4277=EDGE_CURVE('',#3356,#3356,#383,.T.);
#4278=EDGE_CURVE('',#3357,#3357,#384,.T.);
#4279=EDGE_CURVE('',#3357,#3358,#2016,.T.);
#4280=EDGE_CURVE('',#3358,#3358,#385,.T.);
#4281=EDGE_CURVE('',#3359,#3359,#386,.T.);
#4282=EDGE_CURVE('',#3359,#3360,#2017,.T.);
#4283=EDGE_CURVE('',#3360,#3360,#387,.T.);
#4284=EDGE_CURVE('',#3361,#3362,#2018,.T.);
#4285=EDGE_CURVE('',#3362,#3363,#2019,.T.);
#4286=EDGE_CURVE('',#3364,#3363,#2020,.T.);
#4287=EDGE_CURVE('',#3361,#3364,#2021,.T.);
#4288=EDGE_CURVE('',#3365,#3361,#2022,.T.);
#4289=EDGE_CURVE('',#3366,#3364,#2023,.T.);
#4290=EDGE_CURVE('',#3365,#3366,#2024,.T.);
#4291=EDGE_CURVE('',#3367,#3365,#2025,.T.);
#4292=EDGE_CURVE('',#3368,#3366,#2026,.T.);
#4293=EDGE_CURVE('',#3367,#3368,#2027,.T.);
#4294=EDGE_CURVE('',#3362,#3367,#2028,.T.);
#4295=EDGE_CURVE('',#3363,#3368,#2029,.T.);
#4296=EDGE_CURVE('',#3369,#3369,#388,.T.);
#4297=EDGE_CURVE('',#3369,#3370,#2030,.T.);
#4298=EDGE_CURVE('',#3370,#3370,#389,.T.);
#4299=EDGE_CURVE('',#3371,#3372,#390,.T.);
#4300=EDGE_CURVE('',#3371,#3373,#2031,.T.);
#4301=EDGE_CURVE('',#3373,#3373,#391,.T.);
#4302=EDGE_CURVE('',#3372,#3371,#392,.T.);
#4303=EDGE_CURVE('',#3374,#3372,#393,.T.);
#4304=EDGE_CURVE('',#3375,#3375,#394,.T.);
#4305=EDGE_CURVE('',#3375,#3376,#2032,.T.);
#4306=EDGE_CURVE('',#3376,#3376,#395,.T.);
#4307=EDGE_CURVE('',#3377,#3377,#396,.T.);
#4308=EDGE_CURVE('',#3378,#3378,#397,.T.);
#4309=EDGE_CURVE('',#3378,#3379,#2033,.T.);
#4310=EDGE_CURVE('',#3379,#3379,#398,.T.);
#4311=EDGE_CURVE('',#3380,#3380,#399,.T.);
#4312=EDGE_CURVE('',#3380,#3379,#400,.T.);
#4313=EDGE_CURVE('',#3381,#3381,#401,.T.);
#4314=EDGE_CURVE('',#3377,#3381,#2034,.T.);
#4315=EDGE_CURVE('',#3382,#3382,#402,.T.);
#4316=EDGE_CURVE('',#3382,#3383,#2035,.T.);
#4317=EDGE_CURVE('',#3383,#3383,#403,.T.);
#4318=EDGE_CURVE('',#3384,#3385,#404,.T.);
#4319=EDGE_CURVE('',#3385,#3386,#2036,.T.);
#4320=EDGE_CURVE('',#3386,#3387,#405,.T.);
#4321=EDGE_CURVE('',#3387,#3384,#2037,.T.);
#4322=EDGE_CURVE('',#3388,#3388,#406,.T.);
#4323=EDGE_CURVE('',#3389,#3390,#407,.T.);
#4324=EDGE_CURVE('',#3391,#3389,#408,.T.);
#4325=EDGE_CURVE('',#3390,#3391,#409,.T.);
#4326=EDGE_CURVE('',#3392,#3392,#410,.T.);
#4327=EDGE_CURVE('',#3393,#3393,#411,.T.);
#4328=EDGE_CURVE('',#3394,#3394,#412,.T.);
#4329=EDGE_CURVE('',#3395,#3395,#413,.T.);
#4330=EDGE_CURVE('',#3396,#3396,#414,.T.);
#4331=EDGE_CURVE('',#3397,#3397,#415,.T.);
#4332=EDGE_CURVE('',#3398,#3398,#416,.T.);
#4333=EDGE_CURVE('',#3398,#3399,#417,.T.);
#4334=EDGE_CURVE('',#3399,#3399,#418,.T.);
#4335=EDGE_CURVE('',#3400,#3400,#419,.T.);
#4336=EDGE_CURVE('',#3400,#3401,#2038,.T.);
#4337=EDGE_CURVE('',#3401,#3401,#420,.T.);
#4338=EDGE_CURVE('',#3402,#3402,#421,.T.);
#4339=EDGE_CURVE('',#3402,#3403,#2039,.T.);
#4340=EDGE_CURVE('',#3403,#3403,#422,.T.);
#4341=EDGE_CURVE('',#3404,#3404,#423,.T.);
#4342=EDGE_CURVE('',#3404,#3405,#2040,.T.);
#4343=EDGE_CURVE('',#3405,#3405,#424,.T.);
#4344=EDGE_CURVE('',#3406,#3406,#425,.T.);
#4345=EDGE_CURVE('',#3406,#3407,#2041,.T.);
#4346=EDGE_CURVE('',#3407,#3407,#426,.T.);
#4347=EDGE_CURVE('',#3408,#3408,#427,.T.);
#4348=EDGE_CURVE('',#3408,#3398,#2042,.T.);
#4349=EDGE_CURVE('',#3391,#3409,#2043,.T.);
#4350=EDGE_CURVE('',#3410,#3409,#428,.T.);
#4351=EDGE_CURVE('',#3410,#3389,#2044,.T.);
#4352=EDGE_CURVE('',#3390,#3388,#2045,.T.);
#4353=EDGE_CURVE('',#3409,#3410,#429,.T.);
#4354=EDGE_CURVE('',#3411,#3411,#430,.T.);
#4355=EDGE_CURVE('',#3411,#3392,#2046,.T.);
#4356=EDGE_CURVE('',#3412,#3412,#431,.T.);
#4357=EDGE_CURVE('',#3412,#3393,#2047,.T.);
#4358=EDGE_CURVE('',#3413,#3413,#432,.T.);
#4359=EDGE_CURVE('',#3413,#3394,#2048,.T.);
#4360=EDGE_CURVE('',#3414,#3414,#433,.T.);
#4361=EDGE_CURVE('',#3414,#3395,#2049,.T.);
#4362=EDGE_CURVE('',#3415,#3415,#434,.T.);
#4363=EDGE_CURVE('',#3415,#3396,#2050,.T.);
#4364=EDGE_CURVE('',#3416,#3416,#435,.T.);
#4365=EDGE_CURVE('',#3416,#3397,#2051,.T.);
#4366=EDGE_CURVE('',#3417,#3418,#436,.T.);
#4367=EDGE_CURVE('',#3418,#3419,#2052,.T.);
#4368=EDGE_CURVE('',#3419,#3420,#437,.T.);
#4369=EDGE_CURVE('',#3420,#3417,#2053,.T.);
#4370=EDGE_CURVE('',#3421,#3418,#2054,.T.);
#4371=EDGE_CURVE('',#3422,#3421,#2055,.T.);
#4372=EDGE_CURVE('',#3422,#3419,#2056,.T.);
#4373=EDGE_CURVE('',#3421,#3423,#438,.T.);
#4374=EDGE_CURVE('',#3423,#3424,#2057,.T.);
#4375=EDGE_CURVE('',#3424,#3422,#439,.T.);
#4376=EDGE_CURVE('',#3425,#3426,#2058,.T.);
#4377=EDGE_CURVE('',#3425,#3424,#2059,.T.);
#4378=EDGE_CURVE('',#3426,#3423,#2060,.T.);
#4379=EDGE_CURVE('',#3426,#3427,#440,.T.);
#4380=EDGE_CURVE('',#3427,#3428,#2061,.T.);
#4381=EDGE_CURVE('',#3428,#3425,#441,.T.);
#4382=EDGE_CURVE('',#3387,#3428,#2062,.T.);
#4383=EDGE_CURVE('',#3384,#3427,#2063,.T.);
#4384=EDGE_CURVE('',#3420,#3386,#2064,.T.);
#4385=EDGE_CURVE('',#3417,#3385,#2065,.T.);
#4386=EDGE_CURVE('',#3429,#3430,#442,.T.);
#4387=EDGE_CURVE('',#3429,#3431,#2066,.T.);
#4388=EDGE_CURVE('',#3431,#3431,#443,.T.);
#4389=EDGE_CURVE('',#3430,#3429,#444,.T.);
#4390=EDGE_CURVE('',#3430,#3432,#445,.T.);
#4391=EDGE_CURVE('',#3432,#3432,#446,.T.);
#4392=EDGE_CURVE('',#3433,#3433,#447,.T.);
#4393=EDGE_CURVE('',#3434,#3434,#448,.T.);
#4394=EDGE_CURVE('',#3434,#3433,#2067,.T.);
#4395=EDGE_CURVE('',#3435,#3436,#449,.T.);
#4396=EDGE_CURVE('',#3435,#3437,#2068,.T.);
#4397=EDGE_CURVE('',#3437,#3437,#450,.T.);
#4398=EDGE_CURVE('',#3436,#3435,#451,.T.);
#4399=EDGE_CURVE('',#3436,#3438,#452,.T.);
#4400=EDGE_CURVE('',#3438,#3438,#453,.T.);
#4401=EDGE_CURVE('',#3439,#3439,#454,.T.);
#4402=EDGE_CURVE('',#3440,#3440,#455,.T.);
#4403=EDGE_CURVE('',#3440,#3439,#2069,.T.);
#4404=EDGE_CURVE('',#3441,#3442,#456,.T.);
#4405=EDGE_CURVE('',#3441,#3443,#2070,.T.);
#4406=EDGE_CURVE('',#3443,#3443,#457,.T.);
#4407=EDGE_CURVE('',#3442,#3441,#458,.T.);
#4408=EDGE_CURVE('',#3442,#3444,#459,.T.);
#4409=EDGE_CURVE('',#3444,#3444,#460,.T.);
#4410=EDGE_CURVE('',#3445,#3445,#461,.T.);
#4411=EDGE_CURVE('',#3446,#3446,#462,.T.);
#4412=EDGE_CURVE('',#3446,#3445,#2071,.T.);
#4413=EDGE_CURVE('',#3447,#3448,#463,.T.);
#4414=EDGE_CURVE('',#3447,#3449,#2072,.T.);
#4415=EDGE_CURVE('',#3449,#3449,#464,.T.);
#4416=EDGE_CURVE('',#3448,#3447,#465,.T.);
#4417=EDGE_CURVE('',#3448,#3450,#466,.T.);
#4418=EDGE_CURVE('',#3450,#3450,#467,.T.);
#4419=EDGE_CURVE('',#3451,#3451,#468,.T.);
#4420=EDGE_CURVE('',#3452,#3452,#469,.T.);
#4421=EDGE_CURVE('',#3452,#3451,#2073,.T.);
#4422=ORIENTED_EDGE('',*,*,#3453,.F.);
#4423=ORIENTED_EDGE('',*,*,#3454,.F.);
#4424=ORIENTED_EDGE('',*,*,#3455,.F.);
#4425=ORIENTED_EDGE('',*,*,#3456,.F.);
#4426=ORIENTED_EDGE('',*,*,#3457,.F.);
#4427=ORIENTED_EDGE('',*,*,#3458,.F.);
#4428=ORIENTED_EDGE('',*,*,#3459,.F.);
#4429=ORIENTED_EDGE('',*,*,#3460,.F.);
#4430=ORIENTED_EDGE('',*,*,#3461,.F.);
#4431=ORIENTED_EDGE('',*,*,#3462,.F.);
#4432=ORIENTED_EDGE('',*,*,#3463,.F.);
#4433=ORIENTED_EDGE('',*,*,#3464,.F.);
#4434=ORIENTED_EDGE('',*,*,#3465,.F.);
#4435=ORIENTED_EDGE('',*,*,#3466,.F.);
#4436=ORIENTED_EDGE('',*,*,#3467,.F.);
#4437=ORIENTED_EDGE('',*,*,#3468,.F.);
#4438=ORIENTED_EDGE('',*,*,#3469,.F.);
#4439=ORIENTED_EDGE('',*,*,#3470,.T.);
#4440=ORIENTED_EDGE('',*,*,#3471,.T.);
#4441=ORIENTED_EDGE('',*,*,#3472,.T.);
#4442=ORIENTED_EDGE('',*,*,#3473,.T.);
#4443=ORIENTED_EDGE('',*,*,#3474,.T.);
#4444=ORIENTED_EDGE('',*,*,#3475,.T.);
#4445=ORIENTED_EDGE('',*,*,#3476,.T.);
#4446=ORIENTED_EDGE('',*,*,#3477,.T.);
#4447=ORIENTED_EDGE('',*,*,#3478,.T.);
#4448=ORIENTED_EDGE('',*,*,#3479,.T.);
#4449=ORIENTED_EDGE('',*,*,#3480,.T.);
#4450=ORIENTED_EDGE('',*,*,#3481,.T.);
#4451=ORIENTED_EDGE('',*,*,#3482,.T.);
#4452=ORIENTED_EDGE('',*,*,#3483,.T.);
#4453=ORIENTED_EDGE('',*,*,#3484,.T.);
#4454=ORIENTED_EDGE('',*,*,#3485,.T.);
#4455=ORIENTED_EDGE('',*,*,#3486,.T.);
#4456=ORIENTED_EDGE('',*,*,#3487,.T.);
#4457=ORIENTED_EDGE('',*,*,#3488,.T.);
#4458=ORIENTED_EDGE('',*,*,#3489,.T.);
#4459=ORIENTED_EDGE('',*,*,#3490,.T.);
#4460=ORIENTED_EDGE('',*,*,#3491,.T.);
#4461=ORIENTED_EDGE('',*,*,#3492,.T.);
#4462=ORIENTED_EDGE('',*,*,#3493,.T.);
#4463=ORIENTED_EDGE('',*,*,#3494,.T.);
#4464=ORIENTED_EDGE('',*,*,#3495,.T.);
#4465=ORIENTED_EDGE('',*,*,#3496,.T.);
#4466=ORIENTED_EDGE('',*,*,#3497,.T.);
#4467=ORIENTED_EDGE('',*,*,#3498,.T.);
#4468=ORIENTED_EDGE('',*,*,#3499,.T.);
#4469=ORIENTED_EDGE('',*,*,#3500,.T.);
#4470=ORIENTED_EDGE('',*,*,#3501,.T.);
#4471=ORIENTED_EDGE('',*,*,#3502,.T.);
#4472=ORIENTED_EDGE('',*,*,#3503,.T.);
#4473=ORIENTED_EDGE('',*,*,#3504,.T.);
#4474=ORIENTED_EDGE('',*,*,#3505,.T.);
#4475=ORIENTED_EDGE('',*,*,#3506,.T.);
#4476=ORIENTED_EDGE('',*,*,#3507,.T.);
#4477=ORIENTED_EDGE('',*,*,#3508,.T.);
#4478=ORIENTED_EDGE('',*,*,#3509,.T.);
#4479=ORIENTED_EDGE('',*,*,#3510,.T.);
#4480=ORIENTED_EDGE('',*,*,#3511,.T.);
#4481=ORIENTED_EDGE('',*,*,#3512,.T.);
#4482=ORIENTED_EDGE('',*,*,#3513,.T.);
#4483=ORIENTED_EDGE('',*,*,#3514,.T.);
#4484=ORIENTED_EDGE('',*,*,#3515,.T.);
#4485=ORIENTED_EDGE('',*,*,#3516,.T.);
#4486=ORIENTED_EDGE('',*,*,#3517,.T.);
#4487=ORIENTED_EDGE('',*,*,#3518,.T.);
#4488=ORIENTED_EDGE('',*,*,#3519,.T.);
#4489=ORIENTED_EDGE('',*,*,#3520,.T.);
#4490=ORIENTED_EDGE('',*,*,#3521,.T.);
#4491=ORIENTED_EDGE('',*,*,#3522,.T.);
#4492=ORIENTED_EDGE('',*,*,#3523,.T.);
#4493=ORIENTED_EDGE('',*,*,#3524,.T.);
#4494=ORIENTED_EDGE('',*,*,#3525,.T.);
#4495=ORIENTED_EDGE('',*,*,#3526,.T.);
#4496=ORIENTED_EDGE('',*,*,#3527,.T.);
#4497=ORIENTED_EDGE('',*,*,#3528,.T.);
#4498=ORIENTED_EDGE('',*,*,#3529,.T.);
#4499=ORIENTED_EDGE('',*,*,#3530,.T.);
#4500=ORIENTED_EDGE('',*,*,#3531,.T.);
#4501=ORIENTED_EDGE('',*,*,#3532,.T.);
#4502=ORIENTED_EDGE('',*,*,#3533,.T.);
#4503=ORIENTED_EDGE('',*,*,#3534,.T.);
#4504=ORIENTED_EDGE('',*,*,#3535,.T.);
#4505=ORIENTED_EDGE('',*,*,#3536,.T.);
#4506=ORIENTED_EDGE('',*,*,#3537,.T.);
#4507=ORIENTED_EDGE('',*,*,#3538,.T.);
#4508=ORIENTED_EDGE('',*,*,#3539,.T.);
#4509=ORIENTED_EDGE('',*,*,#3540,.T.);
#4510=ORIENTED_EDGE('',*,*,#3541,.T.);
#4511=ORIENTED_EDGE('',*,*,#3542,.T.);
#4512=ORIENTED_EDGE('',*,*,#3543,.T.);
#4513=ORIENTED_EDGE('',*,*,#3544,.T.);
#4514=ORIENTED_EDGE('',*,*,#3545,.T.);
#4515=ORIENTED_EDGE('',*,*,#3546,.T.);
#4516=ORIENTED_EDGE('',*,*,#3547,.T.);
#4517=ORIENTED_EDGE('',*,*,#3548,.T.);
#4518=ORIENTED_EDGE('',*,*,#3549,.T.);
#4519=ORIENTED_EDGE('',*,*,#3550,.T.);
#4520=ORIENTED_EDGE('',*,*,#3551,.T.);
#4521=ORIENTED_EDGE('',*,*,#3552,.T.);
#4522=ORIENTED_EDGE('',*,*,#3553,.T.);
#4523=ORIENTED_EDGE('',*,*,#3554,.T.);
#4524=ORIENTED_EDGE('',*,*,#3555,.T.);
#4525=ORIENTED_EDGE('',*,*,#3556,.T.);
#4526=ORIENTED_EDGE('',*,*,#3557,.T.);
#4527=ORIENTED_EDGE('',*,*,#3558,.T.);
#4528=ORIENTED_EDGE('',*,*,#3559,.T.);
#4529=ORIENTED_EDGE('',*,*,#3560,.T.);
#4530=ORIENTED_EDGE('',*,*,#3561,.T.);
#4531=ORIENTED_EDGE('',*,*,#3562,.T.);
#4532=ORIENTED_EDGE('',*,*,#3563,.T.);
#4533=ORIENTED_EDGE('',*,*,#3564,.T.);
#4534=ORIENTED_EDGE('',*,*,#3565,.T.);
#4535=ORIENTED_EDGE('',*,*,#3566,.T.);
#4536=ORIENTED_EDGE('',*,*,#3567,.T.);
#4537=ORIENTED_EDGE('',*,*,#3568,.T.);
#4538=ORIENTED_EDGE('',*,*,#3569,.T.);
#4539=ORIENTED_EDGE('',*,*,#3570,.T.);
#4540=ORIENTED_EDGE('',*,*,#3571,.T.);
#4541=ORIENTED_EDGE('',*,*,#3572,.T.);
#4542=ORIENTED_EDGE('',*,*,#3573,.T.);
#4543=ORIENTED_EDGE('',*,*,#3574,.T.);
#4544=ORIENTED_EDGE('',*,*,#3575,.T.);
#4545=ORIENTED_EDGE('',*,*,#3576,.T.);
#4546=ORIENTED_EDGE('',*,*,#3577,.T.);
#4547=ORIENTED_EDGE('',*,*,#3578,.T.);
#4548=ORIENTED_EDGE('',*,*,#3579,.T.);
#4549=ORIENTED_EDGE('',*,*,#3580,.T.);
#4550=ORIENTED_EDGE('',*,*,#3581,.T.);
#4551=ORIENTED_EDGE('',*,*,#3582,.T.);
#4552=ORIENTED_EDGE('',*,*,#3583,.T.);
#4553=ORIENTED_EDGE('',*,*,#3584,.F.);
#4554=ORIENTED_EDGE('',*,*,#3585,.T.);
#4555=ORIENTED_EDGE('',*,*,#3586,.T.);
#4556=ORIENTED_EDGE('',*,*,#3587,.T.);
#4557=ORIENTED_EDGE('',*,*,#3588,.T.);
#4558=ORIENTED_EDGE('',*,*,#3589,.T.);
#4559=ORIENTED_EDGE('',*,*,#3590,.T.);
#4560=ORIENTED_EDGE('',*,*,#3591,.T.);
#4561=ORIENTED_EDGE('',*,*,#3592,.T.);
#4562=ORIENTED_EDGE('',*,*,#3462,.T.);
#4563=ORIENTED_EDGE('',*,*,#3593,.F.);
#4564=ORIENTED_EDGE('',*,*,#3594,.F.);
#4565=ORIENTED_EDGE('',*,*,#3595,.T.);
#4566=ORIENTED_EDGE('',*,*,#3596,.T.);
#4567=ORIENTED_EDGE('',*,*,#3597,.T.);
#4568=ORIENTED_EDGE('',*,*,#3598,.T.);
#4569=ORIENTED_EDGE('',*,*,#3599,.T.);
#4570=ORIENTED_EDGE('',*,*,#3600,.T.);
#4571=ORIENTED_EDGE('',*,*,#3601,.T.);
#4572=ORIENTED_EDGE('',*,*,#3602,.T.);
#4573=ORIENTED_EDGE('',*,*,#3603,.T.);
#4574=ORIENTED_EDGE('',*,*,#3604,.T.);
#4575=ORIENTED_EDGE('',*,*,#3605,.T.);
#4576=ORIENTED_EDGE('',*,*,#3606,.T.);
#4577=ORIENTED_EDGE('',*,*,#3607,.T.);
#4578=ORIENTED_EDGE('',*,*,#3608,.T.);
#4579=ORIENTED_EDGE('',*,*,#3609,.T.);
#4580=ORIENTED_EDGE('',*,*,#3610,.T.);
#4581=ORIENTED_EDGE('',*,*,#3611,.T.);
#4582=ORIENTED_EDGE('',*,*,#3612,.T.);
#4583=ORIENTED_EDGE('',*,*,#3613,.T.);
#4584=ORIENTED_EDGE('',*,*,#3614,.T.);
#4585=ORIENTED_EDGE('',*,*,#3615,.T.);
#4586=ORIENTED_EDGE('',*,*,#3616,.T.);
#4587=ORIENTED_EDGE('',*,*,#3617,.T.);
#4588=ORIENTED_EDGE('',*,*,#3618,.T.);
#4589=ORIENTED_EDGE('',*,*,#3619,.T.);
#4590=ORIENTED_EDGE('',*,*,#3620,.T.);
#4591=ORIENTED_EDGE('',*,*,#3621,.T.);
#4592=ORIENTED_EDGE('',*,*,#3622,.T.);
#4593=ORIENTED_EDGE('',*,*,#3623,.T.);
#4594=ORIENTED_EDGE('',*,*,#3624,.T.);
#4595=ORIENTED_EDGE('',*,*,#3625,.T.);
#4596=ORIENTED_EDGE('',*,*,#3626,.T.);
#4597=ORIENTED_EDGE('',*,*,#3627,.T.);
#4598=ORIENTED_EDGE('',*,*,#3628,.T.);
#4599=ORIENTED_EDGE('',*,*,#3629,.T.);
#4600=ORIENTED_EDGE('',*,*,#3630,.T.);
#4601=ORIENTED_EDGE('',*,*,#3631,.T.);
#4602=ORIENTED_EDGE('',*,*,#3632,.T.);
#4603=ORIENTED_EDGE('',*,*,#3633,.T.);
#4604=ORIENTED_EDGE('',*,*,#3634,.T.);
#4605=ORIENTED_EDGE('',*,*,#3635,.T.);
#4606=ORIENTED_EDGE('',*,*,#3636,.T.);
#4607=ORIENTED_EDGE('',*,*,#3637,.T.);
#4608=ORIENTED_EDGE('',*,*,#3638,.T.);
#4609=ORIENTED_EDGE('',*,*,#3639,.T.);
#4610=ORIENTED_EDGE('',*,*,#3640,.T.);
#4611=ORIENTED_EDGE('',*,*,#3641,.T.);
#4612=ORIENTED_EDGE('',*,*,#3642,.T.);
#4613=ORIENTED_EDGE('',*,*,#3643,.T.);
#4614=ORIENTED_EDGE('',*,*,#3644,.T.);
#4615=ORIENTED_EDGE('',*,*,#3645,.T.);
#4616=ORIENTED_EDGE('',*,*,#3646,.T.);
#4617=ORIENTED_EDGE('',*,*,#3647,.T.);
#4618=ORIENTED_EDGE('',*,*,#3648,.T.);
#4619=ORIENTED_EDGE('',*,*,#3649,.T.);
#4620=ORIENTED_EDGE('',*,*,#3650,.T.);
#4621=ORIENTED_EDGE('',*,*,#3651,.T.);
#4622=ORIENTED_EDGE('',*,*,#3652,.T.);
#4623=ORIENTED_EDGE('',*,*,#3653,.T.);
#4624=ORIENTED_EDGE('',*,*,#3654,.T.);
#4625=ORIENTED_EDGE('',*,*,#3655,.T.);
#4626=ORIENTED_EDGE('',*,*,#3656,.T.);
#4627=ORIENTED_EDGE('',*,*,#3657,.T.);
#4628=ORIENTED_EDGE('',*,*,#3658,.T.);
#4629=ORIENTED_EDGE('',*,*,#3659,.T.);
#4630=ORIENTED_EDGE('',*,*,#3660,.T.);
#4631=ORIENTED_EDGE('',*,*,#3661,.T.);
#4632=ORIENTED_EDGE('',*,*,#3662,.T.);
#4633=ORIENTED_EDGE('',*,*,#3663,.T.);
#4634=ORIENTED_EDGE('',*,*,#3664,.F.);
#4635=ORIENTED_EDGE('',*,*,#3665,.F.);
#4636=ORIENTED_EDGE('',*,*,#3666,.T.);
#4637=ORIENTED_EDGE('',*,*,#3595,.F.);
#4638=ORIENTED_EDGE('',*,*,#3667,.F.);
#4639=ORIENTED_EDGE('',*,*,#3668,.T.);
#4640=ORIENTED_EDGE('',*,*,#3463,.T.);
#4641=ORIENTED_EDGE('',*,*,#3592,.F.);
#4642=ORIENTED_EDGE('',*,*,#3669,.F.);
#4643=ORIENTED_EDGE('',*,*,#3670,.T.);
#4644=ORIENTED_EDGE('',*,*,#3671,.T.);
#4645=ORIENTED_EDGE('',*,*,#3672,.T.);
#4646=ORIENTED_EDGE('',*,*,#3673,.T.);
#4647=ORIENTED_EDGE('',*,*,#3674,.T.);
#4648=ORIENTED_EDGE('',*,*,#3675,.T.);
#4649=ORIENTED_EDGE('',*,*,#3676,.T.);
#4650=ORIENTED_EDGE('',*,*,#3677,.T.);
#4651=ORIENTED_EDGE('',*,*,#3678,.T.);
#4652=ORIENTED_EDGE('',*,*,#3679,.T.);
#4653=ORIENTED_EDGE('',*,*,#3680,.F.);
#4654=ORIENTED_EDGE('',*,*,#3681,.T.);
#4655=ORIENTED_EDGE('',*,*,#3682,.T.);
#4656=ORIENTED_EDGE('',*,*,#3683,.F.);
#4657=ORIENTED_EDGE('',*,*,#3676,.F.);
#4658=ORIENTED_EDGE('',*,*,#3683,.T.);
#4659=ORIENTED_EDGE('',*,*,#3684,.T.);
#4660=ORIENTED_EDGE('',*,*,#3685,.F.);
#4661=ORIENTED_EDGE('',*,*,#3677,.F.);
#4662=ORIENTED_EDGE('',*,*,#3685,.T.);
#4663=ORIENTED_EDGE('',*,*,#3686,.T.);
#4664=ORIENTED_EDGE('',*,*,#3687,.F.);
#4665=ORIENTED_EDGE('',*,*,#3678,.F.);
#4666=ORIENTED_EDGE('',*,*,#3679,.F.);
#4667=ORIENTED_EDGE('',*,*,#3687,.T.);
#4668=ORIENTED_EDGE('',*,*,#3688,.T.);
#4669=ORIENTED_EDGE('',*,*,#3689,.F.);
#4670=ORIENTED_EDGE('',*,*,#3690,.F.);
#4671=ORIENTED_EDGE('',*,*,#3691,.F.);
#4672=ORIENTED_EDGE('',*,*,#3690,.T.);
#4673=ORIENTED_EDGE('',*,*,#3692,.F.);
#4674=ORIENTED_EDGE('',*,*,#3693,.F.);
#4675=ORIENTED_EDGE('',*,*,#3694,.F.);
#4676=ORIENTED_EDGE('',*,*,#3693,.T.);
#4677=ORIENTED_EDGE('',*,*,#3695,.F.);
#4678=ORIENTED_EDGE('',*,*,#3696,.T.);
#4679=ORIENTED_EDGE('',*,*,#3697,.F.);
#4680=ORIENTED_EDGE('',*,*,#3671,.F.);
#4681=ORIENTED_EDGE('',*,*,#3698,.F.);
#4682=ORIENTED_EDGE('',*,*,#3697,.T.);
#4683=ORIENTED_EDGE('',*,*,#3699,.T.);
#4684=ORIENTED_EDGE('',*,*,#3700,.F.);
#4685=ORIENTED_EDGE('',*,*,#3672,.F.);
#4686=ORIENTED_EDGE('',*,*,#3700,.T.);
#4687=ORIENTED_EDGE('',*,*,#3701,.T.);
#4688=ORIENTED_EDGE('',*,*,#3702,.F.);
#4689=ORIENTED_EDGE('',*,*,#3673,.F.);
#4690=ORIENTED_EDGE('',*,*,#3703,.T.);
#4691=ORIENTED_EDGE('',*,*,#3704,.T.);
#4692=ORIENTED_EDGE('',*,*,#3681,.F.);
#4693=ORIENTED_EDGE('',*,*,#3675,.F.);
#4694=ORIENTED_EDGE('',*,*,#3688,.F.);
#4695=ORIENTED_EDGE('',*,*,#3686,.F.);
#4696=ORIENTED_EDGE('',*,*,#3684,.F.);
#4697=ORIENTED_EDGE('',*,*,#3682,.F.);
#4698=ORIENTED_EDGE('',*,*,#3704,.F.);
#4699=ORIENTED_EDGE('',*,*,#3705,.F.);
#4700=ORIENTED_EDGE('',*,*,#3701,.F.);
#4701=ORIENTED_EDGE('',*,*,#3699,.F.);
#4702=ORIENTED_EDGE('',*,*,#3696,.F.);
#4703=ORIENTED_EDGE('',*,*,#3706,.F.);
#4704=ORIENTED_EDGE('',*,*,#3689,.T.);
#4705=ORIENTED_EDGE('',*,*,#3706,.T.);
#4706=ORIENTED_EDGE('',*,*,#3695,.T.);
#4707=ORIENTED_EDGE('',*,*,#3692,.T.);
#4708=ORIENTED_EDGE('',*,*,#3691,.T.);
#4709=ORIENTED_EDGE('',*,*,#3694,.T.);
#4710=ORIENTED_EDGE('',*,*,#3698,.T.);
#4711=ORIENTED_EDGE('',*,*,#3680,.T.);
#4712=ORIENTED_EDGE('',*,*,#3454,.T.);
#4713=ORIENTED_EDGE('',*,*,#3707,.F.);
#4714=ORIENTED_EDGE('',*,*,#3708,.F.);
#4715=ORIENTED_EDGE('',*,*,#3709,.T.);
#4716=ORIENTED_EDGE('',*,*,#3710,.T.);
#4717=ORIENTED_EDGE('',*,*,#3711,.T.);
#4718=ORIENTED_EDGE('',*,*,#3712,.F.);
#4719=ORIENTED_EDGE('',*,*,#3713,.F.);
#4720=ORIENTED_EDGE('',*,*,#3453,.T.);
#4721=ORIENTED_EDGE('',*,*,#3714,.F.);
#4722=ORIENTED_EDGE('',*,*,#3715,.F.);
#4723=ORIENTED_EDGE('',*,*,#3707,.T.);
#4724=ORIENTED_EDGE('',*,*,#3468,.T.);
#4725=ORIENTED_EDGE('',*,*,#3716,.F.);
#4726=ORIENTED_EDGE('',*,*,#3717,.F.);
#4727=ORIENTED_EDGE('',*,*,#3714,.T.);
#4728=ORIENTED_EDGE('',*,*,#3467,.T.);
#4729=ORIENTED_EDGE('',*,*,#3718,.F.);
#4730=ORIENTED_EDGE('',*,*,#3719,.F.);
#4731=ORIENTED_EDGE('',*,*,#3716,.T.);
#4732=ORIENTED_EDGE('',*,*,#3466,.T.);
#4733=ORIENTED_EDGE('',*,*,#3720,.F.);
#4734=ORIENTED_EDGE('',*,*,#3721,.F.);
#4735=ORIENTED_EDGE('',*,*,#3718,.T.);
#4736=ORIENTED_EDGE('',*,*,#3722,.F.);
#4737=ORIENTED_EDGE('',*,*,#3723,.T.);
#4738=ORIENTED_EDGE('',*,*,#3724,.T.);
#4739=ORIENTED_EDGE('',*,*,#3725,.F.);
#4740=ORIENTED_EDGE('',*,*,#3465,.T.);
#4741=ORIENTED_EDGE('',*,*,#3726,.F.);
#4742=ORIENTED_EDGE('',*,*,#3727,.F.);
#4743=ORIENTED_EDGE('',*,*,#3720,.T.);
#4744=ORIENTED_EDGE('',*,*,#3464,.T.);
#4745=ORIENTED_EDGE('',*,*,#3668,.F.);
#4746=ORIENTED_EDGE('',*,*,#3728,.F.);
#4747=ORIENTED_EDGE('',*,*,#3726,.T.);
#4748=ORIENTED_EDGE('',*,*,#3461,.T.);
#4749=ORIENTED_EDGE('',*,*,#3729,.F.);
#4750=ORIENTED_EDGE('',*,*,#3730,.F.);
#4751=ORIENTED_EDGE('',*,*,#3593,.T.);
#4752=ORIENTED_EDGE('',*,*,#3460,.T.);
#4753=ORIENTED_EDGE('',*,*,#3731,.F.);
#4754=ORIENTED_EDGE('',*,*,#3732,.F.);
#4755=ORIENTED_EDGE('',*,*,#3729,.T.);
#4756=ORIENTED_EDGE('',*,*,#3459,.T.);
#4757=ORIENTED_EDGE('',*,*,#3733,.F.);
#4758=ORIENTED_EDGE('',*,*,#3734,.F.);
#4759=ORIENTED_EDGE('',*,*,#3731,.T.);
#4760=ORIENTED_EDGE('',*,*,#3458,.T.);
#4761=ORIENTED_EDGE('',*,*,#3735,.F.);
#4762=ORIENTED_EDGE('',*,*,#3736,.F.);
#4763=ORIENTED_EDGE('',*,*,#3733,.T.);
#4764=ORIENTED_EDGE('',*,*,#3702,.T.);
#4765=ORIENTED_EDGE('',*,*,#3705,.T.);
#4766=ORIENTED_EDGE('',*,*,#3703,.F.);
#4767=ORIENTED_EDGE('',*,*,#3674,.F.);
#4768=ORIENTED_EDGE('',*,*,#3457,.T.);
#4769=ORIENTED_EDGE('',*,*,#3737,.F.);
#4770=ORIENTED_EDGE('',*,*,#3738,.F.);
#4771=ORIENTED_EDGE('',*,*,#3735,.T.);
#4772=ORIENTED_EDGE('',*,*,#3456,.T.);
#4773=ORIENTED_EDGE('',*,*,#3739,.F.);
#4774=ORIENTED_EDGE('',*,*,#3740,.F.);
#4775=ORIENTED_EDGE('',*,*,#3737,.T.);
#4776=ORIENTED_EDGE('',*,*,#3455,.T.);
#4777=ORIENTED_EDGE('',*,*,#3709,.F.);
#4778=ORIENTED_EDGE('',*,*,#3741,.F.);
#4779=ORIENTED_EDGE('',*,*,#3739,.T.);
#4780=ORIENTED_EDGE('',*,*,#3742,.F.);
#4781=ORIENTED_EDGE('',*,*,#3743,.T.);
#4782=ORIENTED_EDGE('',*,*,#3584,.T.);
#4783=ORIENTED_EDGE('',*,*,#3743,.F.);
#4784=ORIENTED_EDGE('',*,*,#3744,.F.);
#4785=ORIENTED_EDGE('',*,*,#3745,.T.);
#4786=ORIENTED_EDGE('',*,*,#3469,.T.);
#4787=ORIENTED_EDGE('',*,*,#3745,.F.);
#4788=ORIENTED_EDGE('',*,*,#3715,.T.);
#4789=ORIENTED_EDGE('',*,*,#3717,.T.);
#4790=ORIENTED_EDGE('',*,*,#3719,.T.);
#4791=ORIENTED_EDGE('',*,*,#3721,.T.);
#4792=ORIENTED_EDGE('',*,*,#3727,.T.);
#4793=ORIENTED_EDGE('',*,*,#3728,.T.);
#4794=ORIENTED_EDGE('',*,*,#3667,.T.);
#4795=ORIENTED_EDGE('',*,*,#3594,.T.);
#4796=ORIENTED_EDGE('',*,*,#3730,.T.);
#4797=ORIENTED_EDGE('',*,*,#3732,.T.);
#4798=ORIENTED_EDGE('',*,*,#3734,.T.);
#4799=ORIENTED_EDGE('',*,*,#3736,.T.);
#4800=ORIENTED_EDGE('',*,*,#3738,.T.);
#4801=ORIENTED_EDGE('',*,*,#3740,.T.);
#4802=ORIENTED_EDGE('',*,*,#3741,.T.);
#4803=ORIENTED_EDGE('',*,*,#3708,.T.);
#4804=ORIENTED_EDGE('',*,*,#3744,.T.);
#4805=ORIENTED_EDGE('',*,*,#3742,.T.);
#4806=ORIENTED_EDGE('',*,*,#3746,.F.);
#4807=ORIENTED_EDGE('',*,*,#3711,.F.);
#4808=ORIENTED_EDGE('',*,*,#3747,.T.);
#4809=ORIENTED_EDGE('',*,*,#3748,.T.);
#4810=ORIENTED_EDGE('',*,*,#3749,.F.);
#4811=ORIENTED_EDGE('',*,*,#3748,.F.);
#4812=ORIENTED_EDGE('',*,*,#3750,.T.);
#4813=ORIENTED_EDGE('',*,*,#3751,.T.);
#4814=ORIENTED_EDGE('',*,*,#3752,.T.);
#4815=ORIENTED_EDGE('',*,*,#3753,.T.);
#4816=ORIENTED_EDGE('',*,*,#3754,.F.);
#4817=ORIENTED_EDGE('',*,*,#3751,.F.);
#4818=ORIENTED_EDGE('',*,*,#3755,.T.);
#4819=ORIENTED_EDGE('',*,*,#3756,.T.);
#4820=ORIENTED_EDGE('',*,*,#3757,.T.);
#4821=ORIENTED_EDGE('',*,*,#3758,.T.);
#4822=ORIENTED_EDGE('',*,*,#3752,.F.);
#4823=ORIENTED_EDGE('',*,*,#3759,.T.);
#4824=ORIENTED_EDGE('',*,*,#3760,.F.);
#4825=ORIENTED_EDGE('',*,*,#3761,.T.);
#4826=ORIENTED_EDGE('',*,*,#3757,.F.);
#4827=ORIENTED_EDGE('',*,*,#3762,.T.);
#4828=ORIENTED_EDGE('',*,*,#3763,.T.);
#4829=ORIENTED_EDGE('',*,*,#3764,.T.);
#4830=ORIENTED_EDGE('',*,*,#3765,.F.);
#4831=ORIENTED_EDGE('',*,*,#3764,.F.);
#4832=ORIENTED_EDGE('',*,*,#3766,.T.);
#4833=ORIENTED_EDGE('',*,*,#3767,.T.);
#4834=ORIENTED_EDGE('',*,*,#3768,.F.);
#4835=ORIENTED_EDGE('',*,*,#3767,.F.);
#4836=ORIENTED_EDGE('',*,*,#3769,.T.);
#4837=ORIENTED_EDGE('',*,*,#3770,.T.);
#4838=ORIENTED_EDGE('',*,*,#3771,.F.);
#4839=ORIENTED_EDGE('',*,*,#3770,.F.);
#4840=ORIENTED_EDGE('',*,*,#3772,.T.);
#4841=ORIENTED_EDGE('',*,*,#3773,.T.);
#4842=ORIENTED_EDGE('',*,*,#3774,.F.);
#4843=ORIENTED_EDGE('',*,*,#3773,.F.);
#4844=ORIENTED_EDGE('',*,*,#3775,.T.);
#4845=ORIENTED_EDGE('',*,*,#3713,.T.);
#4846=ORIENTED_EDGE('',*,*,#3763,.F.);
#4847=ORIENTED_EDGE('',*,*,#3776,.T.);
#4848=ORIENTED_EDGE('',*,*,#3755,.F.);
#4849=ORIENTED_EDGE('',*,*,#3750,.F.);
#4850=ORIENTED_EDGE('',*,*,#3747,.F.);
#4851=ORIENTED_EDGE('',*,*,#3710,.F.);
#4852=ORIENTED_EDGE('',*,*,#3775,.F.);
#4853=ORIENTED_EDGE('',*,*,#3772,.F.);
#4854=ORIENTED_EDGE('',*,*,#3769,.F.);
#4855=ORIENTED_EDGE('',*,*,#3766,.F.);
#4856=ORIENTED_EDGE('',*,*,#3754,.T.);
#4857=ORIENTED_EDGE('',*,*,#3777,.T.);
#4858=ORIENTED_EDGE('',*,*,#3760,.T.);
#4859=ORIENTED_EDGE('',*,*,#3765,.T.);
#4860=ORIENTED_EDGE('',*,*,#3768,.T.);
#4861=ORIENTED_EDGE('',*,*,#3771,.T.);
#4862=ORIENTED_EDGE('',*,*,#3774,.T.);
#4863=ORIENTED_EDGE('',*,*,#3712,.T.);
#4864=ORIENTED_EDGE('',*,*,#3746,.T.);
#4865=ORIENTED_EDGE('',*,*,#3749,.T.);
#4866=ORIENTED_EDGE('',*,*,#3778,.F.);
#4867=ORIENTED_EDGE('',*,*,#3779,.T.);
#4868=ORIENTED_EDGE('',*,*,#3780,.F.);
#4869=ORIENTED_EDGE('',*,*,#3781,.F.);
#4870=ORIENTED_EDGE('',*,*,#3782,.F.);
#4871=ORIENTED_EDGE('',*,*,#3783,.F.);
#4872=ORIENTED_EDGE('',*,*,#3784,.F.);
#4873=ORIENTED_EDGE('',*,*,#3723,.F.);
#4874=ORIENTED_EDGE('',*,*,#3785,.F.);
#4875=ORIENTED_EDGE('',*,*,#3786,.F.);
#4876=ORIENTED_EDGE('',*,*,#3787,.F.);
#4877=ORIENTED_EDGE('',*,*,#3783,.T.);
#4878=ORIENTED_EDGE('',*,*,#3788,.T.);
#4879=ORIENTED_EDGE('',*,*,#3789,.F.);
#4880=ORIENTED_EDGE('',*,*,#3788,.F.);
#4881=ORIENTED_EDGE('',*,*,#3782,.T.);
#4882=ORIENTED_EDGE('',*,*,#3790,.T.);
#4883=ORIENTED_EDGE('',*,*,#3791,.F.);
#4884=ORIENTED_EDGE('',*,*,#3790,.F.);
#4885=ORIENTED_EDGE('',*,*,#3781,.T.);
#4886=ORIENTED_EDGE('',*,*,#3792,.T.);
#4887=ORIENTED_EDGE('',*,*,#3793,.F.);
#4888=ORIENTED_EDGE('',*,*,#3780,.T.);
#4889=ORIENTED_EDGE('',*,*,#3794,.T.);
#4890=ORIENTED_EDGE('',*,*,#3795,.T.);
#4891=ORIENTED_EDGE('',*,*,#3796,.T.);
#4892=ORIENTED_EDGE('',*,*,#3797,.F.);
#4893=ORIENTED_EDGE('',*,*,#3792,.F.);
#4894=ORIENTED_EDGE('',*,*,#3795,.F.);
#4895=ORIENTED_EDGE('',*,*,#3798,.T.);
#4896=ORIENTED_EDGE('',*,*,#3799,.T.);
#4897=ORIENTED_EDGE('',*,*,#3800,.T.);
#4898=ORIENTED_EDGE('',*,*,#3799,.F.);
#4899=ORIENTED_EDGE('',*,*,#3801,.T.);
#4900=ORIENTED_EDGE('',*,*,#3778,.T.);
#4901=ORIENTED_EDGE('',*,*,#3802,.T.);
#4902=ORIENTED_EDGE('',*,*,#3803,.F.);
#4903=ORIENTED_EDGE('',*,*,#3804,.T.);
#4904=ORIENTED_EDGE('',*,*,#3802,.F.);
#4905=ORIENTED_EDGE('',*,*,#3786,.T.);
#4906=ORIENTED_EDGE('',*,*,#3805,.T.);
#4907=ORIENTED_EDGE('',*,*,#3806,.F.);
#4908=ORIENTED_EDGE('',*,*,#3805,.F.);
#4909=ORIENTED_EDGE('',*,*,#3785,.T.);
#4910=ORIENTED_EDGE('',*,*,#3722,.T.);
#4911=ORIENTED_EDGE('',*,*,#3807,.F.);
#4912=ORIENTED_EDGE('',*,*,#3724,.F.);
#4913=ORIENTED_EDGE('',*,*,#3784,.T.);
#4914=ORIENTED_EDGE('',*,*,#3787,.T.);
#4915=ORIENTED_EDGE('',*,*,#3808,.F.);
#4916=ORIENTED_EDGE('',*,*,#3797,.T.);
#4917=ORIENTED_EDGE('',*,*,#3809,.T.);
#4918=ORIENTED_EDGE('',*,*,#3803,.T.);
#4919=ORIENTED_EDGE('',*,*,#3806,.T.);
#4920=ORIENTED_EDGE('',*,*,#3807,.T.);
#4921=ORIENTED_EDGE('',*,*,#3725,.T.);
#4922=ORIENTED_EDGE('',*,*,#3808,.T.);
#4923=ORIENTED_EDGE('',*,*,#3789,.T.);
#4924=ORIENTED_EDGE('',*,*,#3791,.T.);
#4925=ORIENTED_EDGE('',*,*,#3793,.T.);
#4926=ORIENTED_EDGE('',*,*,#3796,.F.);
#4927=ORIENTED_EDGE('',*,*,#3800,.F.);
#4928=ORIENTED_EDGE('',*,*,#3804,.F.);
#4929=ORIENTED_EDGE('',*,*,#3809,.F.);
#4930=ORIENTED_EDGE('',*,*,#3794,.F.);
#4931=ORIENTED_EDGE('',*,*,#3779,.F.);
#4932=ORIENTED_EDGE('',*,*,#3801,.F.);
#4933=ORIENTED_EDGE('',*,*,#3798,.F.);
#4934=ORIENTED_EDGE('',*,*,#3756,.F.);
#4935=ORIENTED_EDGE('',*,*,#3776,.F.);
#4936=ORIENTED_EDGE('',*,*,#3762,.F.);
#4937=ORIENTED_EDGE('',*,*,#3759,.F.);
#4938=ORIENTED_EDGE('',*,*,#3753,.F.);
#4939=ORIENTED_EDGE('',*,*,#3758,.F.);
#4940=ORIENTED_EDGE('',*,*,#3761,.F.);
#4941=ORIENTED_EDGE('',*,*,#3777,.F.);
#4942=ORIENTED_EDGE('',*,*,#3810,.F.);
#4943=ORIENTED_EDGE('',*,*,#3811,.F.);
#4944=ORIENTED_EDGE('',*,*,#3812,.T.);
#4945=ORIENTED_EDGE('',*,*,#3665,.T.);
#4946=ORIENTED_EDGE('',*,*,#3813,.F.);
#4947=ORIENTED_EDGE('',*,*,#3663,.F.);
#4948=ORIENTED_EDGE('',*,*,#3814,.T.);
#4949=ORIENTED_EDGE('',*,*,#3815,.T.);
#4950=ORIENTED_EDGE('',*,*,#3816,.F.);
#4951=ORIENTED_EDGE('',*,*,#3815,.F.);
#4952=ORIENTED_EDGE('',*,*,#3817,.T.);
#4953=ORIENTED_EDGE('',*,*,#3818,.T.);
#4954=ORIENTED_EDGE('',*,*,#3819,.F.);
#4955=ORIENTED_EDGE('',*,*,#3818,.F.);
#4956=ORIENTED_EDGE('',*,*,#3820,.T.);
#4957=ORIENTED_EDGE('',*,*,#3821,.T.);
#4958=ORIENTED_EDGE('',*,*,#3822,.F.);
#4959=ORIENTED_EDGE('',*,*,#3821,.F.);
#4960=ORIENTED_EDGE('',*,*,#3823,.T.);
#4961=ORIENTED_EDGE('',*,*,#3811,.T.);
#4962=ORIENTED_EDGE('',*,*,#3812,.F.);
#4963=ORIENTED_EDGE('',*,*,#3823,.F.);
#4964=ORIENTED_EDGE('',*,*,#3820,.F.);
#4965=ORIENTED_EDGE('',*,*,#3817,.F.);
#4966=ORIENTED_EDGE('',*,*,#3814,.F.);
#4967=ORIENTED_EDGE('',*,*,#3662,.F.);
#4968=ORIENTED_EDGE('',*,*,#3810,.T.);
#4969=ORIENTED_EDGE('',*,*,#3664,.T.);
#4970=ORIENTED_EDGE('',*,*,#3813,.T.);
#4971=ORIENTED_EDGE('',*,*,#3816,.T.);
#4972=ORIENTED_EDGE('',*,*,#3819,.T.);
#4973=ORIENTED_EDGE('',*,*,#3822,.T.);
#4974=ORIENTED_EDGE('',*,*,#3585,.F.);
#4975=ORIENTED_EDGE('',*,*,#3666,.F.);
#4976=ORIENTED_EDGE('',*,*,#3824,.T.);
#4977=ORIENTED_EDGE('',*,*,#3825,.T.);
#4978=ORIENTED_EDGE('',*,*,#3586,.F.);
#4979=ORIENTED_EDGE('',*,*,#3825,.F.);
#4980=ORIENTED_EDGE('',*,*,#3826,.T.);
#4981=ORIENTED_EDGE('',*,*,#3827,.T.);
#4982=ORIENTED_EDGE('',*,*,#3587,.F.);
#4983=ORIENTED_EDGE('',*,*,#3827,.F.);
#4984=ORIENTED_EDGE('',*,*,#3828,.T.);
#4985=ORIENTED_EDGE('',*,*,#3829,.T.);
#4986=ORIENTED_EDGE('',*,*,#3588,.F.);
#4987=ORIENTED_EDGE('',*,*,#3829,.F.);
#4988=ORIENTED_EDGE('',*,*,#3830,.T.);
#4989=ORIENTED_EDGE('',*,*,#3831,.T.);
#4990=ORIENTED_EDGE('',*,*,#3589,.F.);
#4991=ORIENTED_EDGE('',*,*,#3831,.F.);
#4992=ORIENTED_EDGE('',*,*,#3832,.T.);
#4993=ORIENTED_EDGE('',*,*,#3833,.T.);
#4994=ORIENTED_EDGE('',*,*,#3590,.F.);
#4995=ORIENTED_EDGE('',*,*,#3833,.F.);
#4996=ORIENTED_EDGE('',*,*,#3834,.T.);
#4997=ORIENTED_EDGE('',*,*,#3835,.T.);
#4998=ORIENTED_EDGE('',*,*,#3591,.F.);
#4999=ORIENTED_EDGE('',*,*,#3835,.F.);
#5000=ORIENTED_EDGE('',*,*,#3836,.T.);
#5001=ORIENTED_EDGE('',*,*,#3669,.T.);
#5002=ORIENTED_EDGE('',*,*,#3670,.F.);
#5003=ORIENTED_EDGE('',*,*,#3836,.F.);
#5004=ORIENTED_EDGE('',*,*,#3834,.F.);
#5005=ORIENTED_EDGE('',*,*,#3832,.F.);
#5006=ORIENTED_EDGE('',*,*,#3830,.F.);
#5007=ORIENTED_EDGE('',*,*,#3828,.F.);
#5008=ORIENTED_EDGE('',*,*,#3826,.F.);
#5009=ORIENTED_EDGE('',*,*,#3824,.F.);
#5010=ORIENTED_EDGE('',*,*,#3654,.F.);
#5011=ORIENTED_EDGE('',*,*,#3837,.F.);
#5012=ORIENTED_EDGE('',*,*,#3838,.T.);
#5013=ORIENTED_EDGE('',*,*,#3839,.T.);
#5014=ORIENTED_EDGE('',*,*,#3655,.F.);
#5015=ORIENTED_EDGE('',*,*,#3839,.F.);
#5016=ORIENTED_EDGE('',*,*,#3840,.T.);
#5017=ORIENTED_EDGE('',*,*,#3841,.T.);
#5018=ORIENTED_EDGE('',*,*,#3656,.F.);
#5019=ORIENTED_EDGE('',*,*,#3841,.F.);
#5020=ORIENTED_EDGE('',*,*,#3842,.T.);
#5021=ORIENTED_EDGE('',*,*,#3843,.T.);
#5022=ORIENTED_EDGE('',*,*,#3657,.F.);
#5023=ORIENTED_EDGE('',*,*,#3843,.F.);
#5024=ORIENTED_EDGE('',*,*,#3844,.T.);
#5025=ORIENTED_EDGE('',*,*,#3845,.T.);
#5026=ORIENTED_EDGE('',*,*,#3658,.F.);
#5027=ORIENTED_EDGE('',*,*,#3845,.F.);
#5028=ORIENTED_EDGE('',*,*,#3846,.T.);
#5029=ORIENTED_EDGE('',*,*,#3847,.T.);
#5030=ORIENTED_EDGE('',*,*,#3659,.F.);
#5031=ORIENTED_EDGE('',*,*,#3847,.F.);
#5032=ORIENTED_EDGE('',*,*,#3848,.T.);
#5033=ORIENTED_EDGE('',*,*,#3849,.T.);
#5034=ORIENTED_EDGE('',*,*,#3660,.F.);
#5035=ORIENTED_EDGE('',*,*,#3849,.F.);
#5036=ORIENTED_EDGE('',*,*,#3850,.T.);
#5037=ORIENTED_EDGE('',*,*,#3851,.T.);
#5038=ORIENTED_EDGE('',*,*,#3661,.F.);
#5039=ORIENTED_EDGE('',*,*,#3851,.F.);
#5040=ORIENTED_EDGE('',*,*,#3852,.T.);
#5041=ORIENTED_EDGE('',*,*,#3837,.T.);
#5042=ORIENTED_EDGE('',*,*,#3838,.F.);
#5043=ORIENTED_EDGE('',*,*,#3852,.F.);
#5044=ORIENTED_EDGE('',*,*,#3850,.F.);
#5045=ORIENTED_EDGE('',*,*,#3848,.F.);
#5046=ORIENTED_EDGE('',*,*,#3846,.F.);
#5047=ORIENTED_EDGE('',*,*,#3844,.F.);
#5048=ORIENTED_EDGE('',*,*,#3842,.F.);
#5049=ORIENTED_EDGE('',*,*,#3840,.F.);
#5050=ORIENTED_EDGE('',*,*,#3853,.F.);
#5051=ORIENTED_EDGE('',*,*,#3854,.T.);
#5052=ORIENTED_EDGE('',*,*,#3855,.T.);
#5053=ORIENTED_EDGE('',*,*,#3854,.F.);
#5054=ORIENTED_EDGE('',*,*,#3596,.F.);
#5055=ORIENTED_EDGE('',*,*,#3856,.T.);
#5056=ORIENTED_EDGE('',*,*,#3857,.T.);
#5057=ORIENTED_EDGE('',*,*,#3856,.F.);
#5058=ORIENTED_EDGE('',*,*,#3857,.F.);
#5059=ORIENTED_EDGE('',*,*,#3855,.F.);
#5060=ORIENTED_EDGE('',*,*,#3853,.T.);
#5061=ORIENTED_EDGE('',*,*,#3646,.F.);
#5062=ORIENTED_EDGE('',*,*,#3858,.F.);
#5063=ORIENTED_EDGE('',*,*,#3859,.T.);
#5064=ORIENTED_EDGE('',*,*,#3860,.T.);
#5065=ORIENTED_EDGE('',*,*,#3647,.F.);
#5066=ORIENTED_EDGE('',*,*,#3860,.F.);
#5067=ORIENTED_EDGE('',*,*,#3861,.T.);
#5068=ORIENTED_EDGE('',*,*,#3862,.T.);
#5069=ORIENTED_EDGE('',*,*,#3648,.F.);
#5070=ORIENTED_EDGE('',*,*,#3862,.F.);
#5071=ORIENTED_EDGE('',*,*,#3863,.T.);
#5072=ORIENTED_EDGE('',*,*,#3864,.T.);
#5073=ORIENTED_EDGE('',*,*,#3649,.F.);
#5074=ORIENTED_EDGE('',*,*,#3864,.F.);
#5075=ORIENTED_EDGE('',*,*,#3865,.T.);
#5076=ORIENTED_EDGE('',*,*,#3866,.T.);
#5077=ORIENTED_EDGE('',*,*,#3650,.F.);
#5078=ORIENTED_EDGE('',*,*,#3866,.F.);
#5079=ORIENTED_EDGE('',*,*,#3867,.T.);
#5080=ORIENTED_EDGE('',*,*,#3868,.T.);
#5081=ORIENTED_EDGE('',*,*,#3651,.F.);
#5082=ORIENTED_EDGE('',*,*,#3868,.F.);
#5083=ORIENTED_EDGE('',*,*,#3869,.T.);
#5084=ORIENTED_EDGE('',*,*,#3870,.T.);
#5085=ORIENTED_EDGE('',*,*,#3652,.F.);
#5086=ORIENTED_EDGE('',*,*,#3870,.F.);
#5087=ORIENTED_EDGE('',*,*,#3871,.T.);
#5088=ORIENTED_EDGE('',*,*,#3872,.T.);
#5089=ORIENTED_EDGE('',*,*,#3653,.F.);
#5090=ORIENTED_EDGE('',*,*,#3872,.F.);
#5091=ORIENTED_EDGE('',*,*,#3873,.T.);
#5092=ORIENTED_EDGE('',*,*,#3858,.T.);
#5093=ORIENTED_EDGE('',*,*,#3859,.F.);
#5094=ORIENTED_EDGE('',*,*,#3873,.F.);
#5095=ORIENTED_EDGE('',*,*,#3871,.F.);
#5096=ORIENTED_EDGE('',*,*,#3869,.F.);
#5097=ORIENTED_EDGE('',*,*,#3867,.F.);
#5098=ORIENTED_EDGE('',*,*,#3865,.F.);
#5099=ORIENTED_EDGE('',*,*,#3863,.F.);
#5100=ORIENTED_EDGE('',*,*,#3861,.F.);
#5101=ORIENTED_EDGE('',*,*,#3597,.F.);
#5102=ORIENTED_EDGE('',*,*,#3874,.F.);
#5103=ORIENTED_EDGE('',*,*,#3875,.T.);
#5104=ORIENTED_EDGE('',*,*,#3876,.T.);
#5105=ORIENTED_EDGE('',*,*,#3598,.F.);
#5106=ORIENTED_EDGE('',*,*,#3876,.F.);
#5107=ORIENTED_EDGE('',*,*,#3877,.T.);
#5108=ORIENTED_EDGE('',*,*,#3878,.T.);
#5109=ORIENTED_EDGE('',*,*,#3599,.F.);
#5110=ORIENTED_EDGE('',*,*,#3878,.F.);
#5111=ORIENTED_EDGE('',*,*,#3879,.T.);
#5112=ORIENTED_EDGE('',*,*,#3880,.T.);
#5113=ORIENTED_EDGE('',*,*,#3600,.F.);
#5114=ORIENTED_EDGE('',*,*,#3880,.F.);
#5115=ORIENTED_EDGE('',*,*,#3881,.T.);
#5116=ORIENTED_EDGE('',*,*,#3882,.T.);
#5117=ORIENTED_EDGE('',*,*,#3601,.F.);
#5118=ORIENTED_EDGE('',*,*,#3882,.F.);
#5119=ORIENTED_EDGE('',*,*,#3883,.T.);
#5120=ORIENTED_EDGE('',*,*,#3884,.T.);
#5121=ORIENTED_EDGE('',*,*,#3602,.F.);
#5122=ORIENTED_EDGE('',*,*,#3884,.F.);
#5123=ORIENTED_EDGE('',*,*,#3885,.T.);
#5124=ORIENTED_EDGE('',*,*,#3886,.T.);
#5125=ORIENTED_EDGE('',*,*,#3603,.F.);
#5126=ORIENTED_EDGE('',*,*,#3886,.F.);
#5127=ORIENTED_EDGE('',*,*,#3887,.T.);
#5128=ORIENTED_EDGE('',*,*,#3888,.T.);
#5129=ORIENTED_EDGE('',*,*,#3604,.F.);
#5130=ORIENTED_EDGE('',*,*,#3888,.F.);
#5131=ORIENTED_EDGE('',*,*,#3889,.T.);
#5132=ORIENTED_EDGE('',*,*,#3890,.T.);
#5133=ORIENTED_EDGE('',*,*,#3605,.F.);
#5134=ORIENTED_EDGE('',*,*,#3890,.F.);
#5135=ORIENTED_EDGE('',*,*,#3891,.T.);
#5136=ORIENTED_EDGE('',*,*,#3892,.T.);
#5137=ORIENTED_EDGE('',*,*,#3606,.F.);
#5138=ORIENTED_EDGE('',*,*,#3892,.F.);
#5139=ORIENTED_EDGE('',*,*,#3893,.T.);
#5140=ORIENTED_EDGE('',*,*,#3894,.T.);
#5141=ORIENTED_EDGE('',*,*,#3607,.F.);
#5142=ORIENTED_EDGE('',*,*,#3894,.F.);
#5143=ORIENTED_EDGE('',*,*,#3895,.T.);
#5144=ORIENTED_EDGE('',*,*,#3874,.T.);
#5145=ORIENTED_EDGE('',*,*,#3875,.F.);
#5146=ORIENTED_EDGE('',*,*,#3895,.F.);
#5147=ORIENTED_EDGE('',*,*,#3893,.F.);
#5148=ORIENTED_EDGE('',*,*,#3891,.F.);
#5149=ORIENTED_EDGE('',*,*,#3889,.F.);
#5150=ORIENTED_EDGE('',*,*,#3887,.F.);
#5151=ORIENTED_EDGE('',*,*,#3885,.F.);
#5152=ORIENTED_EDGE('',*,*,#3883,.F.);
#5153=ORIENTED_EDGE('',*,*,#3881,.F.);
#5154=ORIENTED_EDGE('',*,*,#3879,.F.);
#5155=ORIENTED_EDGE('',*,*,#3877,.F.);
#5156=ORIENTED_EDGE('',*,*,#3896,.F.);
#5157=ORIENTED_EDGE('',*,*,#3897,.T.);
#5158=ORIENTED_EDGE('',*,*,#3898,.T.);
#5159=ORIENTED_EDGE('',*,*,#3897,.F.);
#5160=ORIENTED_EDGE('',*,*,#3645,.F.);
#5161=ORIENTED_EDGE('',*,*,#3899,.T.);
#5162=ORIENTED_EDGE('',*,*,#3900,.T.);
#5163=ORIENTED_EDGE('',*,*,#3899,.F.);
#5164=ORIENTED_EDGE('',*,*,#3900,.F.);
#5165=ORIENTED_EDGE('',*,*,#3898,.F.);
#5166=ORIENTED_EDGE('',*,*,#3896,.T.);
#5167=ORIENTED_EDGE('',*,*,#3608,.F.);
#5168=ORIENTED_EDGE('',*,*,#3901,.F.);
#5169=ORIENTED_EDGE('',*,*,#3902,.T.);
#5170=ORIENTED_EDGE('',*,*,#3903,.T.);
#5171=ORIENTED_EDGE('',*,*,#3609,.F.);
#5172=ORIENTED_EDGE('',*,*,#3903,.F.);
#5173=ORIENTED_EDGE('',*,*,#3904,.T.);
#5174=ORIENTED_EDGE('',*,*,#3905,.T.);
#5175=ORIENTED_EDGE('',*,*,#3610,.F.);
#5176=ORIENTED_EDGE('',*,*,#3905,.F.);
#5177=ORIENTED_EDGE('',*,*,#3906,.T.);
#5178=ORIENTED_EDGE('',*,*,#3907,.T.);
#5179=ORIENTED_EDGE('',*,*,#3611,.F.);
#5180=ORIENTED_EDGE('',*,*,#3907,.F.);
#5181=ORIENTED_EDGE('',*,*,#3908,.T.);
#5182=ORIENTED_EDGE('',*,*,#3909,.T.);
#5183=ORIENTED_EDGE('',*,*,#3612,.F.);
#5184=ORIENTED_EDGE('',*,*,#3909,.F.);
#5185=ORIENTED_EDGE('',*,*,#3910,.T.);
#5186=ORIENTED_EDGE('',*,*,#3911,.T.);
#5187=ORIENTED_EDGE('',*,*,#3613,.F.);
#5188=ORIENTED_EDGE('',*,*,#3911,.F.);
#5189=ORIENTED_EDGE('',*,*,#3912,.T.);
#5190=ORIENTED_EDGE('',*,*,#3913,.T.);
#5191=ORIENTED_EDGE('',*,*,#3614,.F.);
#5192=ORIENTED_EDGE('',*,*,#3913,.F.);
#5193=ORIENTED_EDGE('',*,*,#3914,.T.);
#5194=ORIENTED_EDGE('',*,*,#3915,.T.);
#5195=ORIENTED_EDGE('',*,*,#3615,.F.);
#5196=ORIENTED_EDGE('',*,*,#3915,.F.);
#5197=ORIENTED_EDGE('',*,*,#3916,.T.);
#5198=ORIENTED_EDGE('',*,*,#3917,.T.);
#5199=ORIENTED_EDGE('',*,*,#3616,.F.);
#5200=ORIENTED_EDGE('',*,*,#3917,.F.);
#5201=ORIENTED_EDGE('',*,*,#3918,.T.);
#5202=ORIENTED_EDGE('',*,*,#3919,.T.);
#5203=ORIENTED_EDGE('',*,*,#3617,.F.);
#5204=ORIENTED_EDGE('',*,*,#3919,.F.);
#5205=ORIENTED_EDGE('',*,*,#3920,.T.);
#5206=ORIENTED_EDGE('',*,*,#3921,.T.);
#5207=ORIENTED_EDGE('',*,*,#3618,.F.);
#5208=ORIENTED_EDGE('',*,*,#3921,.F.);
#5209=ORIENTED_EDGE('',*,*,#3922,.T.);
#5210=ORIENTED_EDGE('',*,*,#3923,.T.);
#5211=ORIENTED_EDGE('',*,*,#3619,.F.);
#5212=ORIENTED_EDGE('',*,*,#3923,.F.);
#5213=ORIENTED_EDGE('',*,*,#3924,.T.);
#5214=ORIENTED_EDGE('',*,*,#3901,.T.);
#5215=ORIENTED_EDGE('',*,*,#3902,.F.);
#5216=ORIENTED_EDGE('',*,*,#3924,.F.);
#5217=ORIENTED_EDGE('',*,*,#3922,.F.);
#5218=ORIENTED_EDGE('',*,*,#3920,.F.);
#5219=ORIENTED_EDGE('',*,*,#3918,.F.);
#5220=ORIENTED_EDGE('',*,*,#3916,.F.);
#5221=ORIENTED_EDGE('',*,*,#3914,.F.);
#5222=ORIENTED_EDGE('',*,*,#3912,.F.);
#5223=ORIENTED_EDGE('',*,*,#3910,.F.);
#5224=ORIENTED_EDGE('',*,*,#3908,.F.);
#5225=ORIENTED_EDGE('',*,*,#3906,.F.);
#5226=ORIENTED_EDGE('',*,*,#3904,.F.);
#5227=ORIENTED_EDGE('',*,*,#3925,.F.);
#5228=ORIENTED_EDGE('',*,*,#3926,.F.);
#5229=ORIENTED_EDGE('',*,*,#3927,.T.);
#5230=ORIENTED_EDGE('',*,*,#3928,.T.);
#5231=ORIENTED_EDGE('',*,*,#3929,.F.);
#5232=ORIENTED_EDGE('',*,*,#3928,.F.);
#5233=ORIENTED_EDGE('',*,*,#3930,.T.);
#5234=ORIENTED_EDGE('',*,*,#3931,.T.);
#5235=ORIENTED_EDGE('',*,*,#3932,.F.);
#5236=ORIENTED_EDGE('',*,*,#3931,.F.);
#5237=ORIENTED_EDGE('',*,*,#3933,.T.);
#5238=ORIENTED_EDGE('',*,*,#3934,.T.);
#5239=ORIENTED_EDGE('',*,*,#3637,.F.);
#5240=ORIENTED_EDGE('',*,*,#3935,.F.);
#5241=ORIENTED_EDGE('',*,*,#3936,.T.);
#5242=ORIENTED_EDGE('',*,*,#3937,.T.);
#5243=ORIENTED_EDGE('',*,*,#3638,.F.);
#5244=ORIENTED_EDGE('',*,*,#3937,.F.);
#5245=ORIENTED_EDGE('',*,*,#3938,.T.);
#5246=ORIENTED_EDGE('',*,*,#3939,.T.);
#5247=ORIENTED_EDGE('',*,*,#3639,.F.);
#5248=ORIENTED_EDGE('',*,*,#3939,.F.);
#5249=ORIENTED_EDGE('',*,*,#3940,.T.);
#5250=ORIENTED_EDGE('',*,*,#3941,.T.);
#5251=ORIENTED_EDGE('',*,*,#3640,.F.);
#5252=ORIENTED_EDGE('',*,*,#3941,.F.);
#5253=ORIENTED_EDGE('',*,*,#3942,.T.);
#5254=ORIENTED_EDGE('',*,*,#3943,.T.);
#5255=ORIENTED_EDGE('',*,*,#3641,.F.);
#5256=ORIENTED_EDGE('',*,*,#3943,.F.);
#5257=ORIENTED_EDGE('',*,*,#3944,.T.);
#5258=ORIENTED_EDGE('',*,*,#3945,.T.);
#5259=ORIENTED_EDGE('',*,*,#3642,.F.);
#5260=ORIENTED_EDGE('',*,*,#3945,.F.);
#5261=ORIENTED_EDGE('',*,*,#3946,.T.);
#5262=ORIENTED_EDGE('',*,*,#3947,.T.);
#5263=ORIENTED_EDGE('',*,*,#3643,.F.);
#5264=ORIENTED_EDGE('',*,*,#3947,.F.);
#5265=ORIENTED_EDGE('',*,*,#3948,.T.);
#5266=ORIENTED_EDGE('',*,*,#3949,.T.);
#5267=ORIENTED_EDGE('',*,*,#3644,.F.);
#5268=ORIENTED_EDGE('',*,*,#3949,.F.);
#5269=ORIENTED_EDGE('',*,*,#3950,.T.);
#5270=ORIENTED_EDGE('',*,*,#3935,.T.);
#5271=ORIENTED_EDGE('',*,*,#3951,.F.);
#5272=ORIENTED_EDGE('',*,*,#3934,.F.);
#5273=ORIENTED_EDGE('',*,*,#3952,.T.);
#5274=ORIENTED_EDGE('',*,*,#3926,.T.);
#5275=ORIENTED_EDGE('',*,*,#3936,.F.);
#5276=ORIENTED_EDGE('',*,*,#3950,.F.);
#5277=ORIENTED_EDGE('',*,*,#3948,.F.);
#5278=ORIENTED_EDGE('',*,*,#3946,.F.);
#5279=ORIENTED_EDGE('',*,*,#3944,.F.);
#5280=ORIENTED_EDGE('',*,*,#3942,.F.);
#5281=ORIENTED_EDGE('',*,*,#3940,.F.);
#5282=ORIENTED_EDGE('',*,*,#3938,.F.);
#5283=ORIENTED_EDGE('',*,*,#3927,.F.);
#5284=ORIENTED_EDGE('',*,*,#3952,.F.);
#5285=ORIENTED_EDGE('',*,*,#3933,.F.);
#5286=ORIENTED_EDGE('',*,*,#3930,.F.);
#5287=ORIENTED_EDGE('',*,*,#3925,.T.);
#5288=ORIENTED_EDGE('',*,*,#3929,.T.);
#5289=ORIENTED_EDGE('',*,*,#3932,.T.);
#5290=ORIENTED_EDGE('',*,*,#3951,.T.);
#5291=ORIENTED_EDGE('',*,*,#3620,.F.);
#5292=ORIENTED_EDGE('',*,*,#3953,.F.);
#5293=ORIENTED_EDGE('',*,*,#3954,.T.);
#5294=ORIENTED_EDGE('',*,*,#3955,.T.);
#5295=ORIENTED_EDGE('',*,*,#3621,.F.);
#5296=ORIENTED_EDGE('',*,*,#3955,.F.);
#5297=ORIENTED_EDGE('',*,*,#3956,.T.);
#5298=ORIENTED_EDGE('',*,*,#3957,.T.);
#5299=ORIENTED_EDGE('',*,*,#3622,.F.);
#5300=ORIENTED_EDGE('',*,*,#3957,.F.);
#5301=ORIENTED_EDGE('',*,*,#3958,.T.);
#5302=ORIENTED_EDGE('',*,*,#3959,.T.);
#5303=ORIENTED_EDGE('',*,*,#3960,.F.);
#5304=ORIENTED_EDGE('',*,*,#3961,.F.);
#5305=ORIENTED_EDGE('',*,*,#3962,.T.);
#5306=ORIENTED_EDGE('',*,*,#3963,.T.);
#5307=ORIENTED_EDGE('',*,*,#3964,.F.);
#5308=ORIENTED_EDGE('',*,*,#3963,.F.);
#5309=ORIENTED_EDGE('',*,*,#3965,.T.);
#5310=ORIENTED_EDGE('',*,*,#3961,.T.);
#5311=ORIENTED_EDGE('',*,*,#3623,.F.);
#5312=ORIENTED_EDGE('',*,*,#3959,.F.);
#5313=ORIENTED_EDGE('',*,*,#3966,.T.);
#5314=ORIENTED_EDGE('',*,*,#3953,.T.);
#5315=ORIENTED_EDGE('',*,*,#3954,.F.);
#5316=ORIENTED_EDGE('',*,*,#3966,.F.);
#5317=ORIENTED_EDGE('',*,*,#3958,.F.);
#5318=ORIENTED_EDGE('',*,*,#3956,.F.);
#5319=ORIENTED_EDGE('',*,*,#3962,.F.);
#5320=ORIENTED_EDGE('',*,*,#3965,.F.);
#5321=ORIENTED_EDGE('',*,*,#3960,.T.);
#5322=ORIENTED_EDGE('',*,*,#3964,.T.);
#5323=ORIENTED_EDGE('',*,*,#3967,.F.);
#5324=ORIENTED_EDGE('',*,*,#3968,.F.);
#5325=ORIENTED_EDGE('',*,*,#3969,.T.);
#5326=ORIENTED_EDGE('',*,*,#3970,.T.);
#5327=ORIENTED_EDGE('',*,*,#3971,.F.);
#5328=ORIENTED_EDGE('',*,*,#3970,.F.);
#5329=ORIENTED_EDGE('',*,*,#3972,.T.);
#5330=ORIENTED_EDGE('',*,*,#3973,.T.);
#5331=ORIENTED_EDGE('',*,*,#3974,.F.);
#5332=ORIENTED_EDGE('',*,*,#3973,.F.);
#5333=ORIENTED_EDGE('',*,*,#3975,.T.);
#5334=ORIENTED_EDGE('',*,*,#3976,.T.);
#5335=ORIENTED_EDGE('',*,*,#3629,.F.);
#5336=ORIENTED_EDGE('',*,*,#3977,.F.);
#5337=ORIENTED_EDGE('',*,*,#3978,.T.);
#5338=ORIENTED_EDGE('',*,*,#3979,.T.);
#5339=ORIENTED_EDGE('',*,*,#3630,.F.);
#5340=ORIENTED_EDGE('',*,*,#3979,.F.);
#5341=ORIENTED_EDGE('',*,*,#3980,.T.);
#5342=ORIENTED_EDGE('',*,*,#3981,.T.);
#5343=ORIENTED_EDGE('',*,*,#3631,.F.);
#5344=ORIENTED_EDGE('',*,*,#3981,.F.);
#5345=ORIENTED_EDGE('',*,*,#3982,.T.);
#5346=ORIENTED_EDGE('',*,*,#3983,.T.);
#5347=ORIENTED_EDGE('',*,*,#3632,.F.);
#5348=ORIENTED_EDGE('',*,*,#3983,.F.);
#5349=ORIENTED_EDGE('',*,*,#3984,.T.);
#5350=ORIENTED_EDGE('',*,*,#3985,.T.);
#5351=ORIENTED_EDGE('',*,*,#3633,.F.);
#5352=ORIENTED_EDGE('',*,*,#3985,.F.);
#5353=ORIENTED_EDGE('',*,*,#3986,.T.);
#5354=ORIENTED_EDGE('',*,*,#3987,.T.);
#5355=ORIENTED_EDGE('',*,*,#3634,.F.);
#5356=ORIENTED_EDGE('',*,*,#3987,.F.);
#5357=ORIENTED_EDGE('',*,*,#3988,.T.);
#5358=ORIENTED_EDGE('',*,*,#3989,.T.);
#5359=ORIENTED_EDGE('',*,*,#3635,.F.);
#5360=ORIENTED_EDGE('',*,*,#3989,.F.);
#5361=ORIENTED_EDGE('',*,*,#3990,.T.);
#5362=ORIENTED_EDGE('',*,*,#3991,.T.);
#5363=ORIENTED_EDGE('',*,*,#3636,.F.);
#5364=ORIENTED_EDGE('',*,*,#3991,.F.);
#5365=ORIENTED_EDGE('',*,*,#3992,.T.);
#5366=ORIENTED_EDGE('',*,*,#3977,.T.);
#5367=ORIENTED_EDGE('',*,*,#3993,.F.);
#5368=ORIENTED_EDGE('',*,*,#3976,.F.);
#5369=ORIENTED_EDGE('',*,*,#3994,.T.);
#5370=ORIENTED_EDGE('',*,*,#3968,.T.);
#5371=ORIENTED_EDGE('',*,*,#3978,.F.);
#5372=ORIENTED_EDGE('',*,*,#3992,.F.);
#5373=ORIENTED_EDGE('',*,*,#3990,.F.);
#5374=ORIENTED_EDGE('',*,*,#3988,.F.);
#5375=ORIENTED_EDGE('',*,*,#3986,.F.);
#5376=ORIENTED_EDGE('',*,*,#3984,.F.);
#5377=ORIENTED_EDGE('',*,*,#3982,.F.);
#5378=ORIENTED_EDGE('',*,*,#3980,.F.);
#5379=ORIENTED_EDGE('',*,*,#3969,.F.);
#5380=ORIENTED_EDGE('',*,*,#3994,.F.);
#5381=ORIENTED_EDGE('',*,*,#3975,.F.);
#5382=ORIENTED_EDGE('',*,*,#3972,.F.);
#5383=ORIENTED_EDGE('',*,*,#3967,.T.);
#5384=ORIENTED_EDGE('',*,*,#3971,.T.);
#5385=ORIENTED_EDGE('',*,*,#3974,.T.);
#5386=ORIENTED_EDGE('',*,*,#3993,.T.);
#5387=ORIENTED_EDGE('',*,*,#3624,.F.);
#5388=ORIENTED_EDGE('',*,*,#3995,.F.);
#5389=ORIENTED_EDGE('',*,*,#3996,.T.);
#5390=ORIENTED_EDGE('',*,*,#3997,.T.);
#5391=ORIENTED_EDGE('',*,*,#3625,.F.);
#5392=ORIENTED_EDGE('',*,*,#3997,.F.);
#5393=ORIENTED_EDGE('',*,*,#3998,.T.);
#5394=ORIENTED_EDGE('',*,*,#3999,.T.);
#5395=ORIENTED_EDGE('',*,*,#3626,.F.);
#5396=ORIENTED_EDGE('',*,*,#3999,.F.);
#5397=ORIENTED_EDGE('',*,*,#4000,.T.);
#5398=ORIENTED_EDGE('',*,*,#4001,.T.);
#5399=ORIENTED_EDGE('',*,*,#3627,.F.);
#5400=ORIENTED_EDGE('',*,*,#4001,.F.);
#5401=ORIENTED_EDGE('',*,*,#4002,.T.);
#5402=ORIENTED_EDGE('',*,*,#4003,.T.);
#5403=ORIENTED_EDGE('',*,*,#3628,.F.);
#5404=ORIENTED_EDGE('',*,*,#4003,.F.);
#5405=ORIENTED_EDGE('',*,*,#4004,.T.);
#5406=ORIENTED_EDGE('',*,*,#3995,.T.);
#5407=ORIENTED_EDGE('',*,*,#3996,.F.);
#5408=ORIENTED_EDGE('',*,*,#4004,.F.);
#5409=ORIENTED_EDGE('',*,*,#4002,.F.);
#5410=ORIENTED_EDGE('',*,*,#4000,.F.);
#5411=ORIENTED_EDGE('',*,*,#3998,.F.);
#5412=ORIENTED_EDGE('',*,*,#3576,.F.);
#5413=ORIENTED_EDGE('',*,*,#4005,.F.);
#5414=ORIENTED_EDGE('',*,*,#4006,.T.);
#5415=ORIENTED_EDGE('',*,*,#4007,.T.);
#5416=ORIENTED_EDGE('',*,*,#3577,.F.);
#5417=ORIENTED_EDGE('',*,*,#4007,.F.);
#5418=ORIENTED_EDGE('',*,*,#4008,.T.);
#5419=ORIENTED_EDGE('',*,*,#4009,.T.);
#5420=ORIENTED_EDGE('',*,*,#3578,.F.);
#5421=ORIENTED_EDGE('',*,*,#4009,.F.);
#5422=ORIENTED_EDGE('',*,*,#4010,.T.);
#5423=ORIENTED_EDGE('',*,*,#4011,.T.);
#5424=ORIENTED_EDGE('',*,*,#3579,.F.);
#5425=ORIENTED_EDGE('',*,*,#4011,.F.);
#5426=ORIENTED_EDGE('',*,*,#4012,.T.);
#5427=ORIENTED_EDGE('',*,*,#4013,.T.);
#5428=ORIENTED_EDGE('',*,*,#3580,.F.);
#5429=ORIENTED_EDGE('',*,*,#4013,.F.);
#5430=ORIENTED_EDGE('',*,*,#4014,.T.);
#5431=ORIENTED_EDGE('',*,*,#4015,.T.);
#5432=ORIENTED_EDGE('',*,*,#3581,.F.);
#5433=ORIENTED_EDGE('',*,*,#4015,.F.);
#5434=ORIENTED_EDGE('',*,*,#4016,.T.);
#5435=ORIENTED_EDGE('',*,*,#4017,.T.);
#5436=ORIENTED_EDGE('',*,*,#3582,.F.);
#5437=ORIENTED_EDGE('',*,*,#4017,.F.);
#5438=ORIENTED_EDGE('',*,*,#4018,.T.);
#5439=ORIENTED_EDGE('',*,*,#4019,.T.);
#5440=ORIENTED_EDGE('',*,*,#3583,.F.);
#5441=ORIENTED_EDGE('',*,*,#4019,.F.);
#5442=ORIENTED_EDGE('',*,*,#4020,.T.);
#5443=ORIENTED_EDGE('',*,*,#4005,.T.);
#5444=ORIENTED_EDGE('',*,*,#4006,.F.);
#5445=ORIENTED_EDGE('',*,*,#4020,.F.);
#5446=ORIENTED_EDGE('',*,*,#4018,.F.);
#5447=ORIENTED_EDGE('',*,*,#4016,.F.);
#5448=ORIENTED_EDGE('',*,*,#4014,.F.);
#5449=ORIENTED_EDGE('',*,*,#4012,.F.);
#5450=ORIENTED_EDGE('',*,*,#4010,.F.);
#5451=ORIENTED_EDGE('',*,*,#4008,.F.);
#5452=ORIENTED_EDGE('',*,*,#3470,.F.);
#5453=ORIENTED_EDGE('',*,*,#4021,.F.);
#5454=ORIENTED_EDGE('',*,*,#4022,.T.);
#5455=ORIENTED_EDGE('',*,*,#4023,.T.);
#5456=ORIENTED_EDGE('',*,*,#3471,.F.);
#5457=ORIENTED_EDGE('',*,*,#4023,.F.);
#5458=ORIENTED_EDGE('',*,*,#4024,.T.);
#5459=ORIENTED_EDGE('',*,*,#4025,.T.);
#5460=ORIENTED_EDGE('',*,*,#3472,.F.);
#5461=ORIENTED_EDGE('',*,*,#4025,.F.);
#5462=ORIENTED_EDGE('',*,*,#4026,.T.);
#5463=ORIENTED_EDGE('',*,*,#4027,.T.);
#5464=ORIENTED_EDGE('',*,*,#3473,.F.);
#5465=ORIENTED_EDGE('',*,*,#4027,.F.);
#5466=ORIENTED_EDGE('',*,*,#4028,.T.);
#5467=ORIENTED_EDGE('',*,*,#4021,.T.);
#5468=ORIENTED_EDGE('',*,*,#4022,.F.);
#5469=ORIENTED_EDGE('',*,*,#4028,.F.);
#5470=ORIENTED_EDGE('',*,*,#4026,.F.);
#5471=ORIENTED_EDGE('',*,*,#4024,.F.);
#5472=ORIENTED_EDGE('',*,*,#3566,.F.);
#5473=ORIENTED_EDGE('',*,*,#4029,.F.);
#5474=ORIENTED_EDGE('',*,*,#4030,.T.);
#5475=ORIENTED_EDGE('',*,*,#4031,.T.);
#5476=ORIENTED_EDGE('',*,*,#3567,.F.);
#5477=ORIENTED_EDGE('',*,*,#4031,.F.);
#5478=ORIENTED_EDGE('',*,*,#4032,.T.);
#5479=ORIENTED_EDGE('',*,*,#4033,.T.);
#5480=ORIENTED_EDGE('',*,*,#3568,.F.);
#5481=ORIENTED_EDGE('',*,*,#4033,.F.);
#5482=ORIENTED_EDGE('',*,*,#4034,.T.);
#5483=ORIENTED_EDGE('',*,*,#4035,.T.);
#5484=ORIENTED_EDGE('',*,*,#3569,.F.);
#5485=ORIENTED_EDGE('',*,*,#4035,.F.);
#5486=ORIENTED_EDGE('',*,*,#4036,.T.);
#5487=ORIENTED_EDGE('',*,*,#4037,.T.);
#5488=ORIENTED_EDGE('',*,*,#3570,.F.);
#5489=ORIENTED_EDGE('',*,*,#4037,.F.);
#5490=ORIENTED_EDGE('',*,*,#4038,.T.);
#5491=ORIENTED_EDGE('',*,*,#4039,.T.);
#5492=ORIENTED_EDGE('',*,*,#3571,.F.);
#5493=ORIENTED_EDGE('',*,*,#4039,.F.);
#5494=ORIENTED_EDGE('',*,*,#4040,.T.);
#5495=ORIENTED_EDGE('',*,*,#4041,.T.);
#5496=ORIENTED_EDGE('',*,*,#3572,.F.);
#5497=ORIENTED_EDGE('',*,*,#4041,.F.);
#5498=ORIENTED_EDGE('',*,*,#4042,.T.);
#5499=ORIENTED_EDGE('',*,*,#4043,.T.);
#5500=ORIENTED_EDGE('',*,*,#3573,.F.);
#5501=ORIENTED_EDGE('',*,*,#4043,.F.);
#5502=ORIENTED_EDGE('',*,*,#4044,.T.);
#5503=ORIENTED_EDGE('',*,*,#4045,.T.);
#5504=ORIENTED_EDGE('',*,*,#3574,.F.);
#5505=ORIENTED_EDGE('',*,*,#4045,.F.);
#5506=ORIENTED_EDGE('',*,*,#4046,.T.);
#5507=ORIENTED_EDGE('',*,*,#4047,.T.);
#5508=ORIENTED_EDGE('',*,*,#3575,.F.);
#5509=ORIENTED_EDGE('',*,*,#4047,.F.);
#5510=ORIENTED_EDGE('',*,*,#4048,.T.);
#5511=ORIENTED_EDGE('',*,*,#4029,.T.);
#5512=ORIENTED_EDGE('',*,*,#4030,.F.);
#5513=ORIENTED_EDGE('',*,*,#4048,.F.);
#5514=ORIENTED_EDGE('',*,*,#4046,.F.);
#5515=ORIENTED_EDGE('',*,*,#4044,.F.);
#5516=ORIENTED_EDGE('',*,*,#4042,.F.);
#5517=ORIENTED_EDGE('',*,*,#4040,.F.);
#5518=ORIENTED_EDGE('',*,*,#4038,.F.);
#5519=ORIENTED_EDGE('',*,*,#4036,.F.);
#5520=ORIENTED_EDGE('',*,*,#4034,.F.);
#5521=ORIENTED_EDGE('',*,*,#4032,.F.);
#5522=ORIENTED_EDGE('',*,*,#3474,.F.);
#5523=ORIENTED_EDGE('',*,*,#4049,.F.);
#5524=ORIENTED_EDGE('',*,*,#4050,.T.);
#5525=ORIENTED_EDGE('',*,*,#4051,.T.);
#5526=ORIENTED_EDGE('',*,*,#3475,.F.);
#5527=ORIENTED_EDGE('',*,*,#4051,.F.);
#5528=ORIENTED_EDGE('',*,*,#4052,.T.);
#5529=ORIENTED_EDGE('',*,*,#4053,.T.);
#5530=ORIENTED_EDGE('',*,*,#3476,.F.);
#5531=ORIENTED_EDGE('',*,*,#4053,.F.);
#5532=ORIENTED_EDGE('',*,*,#4054,.T.);
#5533=ORIENTED_EDGE('',*,*,#4055,.T.);
#5534=ORIENTED_EDGE('',*,*,#3477,.F.);
#5535=ORIENTED_EDGE('',*,*,#4055,.F.);
#5536=ORIENTED_EDGE('',*,*,#4056,.T.);
#5537=ORIENTED_EDGE('',*,*,#4057,.T.);
#5538=ORIENTED_EDGE('',*,*,#3478,.F.);
#5539=ORIENTED_EDGE('',*,*,#4057,.F.);
#5540=ORIENTED_EDGE('',*,*,#4058,.T.);
#5541=ORIENTED_EDGE('',*,*,#4059,.T.);
#5542=ORIENTED_EDGE('',*,*,#3479,.F.);
#5543=ORIENTED_EDGE('',*,*,#4059,.F.);
#5544=ORIENTED_EDGE('',*,*,#4060,.T.);
#5545=ORIENTED_EDGE('',*,*,#4061,.T.);
#5546=ORIENTED_EDGE('',*,*,#3480,.F.);
#5547=ORIENTED_EDGE('',*,*,#4061,.F.);
#5548=ORIENTED_EDGE('',*,*,#4062,.T.);
#5549=ORIENTED_EDGE('',*,*,#4049,.T.);
#5550=ORIENTED_EDGE('',*,*,#4050,.F.);
#5551=ORIENTED_EDGE('',*,*,#4062,.F.);
#5552=ORIENTED_EDGE('',*,*,#4060,.F.);
#5553=ORIENTED_EDGE('',*,*,#4058,.F.);
#5554=ORIENTED_EDGE('',*,*,#4056,.F.);
#5555=ORIENTED_EDGE('',*,*,#4054,.F.);
#5556=ORIENTED_EDGE('',*,*,#4052,.F.);
#5557=ORIENTED_EDGE('',*,*,#4063,.F.);
#5558=ORIENTED_EDGE('',*,*,#4064,.T.);
#5559=ORIENTED_EDGE('',*,*,#4065,.T.);
#5560=ORIENTED_EDGE('',*,*,#4064,.F.);
#5561=ORIENTED_EDGE('',*,*,#3565,.F.);
#5562=ORIENTED_EDGE('',*,*,#4066,.T.);
#5563=ORIENTED_EDGE('',*,*,#4067,.T.);
#5564=ORIENTED_EDGE('',*,*,#4066,.F.);
#5565=ORIENTED_EDGE('',*,*,#4067,.F.);
#5566=ORIENTED_EDGE('',*,*,#4065,.F.);
#5567=ORIENTED_EDGE('',*,*,#4063,.T.);
#5568=ORIENTED_EDGE('',*,*,#3481,.F.);
#5569=ORIENTED_EDGE('',*,*,#4068,.F.);
#5570=ORIENTED_EDGE('',*,*,#4069,.T.);
#5571=ORIENTED_EDGE('',*,*,#4070,.T.);
#5572=ORIENTED_EDGE('',*,*,#3482,.F.);
#5573=ORIENTED_EDGE('',*,*,#4070,.F.);
#5574=ORIENTED_EDGE('',*,*,#4071,.T.);
#5575=ORIENTED_EDGE('',*,*,#4072,.T.);
#5576=ORIENTED_EDGE('',*,*,#3483,.F.);
#5577=ORIENTED_EDGE('',*,*,#4072,.F.);
#5578=ORIENTED_EDGE('',*,*,#4073,.T.);
#5579=ORIENTED_EDGE('',*,*,#4074,.T.);
#5580=ORIENTED_EDGE('',*,*,#3484,.F.);
#5581=ORIENTED_EDGE('',*,*,#4074,.F.);
#5582=ORIENTED_EDGE('',*,*,#4075,.T.);
#5583=ORIENTED_EDGE('',*,*,#4068,.T.);
#5584=ORIENTED_EDGE('',*,*,#4069,.F.);
#5585=ORIENTED_EDGE('',*,*,#4075,.F.);
#5586=ORIENTED_EDGE('',*,*,#4073,.F.);
#5587=ORIENTED_EDGE('',*,*,#4071,.F.);
#5588=ORIENTED_EDGE('',*,*,#3555,.F.);
#5589=ORIENTED_EDGE('',*,*,#4076,.F.);
#5590=ORIENTED_EDGE('',*,*,#4077,.T.);
#5591=ORIENTED_EDGE('',*,*,#4078,.T.);
#5592=ORIENTED_EDGE('',*,*,#3556,.F.);
#5593=ORIENTED_EDGE('',*,*,#4078,.F.);
#5594=ORIENTED_EDGE('',*,*,#4079,.T.);
#5595=ORIENTED_EDGE('',*,*,#4080,.T.);
#5596=ORIENTED_EDGE('',*,*,#3557,.F.);
#5597=ORIENTED_EDGE('',*,*,#4080,.F.);
#5598=ORIENTED_EDGE('',*,*,#4081,.T.);
#5599=ORIENTED_EDGE('',*,*,#4082,.T.);
#5600=ORIENTED_EDGE('',*,*,#3558,.F.);
#5601=ORIENTED_EDGE('',*,*,#4082,.F.);
#5602=ORIENTED_EDGE('',*,*,#4083,.T.);
#5603=ORIENTED_EDGE('',*,*,#4084,.T.);
#5604=ORIENTED_EDGE('',*,*,#3559,.F.);
#5605=ORIENTED_EDGE('',*,*,#4084,.F.);
#5606=ORIENTED_EDGE('',*,*,#4085,.T.);
#5607=ORIENTED_EDGE('',*,*,#4086,.T.);
#5608=ORIENTED_EDGE('',*,*,#3560,.F.);
#5609=ORIENTED_EDGE('',*,*,#4086,.F.);
#5610=ORIENTED_EDGE('',*,*,#4087,.T.);
#5611=ORIENTED_EDGE('',*,*,#4088,.T.);
#5612=ORIENTED_EDGE('',*,*,#3561,.F.);
#5613=ORIENTED_EDGE('',*,*,#4088,.F.);
#5614=ORIENTED_EDGE('',*,*,#4089,.T.);
#5615=ORIENTED_EDGE('',*,*,#4090,.T.);
#5616=ORIENTED_EDGE('',*,*,#3562,.F.);
#5617=ORIENTED_EDGE('',*,*,#4090,.F.);
#5618=ORIENTED_EDGE('',*,*,#4091,.T.);
#5619=ORIENTED_EDGE('',*,*,#4092,.T.);
#5620=ORIENTED_EDGE('',*,*,#3563,.F.);
#5621=ORIENTED_EDGE('',*,*,#4092,.F.);
#5622=ORIENTED_EDGE('',*,*,#4093,.T.);
#5623=ORIENTED_EDGE('',*,*,#4094,.T.);
#5624=ORIENTED_EDGE('',*,*,#3564,.F.);
#5625=ORIENTED_EDGE('',*,*,#4094,.F.);
#5626=ORIENTED_EDGE('',*,*,#4095,.T.);
#5627=ORIENTED_EDGE('',*,*,#4076,.T.);
#5628=ORIENTED_EDGE('',*,*,#4077,.F.);
#5629=ORIENTED_EDGE('',*,*,#4095,.F.);
#5630=ORIENTED_EDGE('',*,*,#4093,.F.);
#5631=ORIENTED_EDGE('',*,*,#4091,.F.);
#5632=ORIENTED_EDGE('',*,*,#4089,.F.);
#5633=ORIENTED_EDGE('',*,*,#4087,.F.);
#5634=ORIENTED_EDGE('',*,*,#4085,.F.);
#5635=ORIENTED_EDGE('',*,*,#4083,.F.);
#5636=ORIENTED_EDGE('',*,*,#4081,.F.);
#5637=ORIENTED_EDGE('',*,*,#4079,.F.);
#5638=ORIENTED_EDGE('',*,*,#3485,.F.);
#5639=ORIENTED_EDGE('',*,*,#4096,.F.);
#5640=ORIENTED_EDGE('',*,*,#4097,.T.);
#5641=ORIENTED_EDGE('',*,*,#4098,.T.);
#5642=ORIENTED_EDGE('',*,*,#3486,.F.);
#5643=ORIENTED_EDGE('',*,*,#4098,.F.);
#5644=ORIENTED_EDGE('',*,*,#4099,.T.);
#5645=ORIENTED_EDGE('',*,*,#4100,.T.);
#5646=ORIENTED_EDGE('',*,*,#3487,.F.);
#5647=ORIENTED_EDGE('',*,*,#4100,.F.);
#5648=ORIENTED_EDGE('',*,*,#4101,.T.);
#5649=ORIENTED_EDGE('',*,*,#4102,.T.);
#5650=ORIENTED_EDGE('',*,*,#3488,.F.);
#5651=ORIENTED_EDGE('',*,*,#4102,.F.);
#5652=ORIENTED_EDGE('',*,*,#4103,.T.);
#5653=ORIENTED_EDGE('',*,*,#4104,.T.);
#5654=ORIENTED_EDGE('',*,*,#3489,.F.);
#5655=ORIENTED_EDGE('',*,*,#4104,.F.);
#5656=ORIENTED_EDGE('',*,*,#4105,.T.);
#5657=ORIENTED_EDGE('',*,*,#4106,.T.);
#5658=ORIENTED_EDGE('',*,*,#3490,.F.);
#5659=ORIENTED_EDGE('',*,*,#4106,.F.);
#5660=ORIENTED_EDGE('',*,*,#4107,.T.);
#5661=ORIENTED_EDGE('',*,*,#4108,.T.);
#5662=ORIENTED_EDGE('',*,*,#3491,.F.);
#5663=ORIENTED_EDGE('',*,*,#4108,.F.);
#5664=ORIENTED_EDGE('',*,*,#4109,.T.);
#5665=ORIENTED_EDGE('',*,*,#4096,.T.);
#5666=ORIENTED_EDGE('',*,*,#4097,.F.);
#5667=ORIENTED_EDGE('',*,*,#4109,.F.);
#5668=ORIENTED_EDGE('',*,*,#4107,.F.);
#5669=ORIENTED_EDGE('',*,*,#4105,.F.);
#5670=ORIENTED_EDGE('',*,*,#4103,.F.);
#5671=ORIENTED_EDGE('',*,*,#4101,.F.);
#5672=ORIENTED_EDGE('',*,*,#4099,.F.);
#5673=ORIENTED_EDGE('',*,*,#3553,.F.);
#5674=ORIENTED_EDGE('',*,*,#4110,.F.);
#5675=ORIENTED_EDGE('',*,*,#4111,.T.);
#5676=ORIENTED_EDGE('',*,*,#4112,.T.);
#5677=ORIENTED_EDGE('',*,*,#4113,.F.);
#5678=ORIENTED_EDGE('',*,*,#4114,.F.);
#5679=ORIENTED_EDGE('',*,*,#4115,.T.);
#5680=ORIENTED_EDGE('',*,*,#4116,.T.);
#5681=ORIENTED_EDGE('',*,*,#4117,.F.);
#5682=ORIENTED_EDGE('',*,*,#4116,.F.);
#5683=ORIENTED_EDGE('',*,*,#4118,.T.);
#5684=ORIENTED_EDGE('',*,*,#4114,.T.);
#5685=ORIENTED_EDGE('',*,*,#3554,.F.);
#5686=ORIENTED_EDGE('',*,*,#4112,.F.);
#5687=ORIENTED_EDGE('',*,*,#4119,.T.);
#5688=ORIENTED_EDGE('',*,*,#4110,.T.);
#5689=ORIENTED_EDGE('',*,*,#4111,.F.);
#5690=ORIENTED_EDGE('',*,*,#4119,.F.);
#5691=ORIENTED_EDGE('',*,*,#4115,.F.);
#5692=ORIENTED_EDGE('',*,*,#4118,.F.);
#5693=ORIENTED_EDGE('',*,*,#4113,.T.);
#5694=ORIENTED_EDGE('',*,*,#4117,.T.);
#5695=ORIENTED_EDGE('',*,*,#3492,.F.);
#5696=ORIENTED_EDGE('',*,*,#4120,.F.);
#5697=ORIENTED_EDGE('',*,*,#4121,.T.);
#5698=ORIENTED_EDGE('',*,*,#4122,.T.);
#5699=ORIENTED_EDGE('',*,*,#3493,.F.);
#5700=ORIENTED_EDGE('',*,*,#4122,.F.);
#5701=ORIENTED_EDGE('',*,*,#4123,.T.);
#5702=ORIENTED_EDGE('',*,*,#4124,.T.);
#5703=ORIENTED_EDGE('',*,*,#3494,.F.);
#5704=ORIENTED_EDGE('',*,*,#4124,.F.);
#5705=ORIENTED_EDGE('',*,*,#4125,.T.);
#5706=ORIENTED_EDGE('',*,*,#4126,.T.);
#5707=ORIENTED_EDGE('',*,*,#3495,.F.);
#5708=ORIENTED_EDGE('',*,*,#4126,.F.);
#5709=ORIENTED_EDGE('',*,*,#4127,.T.);
#5710=ORIENTED_EDGE('',*,*,#4128,.T.);
#5711=ORIENTED_EDGE('',*,*,#3496,.F.);
#5712=ORIENTED_EDGE('',*,*,#4128,.F.);
#5713=ORIENTED_EDGE('',*,*,#4129,.T.);
#5714=ORIENTED_EDGE('',*,*,#4130,.T.);
#5715=ORIENTED_EDGE('',*,*,#3497,.F.);
#5716=ORIENTED_EDGE('',*,*,#4130,.F.);
#5717=ORIENTED_EDGE('',*,*,#4131,.T.);
#5718=ORIENTED_EDGE('',*,*,#4132,.T.);
#5719=ORIENTED_EDGE('',*,*,#3498,.F.);
#5720=ORIENTED_EDGE('',*,*,#4132,.F.);
#5721=ORIENTED_EDGE('',*,*,#4133,.T.);
#5722=ORIENTED_EDGE('',*,*,#4134,.T.);
#5723=ORIENTED_EDGE('',*,*,#3499,.F.);
#5724=ORIENTED_EDGE('',*,*,#4134,.F.);
#5725=ORIENTED_EDGE('',*,*,#4135,.T.);
#5726=ORIENTED_EDGE('',*,*,#4136,.T.);
#5727=ORIENTED_EDGE('',*,*,#3500,.F.);
#5728=ORIENTED_EDGE('',*,*,#4136,.F.);
#5729=ORIENTED_EDGE('',*,*,#4137,.T.);
#5730=ORIENTED_EDGE('',*,*,#4138,.T.);
#5731=ORIENTED_EDGE('',*,*,#3501,.F.);
#5732=ORIENTED_EDGE('',*,*,#4138,.F.);
#5733=ORIENTED_EDGE('',*,*,#4139,.T.);
#5734=ORIENTED_EDGE('',*,*,#4140,.T.);
#5735=ORIENTED_EDGE('',*,*,#3502,.F.);
#5736=ORIENTED_EDGE('',*,*,#4140,.F.);
#5737=ORIENTED_EDGE('',*,*,#4141,.T.);
#5738=ORIENTED_EDGE('',*,*,#4142,.T.);
#5739=ORIENTED_EDGE('',*,*,#3503,.F.);
#5740=ORIENTED_EDGE('',*,*,#4142,.F.);
#5741=ORIENTED_EDGE('',*,*,#4143,.T.);
#5742=ORIENTED_EDGE('',*,*,#4120,.T.);
#5743=ORIENTED_EDGE('',*,*,#4121,.F.);
#5744=ORIENTED_EDGE('',*,*,#4143,.F.);
#5745=ORIENTED_EDGE('',*,*,#4141,.F.);
#5746=ORIENTED_EDGE('',*,*,#4139,.F.);
#5747=ORIENTED_EDGE('',*,*,#4137,.F.);
#5748=ORIENTED_EDGE('',*,*,#4135,.F.);
#5749=ORIENTED_EDGE('',*,*,#4133,.F.);
#5750=ORIENTED_EDGE('',*,*,#4131,.F.);
#5751=ORIENTED_EDGE('',*,*,#4129,.F.);
#5752=ORIENTED_EDGE('',*,*,#4127,.F.);
#5753=ORIENTED_EDGE('',*,*,#4125,.F.);
#5754=ORIENTED_EDGE('',*,*,#4123,.F.);
#5755=ORIENTED_EDGE('',*,*,#4144,.F.);
#5756=ORIENTED_EDGE('',*,*,#4145,.F.);
#5757=ORIENTED_EDGE('',*,*,#4146,.T.);
#5758=ORIENTED_EDGE('',*,*,#4147,.T.);
#5759=ORIENTED_EDGE('',*,*,#4148,.F.);
#5760=ORIENTED_EDGE('',*,*,#4147,.F.);
#5761=ORIENTED_EDGE('',*,*,#4149,.T.);
#5762=ORIENTED_EDGE('',*,*,#4150,.T.);
#5763=ORIENTED_EDGE('',*,*,#4151,.F.);
#5764=ORIENTED_EDGE('',*,*,#4150,.F.);
#5765=ORIENTED_EDGE('',*,*,#4152,.T.);
#5766=ORIENTED_EDGE('',*,*,#4153,.T.);
#5767=ORIENTED_EDGE('',*,*,#3545,.F.);
#5768=ORIENTED_EDGE('',*,*,#4154,.F.);
#5769=ORIENTED_EDGE('',*,*,#4155,.T.);
#5770=ORIENTED_EDGE('',*,*,#4156,.T.);
#5771=ORIENTED_EDGE('',*,*,#3546,.F.);
#5772=ORIENTED_EDGE('',*,*,#4156,.F.);
#5773=ORIENTED_EDGE('',*,*,#4157,.T.);
#5774=ORIENTED_EDGE('',*,*,#4158,.T.);
#5775=ORIENTED_EDGE('',*,*,#3547,.F.);
#5776=ORIENTED_EDGE('',*,*,#4158,.F.);
#5777=ORIENTED_EDGE('',*,*,#4159,.T.);
#5778=ORIENTED_EDGE('',*,*,#4160,.T.);
#5779=ORIENTED_EDGE('',*,*,#3548,.F.);
#5780=ORIENTED_EDGE('',*,*,#4160,.F.);
#5781=ORIENTED_EDGE('',*,*,#4161,.T.);
#5782=ORIENTED_EDGE('',*,*,#4162,.T.);
#5783=ORIENTED_EDGE('',*,*,#3549,.F.);
#5784=ORIENTED_EDGE('',*,*,#4162,.F.);
#5785=ORIENTED_EDGE('',*,*,#4163,.T.);
#5786=ORIENTED_EDGE('',*,*,#4164,.T.);
#5787=ORIENTED_EDGE('',*,*,#3550,.F.);
#5788=ORIENTED_EDGE('',*,*,#4164,.F.);
#5789=ORIENTED_EDGE('',*,*,#4165,.T.);
#5790=ORIENTED_EDGE('',*,*,#4166,.T.);
#5791=ORIENTED_EDGE('',*,*,#3551,.F.);
#5792=ORIENTED_EDGE('',*,*,#4166,.F.);
#5793=ORIENTED_EDGE('',*,*,#4167,.T.);
#5794=ORIENTED_EDGE('',*,*,#4168,.T.);
#5795=ORIENTED_EDGE('',*,*,#3552,.F.);
#5796=ORIENTED_EDGE('',*,*,#4168,.F.);
#5797=ORIENTED_EDGE('',*,*,#4169,.T.);
#5798=ORIENTED_EDGE('',*,*,#4154,.T.);
#5799=ORIENTED_EDGE('',*,*,#4170,.F.);
#5800=ORIENTED_EDGE('',*,*,#4153,.F.);
#5801=ORIENTED_EDGE('',*,*,#4171,.T.);
#5802=ORIENTED_EDGE('',*,*,#4145,.T.);
#5803=ORIENTED_EDGE('',*,*,#4155,.F.);
#5804=ORIENTED_EDGE('',*,*,#4169,.F.);
#5805=ORIENTED_EDGE('',*,*,#4167,.F.);
#5806=ORIENTED_EDGE('',*,*,#4165,.F.);
#5807=ORIENTED_EDGE('',*,*,#4163,.F.);
#5808=ORIENTED_EDGE('',*,*,#4161,.F.);
#5809=ORIENTED_EDGE('',*,*,#4159,.F.);
#5810=ORIENTED_EDGE('',*,*,#4157,.F.);
#5811=ORIENTED_EDGE('',*,*,#4146,.F.);
#5812=ORIENTED_EDGE('',*,*,#4171,.F.);
#5813=ORIENTED_EDGE('',*,*,#4152,.F.);
#5814=ORIENTED_EDGE('',*,*,#4149,.F.);
#5815=ORIENTED_EDGE('',*,*,#4144,.T.);
#5816=ORIENTED_EDGE('',*,*,#4148,.T.);
#5817=ORIENTED_EDGE('',*,*,#4151,.T.);
#5818=ORIENTED_EDGE('',*,*,#4170,.T.);
#5819=ORIENTED_EDGE('',*,*,#3504,.F.);
#5820=ORIENTED_EDGE('',*,*,#4172,.F.);
#5821=ORIENTED_EDGE('',*,*,#4173,.T.);
#5822=ORIENTED_EDGE('',*,*,#4174,.T.);
#5823=ORIENTED_EDGE('',*,*,#3505,.F.);
#5824=ORIENTED_EDGE('',*,*,#4174,.F.);
#5825=ORIENTED_EDGE('',*,*,#4175,.T.);
#5826=ORIENTED_EDGE('',*,*,#4176,.T.);
#5827=ORIENTED_EDGE('',*,*,#3506,.F.);
#5828=ORIENTED_EDGE('',*,*,#4176,.F.);
#5829=ORIENTED_EDGE('',*,*,#4177,.T.);
#5830=ORIENTED_EDGE('',*,*,#4178,.T.);
#5831=ORIENTED_EDGE('',*,*,#3507,.F.);
#5832=ORIENTED_EDGE('',*,*,#4178,.F.);
#5833=ORIENTED_EDGE('',*,*,#4179,.T.);
#5834=ORIENTED_EDGE('',*,*,#4180,.T.);
#5835=ORIENTED_EDGE('',*,*,#3508,.F.);
#5836=ORIENTED_EDGE('',*,*,#4180,.F.);
#5837=ORIENTED_EDGE('',*,*,#4181,.T.);
#5838=ORIENTED_EDGE('',*,*,#4182,.T.);
#5839=ORIENTED_EDGE('',*,*,#3509,.F.);
#5840=ORIENTED_EDGE('',*,*,#4182,.F.);
#5841=ORIENTED_EDGE('',*,*,#4183,.T.);
#5842=ORIENTED_EDGE('',*,*,#4184,.T.);
#5843=ORIENTED_EDGE('',*,*,#3510,.F.);
#5844=ORIENTED_EDGE('',*,*,#4184,.F.);
#5845=ORIENTED_EDGE('',*,*,#4185,.T.);
#5846=ORIENTED_EDGE('',*,*,#4186,.T.);
#5847=ORIENTED_EDGE('',*,*,#4187,.F.);
#5848=ORIENTED_EDGE('',*,*,#4188,.F.);
#5849=ORIENTED_EDGE('',*,*,#4189,.T.);
#5850=ORIENTED_EDGE('',*,*,#4190,.T.);
#5851=ORIENTED_EDGE('',*,*,#4191,.F.);
#5852=ORIENTED_EDGE('',*,*,#4190,.F.);
#5853=ORIENTED_EDGE('',*,*,#4192,.T.);
#5854=ORIENTED_EDGE('',*,*,#4188,.T.);
#5855=ORIENTED_EDGE('',*,*,#3511,.F.);
#5856=ORIENTED_EDGE('',*,*,#4186,.F.);
#5857=ORIENTED_EDGE('',*,*,#4193,.T.);
#5858=ORIENTED_EDGE('',*,*,#4172,.T.);
#5859=ORIENTED_EDGE('',*,*,#4173,.F.);
#5860=ORIENTED_EDGE('',*,*,#4193,.F.);
#5861=ORIENTED_EDGE('',*,*,#4185,.F.);
#5862=ORIENTED_EDGE('',*,*,#4183,.F.);
#5863=ORIENTED_EDGE('',*,*,#4181,.F.);
#5864=ORIENTED_EDGE('',*,*,#4179,.F.);
#5865=ORIENTED_EDGE('',*,*,#4177,.F.);
#5866=ORIENTED_EDGE('',*,*,#4175,.F.);
#5867=ORIENTED_EDGE('',*,*,#4189,.F.);
#5868=ORIENTED_EDGE('',*,*,#4192,.F.);
#5869=ORIENTED_EDGE('',*,*,#4187,.T.);
#5870=ORIENTED_EDGE('',*,*,#4191,.T.);
#5871=ORIENTED_EDGE('',*,*,#3534,.F.);
#5872=ORIENTED_EDGE('',*,*,#4194,.F.);
#5873=ORIENTED_EDGE('',*,*,#4195,.T.);
#5874=ORIENTED_EDGE('',*,*,#4196,.T.);
#5875=ORIENTED_EDGE('',*,*,#3535,.F.);
#5876=ORIENTED_EDGE('',*,*,#4196,.F.);
#5877=ORIENTED_EDGE('',*,*,#4197,.T.);
#5878=ORIENTED_EDGE('',*,*,#4198,.T.);
#5879=ORIENTED_EDGE('',*,*,#3536,.F.);
#5880=ORIENTED_EDGE('',*,*,#4198,.F.);
#5881=ORIENTED_EDGE('',*,*,#4199,.T.);
#5882=ORIENTED_EDGE('',*,*,#4200,.T.);
#5883=ORIENTED_EDGE('',*,*,#3537,.F.);
#5884=ORIENTED_EDGE('',*,*,#4200,.F.);
#5885=ORIENTED_EDGE('',*,*,#4201,.T.);
#5886=ORIENTED_EDGE('',*,*,#4202,.T.);
#5887=ORIENTED_EDGE('',*,*,#3538,.F.);
#5888=ORIENTED_EDGE('',*,*,#4202,.F.);
#5889=ORIENTED_EDGE('',*,*,#4203,.T.);
#5890=ORIENTED_EDGE('',*,*,#4204,.T.);
#5891=ORIENTED_EDGE('',*,*,#3539,.F.);
#5892=ORIENTED_EDGE('',*,*,#4204,.F.);
#5893=ORIENTED_EDGE('',*,*,#4205,.T.);
#5894=ORIENTED_EDGE('',*,*,#4206,.T.);
#5895=ORIENTED_EDGE('',*,*,#3540,.F.);
#5896=ORIENTED_EDGE('',*,*,#4206,.F.);
#5897=ORIENTED_EDGE('',*,*,#4207,.T.);
#5898=ORIENTED_EDGE('',*,*,#4208,.T.);
#5899=ORIENTED_EDGE('',*,*,#3541,.F.);
#5900=ORIENTED_EDGE('',*,*,#4208,.F.);
#5901=ORIENTED_EDGE('',*,*,#4209,.T.);
#5902=ORIENTED_EDGE('',*,*,#4210,.T.);
#5903=ORIENTED_EDGE('',*,*,#3542,.F.);
#5904=ORIENTED_EDGE('',*,*,#4210,.F.);
#5905=ORIENTED_EDGE('',*,*,#4211,.T.);
#5906=ORIENTED_EDGE('',*,*,#4212,.T.);
#5907=ORIENTED_EDGE('',*,*,#3543,.F.);
#5908=ORIENTED_EDGE('',*,*,#4212,.F.);
#5909=ORIENTED_EDGE('',*,*,#4213,.T.);
#5910=ORIENTED_EDGE('',*,*,#4214,.T.);
#5911=ORIENTED_EDGE('',*,*,#4215,.F.);
#5912=ORIENTED_EDGE('',*,*,#4216,.F.);
#5913=ORIENTED_EDGE('',*,*,#4217,.T.);
#5914=ORIENTED_EDGE('',*,*,#4218,.T.);
#5915=ORIENTED_EDGE('',*,*,#4219,.F.);
#5916=ORIENTED_EDGE('',*,*,#4218,.F.);
#5917=ORIENTED_EDGE('',*,*,#4220,.T.);
#5918=ORIENTED_EDGE('',*,*,#4221,.T.);
#5919=ORIENTED_EDGE('',*,*,#4222,.F.);
#5920=ORIENTED_EDGE('',*,*,#4221,.F.);
#5921=ORIENTED_EDGE('',*,*,#4223,.T.);
#5922=ORIENTED_EDGE('',*,*,#4216,.T.);
#5923=ORIENTED_EDGE('',*,*,#3544,.F.);
#5924=ORIENTED_EDGE('',*,*,#4214,.F.);
#5925=ORIENTED_EDGE('',*,*,#4224,.T.);
#5926=ORIENTED_EDGE('',*,*,#4194,.T.);
#5927=ORIENTED_EDGE('',*,*,#4195,.F.);
#5928=ORIENTED_EDGE('',*,*,#4224,.F.);
#5929=ORIENTED_EDGE('',*,*,#4213,.F.);
#5930=ORIENTED_EDGE('',*,*,#4211,.F.);
#5931=ORIENTED_EDGE('',*,*,#4209,.F.);
#5932=ORIENTED_EDGE('',*,*,#4207,.F.);
#5933=ORIENTED_EDGE('',*,*,#4205,.F.);
#5934=ORIENTED_EDGE('',*,*,#4203,.F.);
#5935=ORIENTED_EDGE('',*,*,#4201,.F.);
#5936=ORIENTED_EDGE('',*,*,#4199,.F.);
#5937=ORIENTED_EDGE('',*,*,#4197,.F.);
#5938=ORIENTED_EDGE('',*,*,#4217,.F.);
#5939=ORIENTED_EDGE('',*,*,#4223,.F.);
#5940=ORIENTED_EDGE('',*,*,#4220,.F.);
#5941=ORIENTED_EDGE('',*,*,#4215,.T.);
#5942=ORIENTED_EDGE('',*,*,#4219,.T.);
#5943=ORIENTED_EDGE('',*,*,#4222,.T.);
#5944=ORIENTED_EDGE('',*,*,#3512,.F.);
#5945=ORIENTED_EDGE('',*,*,#4225,.F.);
#5946=ORIENTED_EDGE('',*,*,#4226,.T.);
#5947=ORIENTED_EDGE('',*,*,#4227,.T.);
#5948=ORIENTED_EDGE('',*,*,#3513,.F.);
#5949=ORIENTED_EDGE('',*,*,#4227,.F.);
#5950=ORIENTED_EDGE('',*,*,#4228,.T.);
#5951=ORIENTED_EDGE('',*,*,#4229,.T.);
#5952=ORIENTED_EDGE('',*,*,#3514,.F.);
#5953=ORIENTED_EDGE('',*,*,#4229,.F.);
#5954=ORIENTED_EDGE('',*,*,#4230,.T.);
#5955=ORIENTED_EDGE('',*,*,#4231,.T.);
#5956=ORIENTED_EDGE('',*,*,#3515,.F.);
#5957=ORIENTED_EDGE('',*,*,#4231,.F.);
#5958=ORIENTED_EDGE('',*,*,#4232,.T.);
#5959=ORIENTED_EDGE('',*,*,#4233,.T.);
#5960=ORIENTED_EDGE('',*,*,#3516,.F.);
#5961=ORIENTED_EDGE('',*,*,#4233,.F.);
#5962=ORIENTED_EDGE('',*,*,#4234,.T.);
#5963=ORIENTED_EDGE('',*,*,#4235,.T.);
#5964=ORIENTED_EDGE('',*,*,#3517,.F.);
#5965=ORIENTED_EDGE('',*,*,#4235,.F.);
#5966=ORIENTED_EDGE('',*,*,#4236,.T.);
#5967=ORIENTED_EDGE('',*,*,#4237,.T.);
#5968=ORIENTED_EDGE('',*,*,#3518,.F.);
#5969=ORIENTED_EDGE('',*,*,#4237,.F.);
#5970=ORIENTED_EDGE('',*,*,#4238,.T.);
#5971=ORIENTED_EDGE('',*,*,#4239,.T.);
#5972=ORIENTED_EDGE('',*,*,#3519,.F.);
#5973=ORIENTED_EDGE('',*,*,#4239,.F.);
#5974=ORIENTED_EDGE('',*,*,#4240,.T.);
#5975=ORIENTED_EDGE('',*,*,#4225,.T.);
#5976=ORIENTED_EDGE('',*,*,#4226,.F.);
#5977=ORIENTED_EDGE('',*,*,#4240,.F.);
#5978=ORIENTED_EDGE('',*,*,#4238,.F.);
#5979=ORIENTED_EDGE('',*,*,#4236,.F.);
#5980=ORIENTED_EDGE('',*,*,#4234,.F.);
#5981=ORIENTED_EDGE('',*,*,#4232,.F.);
#5982=ORIENTED_EDGE('',*,*,#4230,.F.);
#5983=ORIENTED_EDGE('',*,*,#4228,.F.);
#5984=ORIENTED_EDGE('',*,*,#3527,.F.);
#5985=ORIENTED_EDGE('',*,*,#4241,.F.);
#5986=ORIENTED_EDGE('',*,*,#4242,.T.);
#5987=ORIENTED_EDGE('',*,*,#4243,.T.);
#5988=ORIENTED_EDGE('',*,*,#3528,.F.);
#5989=ORIENTED_EDGE('',*,*,#4243,.F.);
#5990=ORIENTED_EDGE('',*,*,#4244,.T.);
#5991=ORIENTED_EDGE('',*,*,#4245,.T.);
#5992=ORIENTED_EDGE('',*,*,#3529,.F.);
#5993=ORIENTED_EDGE('',*,*,#4245,.F.);
#5994=ORIENTED_EDGE('',*,*,#4246,.T.);
#5995=ORIENTED_EDGE('',*,*,#4247,.T.);
#5996=ORIENTED_EDGE('',*,*,#3530,.F.);
#5997=ORIENTED_EDGE('',*,*,#4247,.F.);
#5998=ORIENTED_EDGE('',*,*,#4248,.T.);
#5999=ORIENTED_EDGE('',*,*,#4249,.T.);
#6000=ORIENTED_EDGE('',*,*,#3531,.F.);
#6001=ORIENTED_EDGE('',*,*,#4249,.F.);
#6002=ORIENTED_EDGE('',*,*,#4250,.T.);
#6003=ORIENTED_EDGE('',*,*,#4251,.T.);
#6004=ORIENTED_EDGE('',*,*,#3532,.F.);
#6005=ORIENTED_EDGE('',*,*,#4251,.F.);
#6006=ORIENTED_EDGE('',*,*,#4252,.T.);
#6007=ORIENTED_EDGE('',*,*,#4253,.T.);
#6008=ORIENTED_EDGE('',*,*,#3533,.F.);
#6009=ORIENTED_EDGE('',*,*,#4253,.F.);
#6010=ORIENTED_EDGE('',*,*,#4254,.T.);
#6011=ORIENTED_EDGE('',*,*,#4241,.T.);
#6012=ORIENTED_EDGE('',*,*,#4242,.F.);
#6013=ORIENTED_EDGE('',*,*,#4254,.F.);
#6014=ORIENTED_EDGE('',*,*,#4252,.F.);
#6015=ORIENTED_EDGE('',*,*,#4250,.F.);
#6016=ORIENTED_EDGE('',*,*,#4248,.F.);
#6017=ORIENTED_EDGE('',*,*,#4246,.F.);
#6018=ORIENTED_EDGE('',*,*,#4244,.F.);
#6019=ORIENTED_EDGE('',*,*,#3520,.F.);
#6020=ORIENTED_EDGE('',*,*,#4255,.F.);
#6021=ORIENTED_EDGE('',*,*,#4256,.T.);
#6022=ORIENTED_EDGE('',*,*,#4257,.T.);
#6023=ORIENTED_EDGE('',*,*,#3521,.F.);
#6024=ORIENTED_EDGE('',*,*,#4257,.F.);
#6025=ORIENTED_EDGE('',*,*,#4258,.T.);
#6026=ORIENTED_EDGE('',*,*,#4259,.T.);
#6027=ORIENTED_EDGE('',*,*,#3522,.F.);
#6028=ORIENTED_EDGE('',*,*,#4259,.F.);
#6029=ORIENTED_EDGE('',*,*,#4260,.T.);
#6030=ORIENTED_EDGE('',*,*,#4261,.T.);
#6031=ORIENTED_EDGE('',*,*,#3523,.F.);
#6032=ORIENTED_EDGE('',*,*,#4261,.F.);
#6033=ORIENTED_EDGE('',*,*,#4262,.T.);
#6034=ORIENTED_EDGE('',*,*,#4263,.T.);
#6035=ORIENTED_EDGE('',*,*,#3524,.F.);
#6036=ORIENTED_EDGE('',*,*,#4263,.F.);
#6037=ORIENTED_EDGE('',*,*,#4264,.T.);
#6038=ORIENTED_EDGE('',*,*,#4265,.T.);
#6039=ORIENTED_EDGE('',*,*,#3525,.F.);
#6040=ORIENTED_EDGE('',*,*,#4265,.F.);
#6041=ORIENTED_EDGE('',*,*,#4266,.T.);
#6042=ORIENTED_EDGE('',*,*,#4267,.T.);
#6043=ORIENTED_EDGE('',*,*,#3526,.F.);
#6044=ORIENTED_EDGE('',*,*,#4267,.F.);
#6045=ORIENTED_EDGE('',*,*,#4268,.T.);
#6046=ORIENTED_EDGE('',*,*,#4255,.T.);
#6047=ORIENTED_EDGE('',*,*,#4256,.F.);
#6048=ORIENTED_EDGE('',*,*,#4268,.F.);
#6049=ORIENTED_EDGE('',*,*,#4266,.F.);
#6050=ORIENTED_EDGE('',*,*,#4264,.F.);
#6051=ORIENTED_EDGE('',*,*,#4262,.F.);
#6052=ORIENTED_EDGE('',*,*,#4260,.F.);
#6053=ORIENTED_EDGE('',*,*,#4258,.F.);
#6054=ORIENTED_EDGE('',*,*,#4269,.F.);
#6055=ORIENTED_EDGE('',*,*,#4270,.T.);
#6056=ORIENTED_EDGE('',*,*,#4271,.F.);
#6057=ORIENTED_EDGE('',*,*,#4270,.F.);
#6058=ORIENTED_EDGE('',*,*,#4272,.F.);
#6059=ORIENTED_EDGE('',*,*,#4273,.T.);
#6060=ORIENTED_EDGE('',*,*,#4274,.F.);
#6061=ORIENTED_EDGE('',*,*,#4273,.F.);
#6062=ORIENTED_EDGE('',*,*,#4275,.F.);
#6063=ORIENTED_EDGE('',*,*,#4276,.T.);
#6064=ORIENTED_EDGE('',*,*,#4277,.F.);
#6065=ORIENTED_EDGE('',*,*,#4276,.F.);
#6066=ORIENTED_EDGE('',*,*,#4278,.F.);
#6067=ORIENTED_EDGE('',*,*,#4279,.T.);
#6068=ORIENTED_EDGE('',*,*,#4280,.F.);
#6069=ORIENTED_EDGE('',*,*,#4279,.F.);
#6070=ORIENTED_EDGE('',*,*,#4281,.F.);
#6071=ORIENTED_EDGE('',*,*,#4282,.T.);
#6072=ORIENTED_EDGE('',*,*,#4283,.F.);
#6073=ORIENTED_EDGE('',*,*,#4282,.F.);
#6074=ORIENTED_EDGE('',*,*,#4284,.T.);
#6075=ORIENTED_EDGE('',*,*,#4285,.T.);
#6076=ORIENTED_EDGE('',*,*,#4286,.F.);
#6077=ORIENTED_EDGE('',*,*,#4287,.F.);
#6078=ORIENTED_EDGE('',*,*,#4288,.T.);
#6079=ORIENTED_EDGE('',*,*,#4287,.T.);
#6080=ORIENTED_EDGE('',*,*,#4289,.F.);
#6081=ORIENTED_EDGE('',*,*,#4290,.F.);
#6082=ORIENTED_EDGE('',*,*,#4291,.T.);
#6083=ORIENTED_EDGE('',*,*,#4290,.T.);
#6084=ORIENTED_EDGE('',*,*,#4292,.F.);
#6085=ORIENTED_EDGE('',*,*,#4293,.F.);
#6086=ORIENTED_EDGE('',*,*,#4294,.T.);
#6087=ORIENTED_EDGE('',*,*,#4293,.T.);
#6088=ORIENTED_EDGE('',*,*,#4295,.F.);
#6089=ORIENTED_EDGE('',*,*,#4285,.F.);
#6090=ORIENTED_EDGE('',*,*,#4295,.T.);
#6091=ORIENTED_EDGE('',*,*,#4292,.T.);
#6092=ORIENTED_EDGE('',*,*,#4289,.T.);
#6093=ORIENTED_EDGE('',*,*,#4286,.T.);
#6094=ORIENTED_EDGE('',*,*,#4281,.T.);
#6095=ORIENTED_EDGE('',*,*,#4280,.T.);
#6096=ORIENTED_EDGE('',*,*,#4277,.T.);
#6097=ORIENTED_EDGE('',*,*,#4274,.T.);
#6098=ORIENTED_EDGE('',*,*,#4271,.T.);
#6099=ORIENTED_EDGE('',*,*,#4294,.F.);
#6100=ORIENTED_EDGE('',*,*,#4284,.F.);
#6101=ORIENTED_EDGE('',*,*,#4288,.F.);
#6102=ORIENTED_EDGE('',*,*,#4291,.F.);
#6103=ORIENTED_EDGE('',*,*,#4283,.T.);
#6104=ORIENTED_EDGE('',*,*,#4278,.T.);
#6105=ORIENTED_EDGE('',*,*,#4275,.T.);
#6106=ORIENTED_EDGE('',*,*,#4272,.T.);
#6107=ORIENTED_EDGE('',*,*,#4269,.T.);
#6108=ORIENTED_EDGE('',*,*,#4296,.F.);
#6109=ORIENTED_EDGE('',*,*,#4297,.T.);
#6110=ORIENTED_EDGE('',*,*,#4298,.T.);
#6111=ORIENTED_EDGE('',*,*,#4297,.F.);
#6112=ORIENTED_EDGE('',*,*,#4298,.F.);
#6113=ORIENTED_EDGE('',*,*,#4299,.F.);
#6114=ORIENTED_EDGE('',*,*,#4300,.T.);
#6115=ORIENTED_EDGE('',*,*,#4301,.T.);
#6116=ORIENTED_EDGE('',*,*,#4300,.F.);
#6117=ORIENTED_EDGE('',*,*,#4302,.F.);
#6118=ORIENTED_EDGE('',*,*,#4301,.F.);
#6119=ORIENTED_EDGE('',*,*,#4296,.T.);
#6120=ORIENTED_EDGE('',*,*,#4299,.T.);
#6121=ORIENTED_EDGE('',*,*,#4303,.F.);
#6122=ORIENTED_EDGE('',*,*,#4303,.T.);
#6123=ORIENTED_EDGE('',*,*,#4302,.T.);
#6124=ORIENTED_EDGE('',*,*,#4304,.F.);
#6125=ORIENTED_EDGE('',*,*,#4305,.T.);
#6126=ORIENTED_EDGE('',*,*,#4306,.F.);
#6127=ORIENTED_EDGE('',*,*,#4305,.F.);
#6128=ORIENTED_EDGE('',*,*,#4304,.T.);
#6129=ORIENTED_EDGE('',*,*,#4307,.T.);
#6130=ORIENTED_EDGE('',*,*,#4306,.T.);
#6131=ORIENTED_EDGE('',*,*,#4308,.F.);
#6132=ORIENTED_EDGE('',*,*,#4308,.T.);
#6133=ORIENTED_EDGE('',*,*,#4309,.T.);
#6134=ORIENTED_EDGE('',*,*,#4310,.F.);
#6135=ORIENTED_EDGE('',*,*,#4309,.F.);
#6136=ORIENTED_EDGE('',*,*,#4311,.F.);
#6137=ORIENTED_EDGE('',*,*,#4312,.T.);
#6138=ORIENTED_EDGE('',*,*,#4310,.T.);
#6139=ORIENTED_EDGE('',*,*,#4312,.F.);
#6140=ORIENTED_EDGE('',*,*,#4311,.T.);
#6141=ORIENTED_EDGE('',*,*,#4313,.T.);
#6142=ORIENTED_EDGE('',*,*,#4307,.F.);
#6143=ORIENTED_EDGE('',*,*,#4314,.T.);
#6144=ORIENTED_EDGE('',*,*,#4313,.F.);
#6145=ORIENTED_EDGE('',*,*,#4314,.F.);
#6146=ORIENTED_EDGE('',*,*,#4315,.F.);
#6147=ORIENTED_EDGE('',*,*,#4316,.T.);
#6148=ORIENTED_EDGE('',*,*,#4317,.T.);
#6149=ORIENTED_EDGE('',*,*,#4316,.F.);
#6150=ORIENTED_EDGE('',*,*,#4317,.F.);
#6151=ORIENTED_EDGE('',*,*,#4318,.T.);
#6152=ORIENTED_EDGE('',*,*,#4319,.T.);
#6153=ORIENTED_EDGE('',*,*,#4320,.T.);
#6154=ORIENTED_EDGE('',*,*,#4321,.T.);
#6155=ORIENTED_EDGE('',*,*,#4322,.F.);
#6156=ORIENTED_EDGE('',*,*,#4323,.F.);
#6157=ORIENTED_EDGE('',*,*,#4324,.F.);
#6158=ORIENTED_EDGE('',*,*,#4325,.F.);
#6159=ORIENTED_EDGE('',*,*,#4326,.F.);
#6160=ORIENTED_EDGE('',*,*,#4327,.F.);
#6161=ORIENTED_EDGE('',*,*,#4328,.F.);
#6162=ORIENTED_EDGE('',*,*,#4329,.F.);
#6163=ORIENTED_EDGE('',*,*,#4330,.F.);
#6164=ORIENTED_EDGE('',*,*,#4331,.F.);
#6165=ORIENTED_EDGE('',*,*,#4332,.T.);
#6166=ORIENTED_EDGE('',*,*,#4333,.T.);
#6167=ORIENTED_EDGE('',*,*,#4334,.F.);
#6168=ORIENTED_EDGE('',*,*,#4333,.F.);
#6169=ORIENTED_EDGE('',*,*,#4335,.F.);
#6170=ORIENTED_EDGE('',*,*,#4336,.T.);
#6171=ORIENTED_EDGE('',*,*,#4337,.F.);
#6172=ORIENTED_EDGE('',*,*,#4336,.F.);
#6173=ORIENTED_EDGE('',*,*,#4338,.F.);
#6174=ORIENTED_EDGE('',*,*,#4339,.T.);
#6175=ORIENTED_EDGE('',*,*,#4340,.F.);
#6176=ORIENTED_EDGE('',*,*,#4339,.F.);
#6177=ORIENTED_EDGE('',*,*,#4341,.F.);
#6178=ORIENTED_EDGE('',*,*,#4342,.T.);
#6179=ORIENTED_EDGE('',*,*,#4343,.F.);
#6180=ORIENTED_EDGE('',*,*,#4342,.F.);
#6181=ORIENTED_EDGE('',*,*,#4344,.F.);
#6182=ORIENTED_EDGE('',*,*,#4345,.T.);
#6183=ORIENTED_EDGE('',*,*,#4346,.F.);
#6184=ORIENTED_EDGE('',*,*,#4345,.F.);
#6185=ORIENTED_EDGE('',*,*,#4347,.F.);
#6186=ORIENTED_EDGE('',*,*,#4348,.T.);
#6187=ORIENTED_EDGE('',*,*,#4332,.F.);
#6188=ORIENTED_EDGE('',*,*,#4348,.F.);
#6189=ORIENTED_EDGE('',*,*,#4349,.T.);
#6190=ORIENTED_EDGE('',*,*,#4350,.F.);
#6191=ORIENTED_EDGE('',*,*,#4351,.T.);
#6192=ORIENTED_EDGE('',*,*,#4323,.T.);
#6193=ORIENTED_EDGE('',*,*,#4352,.T.);
#6194=ORIENTED_EDGE('',*,*,#4322,.T.);
#6195=ORIENTED_EDGE('',*,*,#4352,.F.);
#6196=ORIENTED_EDGE('',*,*,#4325,.T.);
#6197=ORIENTED_EDGE('',*,*,#4349,.F.);
#6198=ORIENTED_EDGE('',*,*,#4324,.T.);
#6199=ORIENTED_EDGE('',*,*,#4351,.F.);
#6200=ORIENTED_EDGE('',*,*,#4353,.F.);
#6201=ORIENTED_EDGE('',*,*,#4354,.F.);
#6202=ORIENTED_EDGE('',*,*,#4355,.T.);
#6203=ORIENTED_EDGE('',*,*,#4326,.T.);
#6204=ORIENTED_EDGE('',*,*,#4355,.F.);
#6205=ORIENTED_EDGE('',*,*,#4356,.F.);
#6206=ORIENTED_EDGE('',*,*,#4357,.T.);
#6207=ORIENTED_EDGE('',*,*,#4327,.T.);
#6208=ORIENTED_EDGE('',*,*,#4357,.F.);
#6209=ORIENTED_EDGE('',*,*,#4358,.F.);
#6210=ORIENTED_EDGE('',*,*,#4359,.T.);
#6211=ORIENTED_EDGE('',*,*,#4328,.T.);
#6212=ORIENTED_EDGE('',*,*,#4359,.F.);
#6213=ORIENTED_EDGE('',*,*,#4360,.F.);
#6214=ORIENTED_EDGE('',*,*,#4361,.T.);
#6215=ORIENTED_EDGE('',*,*,#4329,.T.);
#6216=ORIENTED_EDGE('',*,*,#4361,.F.);
#6217=ORIENTED_EDGE('',*,*,#4362,.F.);
#6218=ORIENTED_EDGE('',*,*,#4363,.T.);
#6219=ORIENTED_EDGE('',*,*,#4330,.T.);
#6220=ORIENTED_EDGE('',*,*,#4363,.F.);
#6221=ORIENTED_EDGE('',*,*,#4364,.F.);
#6222=ORIENTED_EDGE('',*,*,#4365,.T.);
#6223=ORIENTED_EDGE('',*,*,#4331,.T.);
#6224=ORIENTED_EDGE('',*,*,#4365,.F.);
#6225=ORIENTED_EDGE('',*,*,#4366,.T.);
#6226=ORIENTED_EDGE('',*,*,#4367,.T.);
#6227=ORIENTED_EDGE('',*,*,#4368,.T.);
#6228=ORIENTED_EDGE('',*,*,#4369,.T.);
#6229=ORIENTED_EDGE('',*,*,#4367,.F.);
#6230=ORIENTED_EDGE('',*,*,#4370,.F.);
#6231=ORIENTED_EDGE('',*,*,#4371,.F.);
#6232=ORIENTED_EDGE('',*,*,#4372,.T.);
#6233=ORIENTED_EDGE('',*,*,#4373,.T.);
#6234=ORIENTED_EDGE('',*,*,#4374,.T.);
#6235=ORIENTED_EDGE('',*,*,#4375,.T.);
#6236=ORIENTED_EDGE('',*,*,#4371,.T.);
#6237=ORIENTED_EDGE('',*,*,#4376,.F.);
#6238=ORIENTED_EDGE('',*,*,#4377,.T.);
#6239=ORIENTED_EDGE('',*,*,#4374,.F.);
#6240=ORIENTED_EDGE('',*,*,#4378,.F.);
#6241=ORIENTED_EDGE('',*,*,#4379,.T.);
#6242=ORIENTED_EDGE('',*,*,#4380,.T.);
#6243=ORIENTED_EDGE('',*,*,#4381,.T.);
#6244=ORIENTED_EDGE('',*,*,#4376,.T.);
#6245=ORIENTED_EDGE('',*,*,#4321,.F.);
#6246=ORIENTED_EDGE('',*,*,#4382,.T.);
#6247=ORIENTED_EDGE('',*,*,#4380,.F.);
#6248=ORIENTED_EDGE('',*,*,#4383,.F.);
#6249=ORIENTED_EDGE('',*,*,#4320,.F.);
#6250=ORIENTED_EDGE('',*,*,#4384,.F.);
#6251=ORIENTED_EDGE('',*,*,#4368,.F.);
#6252=ORIENTED_EDGE('',*,*,#4372,.F.);
#6253=ORIENTED_EDGE('',*,*,#4375,.F.);
#6254=ORIENTED_EDGE('',*,*,#4377,.F.);
#6255=ORIENTED_EDGE('',*,*,#4381,.F.);
#6256=ORIENTED_EDGE('',*,*,#4382,.F.);
#6257=ORIENTED_EDGE('',*,*,#4334,.T.);
#6258=ORIENTED_EDGE('',*,*,#4346,.T.);
#6259=ORIENTED_EDGE('',*,*,#4343,.T.);
#6260=ORIENTED_EDGE('',*,*,#4340,.T.);
#6261=ORIENTED_EDGE('',*,*,#4337,.T.);
#6262=ORIENTED_EDGE('',*,*,#4319,.F.);
#6263=ORIENTED_EDGE('',*,*,#4385,.F.);
#6264=ORIENTED_EDGE('',*,*,#4369,.F.);
#6265=ORIENTED_EDGE('',*,*,#4384,.T.);
#6266=ORIENTED_EDGE('',*,*,#4318,.F.);
#6267=ORIENTED_EDGE('',*,*,#4383,.T.);
#6268=ORIENTED_EDGE('',*,*,#4379,.F.);
#6269=ORIENTED_EDGE('',*,*,#4378,.T.);
#6270=ORIENTED_EDGE('',*,*,#4373,.F.);
#6271=ORIENTED_EDGE('',*,*,#4370,.T.);
#6272=ORIENTED_EDGE('',*,*,#4366,.F.);
#6273=ORIENTED_EDGE('',*,*,#4385,.T.);
#6274=ORIENTED_EDGE('',*,*,#4335,.T.);
#6275=ORIENTED_EDGE('',*,*,#4338,.T.);
#6276=ORIENTED_EDGE('',*,*,#4341,.T.);
#6277=ORIENTED_EDGE('',*,*,#4344,.T.);
#6278=ORIENTED_EDGE('',*,*,#4347,.T.);
#6279=ORIENTED_EDGE('',*,*,#4353,.T.);
#6280=ORIENTED_EDGE('',*,*,#4350,.T.);
#6281=ORIENTED_EDGE('',*,*,#4354,.T.);
#6282=ORIENTED_EDGE('',*,*,#4356,.T.);
#6283=ORIENTED_EDGE('',*,*,#4358,.T.);
#6284=ORIENTED_EDGE('',*,*,#4360,.T.);
#6285=ORIENTED_EDGE('',*,*,#4362,.T.);
#6286=ORIENTED_EDGE('',*,*,#4364,.T.);
#6287=ORIENTED_EDGE('',*,*,#4315,.T.);
#6288=ORIENTED_EDGE('',*,*,#4386,.F.);
#6289=ORIENTED_EDGE('',*,*,#4387,.T.);
#6290=ORIENTED_EDGE('',*,*,#4388,.T.);
#6291=ORIENTED_EDGE('',*,*,#4387,.F.);
#6292=ORIENTED_EDGE('',*,*,#4389,.F.);
#6293=ORIENTED_EDGE('',*,*,#4388,.F.);
#6294=ORIENTED_EDGE('',*,*,#4386,.T.);
#6295=ORIENTED_EDGE('',*,*,#4390,.T.);
#6296=ORIENTED_EDGE('',*,*,#4391,.T.);
#6297=ORIENTED_EDGE('',*,*,#4390,.F.);
#6298=ORIENTED_EDGE('',*,*,#4389,.T.);
#6299=ORIENTED_EDGE('',*,*,#4391,.F.);
#6300=ORIENTED_EDGE('',*,*,#4392,.T.);
#6301=ORIENTED_EDGE('',*,*,#4393,.F.);
#6302=ORIENTED_EDGE('',*,*,#4394,.T.);
#6303=ORIENTED_EDGE('',*,*,#4392,.F.);
#6304=ORIENTED_EDGE('',*,*,#4394,.F.);
#6305=ORIENTED_EDGE('',*,*,#4393,.T.);
#6306=ORIENTED_EDGE('',*,*,#4395,.F.);
#6307=ORIENTED_EDGE('',*,*,#4396,.T.);
#6308=ORIENTED_EDGE('',*,*,#4397,.T.);
#6309=ORIENTED_EDGE('',*,*,#4396,.F.);
#6310=ORIENTED_EDGE('',*,*,#4398,.F.);
#6311=ORIENTED_EDGE('',*,*,#4397,.F.);
#6312=ORIENTED_EDGE('',*,*,#4395,.T.);
#6313=ORIENTED_EDGE('',*,*,#4399,.T.);
#6314=ORIENTED_EDGE('',*,*,#4400,.T.);
#6315=ORIENTED_EDGE('',*,*,#4399,.F.);
#6316=ORIENTED_EDGE('',*,*,#4398,.T.);
#6317=ORIENTED_EDGE('',*,*,#4400,.F.);
#6318=ORIENTED_EDGE('',*,*,#4401,.T.);
#6319=ORIENTED_EDGE('',*,*,#4402,.F.);
#6320=ORIENTED_EDGE('',*,*,#4403,.T.);
#6321=ORIENTED_EDGE('',*,*,#4401,.F.);
#6322=ORIENTED_EDGE('',*,*,#4403,.F.);
#6323=ORIENTED_EDGE('',*,*,#4402,.T.);
#6324=ORIENTED_EDGE('',*,*,#4404,.F.);
#6325=ORIENTED_EDGE('',*,*,#4405,.T.);
#6326=ORIENTED_EDGE('',*,*,#4406,.T.);
#6327=ORIENTED_EDGE('',*,*,#4405,.F.);
#6328=ORIENTED_EDGE('',*,*,#4407,.F.);
#6329=ORIENTED_EDGE('',*,*,#4406,.F.);
#6330=ORIENTED_EDGE('',*,*,#4404,.T.);
#6331=ORIENTED_EDGE('',*,*,#4408,.T.);
#6332=ORIENTED_EDGE('',*,*,#4409,.T.);
#6333=ORIENTED_EDGE('',*,*,#4408,.F.);
#6334=ORIENTED_EDGE('',*,*,#4407,.T.);
#6335=ORIENTED_EDGE('',*,*,#4409,.F.);
#6336=ORIENTED_EDGE('',*,*,#4410,.T.);
#6337=ORIENTED_EDGE('',*,*,#4411,.F.);
#6338=ORIENTED_EDGE('',*,*,#4412,.T.);
#6339=ORIENTED_EDGE('',*,*,#4410,.F.);
#6340=ORIENTED_EDGE('',*,*,#4412,.F.);
#6341=ORIENTED_EDGE('',*,*,#4411,.T.);
#6342=ORIENTED_EDGE('',*,*,#4413,.F.);
#6343=ORIENTED_EDGE('',*,*,#4414,.T.);
#6344=ORIENTED_EDGE('',*,*,#4415,.T.);
#6345=ORIENTED_EDGE('',*,*,#4414,.F.);
#6346=ORIENTED_EDGE('',*,*,#4416,.F.);
#6347=ORIENTED_EDGE('',*,*,#4415,.F.);
#6348=ORIENTED_EDGE('',*,*,#4413,.T.);
#6349=ORIENTED_EDGE('',*,*,#4417,.T.);
#6350=ORIENTED_EDGE('',*,*,#4418,.T.);
#6351=ORIENTED_EDGE('',*,*,#4417,.F.);
#6352=ORIENTED_EDGE('',*,*,#4416,.T.);
#6353=ORIENTED_EDGE('',*,*,#4418,.F.);
#6354=ORIENTED_EDGE('',*,*,#4419,.T.);
#6355=ORIENTED_EDGE('',*,*,#4420,.F.);
#6356=ORIENTED_EDGE('',*,*,#4421,.T.);
#6357=ORIENTED_EDGE('',*,*,#4419,.F.);
#6358=ORIENTED_EDGE('',*,*,#4421,.F.);
#6359=ORIENTED_EDGE('',*,*,#4420,.T.);
#6360=PLANE('',#7383);
#6361=PLANE('',#7388);
#6362=PLANE('',#7390);
#6363=PLANE('',#7391);
#6364=PLANE('',#7402);
#6365=PLANE('',#7405);
#6366=PLANE('',#7406);
#6367=PLANE('',#7411);
#6368=PLANE('',#7412);
#6369=PLANE('',#7413);
#6370=PLANE('',#7416);
#6371=PLANE('',#7417);
#6372=PLANE('',#7418);
#6373=PLANE('',#7419);
#6374=PLANE('',#7420);
#6375=PLANE('',#7421);
#6376=PLANE('',#7422);
#6377=PLANE('',#7423);
#6378=PLANE('',#7424);
#6379=PLANE('',#7425);
#6380=PLANE('',#7426);
#6381=PLANE('',#7427);
#6382=PLANE('',#7428);
#6383=PLANE('',#7429);
#6384=PLANE('',#7434);
#6385=PLANE('',#7435);
#6386=PLANE('',#7439);
#6387=PLANE('',#7442);
#6388=PLANE('',#7443);
#6389=PLANE('',#7455);
#6390=PLANE('',#7456);
#6391=PLANE('',#7457);
#6392=PLANE('',#7458);
#6393=PLANE('',#7469);
#6394=PLANE('',#7472);
#6395=PLANE('',#7473);
#6396=PLANE('',#7478);
#6397=PLANE('',#7479);
#6398=PLANE('',#7480);
#6399=PLANE('',#7485);
#6400=PLANE('',#7486);
#6401=PLANE('',#7490);
#6402=PLANE('',#7494);
#6403=PLANE('',#7495);
#6404=PLANE('',#7496);
#6405=PLANE('',#7497);
#6406=PLANE('',#7498);
#6407=PLANE('',#7499);
#6408=PLANE('',#7500);
#6409=PLANE('',#7501);
#6410=PLANE('',#7502);
#6411=PLANE('',#7503);
#6412=PLANE('',#7504);
#6413=PLANE('',#7505);
#6414=PLANE('',#7506);
#6415=PLANE('',#7507);
#6416=PLANE('',#7508);
#6417=PLANE('',#7509);
#6418=PLANE('',#7510);
#6419=PLANE('',#7511);
#6420=PLANE('',#7512);
#6421=PLANE('',#7515);
#6422=PLANE('',#7516);
#6423=PLANE('',#7517);
#6424=PLANE('',#7518);
#6425=PLANE('',#7519);
#6426=PLANE('',#7520);
#6427=PLANE('',#7521);
#6428=PLANE('',#7522);
#6429=PLANE('',#7523);
#6430=PLANE('',#7524);
#6431=PLANE('',#7525);
#6432=PLANE('',#7526);
#6433=PLANE('',#7527);
#6434=PLANE('',#7528);
#6435=PLANE('',#7529);
#6436=PLANE('',#7530);
#6437=PLANE('',#7531);
#6438=PLANE('',#7532);
#6439=PLANE('',#7533);
#6440=PLANE('',#7534);
#6441=PLANE('',#7535);
#6442=PLANE('',#7536);
#6443=PLANE('',#7537);
#6444=PLANE('',#7538);
#6445=PLANE('',#7539);
#6446=PLANE('',#7540);
#6447=PLANE('',#7541);
#6448=PLANE('',#7542);
#6449=PLANE('',#7543);
#6450=PLANE('',#7544);
#6451=PLANE('',#7545);
#6452=PLANE('',#7546);
#6453=PLANE('',#7547);
#6454=PLANE('',#7548);
#6455=PLANE('',#7549);
#6456=PLANE('',#7550);
#6457=PLANE('',#7551);
#6458=PLANE('',#7552);
#6459=PLANE('',#7553);
#6460=PLANE('',#7554);
#6461=PLANE('',#7555);
#6462=PLANE('',#7556);
#6463=PLANE('',#7557);
#6464=PLANE('',#7558);
#6465=PLANE('',#7559);
#6466=PLANE('',#7560);
#6467=PLANE('',#7561);
#6468=PLANE('',#7562);
#6469=PLANE('',#7563);
#6470=PLANE('',#7564);
#6471=PLANE('',#7565);
#6472=PLANE('',#7566);
#6473=PLANE('',#7567);
#6474=PLANE('',#7568);
#6475=PLANE('',#7569);
#6476=PLANE('',#7570);
#6477=PLANE('',#7571);
#6478=PLANE('',#7572);
#6479=PLANE('',#7573);
#6480=PLANE('',#7574);
#6481=PLANE('',#7575);
#6482=PLANE('',#7576);
#6483=PLANE('',#7577);
#6484=PLANE('',#7578);
#6485=PLANE('',#7579);
#6486=PLANE('',#7580);
#6487=PLANE('',#7581);
#6488=PLANE('',#7582);
#6489=PLANE('',#7583);
#6490=PLANE('',#7584);
#6491=PLANE('',#7585);
#6492=PLANE('',#7586);
#6493=PLANE('',#7587);
#6494=PLANE('',#7588);
#6495=PLANE('',#7589);
#6496=PLANE('',#7590);
#6497=PLANE('',#7591);
#6498=PLANE('',#7592);
#6499=PLANE('',#7593);
#6500=PLANE('',#7594);
#6501=PLANE('',#7595);
#6502=PLANE('',#7596);
#6503=PLANE('',#7597);
#6504=PLANE('',#7598);
#6505=PLANE('',#7599);
#6506=PLANE('',#7600);
#6507=PLANE('',#7601);
#6508=PLANE('',#7602);
#6509=PLANE('',#7603);
#6510=PLANE('',#7604);
#6511=PLANE('',#7605);
#6512=PLANE('',#7606);
#6513=PLANE('',#7607);
#6514=PLANE('',#7608);
#6515=PLANE('',#7609);
#6516=PLANE('',#7610);
#6517=PLANE('',#7611);
#6518=PLANE('',#7612);
#6519=PLANE('',#7613);
#6520=PLANE('',#7614);
#6521=PLANE('',#7615);
#6522=PLANE('',#7616);
#6523=PLANE('',#7617);
#6524=PLANE('',#7618);
#6525=PLANE('',#7619);
#6526=PLANE('',#7620);
#6527=PLANE('',#7621);
#6528=PLANE('',#7622);
#6529=PLANE('',#7623);
#6530=PLANE('',#7624);
#6531=PLANE('',#7625);
#6532=PLANE('',#7626);
#6533=PLANE('',#7627);
#6534=PLANE('',#7628);
#6535=PLANE('',#7629);
#6536=PLANE('',#7630);
#6537=PLANE('',#7631);
#6538=PLANE('',#7632);
#6539=PLANE('',#7633);
#6540=PLANE('',#7634);
#6541=PLANE('',#7635);
#6542=PLANE('',#7636);
#6543=PLANE('',#7637);
#6544=PLANE('',#7638);
#6545=PLANE('',#7639);
#6546=PLANE('',#7640);
#6547=PLANE('',#7641);
#6548=PLANE('',#7642);
#6549=PLANE('',#7643);
#6550=PLANE('',#7644);
#6551=PLANE('',#7645);
#6552=PLANE('',#7646);
#6553=PLANE('',#7647);
#6554=PLANE('',#7648);
#6555=PLANE('',#7649);
#6556=PLANE('',#7650);
#6557=PLANE('',#7651);
#6558=PLANE('',#7652);
#6559=PLANE('',#7653);
#6560=PLANE('',#7654);
#6561=PLANE('',#7655);
#6562=PLANE('',#7656);
#6563=PLANE('',#7657);
#6564=PLANE('',#7658);
#6565=PLANE('',#7659);
#6566=PLANE('',#7660);
#6567=PLANE('',#7661);
#6568=PLANE('',#7662);
#6569=PLANE('',#7663);
#6570=PLANE('',#7664);
#6571=PLANE('',#7665);
#6572=PLANE('',#7668);
#6573=PLANE('',#7669);
#6574=PLANE('',#7670);
#6575=PLANE('',#7671);
#6576=PLANE('',#7672);
#6577=PLANE('',#7673);
#6578=PLANE('',#7674);
#6579=PLANE('',#7675);
#6580=PLANE('',#7676);
#6581=PLANE('',#7677);
#6582=PLANE('',#7678);
#6583=PLANE('',#7682);
#6584=PLANE('',#7683);
#6585=PLANE('',#7684);
#6586=PLANE('',#7685);
#6587=PLANE('',#7686);
#6588=PLANE('',#7687);
#6589=PLANE('',#7688);
#6590=PLANE('',#7689);
#6591=PLANE('',#7690);
#6592=PLANE('',#7691);
#6593=PLANE('',#7692);
#6594=PLANE('',#7694);
#6595=PLANE('',#7695);
#6596=PLANE('',#7696);
#6597=PLANE('',#7697);
#6598=PLANE('',#7698);
#6599=PLANE('',#7699);
#6600=PLANE('',#7700);
#6601=PLANE('',#7701);
#6602=PLANE('',#7717);
#6603=PLANE('',#7718);
#6604=PLANE('',#7719);
#6605=PLANE('',#7720);
#6606=PLANE('',#7721);
#6607=PLANE('',#7722);
#6608=PLANE('',#7726);
#6609=PLANE('',#7731);
#6610=PLANE('',#7737);
#6611=PLANE('',#7738);
#6612=PLANE('',#7740);
#6613=PLANE('',#7747);
#6614=PLANE('',#7753);
#6615=PLANE('',#7757);
#6616=PLANE('',#7759);
#6617=PLANE('',#7763);
#6618=PLANE('',#7765);
#6619=PLANE('',#7767);
#6620=PLANE('',#7769);
#6621=PLANE('',#7771);
#6622=PLANE('',#7773);
#6623=PLANE('',#7812);
#6624=PLANE('',#7816);
#6625=PLANE('',#7820);
#6626=PLANE('',#7821);
#6627=PLANE('',#7822);
#6628=PLANE('',#7823);
#6629=PLANE('',#7828);
#6630=PLANE('',#7831);
#6631=PLANE('',#7835);
#6632=PLANE('',#7840);
#6633=PLANE('',#7843);
#6634=PLANE('',#7847);
#6635=PLANE('',#7852);
#6636=PLANE('',#7855);
#6637=PLANE('',#7859);
#6638=PLANE('',#7864);
#6639=PLANE('',#7867);
#6640=PLANE('',#7871);
#6641=STYLED_ITEM('',(#13154),#6964);
#6642=STYLED_ITEM('',(#13154),#6965);
#6643=STYLED_ITEM('',(#13154),#6966);
#6644=STYLED_ITEM('',(#13155),#6967);
#6645=STYLED_ITEM('',(#13155),#6968);
#6646=STYLED_ITEM('',(#13155),#6969);
#6647=STYLED_ITEM('',(#13155),#6970);
#6648=STYLED_ITEM('',(#13155),#6971);
#6649=STYLED_ITEM('',(#13155),#6972);
#6650=STYLED_ITEM('',(#13155),#6973);
#6651=STYLED_ITEM('',(#13155),#6974);
#6652=STYLED_ITEM('',(#13155),#6975);
#6653=STYLED_ITEM('',(#13155),#6976);
#6654=STYLED_ITEM('',(#13155),#6977);
#6655=STYLED_ITEM('',(#13155),#6978);
#6656=STYLED_ITEM('',(#13155),#6979);
#6657=STYLED_ITEM('',(#13154),#6980);
#6658=STYLED_ITEM('',(#13154),#6981);
#6659=STYLED_ITEM('',(#13154),#6982);
#6660=STYLED_ITEM('',(#13154),#6983);
#6661=STYLED_ITEM('',(#13154),#6984);
#6662=STYLED_ITEM('',(#13154),#6985);
#6663=STYLED_ITEM('',(#13154),#6986);
#6664=STYLED_ITEM('',(#13154),#6987);
#6665=STYLED_ITEM('',(#13154),#6988);
#6666=STYLED_ITEM('',(#13154),#6989);
#6667=STYLED_ITEM('',(#13154),#6990);
#6668=STYLED_ITEM('',(#13154),#6991);
#6669=STYLED_ITEM('',(#13154),#6992);
#6670=STYLED_ITEM('',(#13154),#6993);
#6671=STYLED_ITEM('',(#13154),#6994);
#6672=STYLED_ITEM('',(#13154),#6995);
#6673=STYLED_ITEM('',(#13154),#6996);
#6674=STYLED_ITEM('',(#13155),#6997);
#6675=STYLED_ITEM('',(#13155),#6998);
#6676=STYLED_ITEM('',(#13155),#6999);
#6677=STYLED_ITEM('',(#13155),#7000);
#6678=STYLED_ITEM('',(#13155),#7001);
#6679=STYLED_ITEM('',(#13155),#7002);
#6680=STYLED_ITEM('',(#13155),#7003);
#6681=STYLED_ITEM('',(#13155),#7004);
#6682=STYLED_ITEM('',(#13155),#7005);
#6683=STYLED_ITEM('',(#13155),#7006);
#6684=STYLED_ITEM('',(#13155),#7007);
#6685=STYLED_ITEM('',(#13155),#7008);
#6686=STYLED_ITEM('',(#13155),#7009);
#6687=STYLED_ITEM('',(#13155),#7010);
#6688=STYLED_ITEM('',(#13155),#7011);
#6689=STYLED_ITEM('',(#13155),#7012);
#6690=STYLED_ITEM('',(#13155),#7013);
#6691=STYLED_ITEM('',(#13155),#7014);
#6692=STYLED_ITEM('',(#13155),#7015);
#6693=STYLED_ITEM('',(#13155),#7016);
#6694=STYLED_ITEM('',(#13155),#7017);
#6695=STYLED_ITEM('',(#13155),#7018);
#6696=STYLED_ITEM('',(#13155),#7019);
#6697=STYLED_ITEM('',(#13155),#7020);
#6698=STYLED_ITEM('',(#13155),#7021);
#6699=STYLED_ITEM('',(#13155),#7022);
#6700=STYLED_ITEM('',(#13156),#7023);
#6701=STYLED_ITEM('',(#13156),#7024);
#6702=STYLED_ITEM('',(#13156),#7025);
#6703=STYLED_ITEM('',(#13156),#7026);
#6704=STYLED_ITEM('',(#13156),#7027);
#6705=STYLED_ITEM('',(#13156),#7028);
#6706=STYLED_ITEM('',(#13156),#7029);
#6707=STYLED_ITEM('',(#13154),#7030);
#6708=STYLED_ITEM('',(#13154),#7031);
#6709=STYLED_ITEM('',(#13154),#7032);
#6710=STYLED_ITEM('',(#13154),#7033);
#6711=STYLED_ITEM('',(#13154),#7034);
#6712=STYLED_ITEM('',(#13154),#7035);
#6713=STYLED_ITEM('',(#13154),#7036);
#6714=STYLED_ITEM('',(#13154),#7037);
#6715=STYLED_ITEM('',(#13157),#7038);
#6716=STYLED_ITEM('',(#13157),#7039);
#6717=STYLED_ITEM('',(#13157),#7040);
#6718=STYLED_ITEM('',(#13157),#7041);
#6719=STYLED_ITEM('',(#13157),#7042);
#6720=STYLED_ITEM('',(#13157),#7043);
#6721=STYLED_ITEM('',(#13157),#7044);
#6722=STYLED_ITEM('',(#13157),#7045);
#6723=STYLED_ITEM('',(#13157),#7046);
#6724=STYLED_ITEM('',(#13157),#7047);
#6725=STYLED_ITEM('',(#13157),#7048);
#6726=STYLED_ITEM('',(#13157),#7049);
#6727=STYLED_ITEM('',(#13154),#7050);
#6728=STYLED_ITEM('',(#13157),#7051);
#6729=STYLED_ITEM('',(#13157),#7052);
#6730=STYLED_ITEM('',(#13157),#7053);
#6731=STYLED_ITEM('',(#13157),#7054);
#6732=STYLED_ITEM('',(#13157),#7055);
#6733=STYLED_ITEM('',(#13157),#7056);
#6734=STYLED_ITEM('',(#13157),#7057);
#6735=STYLED_ITEM('',(#13157),#7058);
#6736=STYLED_ITEM('',(#13157),#7059);
#6737=STYLED_ITEM('',(#13157),#7060);
#6738=STYLED_ITEM('',(#13157),#7061);
#6739=STYLED_ITEM('',(#13157),#7062);
#6740=STYLED_ITEM('',(#13157),#7063);
#6741=STYLED_ITEM('',(#13157),#7064);
#6742=STYLED_ITEM('',(#13157),#7065);
#6743=STYLED_ITEM('',(#13157),#7066);
#6744=STYLED_ITEM('',(#13157),#7067);
#6745=STYLED_ITEM('',(#13157),#7068);
#6746=STYLED_ITEM('',(#13157),#7069);
#6747=STYLED_ITEM('',(#13157),#7070);
#6748=STYLED_ITEM('',(#13157),#7071);
#6749=STYLED_ITEM('',(#13157),#7072);
#6750=STYLED_ITEM('',(#13157),#7073);
#6751=STYLED_ITEM('',(#13157),#7074);
#6752=STYLED_ITEM('',(#13154),#7075);
#6753=STYLED_ITEM('',(#13157),#7076);
#6754=STYLED_ITEM('',(#13157),#7077);
#6755=STYLED_ITEM('',(#13157),#7078);
#6756=STYLED_ITEM('',(#13157),#7079);
#6757=STYLED_ITEM('',(#13157),#7080);
#6758=STYLED_ITEM('',(#13157),#7081);
#6759=STYLED_ITEM('',(#13157),#7082);
#6760=STYLED_ITEM('',(#13157),#7083);
#6761=STYLED_ITEM('',(#13157),#7084);
#6762=STYLED_ITEM('',(#13157),#7085);
#6763=STYLED_ITEM('',(#13157),#7086);
#6764=STYLED_ITEM('',(#13157),#7087);
#6765=STYLED_ITEM('',(#13157),#7088);
#6766=STYLED_ITEM('',(#13157),#7089);
#6767=STYLED_ITEM('',(#13157),#7090);
#6768=STYLED_ITEM('',(#13157),#7091);
#6769=STYLED_ITEM('',(#13157),#7092);
#6770=STYLED_ITEM('',(#13157),#7093);
#6771=STYLED_ITEM('',(#13157),#7094);
#6772=STYLED_ITEM('',(#13157),#7095);
#6773=STYLED_ITEM('',(#13157),#7096);
#6774=STYLED_ITEM('',(#13157),#7097);
#6775=STYLED_ITEM('',(#13157),#7098);
#6776=STYLED_ITEM('',(#13157),#7099);
#6777=STYLED_ITEM('',(#13157),#7100);
#6778=STYLED_ITEM('',(#13157),#7101);
#6779=STYLED_ITEM('',(#13154),#7102);
#6780=STYLED_ITEM('',(#13157),#7103);
#6781=STYLED_ITEM('',(#13157),#7104);
#6782=STYLED_ITEM('',(#13157),#7105);
#6783=STYLED_ITEM('',(#13157),#7106);
#6784=STYLED_ITEM('',(#13157),#7107);
#6785=STYLED_ITEM('',(#13157),#7108);
#6786=STYLED_ITEM('',(#13157),#7109);
#6787=STYLED_ITEM('',(#13154),#7110);
#6788=STYLED_ITEM('',(#13157),#7111);
#6789=STYLED_ITEM('',(#13157),#7112);
#6790=STYLED_ITEM('',(#13157),#7113);
#6791=STYLED_ITEM('',(#13157),#7114);
#6792=STYLED_ITEM('',(#13157),#7115);
#6793=STYLED_ITEM('',(#13157),#7116);
#6794=STYLED_ITEM('',(#13157),#7117);
#6795=STYLED_ITEM('',(#13157),#7118);
#6796=STYLED_ITEM('',(#13157),#7119);
#6797=STYLED_ITEM('',(#13157),#7120);
#6798=STYLED_ITEM('',(#13157),#7121);
#6799=STYLED_ITEM('',(#13157),#7122);
#6800=STYLED_ITEM('',(#13157),#7123);
#6801=STYLED_ITEM('',(#13154),#7124);
#6802=STYLED_ITEM('',(#13157),#7125);
#6803=STYLED_ITEM('',(#13157),#7126);
#6804=STYLED_ITEM('',(#13157),#7127);
#6805=STYLED_ITEM('',(#13157),#7128);
#6806=STYLED_ITEM('',(#13157),#7129);
#6807=STYLED_ITEM('',(#13157),#7130);
#6808=STYLED_ITEM('',(#13155),#7131);
#6809=STYLED_ITEM('',(#13155),#7132);
#6810=STYLED_ITEM('',(#13155),#7133);
#6811=STYLED_ITEM('',(#13155),#7134);
#6812=STYLED_ITEM('',(#13155),#7135);
#6813=STYLED_ITEM('',(#13155),#7136);
#6814=STYLED_ITEM('',(#13155),#7137);
#6815=STYLED_ITEM('',(#13155),#7138);
#6816=STYLED_ITEM('',(#13155),#7139);
#6817=STYLED_ITEM('',(#13155),#7140);
#6818=STYLED_ITEM('',(#13155),#7141);
#6819=STYLED_ITEM('',(#13155),#7142);
#6820=STYLED_ITEM('',(#13155),#7143);
#6821=STYLED_ITEM('',(#13155),#7144);
#6822=STYLED_ITEM('',(#13155),#7145);
#6823=STYLED_ITEM('',(#13155),#7146);
#6824=STYLED_ITEM('',(#13155),#7147);
#6825=STYLED_ITEM('',(#13155),#7148);
#6826=STYLED_ITEM('',(#13155),#7149);
#6827=STYLED_ITEM('',(#13155),#7150);
#6828=STYLED_ITEM('',(#13155),#7151);
#6829=STYLED_ITEM('',(#13155),#7152);
#6830=STYLED_ITEM('',(#13155),#7153);
#6831=STYLED_ITEM('',(#13155),#7154);
#6832=STYLED_ITEM('',(#13155),#7155);
#6833=STYLED_ITEM('',(#13155),#7156);
#6834=STYLED_ITEM('',(#13155),#7157);
#6835=STYLED_ITEM('',(#13155),#7158);
#6836=STYLED_ITEM('',(#13155),#7159);
#6837=STYLED_ITEM('',(#13155),#7160);
#6838=STYLED_ITEM('',(#13155),#7161);
#6839=STYLED_ITEM('',(#13155),#7162);
#6840=STYLED_ITEM('',(#13155),#7163);
#6841=STYLED_ITEM('',(#13155),#7164);
#6842=STYLED_ITEM('',(#13155),#7165);
#6843=STYLED_ITEM('',(#13155),#7166);
#6844=STYLED_ITEM('',(#13154),#7167);
#6845=STYLED_ITEM('',(#13155),#7168);
#6846=STYLED_ITEM('',(#13155),#7169);
#6847=STYLED_ITEM('',(#13155),#7170);
#6848=STYLED_ITEM('',(#13155),#7171);
#6849=STYLED_ITEM('',(#13155),#7172);
#6850=STYLED_ITEM('',(#13155),#7173);
#6851=STYLED_ITEM('',(#13155),#7174);
#6852=STYLED_ITEM('',(#13155),#7175);
#6853=STYLED_ITEM('',(#13155),#7176);
#6854=STYLED_ITEM('',(#13155),#7177);
#6855=STYLED_ITEM('',(#13155),#7178);
#6856=STYLED_ITEM('',(#13155),#7179);
#6857=STYLED_ITEM('',(#13155),#7180);
#6858=STYLED_ITEM('',(#13155),#7181);
#6859=STYLED_ITEM('',(#13155),#7182);
#6860=STYLED_ITEM('',(#13155),#7183);
#6861=STYLED_ITEM('',(#13155),#7184);
#6862=STYLED_ITEM('',(#13155),#7185);
#6863=STYLED_ITEM('',(#13155),#7186);
#6864=STYLED_ITEM('',(#13155),#7187);
#6865=STYLED_ITEM('',(#13155),#7188);
#6866=STYLED_ITEM('',(#13155),#7189);
#6867=STYLED_ITEM('',(#13155),#7190);
#6868=STYLED_ITEM('',(#13155),#7191);
#6869=STYLED_ITEM('',(#13155),#7192);
#6870=STYLED_ITEM('',(#13155),#7193);
#6871=STYLED_ITEM('',(#13155),#7194);
#6872=STYLED_ITEM('',(#13155),#7195);
#6873=STYLED_ITEM('',(#13155),#7196);
#6874=STYLED_ITEM('',(#13154),#7197);
#6875=STYLED_ITEM('',(#13155),#7198);
#6876=STYLED_ITEM('',(#13155),#7199);
#6877=STYLED_ITEM('',(#13155),#7200);
#6878=STYLED_ITEM('',(#13155),#7201);
#6879=STYLED_ITEM('',(#13155),#7202);
#6880=STYLED_ITEM('',(#13155),#7203);
#6881=STYLED_ITEM('',(#13155),#7204);
#6882=STYLED_ITEM('',(#13155),#7205);
#6883=STYLED_ITEM('',(#13155),#7206);
#6884=STYLED_ITEM('',(#13155),#7207);
#6885=STYLED_ITEM('',(#13155),#7208);
#6886=STYLED_ITEM('',(#13155),#7209);
#6887=STYLED_ITEM('',(#13155),#7210);
#6888=STYLED_ITEM('',(#13155),#7211);
#6889=STYLED_ITEM('',(#13155),#7212);
#6890=STYLED_ITEM('',(#13155),#7213);
#6891=STYLED_ITEM('',(#13155),#7214);
#6892=STYLED_ITEM('',(#13155),#7215);
#6893=STYLED_ITEM('',(#13155),#7216);
#6894=STYLED_ITEM('',(#13155),#7217);
#6895=STYLED_ITEM('',(#13155),#7218);
#6896=STYLED_ITEM('',(#13155),#7219);
#6897=STYLED_ITEM('',(#13155),#7220);
#6898=STYLED_ITEM('',(#13155),#7221);
#6899=STYLED_ITEM('',(#13155),#7222);
#6900=STYLED_ITEM('',(#13155),#7223);
#6901=STYLED_ITEM('',(#13154),#7224);
#6902=STYLED_ITEM('',(#13155),#7225);
#6903=STYLED_ITEM('',(#13155),#7226);
#6904=STYLED_ITEM('',(#13155),#7227);
#6905=STYLED_ITEM('',(#13155),#7228);
#6906=STYLED_ITEM('',(#13155),#7229);
#6907=STYLED_ITEM('',(#13155),#7230);
#6908=STYLED_ITEM('',(#13155),#7231);
#6909=STYLED_ITEM('',(#13155),#7232);
#6910=STYLED_ITEM('',(#13155),#7233);
#6911=STYLED_ITEM('',(#13155),#7234);
#6912=STYLED_ITEM('',(#13155),#7235);
#6913=STYLED_ITEM('',(#13154),#7236);
#6914=STYLED_ITEM('',(#13155),#7237);
#6915=STYLED_ITEM('',(#13155),#7238);
#6916=STYLED_ITEM('',(#13155),#7239);
#6917=STYLED_ITEM('',(#13155),#7240);
#6918=STYLED_ITEM('',(#13155),#7241);
#6919=STYLED_ITEM('',(#13155),#7242);
#6920=STYLED_ITEM('',(#13155),#7243);
#6921=STYLED_ITEM('',(#13155),#7244);
#6922=STYLED_ITEM('',(#13155),#7245);
#6923=STYLED_ITEM('',(#13155),#7246);
#6924=STYLED_ITEM('',(#13155),#7247);
#6925=STYLED_ITEM('',(#13155),#7248);
#6926=STYLED_ITEM('',(#13155),#7249);
#6927=STYLED_ITEM('',(#13155),#7250);
#6928=STYLED_ITEM('',(#13155),#7251);
#6929=STYLED_ITEM('',(#13154),#7252);
#6930=STYLED_ITEM('',(#13155),#7253);
#6931=STYLED_ITEM('',(#13155),#7254);
#6932=STYLED_ITEM('',(#13155),#7255);
#6933=STYLED_ITEM('',(#13155),#7256);
#6934=STYLED_ITEM('',(#13155),#7257);
#6935=STYLED_ITEM('',(#13155),#7258);
#6936=STYLED_ITEM('',(#13155),#7259);
#6937=STYLED_ITEM('',(#13155),#7260);
#6938=STYLED_ITEM('',(#13155),#7261);
#6939=STYLED_ITEM('',(#13155),#7262);
#6940=STYLED_ITEM('',(#13155),#7263);
#6941=STYLED_ITEM('',(#13155),#7264);
#6942=STYLED_ITEM('',(#13155),#7265);
#6943=STYLED_ITEM('',(#13155),#7266);
#6944=STYLED_ITEM('',(#13155),#7267);
#6945=STYLED_ITEM('',(#13155),#7268);
#6946=STYLED_ITEM('',(#13155),#7269);
#6947=STYLED_ITEM('',(#13155),#7270);
#6948=STYLED_ITEM('',(#13155),#7271);
#6949=STYLED_ITEM('',(#13155),#7272);
#6950=STYLED_ITEM('',(#13155),#7273);
#6951=STYLED_ITEM('',(#13155),#7274);
#6952=STYLED_ITEM('',(#13155),#7275);
#6953=STYLED_ITEM('',(#13155),#7276);
#6954=STYLED_ITEM('',(#13155),#7277);
#6955=STYLED_ITEM('',(#13153),#38);
#6956=STYLED_ITEM('',(#13153),#39);
#6957=STYLED_ITEM('',(#13153),#40);
#6958=STYLED_ITEM('',(#13153),#41);
#6959=STYLED_ITEM('',(#13153),#42);
#6960=STYLED_ITEM('',(#13153),#43);
#6961=STYLED_ITEM('',(#13153),#44);
#6962=STYLED_ITEM('',(#13153),#45);
#6963=STYLED_ITEM('',(#13153),#46);
#6964=ADVANCED_FACE('',(#470,#249,#250,#251,#252,#253,#254,#255,#256,#257,
#258,#259,#260,#261,#262,#263,#264,#265,#266),#6360,.F.);
#6965=ADVANCED_FACE('',(#471,#267,#268,#269,#270,#271,#272,#273,#274,#275,
#276,#277),#6361,.F.);
#6966=ADVANCED_FACE('',(#472),#6362,.F.);
#6967=ADVANCED_FACE('',(#473),#6363,.T.);
#6968=ADVANCED_FACE('',(#474),#94,.T.);
#6969=ADVANCED_FACE('',(#475),#95,.F.);
#6970=ADVANCED_FACE('',(#476),#96,.T.);
#6971=ADVANCED_FACE('',(#477),#6364,.T.);
#6972=ADVANCED_FACE('',(#478),#6365,.T.);
#6973=ADVANCED_FACE('',(#479),#6366,.T.);
#6974=ADVANCED_FACE('',(#480),#97,.T.);
#6975=ADVANCED_FACE('',(#481),#6367,.T.);
#6976=ADVANCED_FACE('',(#482),#6368,.T.);
#6977=ADVANCED_FACE('',(#483),#6369,.F.);
#6978=ADVANCED_FACE('',(#484),#98,.T.);
#6979=ADVANCED_FACE('',(#485),#99,.T.);
#6980=ADVANCED_FACE('',(#486,#278),#6370,.F.);
#6981=ADVANCED_FACE('',(#487),#6371,.F.);
#6982=ADVANCED_FACE('',(#488),#6372,.F.);
#6983=ADVANCED_FACE('',(#489),#6373,.F.);
#6984=ADVANCED_FACE('',(#490,#279),#6374,.F.);
#6985=ADVANCED_FACE('',(#491),#6375,.F.);
#6986=ADVANCED_FACE('',(#492),#6376,.F.);
#6987=ADVANCED_FACE('',(#493),#6377,.F.);
#6988=ADVANCED_FACE('',(#494),#6378,.F.);
#6989=ADVANCED_FACE('',(#495),#6379,.F.);
#6990=ADVANCED_FACE('',(#496,#280),#6380,.F.);
#6991=ADVANCED_FACE('',(#497),#6381,.F.);
#6992=ADVANCED_FACE('',(#498),#6382,.F.);
#6993=ADVANCED_FACE('',(#499),#6383,.F.);
#6994=ADVANCED_FACE('',(#500),#100,.F.);
#6995=ADVANCED_FACE('',(#501),#101,.F.);
#6996=ADVANCED_FACE('',(#502,#281,#282),#6384,.T.);
#6997=ADVANCED_FACE('',(#503),#6385,.T.);
#6998=ADVANCED_FACE('',(#504),#102,.T.);
#6999=ADVANCED_FACE('',(#505),#6386,.T.);
#7000=ADVANCED_FACE('',(#506),#6387,.T.);
#7001=ADVANCED_FACE('',(#507),#6388,.T.);
#7002=ADVANCED_FACE('',(#508),#103,.T.);
#7003=ADVANCED_FACE('',(#509),#104,.F.);
#7004=ADVANCED_FACE('',(#510),#105,.T.);
#7005=ADVANCED_FACE('',(#511),#6389,.T.);
#7006=ADVANCED_FACE('',(#512),#6390,.F.);
#7007=ADVANCED_FACE('',(#513),#6391,.T.);
#7008=ADVANCED_FACE('',(#514),#6392,.T.);
#7009=ADVANCED_FACE('',(#515),#106,.T.);
#7010=ADVANCED_FACE('',(#516),#107,.F.);
#7011=ADVANCED_FACE('',(#517),#108,.T.);
#7012=ADVANCED_FACE('',(#518),#6393,.T.);
#7013=ADVANCED_FACE('',(#519),#6394,.T.);
#7014=ADVANCED_FACE('',(#520),#6395,.T.);
#7015=ADVANCED_FACE('',(#521),#109,.T.);
#7016=ADVANCED_FACE('',(#522),#6396,.T.);
#7017=ADVANCED_FACE('',(#523),#6397,.T.);
#7018=ADVANCED_FACE('',(#524),#6398,.F.);
#7019=ADVANCED_FACE('',(#525),#110,.T.);
#7020=ADVANCED_FACE('',(#526),#111,.T.);
#7021=ADVANCED_FACE('',(#527),#112,.T.);
#7022=ADVANCED_FACE('',(#528),#113,.T.);
#7023=ADVANCED_FACE('',(#529),#6399,.T.);
#7024=ADVANCED_FACE('',(#530),#6400,.T.);
#7025=ADVANCED_FACE('',(#531),#114,.T.);
#7026=ADVANCED_FACE('',(#532),#6401,.T.);
#7027=ADVANCED_FACE('',(#533),#115,.T.);
#7028=ADVANCED_FACE('',(#534),#6402,.F.);
#7029=ADVANCED_FACE('',(#535),#6403,.T.);
#7030=ADVANCED_FACE('',(#536),#6404,.T.);
#7031=ADVANCED_FACE('',(#537),#6405,.T.);
#7032=ADVANCED_FACE('',(#538),#6406,.T.);
#7033=ADVANCED_FACE('',(#539),#6407,.T.);
#7034=ADVANCED_FACE('',(#540),#6408,.T.);
#7035=ADVANCED_FACE('',(#541),#6409,.T.);
#7036=ADVANCED_FACE('',(#542),#6410,.T.);
#7037=ADVANCED_FACE('',(#543),#6411,.F.);
#7038=ADVANCED_FACE('',(#544),#6412,.T.);
#7039=ADVANCED_FACE('',(#545),#47,.T.);
#7040=ADVANCED_FACE('',(#546),#6413,.T.);
#7041=ADVANCED_FACE('',(#547),#48,.T.);
#7042=ADVANCED_FACE('',(#548),#6414,.T.);
#7043=ADVANCED_FACE('',(#549),#6415,.T.);
#7044=ADVANCED_FACE('',(#550),#6416,.T.);
#7045=ADVANCED_FACE('',(#551),#6417,.T.);
#7046=ADVANCED_FACE('',(#552),#6418,.T.);
#7047=ADVANCED_FACE('',(#553),#49,.T.);
#7048=ADVANCED_FACE('',(#554),#50,.T.);
#7049=ADVANCED_FACE('',(#555,#283),#6419,.T.);
#7050=ADVANCED_FACE('',(#556),#6420,.F.);
#7051=ADVANCED_FACE('',(#557),#116,.F.);
#7052=ADVANCED_FACE('',(#558),#6421,.T.);
#7053=ADVANCED_FACE('',(#559),#51,.T.);
#7054=ADVANCED_FACE('',(#560),#6422,.T.);
#7055=ADVANCED_FACE('',(#561),#6423,.T.);
#7056=ADVANCED_FACE('',(#562),#6424,.T.);
#7057=ADVANCED_FACE('',(#563),#6425,.T.);
#7058=ADVANCED_FACE('',(#564),#6426,.T.);
#7059=ADVANCED_FACE('',(#565),#6427,.F.);
#7060=ADVANCED_FACE('',(#566),#52,.T.);
#7061=ADVANCED_FACE('',(#567),#53,.T.);
#7062=ADVANCED_FACE('',(#568),#6428,.T.);
#7063=ADVANCED_FACE('',(#569),#54,.T.);
#7064=ADVANCED_FACE('',(#570),#6429,.T.);
#7065=ADVANCED_FACE('',(#571),#55,.T.);
#7066=ADVANCED_FACE('',(#572),#6430,.T.);
#7067=ADVANCED_FACE('',(#573),#6431,.T.);
#7068=ADVANCED_FACE('',(#574),#6432,.T.);
#7069=ADVANCED_FACE('',(#575),#6433,.T.);
#7070=ADVANCED_FACE('',(#576),#6434,.T.);
#7071=ADVANCED_FACE('',(#577),#6435,.T.);
#7072=ADVANCED_FACE('',(#578),#56,.T.);
#7073=ADVANCED_FACE('',(#579),#57,.T.);
#7074=ADVANCED_FACE('',(#580,#284),#6436,.T.);
#7075=ADVANCED_FACE('',(#581),#6437,.F.);
#7076=ADVANCED_FACE('',(#582),#6438,.T.);
#7077=ADVANCED_FACE('',(#583),#6439,.T.);
#7078=ADVANCED_FACE('',(#584),#6440,.T.);
#7079=ADVANCED_FACE('',(#585),#58,.T.);
#7080=ADVANCED_FACE('',(#586),#6441,.T.);
#7081=ADVANCED_FACE('',(#587),#59,.T.);
#7082=ADVANCED_FACE('',(#588),#6442,.T.);
#7083=ADVANCED_FACE('',(#589),#6443,.T.);
#7084=ADVANCED_FACE('',(#590),#6444,.T.);
#7085=ADVANCED_FACE('',(#591),#60,.T.);
#7086=ADVANCED_FACE('',(#592),#6445,.T.);
#7087=ADVANCED_FACE('',(#593),#61,.T.);
#7088=ADVANCED_FACE('',(#594),#6446,.T.);
#7089=ADVANCED_FACE('',(#595),#6447,.T.);
#7090=ADVANCED_FACE('',(#596),#62,.T.);
#7091=ADVANCED_FACE('',(#597),#6448,.T.);
#7092=ADVANCED_FACE('',(#598),#6449,.T.);
#7093=ADVANCED_FACE('',(#599),#6450,.T.);
#7094=ADVANCED_FACE('',(#600),#6451,.T.);
#7095=ADVANCED_FACE('',(#601),#6452,.T.);
#7096=ADVANCED_FACE('',(#602),#6453,.T.);
#7097=ADVANCED_FACE('',(#603),#6454,.T.);
#7098=ADVANCED_FACE('',(#604),#6455,.T.);
#7099=ADVANCED_FACE('',(#605),#6456,.T.);
#7100=ADVANCED_FACE('',(#606),#63,.T.);
#7101=ADVANCED_FACE('',(#607,#285),#6457,.F.);
#7102=ADVANCED_FACE('',(#608),#6458,.F.);
#7103=ADVANCED_FACE('',(#609),#6459,.T.);
#7104=ADVANCED_FACE('',(#610),#64,.T.);
#7105=ADVANCED_FACE('',(#611),#6460,.T.);
#7106=ADVANCED_FACE('',(#612),#65,.T.);
#7107=ADVANCED_FACE('',(#613),#6461,.T.);
#7108=ADVANCED_FACE('',(#614),#6462,.T.);
#7109=ADVANCED_FACE('',(#615,#286),#6463,.T.);
#7110=ADVANCED_FACE('',(#616),#6464,.F.);
#7111=ADVANCED_FACE('',(#617),#6465,.T.);
#7112=ADVANCED_FACE('',(#618),#66,.T.);
#7113=ADVANCED_FACE('',(#619),#6466,.T.);
#7114=ADVANCED_FACE('',(#620),#6467,.T.);
#7115=ADVANCED_FACE('',(#621),#6468,.T.);
#7116=ADVANCED_FACE('',(#622),#6469,.T.);
#7117=ADVANCED_FACE('',(#623),#6470,.T.);
#7118=ADVANCED_FACE('',(#624),#6471,.T.);
#7119=ADVANCED_FACE('',(#625),#6472,.T.);
#7120=ADVANCED_FACE('',(#626),#6473,.T.);
#7121=ADVANCED_FACE('',(#627),#6474,.T.);
#7122=ADVANCED_FACE('',(#628),#67,.T.);
#7123=ADVANCED_FACE('',(#629,#287),#6475,.F.);
#7124=ADVANCED_FACE('',(#630),#6476,.F.);
#7125=ADVANCED_FACE('',(#631),#6477,.T.);
#7126=ADVANCED_FACE('',(#632),#6478,.T.);
#7127=ADVANCED_FACE('',(#633),#68,.T.);
#7128=ADVANCED_FACE('',(#634),#6479,.T.);
#7129=ADVANCED_FACE('',(#635),#69,.T.);
#7130=ADVANCED_FACE('',(#636),#6480,.T.);
#7131=ADVANCED_FACE('',(#637),#6481,.T.);
#7132=ADVANCED_FACE('',(#638),#6482,.T.);
#7133=ADVANCED_FACE('',(#639),#6483,.T.);
#7134=ADVANCED_FACE('',(#640),#6484,.T.);
#7135=ADVANCED_FACE('',(#641),#6485,.T.);
#7136=ADVANCED_FACE('',(#642),#6486,.T.);
#7137=ADVANCED_FACE('',(#643),#6487,.T.);
#7138=ADVANCED_FACE('',(#644),#6488,.T.);
#7139=ADVANCED_FACE('',(#645),#6489,.F.);
#7140=ADVANCED_FACE('',(#646),#6490,.T.);
#7141=ADVANCED_FACE('',(#647),#6491,.T.);
#7142=ADVANCED_FACE('',(#648),#6492,.T.);
#7143=ADVANCED_FACE('',(#649),#6493,.T.);
#7144=ADVANCED_FACE('',(#650),#6494,.F.);
#7145=ADVANCED_FACE('',(#651),#6495,.T.);
#7146=ADVANCED_FACE('',(#652),#6496,.T.);
#7147=ADVANCED_FACE('',(#653),#6497,.T.);
#7148=ADVANCED_FACE('',(#654),#6498,.T.);
#7149=ADVANCED_FACE('',(#655),#6499,.T.);
#7150=ADVANCED_FACE('',(#656),#6500,.T.);
#7151=ADVANCED_FACE('',(#657),#6501,.T.);
#7152=ADVANCED_FACE('',(#658),#6502,.T.);
#7153=ADVANCED_FACE('',(#659),#6503,.T.);
#7154=ADVANCED_FACE('',(#660),#6504,.T.);
#7155=ADVANCED_FACE('',(#661),#6505,.F.);
#7156=ADVANCED_FACE('',(#662),#6506,.T.);
#7157=ADVANCED_FACE('',(#663),#6507,.T.);
#7158=ADVANCED_FACE('',(#664),#6508,.T.);
#7159=ADVANCED_FACE('',(#665),#70,.T.);
#7160=ADVANCED_FACE('',(#666),#6509,.T.);
#7161=ADVANCED_FACE('',(#667),#71,.T.);
#7162=ADVANCED_FACE('',(#668),#6510,.T.);
#7163=ADVANCED_FACE('',(#669),#6511,.T.);
#7164=ADVANCED_FACE('',(#670),#72,.T.);
#7165=ADVANCED_FACE('',(#671),#73,.T.);
#7166=ADVANCED_FACE('',(#672,#288),#6512,.T.);
#7167=ADVANCED_FACE('',(#673),#6513,.F.);
#7168=ADVANCED_FACE('',(#674),#6514,.T.);
#7169=ADVANCED_FACE('',(#675),#6515,.T.);
#7170=ADVANCED_FACE('',(#676),#6516,.T.);
#7171=ADVANCED_FACE('',(#677),#6517,.T.);
#7172=ADVANCED_FACE('',(#678),#6518,.F.);
#7173=ADVANCED_FACE('',(#679),#6519,.T.);
#7174=ADVANCED_FACE('',(#680),#6520,.T.);
#7175=ADVANCED_FACE('',(#681),#6521,.T.);
#7176=ADVANCED_FACE('',(#682),#6522,.T.);
#7177=ADVANCED_FACE('',(#683),#6523,.T.);
#7178=ADVANCED_FACE('',(#684),#6524,.T.);
#7179=ADVANCED_FACE('',(#685),#6525,.T.);
#7180=ADVANCED_FACE('',(#686),#6526,.T.);
#7181=ADVANCED_FACE('',(#687),#6527,.T.);
#7182=ADVANCED_FACE('',(#688),#6528,.T.);
#7183=ADVANCED_FACE('',(#689),#6529,.F.);
#7184=ADVANCED_FACE('',(#690),#6530,.T.);
#7185=ADVANCED_FACE('',(#691),#74,.T.);
#7186=ADVANCED_FACE('',(#692),#75,.T.);
#7187=ADVANCED_FACE('',(#693),#6531,.T.);
#7188=ADVANCED_FACE('',(#694),#76,.T.);
#7189=ADVANCED_FACE('',(#695),#6532,.T.);
#7190=ADVANCED_FACE('',(#696),#6533,.T.);
#7191=ADVANCED_FACE('',(#697),#6534,.T.);
#7192=ADVANCED_FACE('',(#698),#6535,.T.);
#7193=ADVANCED_FACE('',(#699),#77,.T.);
#7194=ADVANCED_FACE('',(#700),#6536,.T.);
#7195=ADVANCED_FACE('',(#701),#78,.T.);
#7196=ADVANCED_FACE('',(#702,#289),#6537,.T.);
#7197=ADVANCED_FACE('',(#703),#6538,.F.);
#7198=ADVANCED_FACE('',(#704),#6539,.T.);
#7199=ADVANCED_FACE('',(#705),#6540,.T.);
#7200=ADVANCED_FACE('',(#706),#6541,.T.);
#7201=ADVANCED_FACE('',(#707),#6542,.T.);
#7202=ADVANCED_FACE('',(#708),#6543,.T.);
#7203=ADVANCED_FACE('',(#709),#6544,.T.);
#7204=ADVANCED_FACE('',(#710),#6545,.T.);
#7205=ADVANCED_FACE('',(#711),#6546,.T.);
#7206=ADVANCED_FACE('',(#712),#6547,.T.);
#7207=ADVANCED_FACE('',(#713),#6548,.T.);
#7208=ADVANCED_FACE('',(#714),#6549,.T.);
#7209=ADVANCED_FACE('',(#715),#6550,.T.);
#7210=ADVANCED_FACE('',(#716),#6551,.F.);
#7211=ADVANCED_FACE('',(#717),#6552,.T.);
#7212=ADVANCED_FACE('',(#718),#79,.T.);
#7213=ADVANCED_FACE('',(#719),#6553,.T.);
#7214=ADVANCED_FACE('',(#720),#6554,.T.);
#7215=ADVANCED_FACE('',(#721),#6555,.T.);
#7216=ADVANCED_FACE('',(#722),#6556,.T.);
#7217=ADVANCED_FACE('',(#723),#6557,.T.);
#7218=ADVANCED_FACE('',(#724),#6558,.T.);
#7219=ADVANCED_FACE('',(#725),#6559,.T.);
#7220=ADVANCED_FACE('',(#726),#6560,.T.);
#7221=ADVANCED_FACE('',(#727),#6561,.T.);
#7222=ADVANCED_FACE('',(#728),#80,.T.);
#7223=ADVANCED_FACE('',(#729,#290),#6562,.F.);
#7224=ADVANCED_FACE('',(#730),#6563,.F.);
#7225=ADVANCED_FACE('',(#731),#6564,.T.);
#7226=ADVANCED_FACE('',(#732),#81,.T.);
#7227=ADVANCED_FACE('',(#733),#6565,.T.);
#7228=ADVANCED_FACE('',(#734),#82,.T.);
#7229=ADVANCED_FACE('',(#735),#6566,.T.);
#7230=ADVANCED_FACE('',(#736),#6567,.T.);
#7231=ADVANCED_FACE('',(#737),#6568,.T.);
#7232=ADVANCED_FACE('',(#738),#83,.T.);
#7233=ADVANCED_FACE('',(#739),#6569,.T.);
#7234=ADVANCED_FACE('',(#740),#84,.T.);
#7235=ADVANCED_FACE('',(#741,#291),#6570,.T.);
#7236=ADVANCED_FACE('',(#742),#6571,.F.);
#7237=ADVANCED_FACE('',(#743),#117,.T.);
#7238=ADVANCED_FACE('',(#744),#6572,.T.);
#7239=ADVANCED_FACE('',(#745),#6573,.T.);
#7240=ADVANCED_FACE('',(#746),#6574,.T.);
#7241=ADVANCED_FACE('',(#747),#6575,.T.);
#7242=ADVANCED_FACE('',(#748),#6576,.T.);
#7243=ADVANCED_FACE('',(#749),#6577,.T.);
#7244=ADVANCED_FACE('',(#750),#6578,.T.);
#7245=ADVANCED_FACE('',(#751),#6579,.T.);
#7246=ADVANCED_FACE('',(#752),#6580,.T.);
#7247=ADVANCED_FACE('',(#753),#6581,.T.);
#7248=ADVANCED_FACE('',(#754),#6582,.T.);
#7249=ADVANCED_FACE('',(#755),#118,.F.);
#7250=ADVANCED_FACE('',(#756),#6583,.T.);
#7251=ADVANCED_FACE('',(#757,#292),#6584,.T.);
#7252=ADVANCED_FACE('',(#758),#6585,.F.);
#7253=ADVANCED_FACE('',(#759),#85,.T.);
#7254=ADVANCED_FACE('',(#760),#6586,.T.);
#7255=ADVANCED_FACE('',(#761),#86,.T.);
#7256=ADVANCED_FACE('',(#762),#6587,.T.);
#7257=ADVANCED_FACE('',(#763),#87,.T.);
#7258=ADVANCED_FACE('',(#764),#6588,.T.);
#7259=ADVANCED_FACE('',(#765),#88,.T.);
#7260=ADVANCED_FACE('',(#766),#6589,.T.);
#7261=ADVANCED_FACE('',(#767),#6590,.T.);
#7262=ADVANCED_FACE('',(#768),#6591,.T.);
#7263=ADVANCED_FACE('',(#769),#6592,.T.);
#7264=ADVANCED_FACE('',(#770),#89,.T.);
#7265=ADVANCED_FACE('',(#771),#6593,.T.);
#7266=ADVANCED_FACE('',(#772),#90,.T.);
#7267=ADVANCED_FACE('',(#773),#6594,.T.);
#7268=ADVANCED_FACE('',(#774),#6595,.T.);
#7269=ADVANCED_FACE('',(#775),#6596,.F.);
#7270=ADVANCED_FACE('',(#776),#6597,.T.);
#7271=ADVANCED_FACE('',(#777),#91,.T.);
#7272=ADVANCED_FACE('',(#778),#92,.T.);
#7273=ADVANCED_FACE('',(#779),#6598,.T.);
#7274=ADVANCED_FACE('',(#780),#93,.T.);
#7275=ADVANCED_FACE('',(#781),#6599,.T.);
#7276=ADVANCED_FACE('',(#782),#6600,.T.);
#7277=ADVANCED_FACE('',(#783),#6601,.T.);
#7278=ADVANCED_FACE('',(#784),#119,.F.);
#7279=ADVANCED_FACE('',(#785),#120,.F.);
#7280=ADVANCED_FACE('',(#786),#121,.F.);
#7281=ADVANCED_FACE('',(#787),#122,.F.);
#7282=ADVANCED_FACE('',(#788),#123,.F.);
#7283=ADVANCED_FACE('',(#789),#6602,.T.);
#7284=ADVANCED_FACE('',(#790),#6603,.T.);
#7285=ADVANCED_FACE('',(#791),#6604,.T.);
#7286=ADVANCED_FACE('',(#792),#6605,.T.);
#7287=ADVANCED_FACE('',(#793,#293,#294,#295,#296,#297),#6606,.T.);
#7288=ADVANCED_FACE('',(#794,#298,#299,#300,#301,#302),#6607,.F.);
#7289=ADVANCED_FACE('',(#795),#124,.F.);
#7290=ADVANCED_FACE('',(#796),#6608,.F.);
#7291=ADVANCED_FACE('',(#797),#125,.F.);
#7292=ADVANCED_FACE('',(#798,#303),#6609,.F.);
#7293=ADVANCED_FACE('',(#799),#31,.T.);
#7294=ADVANCED_FACE('',(#800),#126,.T.);
#7295=ADVANCED_FACE('',(#801),#6610,.T.);
#7296=ADVANCED_FACE('',(#802,#304),#6611,.T.);
#7297=ADVANCED_FACE('',(#803),#6612,.F.);
#7298=ADVANCED_FACE('',(#804),#127,.T.);
#7299=ADVANCED_FACE('',(#805),#32,.T.);
#7300=ADVANCED_FACE('',(#806,#305),#6613,.T.);
#7301=ADVANCED_FACE('',(#807),#128,.T.);
#7302=ADVANCED_FACE('',(#808),#129,.F.);
#7303=ADVANCED_FACE('',(#809),#6614,.T.);
#7304=ADVANCED_FACE('',(#810),#130,.T.);
#7305=ADVANCED_FACE('',(#811),#6615,.T.);
#7306=ADVANCED_FACE('',(#812),#6616,.T.);
#7307=ADVANCED_FACE('',(#813),#6617,.T.);
#7308=ADVANCED_FACE('',(#814),#6618,.T.);
#7309=ADVANCED_FACE('',(#815),#6619,.T.);
#7310=ADVANCED_FACE('',(#816),#6620,.T.);
#7311=ADVANCED_FACE('',(#817),#6621,.T.);
#7312=ADVANCED_FACE('',(#818),#6622,.T.);
#7313=ADVANCED_FACE('',(#819),#33,.F.);
#7314=ADVANCED_FACE('',(#820),#131,.F.);
#7315=ADVANCED_FACE('',(#821),#132,.F.);
#7316=ADVANCED_FACE('',(#822),#133,.F.);
#7317=ADVANCED_FACE('',(#823),#134,.F.);
#7318=ADVANCED_FACE('',(#824),#135,.F.);
#7319=ADVANCED_FACE('',(#825),#136,.F.);
#7320=ADVANCED_FACE('',(#826),#137,.F.);
#7321=ADVANCED_FACE('',(#827),#138,.F.);
#7322=ADVANCED_FACE('',(#828),#139,.F.);
#7323=ADVANCED_FACE('',(#829),#140,.F.);
#7324=ADVANCED_FACE('',(#830),#141,.F.);
#7325=ADVANCED_FACE('',(#831),#142,.F.);
#7326=ADVANCED_FACE('',(#832),#143,.F.);
#7327=ADVANCED_FACE('',(#833),#144,.T.);
#7328=ADVANCED_FACE('',(#834),#6623,.T.);
#7329=ADVANCED_FACE('',(#835),#145,.T.);
#7330=ADVANCED_FACE('',(#836),#6624,.T.);
#7331=ADVANCED_FACE('',(#837),#146,.T.);
#7332=ADVANCED_FACE('',(#838),#6625,.T.);
#7333=ADVANCED_FACE('',(#839,#306,#307,#308,#309,#310),#6626,.T.);
#7334=ADVANCED_FACE('',(#840),#6627,.T.);
#7335=ADVANCED_FACE('',(#841,#311,#312,#313,#314,#315,#316,#317,#318,#319,
#320,#321,#322,#323),#6628,.T.);
#7336=ADVANCED_FACE('',(#842),#147,.F.);
#7337=ADVANCED_FACE('',(#843),#6629,.T.);
#7338=ADVANCED_FACE('',(#844),#27,.F.);
#7339=ADVANCED_FACE('',(#845,#324),#6630,.F.);
#7340=ADVANCED_FACE('',(#846),#148,.T.);
#7341=ADVANCED_FACE('',(#847),#6631,.F.);
#7342=ADVANCED_FACE('',(#848),#149,.F.);
#7343=ADVANCED_FACE('',(#849),#6632,.T.);
#7344=ADVANCED_FACE('',(#850),#28,.F.);
#7345=ADVANCED_FACE('',(#851,#325),#6633,.F.);
#7346=ADVANCED_FACE('',(#852),#150,.T.);
#7347=ADVANCED_FACE('',(#853),#6634,.F.);
#7348=ADVANCED_FACE('',(#854),#151,.F.);
#7349=ADVANCED_FACE('',(#855),#6635,.T.);
#7350=ADVANCED_FACE('',(#856),#29,.F.);
#7351=ADVANCED_FACE('',(#857,#326),#6636,.F.);
#7352=ADVANCED_FACE('',(#858),#152,.T.);
#7353=ADVANCED_FACE('',(#859),#6637,.F.);
#7354=ADVANCED_FACE('',(#860),#153,.F.);
#7355=ADVANCED_FACE('',(#861),#6638,.T.);
#7356=ADVANCED_FACE('',(#862),#30,.F.);
#7357=ADVANCED_FACE('',(#863,#327),#6639,.F.);
#7358=ADVANCED_FACE('',(#864),#154,.T.);
#7359=ADVANCED_FACE('',(#865),#6640,.F.);
#7360=CLOSED_SHELL('',(#6964,#6965,#6966,#6967,#6968,#6969,#6970,#6971,
#6972,#6973,#6974,#6975,#6976,#6977,#6978,#6979,#6980,#6981,#6982,#6983,
#6984,#6985,#6986,#6987,#6988,#6989,#6990,#6991,#6992,#6993,#6994,#6995,
#6996,#6997,#6998,#6999,#7000,#7001,#7002,#7003,#7004,#7005,#7006,#7007,
#7008,#7009,#7010,#7011,#7012,#7013,#7014,#7015,#7016,#7017,#7018,#7019,
#7020,#7021,#7022,#7023,#7024,#7025,#7026,#7027,#7028,#7029,#7030,#7031,
#7032,#7033,#7034,#7035,#7036,#7037,#7038,#7039,#7040,#7041,#7042,#7043,
#7044,#7045,#7046,#7047,#7048,#7049,#7050,#7051,#7052,#7053,#7054,#7055,
#7056,#7057,#7058,#7059,#7060,#7061,#7062,#7063,#7064,#7065,#7066,#7067,
#7068,#7069,#7070,#7071,#7072,#7073,#7074,#7075,#7076,#7077,#7078,#7079,
#7080,#7081,#7082,#7083,#7084,#7085,#7086,#7087,#7088,#7089,#7090,#7091,
#7092,#7093,#7094,#7095,#7096,#7097,#7098,#7099,#7100,#7101,#7102,#7103,
#7104,#7105,#7106,#7107,#7108,#7109,#7110,#7111,#7112,#7113,#7114,#7115,
#7116,#7117,#7118,#7119,#7120,#7121,#7122,#7123,#7124,#7125,#7126,#7127,
#7128,#7129,#7130,#7131,#7132,#7133,#7134,#7135,#7136,#7137,#7138,#7139,
#7140,#7141,#7142,#7143,#7144,#7145,#7146,#7147,#7148,#7149,#7150,#7151,
#7152,#7153,#7154,#7155,#7156,#7157,#7158,#7159,#7160,#7161,#7162,#7163,
#7164,#7165,#7166,#7167,#7168,#7169,#7170,#7171,#7172,#7173,#7174,#7175,
#7176,#7177,#7178,#7179,#7180,#7181,#7182,#7183,#7184,#7185,#7186,#7187,
#7188,#7189,#7190,#7191,#7192,#7193,#7194,#7195,#7196,#7197,#7198,#7199,
#7200,#7201,#7202,#7203,#7204,#7205,#7206,#7207,#7208,#7209,#7210,#7211,
#7212,#7213,#7214,#7215,#7216,#7217,#7218,#7219,#7220,#7221,#7222,#7223,
#7224,#7225,#7226,#7227,#7228,#7229,#7230,#7231,#7232,#7233,#7234,#7235,
#7236,#7237,#7238,#7239,#7240,#7241,#7242,#7243,#7244,#7245,#7246,#7247,
#7248,#7249,#7250,#7251,#7252,#7253,#7254,#7255,#7256,#7257,#7258,#7259,
#7260,#7261,#7262,#7263,#7264,#7265,#7266,#7267,#7268,#7269,#7270,#7271,
#7272,#7273,#7274,#7275,#7276,#7277));
#7361=CLOSED_SHELL('',(#7278,#7279,#7280,#7281,#7282,#7283,#7284,#7285,
#7286,#7287,#7288));
#7362=CLOSED_SHELL('',(#7289,#7290,#7291,#7292,#7293));
#7363=CLOSED_SHELL('',(#7294,#7295,#7296,#7297,#7298,#7299,#7300,#7301));
#7364=CLOSED_SHELL('',(#7302,#7303,#7304,#7305,#7306,#7307,#7308,#7309,
#7310,#7311,#7312,#7313,#7314,#7315,#7316,#7317,#7318,#7319,#7320,#7321,
#7322,#7323,#7324,#7325,#7326,#7327,#7328,#7329,#7330,#7331,#7332,#7333,
#7334,#7335));
#7365=CLOSED_SHELL('',(#7336,#7337,#7338,#7339,#7340,#7341));
#7366=CLOSED_SHELL('',(#7342,#7343,#7344,#7345,#7346,#7347));
#7367=CLOSED_SHELL('',(#7348,#7349,#7350,#7351,#7352,#7353));
#7368=CLOSED_SHELL('',(#7354,#7355,#7356,#7357,#7358,#7359));
#7369=DERIVED_UNIT_ELEMENT(#7371,1.);
#7370=DERIVED_UNIT_ELEMENT(#13128,-3.);
#7371=(
MASS_UNIT()
NAMED_UNIT(*)
SI_UNIT(.KILO.,.GRAM.)
);
#7372=DERIVED_UNIT((#7369,#7370));
#7373=MEASURE_REPRESENTATION_ITEM('density measure',
POSITIVE_RATIO_MEASURE(7850.),#7372);
#7374=PROPERTY_DEFINITION_REPRESENTATION(#7379,#7376);
#7375=PROPERTY_DEFINITION_REPRESENTATION(#7380,#7377);
#7376=REPRESENTATION('material name',(#7378),#13125);
#7377=REPRESENTATION('density',(#7373),#13125);
#7378=DESCRIPTIVE_REPRESENTATION_ITEM('Steel','Steel');
#7379=PROPERTY_DEFINITION('material property','material name',#13143);
#7380=PROPERTY_DEFINITION('material property','density of part',#13143);
#7381=AXIS2_PLACEMENT_3D('',#9599,#7876,#7877);
#7382=AXIS2_PLACEMENT_3D('',#9600,#7878,#7879);
#7383=AXIS2_PLACEMENT_3D('',#9601,#7880,#7881);
#7384=AXIS2_PLACEMENT_3D('',#9635,#7898,#7899);
#7385=AXIS2_PLACEMENT_3D('',#9865,#7945,#7946);
#7386=AXIS2_PLACEMENT_3D('',#9871,#7949,#7950);
#7387=AXIS2_PLACEMENT_3D('',#9995,#7998,#7999);
#7388=AXIS2_PLACEMENT_3D('',#9996,#8000,#8001);
#7389=AXIS2_PLACEMENT_3D('',#10214,#8050,#8051);
#7390=AXIS2_PLACEMENT_3D('',#10278,#8068,#8069);
#7391=AXIS2_PLACEMENT_3D('',#10287,#8075,#8076);
#7392=AXIS2_PLACEMENT_3D('',#10292,#8078,#8079);
#7393=AXIS2_PLACEMENT_3D('',#10300,#8083,#8084);
#7394=AXIS2_PLACEMENT_3D('',#10302,#8085,#8086);
#7395=AXIS2_PLACEMENT_3D('',#10304,#8087,#8088);
#7396=AXIS2_PLACEMENT_3D('',#10308,#8091,#8092);
#7397=AXIS2_PLACEMENT_3D('',#10312,#8094,#8095);
#7398=AXIS2_PLACEMENT_3D('',#10314,#8097,#8098);
#7399=AXIS2_PLACEMENT_3D('',#10316,#8099,#8100);
#7400=AXIS2_PLACEMENT_3D('',#10318,#8102,#8103);
#7401=AXIS2_PLACEMENT_3D('',#10320,#8104,#8105);
#7402=AXIS2_PLACEMENT_3D('',#10322,#8107,#8108);
#7403=AXIS2_PLACEMENT_3D('',#10326,#8110,#8111);
#7404=AXIS2_PLACEMENT_3D('',#10329,#8113,#8114);
#7405=AXIS2_PLACEMENT_3D('',#10330,#8115,#8116);
#7406=AXIS2_PLACEMENT_3D('',#10336,#8120,#8121);
#7407=AXIS2_PLACEMENT_3D('',#10338,#8122,#8123);
#7408=AXIS2_PLACEMENT_3D('',#10342,#8126,#8127);
#7409=AXIS2_PLACEMENT_3D('',#10343,#8128,#8129);
#7410=AXIS2_PLACEMENT_3D('',#10345,#8130,#8131);
#7411=AXIS2_PLACEMENT_3D('',#10347,#8133,#8134);
#7412=AXIS2_PLACEMENT_3D('',#10351,#8137,#8138);
#7413=AXIS2_PLACEMENT_3D('',#10355,#8141,#8142);
#7414=AXIS2_PLACEMENT_3D('',#10358,#8145,#8146);
#7415=AXIS2_PLACEMENT_3D('',#10359,#8147,#8148);
#7416=AXIS2_PLACEMENT_3D('',#10360,#8149,#8150);
#7417=AXIS2_PLACEMENT_3D('',#10374,#8158,#8159);
#7418=AXIS2_PLACEMENT_3D('',#10378,#8162,#8163);
#7419=AXIS2_PLACEMENT_3D('',#10382,#8166,#8167);
#7420=AXIS2_PLACEMENT_3D('',#10386,#8170,#8171);
#7421=AXIS2_PLACEMENT_3D('',#10398,#8178,#8179);
#7422=AXIS2_PLACEMENT_3D('',#10402,#8182,#8183);
#7423=AXIS2_PLACEMENT_3D('',#10404,#8185,#8186);
#7424=AXIS2_PLACEMENT_3D('',#10408,#8189,#8190);
#7425=AXIS2_PLACEMENT_3D('',#10412,#8193,#8194);
#7426=AXIS2_PLACEMENT_3D('',#10416,#8197,#8198);
#7427=AXIS2_PLACEMENT_3D('',#10420,#8201,#8202);
#7428=AXIS2_PLACEMENT_3D('',#10424,#8205,#8206);
#7429=AXIS2_PLACEMENT_3D('',#10428,#8209,#8210);
#7430=AXIS2_PLACEMENT_3D('',#10430,#8212,#8213);
#7431=AXIS2_PLACEMENT_3D('',#10432,#8214,#8215);
#7432=AXIS2_PLACEMENT_3D('',#10434,#8217,#8218);
#7433=AXIS2_PLACEMENT_3D('',#10436,#8219,#8220);
#7434=AXIS2_PLACEMENT_3D('',#10438,#8222,#8223);
#7435=AXIS2_PLACEMENT_3D('',#10439,#8224,#8225);
#7436=AXIS2_PLACEMENT_3D('',#10445,#8229,#8230);
#7437=AXIS2_PLACEMENT_3D('',#10447,#8231,#8232);
#7438=AXIS2_PLACEMENT_3D('',#10449,#8233,#8234);
#7439=AXIS2_PLACEMENT_3D('',#10451,#8236,#8237);
#7440=AXIS2_PLACEMENT_3D('',#10456,#8239,#8240);
#7441=AXIS2_PLACEMENT_3D('',#10460,#8243,#8244);
#7442=AXIS2_PLACEMENT_3D('',#10461,#8245,#8246);
#7443=AXIS2_PLACEMENT_3D('',#10467,#8250,#8251);
#7444=AXIS2_PLACEMENT_3D('',#10471,#8253,#8254);
#7445=AXIS2_PLACEMENT_3D('',#10473,#8255,#8256);
#7446=AXIS2_PLACEMENT_3D('',#10477,#8259,#8260);
#7447=AXIS2_PLACEMENT_3D('',#10479,#8261,#8262);
#7448=AXIS2_PLACEMENT_3D('',#10481,#8263,#8264);
#7449=AXIS2_PLACEMENT_3D('',#10483,#8266,#8267);
#7450=AXIS2_PLACEMENT_3D('',#10485,#8268,#8269);
#7451=AXIS2_PLACEMENT_3D('',#10487,#8270,#8271);
#7452=AXIS2_PLACEMENT_3D('',#10489,#8273,#8274);
#7453=AXIS2_PLACEMENT_3D('',#10491,#8275,#8276);
#7454=AXIS2_PLACEMENT_3D('',#10493,#8277,#8278);
#7455=AXIS2_PLACEMENT_3D('',#10495,#8280,#8281);
#7456=AXIS2_PLACEMENT_3D('',#10498,#8284,#8285);
#7457=AXIS2_PLACEMENT_3D('',#10500,#8287,#8288);
#7458=AXIS2_PLACEMENT_3D('',#10502,#8290,#8291);
#7459=AXIS2_PLACEMENT_3D('',#10511,#8295,#8296);
#7460=AXIS2_PLACEMENT_3D('',#10513,#8297,#8298);
#7461=AXIS2_PLACEMENT_3D('',#10515,#8299,#8300);
#7462=AXIS2_PLACEMENT_3D('',#10519,#8303,#8304);
#7463=AXIS2_PLACEMENT_3D('',#10520,#8305,#8306);
#7464=AXIS2_PLACEMENT_3D('',#10525,#8309,#8310);
#7465=AXIS2_PLACEMENT_3D('',#10526,#8311,#8312);
#7466=AXIS2_PLACEMENT_3D('',#10529,#8314,#8315);
#7467=AXIS2_PLACEMENT_3D('',#10530,#8316,#8317);
#7468=AXIS2_PLACEMENT_3D('',#10533,#8319,#8320);
#7469=AXIS2_PLACEMENT_3D('',#10534,#8321,#8322);
#7470=AXIS2_PLACEMENT_3D('',#10536,#8323,#8324);
#7471=AXIS2_PLACEMENT_3D('',#10540,#8326,#8327);
#7472=AXIS2_PLACEMENT_3D('',#10542,#8329,#8330);
#7473=AXIS2_PLACEMENT_3D('',#10548,#8334,#8335);
#7474=AXIS2_PLACEMENT_3D('',#10549,#8336,#8337);
#7475=AXIS2_PLACEMENT_3D('',#10554,#8340,#8341);
#7476=AXIS2_PLACEMENT_3D('',#10555,#8342,#8343);
#7477=AXIS2_PLACEMENT_3D('',#10558,#8345,#8346);
#7478=AXIS2_PLACEMENT_3D('',#10559,#8347,#8348);
#7479=AXIS2_PLACEMENT_3D('',#10561,#8350,#8351);
#7480=AXIS2_PLACEMENT_3D('',#10563,#8353,#8354);
#7481=AXIS2_PLACEMENT_3D('',#10565,#8356,#8357);
#7482=AXIS2_PLACEMENT_3D('',#10566,#8358,#8359);
#7483=AXIS2_PLACEMENT_3D('',#10567,#8360,#8361);
#7484=AXIS2_PLACEMENT_3D('',#10568,#8362,#8363);
#7485=AXIS2_PLACEMENT_3D('',#10569,#8364,#8365);
#7486=AXIS2_PLACEMENT_3D('',#10575,#8369,#8370);
#7487=AXIS2_PLACEMENT_3D('',#10581,#8374,#8375);
#7488=AXIS2_PLACEMENT_3D('',#10583,#8376,#8377);
#7489=AXIS2_PLACEMENT_3D('',#10585,#8378,#8379);
#7490=AXIS2_PLACEMENT_3D('',#10587,#8381,#8382);
#7491=AXIS2_PLACEMENT_3D('',#10593,#8386,#8387);
#7492=AXIS2_PLACEMENT_3D('',#10594,#8388,#8389);
#7493=AXIS2_PLACEMENT_3D('',#10595,#8390,#8391);
#7494=AXIS2_PLACEMENT_3D('',#10596,#8392,#8393);
#7495=AXIS2_PLACEMENT_3D('',#10597,#8394,#8395);
#7496=AXIS2_PLACEMENT_3D('',#10598,#8396,#8397);
#7497=AXIS2_PLACEMENT_3D('',#10602,#8400,#8401);
#7498=AXIS2_PLACEMENT_3D('',#10606,#8404,#8405);
#7499=AXIS2_PLACEMENT_3D('',#10610,#8408,#8409);
#7500=AXIS2_PLACEMENT_3D('',#10614,#8412,#8413);
#7501=AXIS2_PLACEMENT_3D('',#10618,#8416,#8417);
#7502=AXIS2_PLACEMENT_3D('',#10622,#8420,#8421);
#7503=AXIS2_PLACEMENT_3D('',#10624,#8423,#8424);
#7504=AXIS2_PLACEMENT_3D('',#10625,#8425,#8426);
#7505=AXIS2_PLACEMENT_3D('',#10663,#8431,#8432);
#7506=AXIS2_PLACEMENT_3D('',#10702,#8436,#8437);
#7507=AXIS2_PLACEMENT_3D('',#10706,#8440,#8441);
#7508=AXIS2_PLACEMENT_3D('',#10710,#8444,#8445);
#7509=AXIS2_PLACEMENT_3D('',#10714,#8448,#8449);
#7510=AXIS2_PLACEMENT_3D('',#10716,#8451,#8452);
#7511=AXIS2_PLACEMENT_3D('',#10803,#8455,#8456);
#7512=AXIS2_PLACEMENT_3D('',#10804,#8457,#8458);
#7513=AXIS2_PLACEMENT_3D('',#10805,#8459,#8460);
#7514=AXIS2_PLACEMENT_3D('',#10809,#8462,#8463);
#7515=AXIS2_PLACEMENT_3D('',#10811,#8465,#8466);
#7516=AXIS2_PLACEMENT_3D('',#10841,#8470,#8471);
#7517=AXIS2_PLACEMENT_3D('',#10845,#8474,#8475);
#7518=AXIS2_PLACEMENT_3D('',#10849,#8478,#8479);
#7519=AXIS2_PLACEMENT_3D('',#10853,#8482,#8483);
#7520=AXIS2_PLACEMENT_3D('',#10857,#8486,#8487);
#7521=AXIS2_PLACEMENT_3D('',#10859,#8489,#8490);
#7522=AXIS2_PLACEMENT_3D('',#10908,#8494,#8495);
#7523=AXIS2_PLACEMENT_3D('',#10950,#8499,#8500);
#7524=AXIS2_PLACEMENT_3D('',#10992,#8504,#8505);
#7525=AXIS2_PLACEMENT_3D('',#10996,#8508,#8509);
#7526=AXIS2_PLACEMENT_3D('',#11000,#8512,#8513);
#7527=AXIS2_PLACEMENT_3D('',#11004,#8516,#8517);
#7528=AXIS2_PLACEMENT_3D('',#11008,#8520,#8521);
#7529=AXIS2_PLACEMENT_3D('',#11010,#8523,#8524);
#7530=AXIS2_PLACEMENT_3D('',#11097,#8527,#8528);
#7531=AXIS2_PLACEMENT_3D('',#11098,#8529,#8530);
#7532=AXIS2_PLACEMENT_3D('',#11099,#8531,#8532);
#7533=AXIS2_PLACEMENT_3D('',#11105,#8536,#8537);
#7534=AXIS2_PLACEMENT_3D('',#11109,#8540,#8541);
#7535=AXIS2_PLACEMENT_3D('',#11130,#8545,#8546);
#7536=AXIS2_PLACEMENT_3D('',#11154,#8550,#8551);
#7537=AXIS2_PLACEMENT_3D('',#11158,#8554,#8555);
#7538=AXIS2_PLACEMENT_3D('',#11162,#8558,#8559);
#7539=AXIS2_PLACEMENT_3D('',#11192,#8563,#8564);
#7540=AXIS2_PLACEMENT_3D('',#11214,#8567,#8568);
#7541=AXIS2_PLACEMENT_3D('',#11215,#8569,#8570);
#7542=AXIS2_PLACEMENT_3D('',#11247,#8576,#8577);
#7543=AXIS2_PLACEMENT_3D('',#11253,#8581,#8582);
#7544=AXIS2_PLACEMENT_3D('',#11259,#8586,#8587);
#7545=AXIS2_PLACEMENT_3D('',#11263,#8590,#8591);
#7546=AXIS2_PLACEMENT_3D('',#11267,#8594,#8595);
#7547=AXIS2_PLACEMENT_3D('',#11271,#8598,#8599);
#7548=AXIS2_PLACEMENT_3D('',#11275,#8602,#8603);
#7549=AXIS2_PLACEMENT_3D('',#11279,#8606,#8607);
#7550=AXIS2_PLACEMENT_3D('',#11283,#8610,#8611);
#7551=AXIS2_PLACEMENT_3D('',#11309,#8613,#8614);
#7552=AXIS2_PLACEMENT_3D('',#11310,#8615,#8616);
#7553=AXIS2_PLACEMENT_3D('',#11311,#8617,#8618);
#7554=AXIS2_PLACEMENT_3D('',#11343,#8623,#8624);
#7555=AXIS2_PLACEMENT_3D('',#11381,#8629,#8630);
#7556=AXIS2_PLACEMENT_3D('',#11384,#8633,#8634);
#7557=AXIS2_PLACEMENT_3D('',#11386,#8636,#8637);
#7558=AXIS2_PLACEMENT_3D('',#11387,#8638,#8639);
#7559=AXIS2_PLACEMENT_3D('',#11388,#8640,#8641);
#7560=AXIS2_PLACEMENT_3D('',#11420,#8647,#8648);
#7561=AXIS2_PLACEMENT_3D('',#11426,#8652,#8653);
#7562=AXIS2_PLACEMENT_3D('',#11432,#8657,#8658);
#7563=AXIS2_PLACEMENT_3D('',#11436,#8661,#8662);
#7564=AXIS2_PLACEMENT_3D('',#11440,#8665,#8666);
#7565=AXIS2_PLACEMENT_3D('',#11444,#8669,#8670);
#7566=AXIS2_PLACEMENT_3D('',#11448,#8673,#8674);
#7567=AXIS2_PLACEMENT_3D('',#11452,#8677,#8678);
#7568=AXIS2_PLACEMENT_3D('',#11456,#8681,#8682);
#7569=AXIS2_PLACEMENT_3D('',#11482,#8684,#8685);
#7570=AXIS2_PLACEMENT_3D('',#11483,#8686,#8687);
#7571=AXIS2_PLACEMENT_3D('',#11484,#8688,#8689);
#7572=AXIS2_PLACEMENT_3D('',#11490,#8693,#8694);
#7573=AXIS2_PLACEMENT_3D('',#11511,#8698,#8699);
#7574=AXIS2_PLACEMENT_3D('',#11542,#8702,#8703);
#7575=AXIS2_PLACEMENT_3D('',#11543,#8704,#8705);
#7576=AXIS2_PLACEMENT_3D('',#11549,#8709,#8710);
#7577=AXIS2_PLACEMENT_3D('',#11553,#8713,#8714);
#7578=AXIS2_PLACEMENT_3D('',#11557,#8717,#8718);
#7579=AXIS2_PLACEMENT_3D('',#11561,#8721,#8722);
#7580=AXIS2_PLACEMENT_3D('',#11565,#8725,#8726);
#7581=AXIS2_PLACEMENT_3D('',#11569,#8729,#8730);
#7582=AXIS2_PLACEMENT_3D('',#11573,#8733,#8734);
#7583=AXIS2_PLACEMENT_3D('',#11575,#8736,#8737);
#7584=AXIS2_PLACEMENT_3D('',#11576,#8738,#8739);
#7585=AXIS2_PLACEMENT_3D('',#11582,#8743,#8744);
#7586=AXIS2_PLACEMENT_3D('',#11586,#8747,#8748);
#7587=AXIS2_PLACEMENT_3D('',#11590,#8751,#8752);
#7588=AXIS2_PLACEMENT_3D('',#11592,#8754,#8755);
#7589=AXIS2_PLACEMENT_3D('',#11593,#8756,#8757);
#7590=AXIS2_PLACEMENT_3D('',#11599,#8761,#8762);
#7591=AXIS2_PLACEMENT_3D('',#11603,#8765,#8766);
#7592=AXIS2_PLACEMENT_3D('',#11607,#8769,#8770);
#7593=AXIS2_PLACEMENT_3D('',#11611,#8773,#8774);
#7594=AXIS2_PLACEMENT_3D('',#11615,#8777,#8778);
#7595=AXIS2_PLACEMENT_3D('',#11619,#8781,#8782);
#7596=AXIS2_PLACEMENT_3D('',#11623,#8785,#8786);
#7597=AXIS2_PLACEMENT_3D('',#11627,#8789,#8790);
#7598=AXIS2_PLACEMENT_3D('',#11631,#8793,#8794);
#7599=AXIS2_PLACEMENT_3D('',#11633,#8796,#8797);
#7600=AXIS2_PLACEMENT_3D('',#11634,#8798,#8799);
#7601=AXIS2_PLACEMENT_3D('',#11640,#8803,#8804);
#7602=AXIS2_PLACEMENT_3D('',#11644,#8807,#8808);
#7603=AXIS2_PLACEMENT_3D('',#11662,#8812,#8813);
#7604=AXIS2_PLACEMENT_3D('',#11680,#8817,#8818);
#7605=AXIS2_PLACEMENT_3D('',#11682,#8820,#8821);
#7606=AXIS2_PLACEMENT_3D('',#11796,#8824,#8825);
#7607=AXIS2_PLACEMENT_3D('',#11797,#8826,#8827);
#7608=AXIS2_PLACEMENT_3D('',#11798,#8828,#8829);
#7609=AXIS2_PLACEMENT_3D('',#11804,#8833,#8834);
#7610=AXIS2_PLACEMENT_3D('',#11808,#8837,#8838);
#7611=AXIS2_PLACEMENT_3D('',#11812,#8841,#8842);
#7612=AXIS2_PLACEMENT_3D('',#11814,#8844,#8845);
#7613=AXIS2_PLACEMENT_3D('',#11815,#8846,#8847);
#7614=AXIS2_PLACEMENT_3D('',#11821,#8851,#8852);
#7615=AXIS2_PLACEMENT_3D('',#11825,#8855,#8856);
#7616=AXIS2_PLACEMENT_3D('',#11829,#8859,#8860);
#7617=AXIS2_PLACEMENT_3D('',#11833,#8863,#8864);
#7618=AXIS2_PLACEMENT_3D('',#11837,#8867,#8868);
#7619=AXIS2_PLACEMENT_3D('',#11841,#8871,#8872);
#7620=AXIS2_PLACEMENT_3D('',#11845,#8875,#8876);
#7621=AXIS2_PLACEMENT_3D('',#11849,#8879,#8880);
#7622=AXIS2_PLACEMENT_3D('',#11853,#8883,#8884);
#7623=AXIS2_PLACEMENT_3D('',#11855,#8886,#8887);
#7624=AXIS2_PLACEMENT_3D('',#11856,#8888,#8889);
#7625=AXIS2_PLACEMENT_3D('',#11911,#8895,#8896);
#7626=AXIS2_PLACEMENT_3D('',#11959,#8900,#8901);
#7627=AXIS2_PLACEMENT_3D('',#11963,#8904,#8905);
#7628=AXIS2_PLACEMENT_3D('',#11965,#8907,#8908);
#7629=AXIS2_PLACEMENT_3D('',#11966,#8909,#8910);
#7630=AXIS2_PLACEMENT_3D('',#12014,#8916,#8917);
#7631=AXIS2_PLACEMENT_3D('',#12050,#8920,#8921);
#7632=AXIS2_PLACEMENT_3D('',#12051,#8922,#8923);
#7633=AXIS2_PLACEMENT_3D('',#12052,#8924,#8925);
#7634=AXIS2_PLACEMENT_3D('',#12058,#8929,#8930);
#7635=AXIS2_PLACEMENT_3D('',#12062,#8933,#8934);
#7636=AXIS2_PLACEMENT_3D('',#12066,#8937,#8938);
#7637=AXIS2_PLACEMENT_3D('',#12070,#8941,#8942);
#7638=AXIS2_PLACEMENT_3D('',#12074,#8945,#8946);
#7639=AXIS2_PLACEMENT_3D('',#12078,#8949,#8950);
#7640=AXIS2_PLACEMENT_3D('',#12082,#8953,#8954);
#7641=AXIS2_PLACEMENT_3D('',#12086,#8957,#8958);
#7642=AXIS2_PLACEMENT_3D('',#12090,#8961,#8962);
#7643=AXIS2_PLACEMENT_3D('',#12094,#8965,#8966);
#7644=AXIS2_PLACEMENT_3D('',#12098,#8969,#8970);
#7645=AXIS2_PLACEMENT_3D('',#12100,#8972,#8973);
#7646=AXIS2_PLACEMENT_3D('',#12101,#8974,#8975);
#7647=AXIS2_PLACEMENT_3D('',#12137,#8981,#8982);
#7648=AXIS2_PLACEMENT_3D('',#12143,#8986,#8987);
#7649=AXIS2_PLACEMENT_3D('',#12149,#8991,#8992);
#7650=AXIS2_PLACEMENT_3D('',#12153,#8995,#8996);
#7651=AXIS2_PLACEMENT_3D('',#12157,#8999,#9000);
#7652=AXIS2_PLACEMENT_3D('',#12161,#9003,#9004);
#7653=AXIS2_PLACEMENT_3D('',#12165,#9007,#9008);
#7654=AXIS2_PLACEMENT_3D('',#12169,#9011,#9012);
#7655=AXIS2_PLACEMENT_3D('',#12173,#9015,#9016);
#7656=AXIS2_PLACEMENT_3D('',#12199,#9018,#9019);
#7657=AXIS2_PLACEMENT_3D('',#12200,#9020,#9021);
#7658=AXIS2_PLACEMENT_3D('',#12201,#9022,#9023);
#7659=AXIS2_PLACEMENT_3D('',#12227,#9028,#9029);
#7660=AXIS2_PLACEMENT_3D('',#12254,#9033,#9034);
#7661=AXIS2_PLACEMENT_3D('',#12258,#9037,#9038);
#7662=AXIS2_PLACEMENT_3D('',#12262,#9041,#9042);
#7663=AXIS2_PLACEMENT_3D('',#12312,#9047,#9048);
#7664=AXIS2_PLACEMENT_3D('',#12336,#9051,#9052);
#7665=AXIS2_PLACEMENT_3D('',#12337,#9053,#9054);
#7666=AXIS2_PLACEMENT_3D('',#12338,#9055,#9056);
#7667=AXIS2_PLACEMENT_3D('',#12342,#9058,#9059);
#7668=AXIS2_PLACEMENT_3D('',#12344,#9061,#9062);
#7669=AXIS2_PLACEMENT_3D('',#12348,#9065,#9066);
#7670=AXIS2_PLACEMENT_3D('',#12352,#9069,#9070);
#7671=AXIS2_PLACEMENT_3D('',#12356,#9073,#9074);
#7672=AXIS2_PLACEMENT_3D('',#12360,#9077,#9078);
#7673=AXIS2_PLACEMENT_3D('',#12364,#9081,#9082);
#7674=AXIS2_PLACEMENT_3D('',#12368,#9085,#9086);
#7675=AXIS2_PLACEMENT_3D('',#12372,#9089,#9090);
#7676=AXIS2_PLACEMENT_3D('',#12376,#9093,#9094);
#7677=AXIS2_PLACEMENT_3D('',#12380,#9097,#9098);
#7678=AXIS2_PLACEMENT_3D('',#12389,#9103,#9104);
#7679=AXIS2_PLACEMENT_3D('',#12395,#9108,#9109);
#7680=AXIS2_PLACEMENT_3D('',#12396,#9110,#9111);
#7681=AXIS2_PLACEMENT_3D('',#12397,#9112,#9113);
#7682=AXIS2_PLACEMENT_3D('',#12398,#9114,#9115);
#7683=AXIS2_PLACEMENT_3D('',#12400,#9117,#9118);
#7684=AXIS2_PLACEMENT_3D('',#12401,#9119,#9120);
#7685=AXIS2_PLACEMENT_3D('',#12427,#9123,#9124);
#7686=AXIS2_PLACEMENT_3D('',#12457,#9128,#9129);
#7687=AXIS2_PLACEMENT_3D('',#12487,#9133,#9134);
#7688=AXIS2_PLACEMENT_3D('',#12511,#9138,#9139);
#7689=AXIS2_PLACEMENT_3D('',#12513,#9141,#9142);
#7690=AXIS2_PLACEMENT_3D('',#12514,#9143,#9144);
#7691=AXIS2_PLACEMENT_3D('',#12520,#9148,#9149);
#7692=AXIS2_PLACEMENT_3D('',#12550,#9153,#9154);
#7693=AXIS2_PLACEMENT_3D('',#12563,#9157,#9158);
#7694=AXIS2_PLACEMENT_3D('',#12565,#9160,#9161);
#7695=AXIS2_PLACEMENT_3D('',#12569,#9164,#9165);
#7696=AXIS2_PLACEMENT_3D('',#12571,#9167,#9168);
#7697=AXIS2_PLACEMENT_3D('',#12572,#9169,#9170);
#7698=AXIS2_PLACEMENT_3D('',#12627,#9176,#9177);
#7699=AXIS2_PLACEMENT_3D('',#12669,#9181,#9182);
#7700=AXIS2_PLACEMENT_3D('',#12673,#9185,#9186);
#7701=AXIS2_PLACEMENT_3D('',#12675,#9188,#9189);
#7702=AXIS2_PLACEMENT_3D('',#12676,#9190,#9191);
#7703=AXIS2_PLACEMENT_3D('',#12678,#9192,#9193);
#7704=AXIS2_PLACEMENT_3D('',#12681,#9195,#9196);
#7705=AXIS2_PLACEMENT_3D('',#12682,#9197,#9198);
#7706=AXIS2_PLACEMENT_3D('',#12684,#9199,#9200);
#7707=AXIS2_PLACEMENT_3D('',#12687,#9202,#9203);
#7708=AXIS2_PLACEMENT_3D('',#12688,#9204,#9205);
#7709=AXIS2_PLACEMENT_3D('',#12690,#9206,#9207);
#7710=AXIS2_PLACEMENT_3D('',#12693,#9209,#9210);
#7711=AXIS2_PLACEMENT_3D('',#12694,#9211,#9212);
#7712=AXIS2_PLACEMENT_3D('',#12696,#9213,#9214);
#7713=AXIS2_PLACEMENT_3D('',#12699,#9216,#9217);
#7714=AXIS2_PLACEMENT_3D('',#12700,#9218,#9219);
#7715=AXIS2_PLACEMENT_3D('',#12702,#9220,#9221);
#7716=AXIS2_PLACEMENT_3D('',#12705,#9223,#9224);
#7717=AXIS2_PLACEMENT_3D('',#12706,#9225,#9226);
#7718=AXIS2_PLACEMENT_3D('',#12715,#9231,#9232);
#7719=AXIS2_PLACEMENT_3D('',#12721,#9236,#9237);
#7720=AXIS2_PLACEMENT_3D('',#12727,#9241,#9242);
#7721=AXIS2_PLACEMENT_3D('',#12730,#9245,#9246);
#7722=AXIS2_PLACEMENT_3D('',#12731,#9247,#9248);
#7723=AXIS2_PLACEMENT_3D('',#12732,#9249,#9250);
#7724=AXIS2_PLACEMENT_3D('',#12734,#9251,#9252);
#7725=AXIS2_PLACEMENT_3D('',#12737,#9254,#9255);
#7726=AXIS2_PLACEMENT_3D('',#12738,#9256,#9257);
#7727=AXIS2_PLACEMENT_3D('',#12739,#9258,#9259);
#7728=AXIS2_PLACEMENT_3D('',#12742,#9260,#9261);
#7729=AXIS2_PLACEMENT_3D('',#12745,#9263,#9264);
#7730=AXIS2_PLACEMENT_3D('',#12746,#9265,#9266);
#7731=AXIS2_PLACEMENT_3D('',#12747,#9267,#9268);
#7732=AXIS2_PLACEMENT_3D('',#12748,#9269,#9270);
#7733=AXIS2_PLACEMENT_3D('',#12750,#9271,#9272);
#7734=AXIS2_PLACEMENT_3D('',#12751,#9273,#9274);
#7735=AXIS2_PLACEMENT_3D('',#12753,#9275,#9276);
#7736=AXIS2_PLACEMENT_3D('',#12756,#9278,#9279);
#7737=AXIS2_PLACEMENT_3D('',#12757,#9280,#9281);
#7738=AXIS2_PLACEMENT_3D('',#12758,#9282,#9283);
#7739=AXIS2_PLACEMENT_3D('',#12760,#9284,#9285);
#7740=AXIS2_PLACEMENT_3D('',#12761,#9286,#9287);
#7741=AXIS2_PLACEMENT_3D('',#12763,#9288,#9289);
#7742=AXIS2_PLACEMENT_3D('',#12764,#9290,#9291);
#7743=AXIS2_PLACEMENT_3D('',#12767,#9293,#9294);
#7744=AXIS2_PLACEMENT_3D('',#12768,#9295,#9296);
#7745=AXIS2_PLACEMENT_3D('',#12770,#9297,#9298);
#7746=AXIS2_PLACEMENT_3D('',#12771,#9299,#9300);
#7747=AXIS2_PLACEMENT_3D('',#12772,#9301,#9302);
#7748=AXIS2_PLACEMENT_3D('',#12774,#9303,#9304);
#7749=AXIS2_PLACEMENT_3D('',#12775,#9305,#9306);
#7750=AXIS2_PLACEMENT_3D('',#12777,#9308,#9309);
#7751=AXIS2_PLACEMENT_3D('',#12779,#9310,#9311);
#7752=AXIS2_PLACEMENT_3D('',#12782,#9313,#9314);
#7753=AXIS2_PLACEMENT_3D('',#12783,#9315,#9316);
#7754=AXIS2_PLACEMENT_3D('',#12784,#9317,#9318);
#7755=AXIS2_PLACEMENT_3D('',#12787,#9319,#9320);
#7756=AXIS2_PLACEMENT_3D('',#12791,#9322,#9323);
#7757=AXIS2_PLACEMENT_3D('',#12793,#9325,#9326);
#7758=AXIS2_PLACEMENT_3D('',#12795,#9327,#9328);
#7759=AXIS2_PLACEMENT_3D('',#12796,#9329,#9330);
#7760=AXIS2_PLACEMENT_3D('',#12799,#9331,#9332);
#7761=AXIS2_PLACEMENT_3D('',#12801,#9333,#9334);
#7762=AXIS2_PLACEMENT_3D('',#12802,#9335,#9336);
#7763=AXIS2_PLACEMENT_3D('',#12803,#9337,#9338);
#7764=AXIS2_PLACEMENT_3D('',#12805,#9339,#9340);
#7765=AXIS2_PLACEMENT_3D('',#12806,#9341,#9342);
#7766=AXIS2_PLACEMENT_3D('',#12808,#9343,#9344);
#7767=AXIS2_PLACEMENT_3D('',#12809,#9345,#9346);
#7768=AXIS2_PLACEMENT_3D('',#12811,#9347,#9348);
#7769=AXIS2_PLACEMENT_3D('',#12812,#9349,#9350);
#7770=AXIS2_PLACEMENT_3D('',#12814,#9351,#9352);
#7771=AXIS2_PLACEMENT_3D('',#12815,#9353,#9354);
#7772=AXIS2_PLACEMENT_3D('',#12817,#9355,#9356);
#7773=AXIS2_PLACEMENT_3D('',#12818,#9357,#9358);
#7774=AXIS2_PLACEMENT_3D('',#12820,#9359,#9360);
#7775=AXIS2_PLACEMENT_3D('',#12821,#9361,#9362);
#7776=AXIS2_PLACEMENT_3D('',#12823,#9363,#9364);
#7777=AXIS2_PLACEMENT_3D('',#12825,#9365,#9366);
#7778=AXIS2_PLACEMENT_3D('',#12826,#9367,#9368);
#7779=AXIS2_PLACEMENT_3D('',#12827,#9369,#9370);
#7780=AXIS2_PLACEMENT_3D('',#12829,#9371,#9372);
#7781=AXIS2_PLACEMENT_3D('',#12832,#9374,#9375);
#7782=AXIS2_PLACEMENT_3D('',#12833,#9376,#9377);
#7783=AXIS2_PLACEMENT_3D('',#12835,#9378,#9379);
#7784=AXIS2_PLACEMENT_3D('',#12838,#9381,#9382);
#7785=AXIS2_PLACEMENT_3D('',#12839,#9383,#9384);
#7786=AXIS2_PLACEMENT_3D('',#12841,#9385,#9386);
#7787=AXIS2_PLACEMENT_3D('',#12844,#9388,#9389);
#7788=AXIS2_PLACEMENT_3D('',#12845,#9390,#9391);
#7789=AXIS2_PLACEMENT_3D('',#12847,#9392,#9393);
#7790=AXIS2_PLACEMENT_3D('',#12850,#9395,#9396);
#7791=AXIS2_PLACEMENT_3D('',#12851,#9397,#9398);
#7792=AXIS2_PLACEMENT_3D('',#12853,#9399,#9400);
#7793=AXIS2_PLACEMENT_3D('',#12855,#9402,#9403);
#7794=AXIS2_PLACEMENT_3D('',#12859,#9405,#9406);
#7795=AXIS2_PLACEMENT_3D('',#12862,#9409,#9410);
#7796=AXIS2_PLACEMENT_3D('',#12863,#9411,#9412);
#7797=AXIS2_PLACEMENT_3D('',#12864,#9413,#9414);
#7798=AXIS2_PLACEMENT_3D('',#12866,#9415,#9416);
#7799=AXIS2_PLACEMENT_3D('',#12868,#9418,#9419);
#7800=AXIS2_PLACEMENT_3D('',#12870,#9420,#9421);
#7801=AXIS2_PLACEMENT_3D('',#12872,#9423,#9424);
#7802=AXIS2_PLACEMENT_3D('',#12874,#9425,#9426);
#7803=AXIS2_PLACEMENT_3D('',#12876,#9428,#9429);
#7804=AXIS2_PLACEMENT_3D('',#12878,#9430,#9431);
#7805=AXIS2_PLACEMENT_3D('',#12880,#9433,#9434);
#7806=AXIS2_PLACEMENT_3D('',#12882,#9435,#9436);
#7807=AXIS2_PLACEMENT_3D('',#12884,#9438,#9439);
#7808=AXIS2_PLACEMENT_3D('',#12886,#9440,#9441);
#7809=AXIS2_PLACEMENT_3D('',#12888,#9443,#9444);
#7810=AXIS2_PLACEMENT_3D('',#12891,#9445,#9446);
#7811=AXIS2_PLACEMENT_3D('',#12895,#9448,#9449);
#7812=AXIS2_PLACEMENT_3D('',#12897,#9451,#9452);
#7813=AXIS2_PLACEMENT_3D('',#12903,#9456,#9457);
#7814=AXIS2_PLACEMENT_3D('',#12905,#9458,#9459);
#7815=AXIS2_PLACEMENT_3D('',#12908,#9461,#9462);
#7816=AXIS2_PLACEMENT_3D('',#12909,#9463,#9464);
#7817=AXIS2_PLACEMENT_3D('',#12915,#9468,#9469);
#7818=AXIS2_PLACEMENT_3D('',#12917,#9470,#9471);
#7819=AXIS2_PLACEMENT_3D('',#12920,#9473,#9474);
#7820=AXIS2_PLACEMENT_3D('',#12921,#9475,#9476);
#7821=AXIS2_PLACEMENT_3D('',#12924,#9479,#9480);
#7822=AXIS2_PLACEMENT_3D('',#12926,#9482,#9483);
#7823=AXIS2_PLACEMENT_3D('',#12928,#9485,#9486);
#7824=AXIS2_PLACEMENT_3D('',#12929,#9487,#9488);
#7825=AXIS2_PLACEMENT_3D('',#12932,#9489,#9490);
#7826=AXIS2_PLACEMENT_3D('',#12935,#9492,#9493);
#7827=AXIS2_PLACEMENT_3D('',#12936,#9494,#9495);
#7828=AXIS2_PLACEMENT_3D('',#12937,#9496,#9497);
#7829=AXIS2_PLACEMENT_3D('',#12966,#9498,#9499);
#7830=AXIS2_PLACEMENT_3D('',#12967,#9500,#9501);
#7831=AXIS2_PLACEMENT_3D('',#12968,#9502,#9503);
#7832=AXIS2_PLACEMENT_3D('',#12970,#9504,#9505);
#7833=AXIS2_PLACEMENT_3D('',#12971,#9506,#9507);
#7834=AXIS2_PLACEMENT_3D('',#12973,#9508,#9509);
#7835=AXIS2_PLACEMENT_3D('',#12975,#9511,#9512);
#7836=AXIS2_PLACEMENT_3D('',#12976,#9513,#9514);
#7837=AXIS2_PLACEMENT_3D('',#12979,#9515,#9516);
#7838=AXIS2_PLACEMENT_3D('',#12982,#9518,#9519);
#7839=AXIS2_PLACEMENT_3D('',#12983,#9520,#9521);
#7840=AXIS2_PLACEMENT_3D('',#12984,#9522,#9523);
#7841=AXIS2_PLACEMENT_3D('',#13013,#9524,#9525);
#7842=AXIS2_PLACEMENT_3D('',#13014,#9526,#9527);
#7843=AXIS2_PLACEMENT_3D('',#13015,#9528,#9529);
#7844=AXIS2_PLACEMENT_3D('',#13017,#9530,#9531);
#7845=AXIS2_PLACEMENT_3D('',#13018,#9532,#9533);
#7846=AXIS2_PLACEMENT_3D('',#13020,#9534,#9535);
#7847=AXIS2_PLACEMENT_3D('',#13022,#9537,#9538);
#7848=AXIS2_PLACEMENT_3D('',#13023,#9539,#9540);
#7849=AXIS2_PLACEMENT_3D('',#13026,#9541,#9542);
#7850=AXIS2_PLACEMENT_3D('',#13029,#9544,#9545);
#7851=AXIS2_PLACEMENT_3D('',#13030,#9546,#9547);
#7852=AXIS2_PLACEMENT_3D('',#13031,#9548,#9549);
#7853=AXIS2_PLACEMENT_3D('',#13060,#9550,#9551);
#7854=AXIS2_PLACEMENT_3D('',#13061,#9552,#9553);
#7855=AXIS2_PLACEMENT_3D('',#13062,#9554,#9555);
#7856=AXIS2_PLACEMENT_3D('',#13064,#9556,#9557);
#7857=AXIS2_PLACEMENT_3D('',#13065,#9558,#9559);
#7858=AXIS2_PLACEMENT_3D('',#13067,#9560,#9561);
#7859=AXIS2_PLACEMENT_3D('',#13069,#9563,#9564);
#7860=AXIS2_PLACEMENT_3D('',#13070,#9565,#9566);
#7861=AXIS2_PLACEMENT_3D('',#13073,#9567,#9568);
#7862=AXIS2_PLACEMENT_3D('',#13076,#9570,#9571);
#7863=AXIS2_PLACEMENT_3D('',#13077,#9572,#9573);
#7864=AXIS2_PLACEMENT_3D('',#13078,#9574,#9575);
#7865=AXIS2_PLACEMENT_3D('',#13107,#9576,#9577);
#7866=AXIS2_PLACEMENT_3D('',#13108,#9578,#9579);
#7867=AXIS2_PLACEMENT_3D('',#13109,#9580,#9581);
#7868=AXIS2_PLACEMENT_3D('',#13111,#9582,#9583);
#7869=AXIS2_PLACEMENT_3D('',#13112,#9584,#9585);
#7870=AXIS2_PLACEMENT_3D('',#13114,#9586,#9587);
#7871=AXIS2_PLACEMENT_3D('',#13116,#9589,#9590);
#7872=AXIS2_PLACEMENT_3D('',#13117,#9591,#9592);
#7873=AXIS2_PLACEMENT_3D('',#13118,#9593,#9594);
#7874=AXIS2_PLACEMENT_3D('',#13119,#9595,#9596);
#7875=AXIS2_PLACEMENT_3D('',#13120,#9597,#9598);
#7876=DIRECTION('axis',(0.,0.,1.));
#7877=DIRECTION('refdir',(1.,0.,0.));
#7878=DIRECTION('axis',(0.,0.,1.));
#7879=DIRECTION('refdir',(1.,0.,0.));
#7880=DIRECTION('center_axis',(0.,0.,1.));
#7881=DIRECTION('ref_axis',(1.,0.,0.));
#7882=DIRECTION('',(-3.61400724161835E-16,-1.,0.));
#7883=DIRECTION('',(1.,-1.14126544472158E-16,0.));
#7884=DIRECTION('',(-3.61400724161835E-16,1.,0.));
#7885=DIRECTION('',(1.,0.,0.));
#7886=DIRECTION('',(0.,-1.,0.));
#7887=DIRECTION('',(1.,0.,0.));
#7888=DIRECTION('',(0.,1.,0.));
#7889=DIRECTION('',(1.,0.,0.));
#7890=DIRECTION('',(0.,-1.,0.));
#7891=DIRECTION('',(-1.,6.7762635780344E-17,0.));
#7892=DIRECTION('',(0.,1.,0.));
#7893=DIRECTION('',(1.,0.,0.));
#7894=DIRECTION('',(0.,-1.,0.));
#7895=DIRECTION('',(1.,-5.10212787052002E-16,0.));
#7896=DIRECTION('',(0.,1.,0.));
#7897=DIRECTION('',(1.,0.,0.));
#7898=DIRECTION('center_axis',(0.,0.,-1.));
#7899=DIRECTION('ref_axis',(1.,0.,0.));
#7900=DIRECTION('',(-1.,0.,0.));
#7901=DIRECTION('',(0.,-1.,0.));
#7902=DIRECTION('',(1.,0.,0.));
#7903=DIRECTION('',(0.,1.,0.));
#7904=DIRECTION('',(0.,-1.,0.));
#7905=DIRECTION('',(1.,0.,0.));
#7906=DIRECTION('',(0.,1.,0.));
#7907=DIRECTION('',(0.,1.,0.));
#7908=DIRECTION('',(-1.,0.,0.));
#7909=DIRECTION('',(-1.,0.,0.));
#7910=DIRECTION('',(0.,-1.,0.));
#7911=DIRECTION('',(1.,0.,0.));
#7912=DIRECTION('',(0.,1.,0.));
#7913=DIRECTION('',(1.,0.,0.));
#7914=DIRECTION('',(0.,1.,0.));
#7915=DIRECTION('',(-1.,0.,0.));
#7916=DIRECTION('',(0.,-1.,0.));
#7917=DIRECTION('',(-1.,0.,0.));
#7918=DIRECTION('',(0.,-1.,0.));
#7919=DIRECTION('',(1.,0.,0.));
#7920=DIRECTION('',(0.,1.,0.));
#7921=DIRECTION('',(-1.,0.,0.));
#7922=DIRECTION('',(0.,-1.,0.));
#7923=DIRECTION('',(1.,0.,0.));
#7924=DIRECTION('',(0.,-1.,0.));
#7925=DIRECTION('',(-1.,0.,0.));
#7926=DIRECTION('',(0.,-1.,0.));
#7927=DIRECTION('',(1.,0.,0.));
#7928=DIRECTION('',(0.,-1.,0.));
#7929=DIRECTION('',(0.,-1.,0.));
#7930=DIRECTION('',(1.,0.,0.));
#7931=DIRECTION('',(0.,-1.,0.));
#7932=DIRECTION('',(1.,0.,0.));
#7933=DIRECTION('',(0.,1.,0.));
#7934=DIRECTION('',(0.,1.,0.));
#7935=DIRECTION('',(0.,1.,0.));
#7936=DIRECTION('',(0.,1.,0.));
#7937=DIRECTION('',(0.,-1.,0.));
#7938=DIRECTION('',(1.,0.,0.));
#7939=DIRECTION('',(0.,1.,0.));
#7940=DIRECTION('',(-1.,0.,0.));
#7941=DIRECTION('',(0.,-1.,0.));
#7942=DIRECTION('',(-1.,0.,0.));
#7943=DIRECTION('',(0.,-1.,0.));
#7944=DIRECTION('',(1.,0.,0.));
#7945=DIRECTION('center_axis',(0.,0.,1.));
#7946=DIRECTION('ref_axis',(0.659114010712463,-0.752043031270506,0.));
#7947=DIRECTION('',(1.,0.,0.));
#7948=DIRECTION('',(0.,1.,0.));
#7949=DIRECTION('center_axis',(0.,0.,-1.));
#7950=DIRECTION('ref_axis',(-1.,0.,0.));
#7951=DIRECTION('',(-1.,0.,0.));
#7952=DIRECTION('',(0.,-1.,0.));
#7953=DIRECTION('',(-1.,0.,0.));
#7954=DIRECTION('',(0.,-1.,0.));
#7955=DIRECTION('',(1.,0.,0.));
#7956=DIRECTION('',(0.,-1.,0.));
#7957=DIRECTION('',(1.,0.,0.));
#7958=DIRECTION('',(0.,1.,0.));
#7959=DIRECTION('',(1.,0.,0.));
#7960=DIRECTION('',(0.,1.,0.));
#7961=DIRECTION('',(-1.,0.,0.));
#7962=DIRECTION('',(-0.357439656353385,-0.933936235546075,0.));
#7963=DIRECTION('',(1.,0.,0.));
#7964=DIRECTION('',(0.351123441588392,0.936329177569044,0.));
#7965=DIRECTION('',(1.,0.,0.));
#7966=DIRECTION('',(0.333847142244594,-0.942627225161208,0.));
#7967=DIRECTION('',(1.,0.,0.));
#7968=DIRECTION('',(-0.355897314439898,0.934525067386888,0.));
#7969=DIRECTION('',(0.,1.,0.));
#7970=DIRECTION('',(-1.,0.,0.));
#7971=DIRECTION('',(0.,-1.,0.));
#7972=DIRECTION('',(1.,0.,0.));
#7973=DIRECTION('',(0.,-1.,0.));
#7974=DIRECTION('',(-1.,0.,0.));
#7975=DIRECTION('',(0.,-1.,0.));
#7976=DIRECTION('',(1.,0.,0.));
#7977=DIRECTION('',(0.,-1.,0.));
#7978=DIRECTION('',(1.,0.,0.));
#7979=DIRECTION('',(0.,1.,0.));
#7980=DIRECTION('',(-1.,0.,0.));
#7981=DIRECTION('',(0.,-1.,0.));
#7982=DIRECTION('',(1.,0.,0.));
#7983=DIRECTION('',(0.,-1.,0.));
#7984=DIRECTION('',(-1.,0.,0.));
#7985=DIRECTION('',(0.,-1.,0.));
#7986=DIRECTION('',(1.,0.,0.));
#7987=DIRECTION('',(0.,-1.,0.));
#7988=DIRECTION('',(1.,0.,0.));
#7989=DIRECTION('',(0.,1.,0.));
#7990=DIRECTION('',(-1.,0.,0.));
#7991=DIRECTION('',(0.,-1.,0.));
#7992=DIRECTION('',(1.,0.,0.));
#7993=DIRECTION('',(0.,-1.,0.));
#7994=DIRECTION('',(1.,0.,0.));
#7995=DIRECTION('',(0.,1.,0.));
#7996=DIRECTION('',(1.,0.,0.));
#7997=DIRECTION('',(0.,1.,0.));
#7998=DIRECTION('center_axis',(0.,0.,-1.));
#7999=DIRECTION('ref_axis',(1.,0.,0.));
#8000=DIRECTION('center_axis',(-6.7762635780344E-17,-1.,0.));
#8001=DIRECTION('ref_axis',(1.,-6.7762635780344E-17,0.));
#8002=DIRECTION('',(-1.,6.7762635780344E-17,7.2280144832367E-16));
#8003=DIRECTION('',(0.,0.,1.));
#8004=DIRECTION('',(-1.,6.7762635780344E-17,0.));
#8005=DIRECTION('',(-2.16840434497101E-16,1.46936793852786E-32,-1.));
#8006=DIRECTION('',(1.,-6.7762635780344E-17,0.));
#8007=DIRECTION('',(1.0842021724855E-15,-7.3468396926393E-32,1.));
#8008=DIRECTION('',(1.,-6.7762635780344E-17,0.));
#8009=DIRECTION('',(0.,0.,-1.));
#8010=DIRECTION('',(0.,0.,-1.));
#8011=DIRECTION('',(-1.,6.7762635780344E-17,0.));
#8012=DIRECTION('',(0.,0.,-1.));
#8013=DIRECTION('',(1.,-6.7762635780344E-17,0.));
#8014=DIRECTION('',(1.,-6.7762635780344E-17,0.));
#8015=DIRECTION('',(1.,-6.7762635780344E-17,0.));
#8016=DIRECTION('',(0.,0.,1.));
#8017=DIRECTION('',(-1.,6.7762635780344E-17,0.));
#8018=DIRECTION('',(0.,0.,-1.));
#8019=DIRECTION('',(-1.,6.7762635780344E-17,0.));
#8020=DIRECTION('',(-1.,6.7762635780344E-17,0.));
#8021=DIRECTION('',(0.,0.,-1.));
#8022=DIRECTION('',(1.,-6.7762635780344E-17,0.));
#8023=DIRECTION('',(1.,-6.7762635780344E-17,0.));
#8024=DIRECTION('',(1.,-6.7762635780344E-17,0.));
#8025=DIRECTION('',(0.,0.,1.));
#8026=DIRECTION('',(-1.,6.7762635780344E-17,0.));
#8027=DIRECTION('',(-1.,6.7762635780344E-17,0.));
#8028=DIRECTION('',(0.,0.,1.));
#8029=DIRECTION('',(0.,0.,-1.));
#8030=DIRECTION('',(1.,-6.7762635780344E-17,0.));
#8031=DIRECTION('',(-1.,6.7762635780344E-17,0.));
#8032=DIRECTION('',(0.,0.,-1.));
#8033=DIRECTION('',(0.,0.,1.));
#8034=DIRECTION('',(-1.,6.7762635780344E-17,0.));
#8035=DIRECTION('',(-0.357439656353384,2.42210532469257E-17,-0.933936235546076));
#8036=DIRECTION('',(1.,-6.7762635780344E-17,0.));
#8037=DIRECTION('',(0.35112344158839,-2.3793049886295E-17,0.936329177569045));
#8038=DIRECTION('',(1.,-6.7762635780344E-17,0.));
#8039=DIRECTION('',(0.333847142244594,-2.26223623062291E-17,-0.942627225161208));
#8040=DIRECTION('',(1.,-6.7762635780344E-17,0.));
#8041=DIRECTION('',(-0.356411752417096,2.41513997668738E-17,0.934328990633907));
#8042=DIRECTION('',(-1.,6.7762635780344E-17,0.));
#8043=DIRECTION('',(-0.357439656353384,2.42210532469257E-17,-0.933936235546076));
#8044=DIRECTION('',(1.,-6.7762635780344E-17,0.));
#8045=DIRECTION('',(0.351123441588387,-2.37930498862948E-17,0.936329177569046));
#8046=DIRECTION('',(1.,-6.7762635780344E-17,0.));
#8047=DIRECTION('',(0.333847142244597,-2.26223623062293E-17,-0.942627225161206));
#8048=DIRECTION('',(1.,-6.7762635780344E-17,0.));
#8049=DIRECTION('',(-0.356411752417096,2.41513997668738E-17,0.934328990633907));
#8050=DIRECTION('center_axis',(-6.7762635780344E-17,-1.,0.));
#8051=DIRECTION('ref_axis',(-1.,6.7762635780344E-17,0.));
#8052=DIRECTION('',(0.,0.,-1.));
#8053=DIRECTION('',(1.,-6.7762635780344E-17,0.));
#8054=DIRECTION('',(0.,0.,1.));
#8055=DIRECTION('',(-1.,6.7762635780344E-17,0.));
#8056=DIRECTION('',(0.,0.,-1.));
#8057=DIRECTION('',(-1.,6.7762635780344E-17,0.));
#8058=DIRECTION('',(-1.,6.7762635780344E-17,0.));
#8059=DIRECTION('',(1.,-6.7762635780344E-17,0.));
#8060=DIRECTION('',(1.,-6.7762635780344E-17,0.));
#8061=DIRECTION('',(0.,0.,1.));
#8062=DIRECTION('',(-1.,6.7762635780344E-17,0.));
#8063=DIRECTION('',(0.,0.,-1.));
#8064=DIRECTION('',(-1.,0.,0.));
#8065=DIRECTION('',(0.,0.,-1.));
#8066=DIRECTION('',(-1.,0.,0.));
#8067=DIRECTION('',(0.,0.,-1.));
#8068=DIRECTION('center_axis',(-1.,0.,0.));
#8069=DIRECTION('ref_axis',(0.,0.,1.));
#8070=DIRECTION('',(6.7762635780344E-17,1.,0.));
#8071=DIRECTION('',(0.,1.,0.));
#8072=DIRECTION('',(0.,0.,-1.));
#8073=DIRECTION('',(6.7762635780344E-17,1.,0.));
#8074=DIRECTION('',(0.,0.,1.));
#8075=DIRECTION('center_axis',(-1.,0.,0.));
#8076=DIRECTION('ref_axis',(0.,1.,0.));
#8077=DIRECTION('',(0.,1.,1.15374907426723E-15));
#8078=DIRECTION('center_axis',(1.,0.,0.));
#8079=DIRECTION('ref_axis',(0.,0.,-1.));
#8080=DIRECTION('',(0.,1.,-1.44896094291209E-15));
#8081=DIRECTION('',(0.,0.,-1.));
#8082=DIRECTION('',(0.,-1.,4.27396965644368E-17));
#8083=DIRECTION('center_axis',(1.,0.,0.));
#8084=DIRECTION('ref_axis',(0.,0.,-1.));
#8085=DIRECTION('center_axis',(1.,0.,0.));
#8086=DIRECTION('ref_axis',(0.,0.,-1.));
#8087=DIRECTION('center_axis',(1.,0.,0.));
#8088=DIRECTION('ref_axis',(0.,0.,-1.));
#8089=DIRECTION('',(0.,-1.,-2.0750312608512E-15));
#8090=DIRECTION('',(0.,0.,1.));
#8091=DIRECTION('center_axis',(1.,0.,0.));
#8092=DIRECTION('ref_axis',(0.,0.,1.));
#8093=DIRECTION('',(1.,0.,0.));
#8094=DIRECTION('center_axis',(1.,0.,0.));
#8095=DIRECTION('ref_axis',(0.,0.,-1.));
#8096=DIRECTION('',(1.,0.,0.));
#8097=DIRECTION('center_axis',(1.,0.,0.));
#8098=DIRECTION('ref_axis',(0.,0.,1.));
#8099=DIRECTION('center_axis',(1.,0.,0.));
#8100=DIRECTION('ref_axis',(0.,0.,-1.));
#8101=DIRECTION('',(1.,0.,0.));
#8102=DIRECTION('center_axis',(1.,0.,0.));
#8103=DIRECTION('ref_axis',(0.,0.,1.));
#8104=DIRECTION('center_axis',(1.,0.,0.));
#8105=DIRECTION('ref_axis',(0.,0.,-1.));
#8106=DIRECTION('',(1.,0.,0.));
#8107=DIRECTION('center_axis',(0.,2.0750312608512E-15,-1.));
#8108=DIRECTION('ref_axis',(0.,1.,2.0750312608512E-15));
#8109=DIRECTION('',(0.,-1.,-2.0750312608512E-15));
#8110=DIRECTION('center_axis',(0.,-2.0750312608512E-15,1.));
#8111=DIRECTION('ref_axis',(0.,1.,2.0750312608512E-15));
#8112=DIRECTION('',(1.,0.,0.));
#8113=DIRECTION('center_axis',(0.,-2.0750312608512E-15,1.));
#8114=DIRECTION('ref_axis',(0.,1.,2.0750312608512E-15));
#8115=DIRECTION('center_axis',(0.,-1.,0.));
#8116=DIRECTION('ref_axis',(0.,0.,-1.));
#8117=DIRECTION('',(0.,0.,1.));
#8118=DIRECTION('',(1.,0.,0.));
#8119=DIRECTION('',(0.,0.,1.));
#8120=DIRECTION('center_axis',(0.,-1.15374907426723E-15,1.));
#8121=DIRECTION('ref_axis',(0.,-1.,-1.15374907426723E-15));
#8122=DIRECTION('center_axis',(0.,1.15374907426723E-15,-1.));
#8123=DIRECTION('ref_axis',(0.,-1.,-1.15374907426723E-15));
#8124=DIRECTION('',(0.,1.,1.15374907426723E-15));
#8125=DIRECTION('',(1.,0.,0.));
#8126=DIRECTION('center_axis',(0.,1.15374907426723E-15,-1.));
#8127=DIRECTION('ref_axis',(0.,-1.,-1.15374907426723E-15));
#8128=DIRECTION('center_axis',(1.,0.,0.));
#8129=DIRECTION('ref_axis',(0.,0.,1.));
#8130=DIRECTION('center_axis',(1.,0.,0.));
#8131=DIRECTION('ref_axis',(0.,0.,-1.));
#8132=DIRECTION('',(1.,0.,0.));
#8133=DIRECTION('center_axis',(0.,1.44896094291209E-15,1.));
#8134=DIRECTION('ref_axis',(0.,-1.,1.44896094291209E-15));
#8135=DIRECTION('',(0.,1.,-1.44896094291209E-15));
#8136=DIRECTION('',(1.,0.,0.));
#8137=DIRECTION('center_axis',(0.,-4.27396965644368E-17,-1.));
#8138=DIRECTION('ref_axis',(0.,1.,-4.27396965644368E-17));
#8139=DIRECTION('',(1.,0.,0.));
#8140=DIRECTION('',(0.,-1.,4.27396965644368E-17));
#8141=DIRECTION('center_axis',(-1.,0.,0.));
#8142=DIRECTION('ref_axis',(0.,1.,0.));
#8143=DIRECTION('',(0.,0.,-1.));
#8144=DIRECTION('',(0.,0.,1.));
#8145=DIRECTION('center_axis',(0.,0.,-1.));
#8146=DIRECTION('ref_axis',(1.,0.,0.));
#8147=DIRECTION('center_axis',(0.,0.,1.));
#8148=DIRECTION('ref_axis',(-1.,0.,0.));
#8149=DIRECTION('center_axis',(1.14126544472158E-16,1.,0.));
#8150=DIRECTION('ref_axis',(-1.,1.14126544472158E-16,0.));
#8151=DIRECTION('',(0.,0.,-1.));
#8152=DIRECTION('',(1.,-1.14126544472158E-16,0.));
#8153=DIRECTION('',(0.,0.,-1.));
#8154=DIRECTION('',(0.,0.,-1.));
#8155=DIRECTION('',(-1.,0.,0.));
#8156=DIRECTION('',(0.,0.,-1.));
#8157=DIRECTION('',(-1.,0.,0.));
#8158=DIRECTION('center_axis',(1.,-3.61400724161835E-16,0.));
#8159=DIRECTION('ref_axis',(3.61400724161835E-16,1.,0.));
#8160=DIRECTION('',(0.,0.,-1.));
#8161=DIRECTION('',(-3.61400724161835E-16,-1.,0.));
#8162=DIRECTION('center_axis',(0.,1.,0.));
#8163=DIRECTION('ref_axis',(0.,0.,1.));
#8164=DIRECTION('',(0.,0.,-1.));
#8165=DIRECTION('',(1.,0.,0.));
#8166=DIRECTION('center_axis',(-1.,0.,0.));
#8167=DIRECTION('ref_axis',(0.,0.,1.));
#8168=DIRECTION('',(0.,0.,-1.));
#8169=DIRECTION('',(0.,1.,0.));
#8170=DIRECTION('center_axis',(5.10212787052002E-16,1.,0.));
#8171=DIRECTION('ref_axis',(-1.,5.10212787052002E-16,0.));
#8172=DIRECTION('',(0.,0.,-1.));
#8173=DIRECTION('',(1.,-5.10212787052002E-16,0.));
#8174=DIRECTION('',(-1.,0.,0.));
#8175=DIRECTION('',(0.,0.,-1.));
#8176=DIRECTION('',(-1.,0.,0.));
#8177=DIRECTION('',(0.,0.,-1.));
#8178=DIRECTION('center_axis',(1.,0.,0.));
#8179=DIRECTION('ref_axis',(0.,0.,-1.));
#8180=DIRECTION('',(0.,0.,-1.));
#8181=DIRECTION('',(0.,-1.,0.));
#8182=DIRECTION('center_axis',(0.,1.,0.));
#8183=DIRECTION('ref_axis',(0.,0.,1.));
#8184=DIRECTION('',(1.,0.,0.));
#8185=DIRECTION('center_axis',(1.,0.,0.));
#8186=DIRECTION('ref_axis',(0.,0.,-1.));
#8187=DIRECTION('',(0.,0.,-1.));
#8188=DIRECTION('',(0.,-1.,0.));
#8189=DIRECTION('center_axis',(0.,1.,0.));
#8190=DIRECTION('ref_axis',(0.,0.,1.));
#8191=DIRECTION('',(0.,0.,-1.));
#8192=DIRECTION('',(1.,0.,0.));
#8193=DIRECTION('center_axis',(-1.,0.,0.));
#8194=DIRECTION('ref_axis',(0.,0.,1.));
#8195=DIRECTION('',(0.,0.,-1.));
#8196=DIRECTION('',(0.,1.,0.));
#8197=DIRECTION('center_axis',(0.,1.,0.));
#8198=DIRECTION('ref_axis',(0.,0.,1.));
#8199=DIRECTION('',(0.,0.,-1.));
#8200=DIRECTION('',(1.,0.,0.));
#8201=DIRECTION('center_axis',(1.,0.,0.));
#8202=DIRECTION('ref_axis',(0.,0.,-1.));
#8203=DIRECTION('',(0.,0.,-1.));
#8204=DIRECTION('',(0.,-1.,0.));
#8205=DIRECTION('center_axis',(0.,1.,0.));
#8206=DIRECTION('ref_axis',(0.,0.,1.));
#8207=DIRECTION('',(0.,0.,-1.));
#8208=DIRECTION('',(1.,0.,0.));
#8209=DIRECTION('center_axis',(-1.,-3.61400724161835E-16,0.));
#8210=DIRECTION('ref_axis',(3.61400724161835E-16,-1.,0.));
#8211=DIRECTION('',(-3.61400724161835E-16,1.,0.));
#8212=DIRECTION('center_axis',(0.,0.,-1.));
#8213=DIRECTION('ref_axis',(-1.,0.,0.));
#8214=DIRECTION('center_axis',(0.,0.,-1.));
#8215=DIRECTION('ref_axis',(1.,0.,0.));
#8216=DIRECTION('',(0.,0.,-1.));
#8217=DIRECTION('center_axis',(0.,0.,-1.));
#8218=DIRECTION('ref_axis',(-1.,0.,0.));
#8219=DIRECTION('center_axis',(0.,0.,-1.));
#8220=DIRECTION('ref_axis',(1.,0.,0.));
#8221=DIRECTION('',(0.,0.,-1.));
#8222=DIRECTION('center_axis',(0.,0.,1.));
#8223=DIRECTION('ref_axis',(1.,0.,0.));
#8224=DIRECTION('center_axis',(0.,9.05600589320057E-17,-1.));
#8225=DIRECTION('ref_axis',(0.,1.,9.05600589320057E-17));
#8226=DIRECTION('',(-6.12303176911189E-17,-1.,-9.05600589320057E-17));
#8227=DIRECTION('',(-6.12303176911189E-17,-1.,-9.05600589320057E-17));
#8228=DIRECTION('',(-1.,0.,0.));
#8229=DIRECTION('center_axis',(-1.,0.,0.));
#8230=DIRECTION('ref_axis',(0.,-2.9861597890357E-15,-1.));
#8231=DIRECTION('center_axis',(-1.,6.12303176911189E-17,0.));
#8232=DIRECTION('ref_axis',(6.12303176911189E-17,1.,0.));
#8233=DIRECTION('center_axis',(-1.,6.12303176911189E-17,0.));
#8234=DIRECTION('ref_axis',(6.12303176911189E-17,1.,0.));
#8235=DIRECTION('',(-1.,0.,0.));
#8236=DIRECTION('center_axis',(0.,0.,-1.));
#8237=DIRECTION('ref_axis',(-1.,0.,0.));
#8238=DIRECTION('',(-1.,0.,0.));
#8239=DIRECTION('center_axis',(0.,0.,-1.));
#8240=DIRECTION('ref_axis',(-1.,0.,0.));
#8241=DIRECTION('',(-6.12303176911189E-17,-1.,0.));
#8242=DIRECTION('',(-6.12303176911189E-17,-1.,0.));
#8243=DIRECTION('center_axis',(0.,0.,-1.));
#8244=DIRECTION('ref_axis',(-1.,0.,0.));
#8245=DIRECTION('center_axis',(0.,-1.,0.));
#8246=DIRECTION('ref_axis',(0.,0.,-1.));
#8247=DIRECTION('',(-1.,0.,0.));
#8248=DIRECTION('',(0.,0.,1.));
#8249=DIRECTION('',(0.,0.,1.));
#8250=DIRECTION('center_axis',(0.,1.64685020702476E-16,1.));
#8251=DIRECTION('ref_axis',(0.,-1.,1.64685020702476E-16));
#8252=DIRECTION('',(6.12303176911189E-17,1.,-1.64685020702476E-16));
#8253=DIRECTION('center_axis',(0.,1.64685020702476E-16,1.));
#8254=DIRECTION('ref_axis',(0.,-1.,1.64685020702476E-16));
#8255=DIRECTION('center_axis',(0.,1.64685020702476E-16,1.));
#8256=DIRECTION('ref_axis',(0.,-1.,1.64685020702476E-16));
#8257=DIRECTION('',(6.12303176911189E-17,1.,-1.64685020702476E-16));
#8258=DIRECTION('',(-1.,0.,0.));
#8259=DIRECTION('center_axis',(-1.,0.,0.));
#8260=DIRECTION('ref_axis',(0.,0.,1.));
#8261=DIRECTION('center_axis',(-1.,6.12303176911189E-17,0.));
#8262=DIRECTION('ref_axis',(6.12303176911189E-17,1.,0.));
#8263=DIRECTION('center_axis',(-1.,6.12303176911189E-17,0.));
#8264=DIRECTION('ref_axis',(6.12303176911189E-17,1.,0.));
#8265=DIRECTION('',(-1.,0.,0.));
#8266=DIRECTION('center_axis',(-1.,0.,0.));
#8267=DIRECTION('ref_axis',(0.,-4.31842741858589E-15,-1.));
#8268=DIRECTION('center_axis',(1.,-6.12303176911189E-17,0.));
#8269=DIRECTION('ref_axis',(6.12303176911189E-17,1.,0.));
#8270=DIRECTION('center_axis',(1.,-6.12303176911189E-17,0.));
#8271=DIRECTION('ref_axis',(6.12303176911189E-17,1.,0.));
#8272=DIRECTION('',(-1.,0.,0.));
#8273=DIRECTION('center_axis',(-1.,0.,0.));
#8274=DIRECTION('ref_axis',(0.,0.,1.));
#8275=DIRECTION('center_axis',(-1.,6.12303176911189E-17,0.));
#8276=DIRECTION('ref_axis',(6.12303176911189E-17,1.,0.));
#8277=DIRECTION('center_axis',(-1.,6.12303176911189E-17,0.));
#8278=DIRECTION('ref_axis',(6.12303176911189E-17,1.,0.));
#8279=DIRECTION('',(-1.,0.,0.));
#8280=DIRECTION('center_axis',(0.,-4.27396965644368E-17,1.));
#8281=DIRECTION('ref_axis',(0.,-1.,-4.27396965644368E-17));
#8282=DIRECTION('',(6.12303176911189E-17,1.,4.27396965644368E-17));
#8283=DIRECTION('',(6.12303176911189E-17,1.,4.27396965644368E-17));
#8284=DIRECTION('center_axis',(-1.,6.12303176911189E-17,0.));
#8285=DIRECTION('ref_axis',(-6.12303176911189E-17,-1.,0.));
#8286=DIRECTION('',(0.,0.,1.));
#8287=DIRECTION('center_axis',(-1.,6.12303176911189E-17,0.));
#8288=DIRECTION('ref_axis',(-6.12303176911189E-17,-1.,0.));
#8289=DIRECTION('',(0.,0.,1.));
#8290=DIRECTION('center_axis',(1.,0.,0.));
#8291=DIRECTION('ref_axis',(0.,1.,0.));
#8292=DIRECTION('',(0.,1.,1.15374907426723E-15));
#8293=DIRECTION('',(0.,0.,1.));
#8294=DIRECTION('',(0.,-1.,-2.0750312608512E-15));
#8295=DIRECTION('center_axis',(1.,0.,0.));
#8296=DIRECTION('ref_axis',(0.,0.,-1.));
#8297=DIRECTION('center_axis',(1.,0.,0.));
#8298=DIRECTION('ref_axis',(0.,0.,-1.));
#8299=DIRECTION('center_axis',(1.,0.,0.));
#8300=DIRECTION('ref_axis',(0.,0.,-1.));
#8301=DIRECTION('',(0.,-1.,4.27396965644368E-17));
#8302=DIRECTION('',(0.,1.,-1.44896094291209E-15));
#8303=DIRECTION('center_axis',(1.,0.,0.));
#8304=DIRECTION('ref_axis',(0.,0.,-1.));
#8305=DIRECTION('center_axis',(-1.,0.,0.));
#8306=DIRECTION('ref_axis',(0.,0.,1.));
#8307=DIRECTION('',(-1.,0.,0.));
#8308=DIRECTION('',(-1.,0.,0.));
#8309=DIRECTION('center_axis',(1.,0.,0.));
#8310=DIRECTION('ref_axis',(0.,0.,-1.));
#8311=DIRECTION('center_axis',(-1.,0.,0.));
#8312=DIRECTION('ref_axis',(0.,0.,1.));
#8313=DIRECTION('',(-1.,0.,0.));
#8314=DIRECTION('center_axis',(1.,0.,0.));
#8315=DIRECTION('ref_axis',(0.,0.,-1.));
#8316=DIRECTION('center_axis',(-1.,0.,0.));
#8317=DIRECTION('ref_axis',(0.,0.,1.));
#8318=DIRECTION('',(-1.,0.,0.));
#8319=DIRECTION('center_axis',(1.,0.,0.));
#8320=DIRECTION('ref_axis',(0.,0.,-1.));
#8321=DIRECTION('center_axis',(0.,2.0750312608512E-15,-1.));
#8322=DIRECTION('ref_axis',(0.,1.,2.0750312608512E-15));
#8323=DIRECTION('center_axis',(0.,2.0750312608512E-15,-1.));
#8324=DIRECTION('ref_axis',(0.,1.,2.0750312608512E-15));
#8325=DIRECTION('',(-1.,0.,0.));
#8326=DIRECTION('center_axis',(0.,2.0750312608512E-15,-1.));
#8327=DIRECTION('ref_axis',(0.,1.,2.0750312608512E-15));
#8328=DIRECTION('',(0.,-1.,-2.0750312608512E-15));
#8329=DIRECTION('center_axis',(0.,-1.,0.));
#8330=DIRECTION('ref_axis',(0.,0.,-1.));
#8331=DIRECTION('',(0.,0.,1.));
#8332=DIRECTION('',(-1.,0.,0.));
#8333=DIRECTION('',(0.,0.,1.));
#8334=DIRECTION('center_axis',(0.,-1.15374907426723E-15,1.));
#8335=DIRECTION('ref_axis',(0.,-1.,-1.15374907426723E-15));
#8336=DIRECTION('center_axis',(0.,-1.15374907426723E-15,1.));
#8337=DIRECTION('ref_axis',(0.,-1.,-1.15374907426723E-15));
#8338=DIRECTION('',(-1.,0.,0.));
#8339=DIRECTION('',(0.,1.,1.15374907426723E-15));
#8340=DIRECTION('center_axis',(0.,-1.15374907426723E-15,1.));
#8341=DIRECTION('ref_axis',(0.,-1.,-1.15374907426723E-15));
#8342=DIRECTION('center_axis',(-1.,0.,0.));
#8343=DIRECTION('ref_axis',(0.,0.,1.));
#8344=DIRECTION('',(-1.,0.,0.));
#8345=DIRECTION('center_axis',(1.,0.,0.));
#8346=DIRECTION('ref_axis',(0.,0.,-1.));
#8347=DIRECTION('center_axis',(0.,1.44896094291209E-15,1.));
#8348=DIRECTION('ref_axis',(0.,-1.,1.44896094291209E-15));
#8349=DIRECTION('',(0.,1.,-1.44896094291209E-15));
#8350=DIRECTION('center_axis',(0.,-4.27396965644368E-17,-1.));
#8351=DIRECTION('ref_axis',(0.,1.,-4.27396965644368E-17));
#8352=DIRECTION('',(0.,-1.,4.27396965644368E-17));
#8353=DIRECTION('center_axis',(1.,0.,0.));
#8354=DIRECTION('ref_axis',(0.,1.,0.));
#8355=DIRECTION('',(0.,0.,1.));
#8356=DIRECTION('center_axis',(0.,0.,-1.));
#8357=DIRECTION('ref_axis',(-1.,0.,0.));
#8358=DIRECTION('center_axis',(0.,0.,1.));
#8359=DIRECTION('ref_axis',(1.,0.,0.));
#8360=DIRECTION('center_axis',(0.,0.,-1.));
#8361=DIRECTION('ref_axis',(-1.,0.,0.));
#8362=DIRECTION('center_axis',(0.,0.,1.));
#8363=DIRECTION('ref_axis',(1.,0.,0.));
#8364=DIRECTION('center_axis',(1.,-2.168404344971E-14,0.));
#8365=DIRECTION('ref_axis',(2.168404344971E-14,1.,0.));
#8366=DIRECTION('',(-2.168404344971E-14,-1.,0.));
#8367=DIRECTION('',(0.,0.,-1.));
#8368=DIRECTION('',(-2.168404344971E-14,-1.,0.));
#8369=DIRECTION('center_axis',(-1.,1.0842021724855E-14,0.));
#8370=DIRECTION('ref_axis',(-1.0842021724855E-14,-1.,0.));
#8371=DIRECTION('',(1.0842021724855E-14,1.,0.));
#8372=DIRECTION('',(1.0842021724855E-14,1.,0.));
#8373=DIRECTION('',(0.,0.,-1.));
#8374=DIRECTION('center_axis',(0.,0.,-1.));
#8375=DIRECTION('ref_axis',(-1.,0.,0.));
#8376=DIRECTION('center_axis',(0.,0.,-1.));
#8377=DIRECTION('ref_axis',(1.,0.,0.));
#8378=DIRECTION('center_axis',(0.,0.,-1.));
#8379=DIRECTION('ref_axis',(1.,0.,0.));
#8380=DIRECTION('',(0.,0.,-1.));
#8381=DIRECTION('center_axis',(8.0755597816897E-16,1.,0.));
#8382=DIRECTION('ref_axis',(-1.,8.0755597816897E-16,0.));
#8383=DIRECTION('',(1.,-8.0755597816897E-16,0.));
#8384=DIRECTION('',(1.,-8.0755597816897E-16,0.));
#8385=DIRECTION('',(0.,0.,-1.));
#8386=DIRECTION('center_axis',(0.,0.,-1.));
#8387=DIRECTION('ref_axis',(-1.,0.,0.));
#8388=DIRECTION('center_axis',(0.,0.,-1.));
#8389=DIRECTION('ref_axis',(-1.,0.,0.));
#8390=DIRECTION('center_axis',(0.,0.,-1.));
#8391=DIRECTION('ref_axis',(-1.,0.,0.));
#8392=DIRECTION('center_axis',(0.,0.,-1.));
#8393=DIRECTION('ref_axis',(-1.,0.,0.));
#8394=DIRECTION('center_axis',(0.,0.,-1.));
#8395=DIRECTION('ref_axis',(-1.,0.,0.));
#8396=DIRECTION('center_axis',(-7.2280144832367E-16,4.8978931284262E-32,
-1.));
#8397=DIRECTION('ref_axis',(-1.,0.,7.2280144832367E-16));
#8398=DIRECTION('',(-1.,6.7762635780344E-17,7.2280144832367E-16));
#8399=DIRECTION('',(6.7762635780344E-17,1.,0.));
#8400=DIRECTION('center_axis',(-1.,6.7762635780344E-17,0.));
#8401=DIRECTION('ref_axis',(-6.7762635780344E-17,-1.,0.));
#8402=DIRECTION('',(0.,0.,1.));
#8403=DIRECTION('',(6.7762635780344E-17,1.,0.));
#8404=DIRECTION('center_axis',(0.,0.,-1.));
#8405=DIRECTION('ref_axis',(-1.,0.,0.));
#8406=DIRECTION('',(-1.,6.7762635780344E-17,0.));
#8407=DIRECTION('',(6.7762635780344E-17,1.,0.));
#8408=DIRECTION('center_axis',(1.,-6.7762635780344E-17,-2.16840434497101E-16));
#8409=DIRECTION('ref_axis',(-2.16840434497101E-16,0.,-1.));
#8410=DIRECTION('',(-2.16840434497101E-16,1.46936793852786E-32,-1.));
#8411=DIRECTION('',(6.7762635780344E-17,1.,0.));
#8412=DIRECTION('center_axis',(0.,0.,1.));
#8413=DIRECTION('ref_axis',(1.,0.,0.));
#8414=DIRECTION('',(1.,-6.7762635780344E-17,0.));
#8415=DIRECTION('',(6.7762635780344E-17,1.,0.));
#8416=DIRECTION('center_axis',(-1.,6.7762635780344E-17,1.0842021724855E-15));
#8417=DIRECTION('ref_axis',(1.0842021724855E-15,0.,1.));
#8418=DIRECTION('',(1.0842021724855E-15,-7.3468396926393E-32,1.));
#8419=DIRECTION('',(6.7762635780344E-17,1.,0.));
#8420=DIRECTION('center_axis',(0.,0.,1.));
#8421=DIRECTION('ref_axis',(1.,0.,0.));
#8422=DIRECTION('',(1.,-6.7762635780344E-17,0.));
#8423=DIRECTION('center_axis',(-6.7762635780344E-17,-1.,0.));
#8424=DIRECTION('ref_axis',(1.,-6.7762635780344E-17,0.));
#8425=DIRECTION('center_axis',(0.,0.,-1.));
#8426=DIRECTION('ref_axis',(-1.,0.,0.));
#8427=DIRECTION('',(6.7762635780344E-17,1.,0.));
#8428=DIRECTION('',(-1.,6.7762635780344E-17,0.));
#8429=DIRECTION('',(6.7762635780344E-17,1.,0.));
#8430=DIRECTION('',(6.7762635780344E-17,1.,0.));
#8431=DIRECTION('center_axis',(0.,0.,1.));
#8432=DIRECTION('ref_axis',(1.,0.,0.));
#8433=DIRECTION('',(1.,-6.7762635780344E-17,0.));
#8434=DIRECTION('',(6.7762635780344E-17,1.,0.));
#8435=DIRECTION('',(6.7762635780344E-17,1.,0.));
#8436=DIRECTION('center_axis',(0.,0.,1.));
#8437=DIRECTION('ref_axis',(1.,0.,0.));
#8438=DIRECTION('',(1.,-6.7762635780344E-17,0.));
#8439=DIRECTION('',(6.7762635780344E-17,1.,0.));
#8440=DIRECTION('center_axis',(-1.,6.7762635780344E-17,0.));
#8441=DIRECTION('ref_axis',(-6.7762635780344E-17,-1.,0.));
#8442=DIRECTION('',(0.,0.,1.));
#8443=DIRECTION('',(6.7762635780344E-17,1.,0.));
#8444=DIRECTION('center_axis',(0.,0.,-1.));
#8445=DIRECTION('ref_axis',(-1.,0.,0.));
#8446=DIRECTION('',(-1.,6.7762635780344E-17,0.));
#8447=DIRECTION('',(6.7762635780344E-17,1.,0.));
#8448=DIRECTION('center_axis',(1.,-6.7762635780344E-17,0.));
#8449=DIRECTION('ref_axis',(6.7762635780344E-17,1.,0.));
#8450=DIRECTION('',(0.,0.,-1.));
#8451=DIRECTION('center_axis',(0.,1.,0.));
#8452=DIRECTION('ref_axis',(0.,0.,1.));
#8453=DIRECTION('',(0.,-1.,0.));
#8454=DIRECTION('',(0.,-1.,0.));
#8455=DIRECTION('center_axis',(0.,1.,0.));
#8456=DIRECTION('ref_axis',(0.,0.,1.));
#8457=DIRECTION('center_axis',(-6.7762635780344E-17,-1.,0.));
#8458=DIRECTION('ref_axis',(1.,-6.7762635780344E-17,0.));
#8459=DIRECTION('center_axis',(6.7762635780344E-17,1.,0.));
#8460=DIRECTION('ref_axis',(-1.,6.7762635780344E-17,0.));
#8461=DIRECTION('',(6.7762635780344E-17,1.,0.));
#8462=DIRECTION('center_axis',(-6.7762635780344E-17,-1.,0.));
#8463=DIRECTION('ref_axis',(-1.,6.7762635780344E-17,0.));
#8464=DIRECTION('',(6.7762635780344E-17,1.,0.));
#8465=DIRECTION('center_axis',(1.,-6.7762635780344E-17,0.));
#8466=DIRECTION('ref_axis',(6.7762635780344E-17,1.,0.));
#8467=DIRECTION('',(0.,0.,-1.));
#8468=DIRECTION('',(6.7762635780344E-17,1.,0.));
#8469=DIRECTION('',(6.7762635780344E-17,1.,0.));
#8470=DIRECTION('center_axis',(0.,0.,1.));
#8471=DIRECTION('ref_axis',(1.,0.,0.));
#8472=DIRECTION('',(1.,-6.7762635780344E-17,0.));
#8473=DIRECTION('',(6.7762635780344E-17,1.,0.));
#8474=DIRECTION('center_axis',(-1.,6.7762635780344E-17,0.));
#8475=DIRECTION('ref_axis',(-6.7762635780344E-17,-1.,0.));
#8476=DIRECTION('',(0.,0.,1.));
#8477=DIRECTION('',(6.7762635780344E-17,1.,0.));
#8478=DIRECTION('center_axis',(0.,0.,-1.));
#8479=DIRECTION('ref_axis',(-1.,0.,0.));
#8480=DIRECTION('',(-1.,6.7762635780344E-17,0.));
#8481=DIRECTION('',(6.7762635780344E-17,1.,0.));
#8482=DIRECTION('center_axis',(1.,-6.7762635780344E-17,0.));
#8483=DIRECTION('ref_axis',(6.7762635780344E-17,1.,0.));
#8484=DIRECTION('',(0.,0.,-1.));
#8485=DIRECTION('',(6.7762635780344E-17,1.,0.));
#8486=DIRECTION('center_axis',(0.,0.,-1.));
#8487=DIRECTION('ref_axis',(-1.,0.,0.));
#8488=DIRECTION('',(-1.,6.7762635780344E-17,0.));
#8489=DIRECTION('center_axis',(-6.7762635780344E-17,-1.,0.));
#8490=DIRECTION('ref_axis',(1.,-6.7762635780344E-17,0.));
#8491=DIRECTION('',(6.7762635780344E-17,1.,0.));
#8492=DIRECTION('',(6.7762635780344E-17,1.,0.));
#8493=DIRECTION('',(6.7762635780344E-17,1.,0.));
#8494=DIRECTION('center_axis',(0.,0.,1.));
#8495=DIRECTION('ref_axis',(1.,0.,0.));
#8496=DIRECTION('',(1.,-6.7762635780344E-17,0.));
#8497=DIRECTION('',(6.7762635780344E-17,1.,0.));
#8498=DIRECTION('',(6.7762635780344E-17,1.,0.));
#8499=DIRECTION('center_axis',(0.,0.,1.));
#8500=DIRECTION('ref_axis',(1.,0.,0.));
#8501=DIRECTION('',(1.,-6.7762635780344E-17,0.));
#8502=DIRECTION('',(6.7762635780344E-17,1.,0.));
#8503=DIRECTION('',(6.7762635780344E-17,1.,0.));
#8504=DIRECTION('center_axis',(0.,0.,1.));
#8505=DIRECTION('ref_axis',(1.,0.,0.));
#8506=DIRECTION('',(1.,-6.7762635780344E-17,0.));
#8507=DIRECTION('',(6.7762635780344E-17,1.,0.));
#8508=DIRECTION('center_axis',(-1.,6.7762635780344E-17,0.));
#8509=DIRECTION('ref_axis',(-6.7762635780344E-17,-1.,0.));
#8510=DIRECTION('',(0.,0.,1.));
#8511=DIRECTION('',(6.7762635780344E-17,1.,0.));
#8512=DIRECTION('center_axis',(0.,0.,-1.));
#8513=DIRECTION('ref_axis',(-1.,0.,0.));
#8514=DIRECTION('',(-1.,6.7762635780344E-17,0.));
#8515=DIRECTION('',(6.7762635780344E-17,1.,0.));
#8516=DIRECTION('center_axis',(1.,-6.7762635780344E-17,0.));
#8517=DIRECTION('ref_axis',(6.7762635780344E-17,1.,0.));
#8518=DIRECTION('',(0.,0.,-1.));
#8519=DIRECTION('',(6.7762635780344E-17,1.,0.));
#8520=DIRECTION('center_axis',(0.,0.,-1.));
#8521=DIRECTION('ref_axis',(-1.,0.,0.));
#8522=DIRECTION('',(-1.,6.7762635780344E-17,0.));
#8523=DIRECTION('center_axis',(0.,1.,0.));
#8524=DIRECTION('ref_axis',(0.,0.,1.));
#8525=DIRECTION('',(0.,-1.,0.));
#8526=DIRECTION('',(0.,-1.,0.));
#8527=DIRECTION('center_axis',(0.,1.,0.));
#8528=DIRECTION('ref_axis',(0.,0.,1.));
#8529=DIRECTION('center_axis',(-6.7762635780344E-17,-1.,0.));
#8530=DIRECTION('ref_axis',(1.,-6.7762635780344E-17,0.));
#8531=DIRECTION('center_axis',(0.,0.,-1.));
#8532=DIRECTION('ref_axis',(-1.,0.,0.));
#8533=DIRECTION('',(6.7762635780344E-17,1.,0.));
#8534=DIRECTION('',(-1.,6.7762635780344E-17,0.));
#8535=DIRECTION('',(6.7762635780344E-17,1.,0.));
#8536=DIRECTION('center_axis',(1.,-6.7762635780344E-17,0.));
#8537=DIRECTION('ref_axis',(6.7762635780344E-17,1.,0.));
#8538=DIRECTION('',(0.,0.,-1.));
#8539=DIRECTION('',(6.7762635780344E-17,1.,0.));
#8540=DIRECTION('center_axis',(0.,0.,1.));
#8541=DIRECTION('ref_axis',(1.,0.,0.));
#8542=DIRECTION('',(1.,-6.7762635780344E-17,0.));
#8543=DIRECTION('',(6.7762635780344E-17,1.,0.));
#8544=DIRECTION('',(6.7762635780344E-17,1.,0.));
#8545=DIRECTION('center_axis',(0.,0.,1.));
#8546=DIRECTION('ref_axis',(1.,0.,0.));
#8547=DIRECTION('',(1.,-6.7762635780344E-17,0.));
#8548=DIRECTION('',(6.7762635780344E-17,1.,0.));
#8549=DIRECTION('',(6.7762635780344E-17,1.,0.));
#8550=DIRECTION('center_axis',(0.,0.,1.));
#8551=DIRECTION('ref_axis',(1.,0.,0.));
#8552=DIRECTION('',(1.,-6.7762635780344E-17,0.));
#8553=DIRECTION('',(6.7762635780344E-17,1.,0.));
#8554=DIRECTION('center_axis',(-1.,6.7762635780344E-17,0.));
#8555=DIRECTION('ref_axis',(-6.7762635780344E-17,-1.,0.));
#8556=DIRECTION('',(0.,0.,1.));
#8557=DIRECTION('',(6.7762635780344E-17,1.,0.));
#8558=DIRECTION('center_axis',(0.,0.,-1.));
#8559=DIRECTION('ref_axis',(-1.,0.,0.));
#8560=DIRECTION('',(-1.,6.7762635780344E-17,0.));
#8561=DIRECTION('',(6.7762635780344E-17,1.,0.));
#8562=DIRECTION('',(6.7762635780344E-17,1.,0.));
#8563=DIRECTION('center_axis',(0.,0.,-1.));
#8564=DIRECTION('ref_axis',(-1.,0.,0.));
#8565=DIRECTION('',(-1.,6.7762635780344E-17,0.));
#8566=DIRECTION('',(6.7762635780344E-17,1.,0.));
#8567=DIRECTION('center_axis',(0.,1.,0.));
#8568=DIRECTION('ref_axis',(0.,0.,1.));
#8569=DIRECTION('center_axis',(0.,0.,1.));
#8570=DIRECTION('ref_axis',(1.,0.,0.));
#8571=DIRECTION('',(1.,-6.7762635780344E-17,0.));
#8572=DIRECTION('',(6.7762635780344E-17,1.,0.));
#8573=DIRECTION('',(1.,-6.7762635780344E-17,0.));
#8574=DIRECTION('',(6.7762635780344E-17,1.,0.));
#8575=DIRECTION('',(6.7762635780344E-17,1.,0.));
#8576=DIRECTION('center_axis',(0.,0.,-1.));
#8577=DIRECTION('ref_axis',(-1.,0.,0.));
#8578=DIRECTION('',(-1.,6.7762635780344E-17,0.));
#8579=DIRECTION('',(-1.,6.7762635780344E-17,0.));
#8580=DIRECTION('',(6.7762635780344E-17,1.,0.));
#8581=DIRECTION('center_axis',(0.,0.,-1.));
#8582=DIRECTION('ref_axis',(-1.,0.,0.));
#8583=DIRECTION('',(6.7762635780344E-17,1.,0.));
#8584=DIRECTION('',(-1.,6.7762635780344E-17,0.));
#8585=DIRECTION('',(6.7762635780344E-17,1.,0.));
#8586=DIRECTION('center_axis',(0.933936235546076,-6.32859809713743E-17,
-0.357439656353384));
#8587=DIRECTION('ref_axis',(-0.357439656353384,0.,-0.933936235546076));
#8588=DIRECTION('',(-0.357439656353384,2.42210532469257E-17,-0.933936235546076));
#8589=DIRECTION('',(6.7762635780344E-17,1.,0.));
#8590=DIRECTION('center_axis',(0.,0.,1.));
#8591=DIRECTION('ref_axis',(1.,0.,0.));
#8592=DIRECTION('',(1.,-6.7762635780344E-17,0.));
#8593=DIRECTION('',(6.7762635780344E-17,1.,0.));
#8594=DIRECTION('center_axis',(-0.936329177569046,6.34481330301203E-17,
0.351123441588387));
#8595=DIRECTION('ref_axis',(0.351123441588387,0.,0.936329177569046));
#8596=DIRECTION('',(0.351123441588387,-2.37930498862948E-17,0.936329177569046));
#8597=DIRECTION('',(6.7762635780344E-17,1.,0.));
#8598=DIRECTION('center_axis',(0.,0.,1.));
#8599=DIRECTION('ref_axis',(1.,0.,0.));
#8600=DIRECTION('',(1.,-6.7762635780344E-17,0.));
#8601=DIRECTION('',(6.7762635780344E-17,1.,0.));
#8602=DIRECTION('center_axis',(0.942627225161206,-6.38749053352352E-17,
0.333847142244597));
#8603=DIRECTION('ref_axis',(0.333847142244597,-2.1570415377137E-32,-0.942627225161206));
#8604=DIRECTION('',(0.333847142244597,-2.26223623062293E-17,-0.942627225161206));
#8605=DIRECTION('',(6.7762635780344E-17,1.,0.));
#8606=DIRECTION('center_axis',(0.,0.,1.));
#8607=DIRECTION('ref_axis',(1.,0.,0.));
#8608=DIRECTION('',(1.,-6.7762635780344E-17,0.));
#8609=DIRECTION('',(6.7762635780344E-17,1.,0.));
#8610=DIRECTION('center_axis',(-0.934328990633907,6.33125950913419E-17,
-0.356411752417096));
#8611=DIRECTION('ref_axis',(-0.356411752417096,0.,0.934328990633907));
#8612=DIRECTION('',(-0.356411752417096,2.41513997668738E-17,0.934328990633907));
#8613=DIRECTION('center_axis',(-6.7762635780344E-17,-1.,0.));
#8614=DIRECTION('ref_axis',(1.,-6.7762635780344E-17,0.));
#8615=DIRECTION('center_axis',(-6.7762635780344E-17,-1.,0.));
#8616=DIRECTION('ref_axis',(1.,-6.7762635780344E-17,0.));
#8617=DIRECTION('center_axis',(-1.,6.7762635780344E-17,0.));
#8618=DIRECTION('ref_axis',(-6.7762635780344E-17,-1.,0.));
#8619=DIRECTION('',(6.7762635780344E-17,1.,0.));
#8620=DIRECTION('',(0.,0.,1.));
#8621=DIRECTION('',(6.7762635780344E-17,1.,0.));
#8622=DIRECTION('',(6.7762635780344E-17,1.,0.));
#8623=DIRECTION('center_axis',(1.,-6.7762635780344E-17,0.));
#8624=DIRECTION('ref_axis',(6.7762635780344E-17,1.,0.));
#8625=DIRECTION('',(0.,0.,-1.));
#8626=DIRECTION('',(6.7762635780344E-17,1.,0.));
#8627=DIRECTION('',(6.7762635780344E-17,1.,0.));
#8628=DIRECTION('',(6.7762635780344E-17,1.,0.));
#8629=DIRECTION('center_axis',(1.,-6.7762635780344E-17,0.));
#8630=DIRECTION('ref_axis',(6.7762635780344E-17,1.,0.));
#8631=DIRECTION('',(0.,0.,-1.));
#8632=DIRECTION('',(0.,0.,-1.));
#8633=DIRECTION('center_axis',(0.,0.,1.));
#8634=DIRECTION('ref_axis',(1.,0.,0.));
#8635=DIRECTION('',(1.,-6.7762635780344E-17,0.));
#8636=DIRECTION('center_axis',(0.,1.,0.));
#8637=DIRECTION('ref_axis',(0.,0.,1.));
#8638=DIRECTION('center_axis',(-6.7762635780344E-17,-1.,0.));
#8639=DIRECTION('ref_axis',(1.,-6.7762635780344E-17,0.));
#8640=DIRECTION('center_axis',(0.,0.,1.));
#8641=DIRECTION('ref_axis',(1.,0.,0.));
#8642=DIRECTION('',(1.,-6.7762635780344E-17,0.));
#8643=DIRECTION('',(6.7762635780344E-17,1.,0.));
#8644=DIRECTION('',(1.,-6.7762635780344E-17,0.));
#8645=DIRECTION('',(6.7762635780344E-17,1.,0.));
#8646=DIRECTION('',(6.7762635780344E-17,1.,0.));
#8647=DIRECTION('center_axis',(0.,0.,-1.));
#8648=DIRECTION('ref_axis',(-1.,0.,0.));
#8649=DIRECTION('',(-1.,6.7762635780344E-17,0.));
#8650=DIRECTION('',(-1.,6.7762635780344E-17,0.));
#8651=DIRECTION('',(6.7762635780344E-17,1.,0.));
#8652=DIRECTION('center_axis',(0.,0.,-1.));
#8653=DIRECTION('ref_axis',(-1.,0.,0.));
#8654=DIRECTION('',(6.7762635780344E-17,1.,0.));
#8655=DIRECTION('',(-1.,6.7762635780344E-17,0.));
#8656=DIRECTION('',(6.7762635780344E-17,1.,0.));
#8657=DIRECTION('center_axis',(0.933936235546076,-6.32859809713743E-17,
-0.357439656353384));
#8658=DIRECTION('ref_axis',(-0.357439656353384,0.,-0.933936235546076));
#8659=DIRECTION('',(-0.357439656353384,2.42210532469257E-17,-0.933936235546076));
#8660=DIRECTION('',(6.7762635780344E-17,1.,0.));
#8661=DIRECTION('center_axis',(0.,0.,1.));
#8662=DIRECTION('ref_axis',(1.,0.,0.));
#8663=DIRECTION('',(1.,-6.7762635780344E-17,0.));
#8664=DIRECTION('',(6.7762635780344E-17,1.,0.));
#8665=DIRECTION('center_axis',(-0.936329177569045,6.34481330301202E-17,
0.35112344158839));
#8666=DIRECTION('ref_axis',(0.35112344158839,0.,0.936329177569045));
#8667=DIRECTION('',(0.35112344158839,-2.3793049886295E-17,0.936329177569045));
#8668=DIRECTION('',(6.7762635780344E-17,1.,0.));
#8669=DIRECTION('center_axis',(0.,0.,1.));
#8670=DIRECTION('ref_axis',(1.,0.,0.));
#8671=DIRECTION('',(1.,-6.7762635780344E-17,0.));
#8672=DIRECTION('',(6.7762635780344E-17,1.,0.));
#8673=DIRECTION('center_axis',(0.942627225161208,-6.38749053352352E-17,
0.333847142244594));
#8674=DIRECTION('ref_axis',(0.333847142244594,0.,-0.942627225161208));
#8675=DIRECTION('',(0.333847142244594,-2.26223623062291E-17,-0.942627225161208));
#8676=DIRECTION('',(6.7762635780344E-17,1.,0.));
#8677=DIRECTION('center_axis',(0.,0.,1.));
#8678=DIRECTION('ref_axis',(1.,0.,0.));
#8679=DIRECTION('',(1.,-6.7762635780344E-17,0.));
#8680=DIRECTION('',(6.7762635780344E-17,1.,0.));
#8681=DIRECTION('center_axis',(-0.934328990633907,6.33125950913419E-17,
-0.356411752417096));
#8682=DIRECTION('ref_axis',(-0.356411752417096,0.,0.934328990633907));
#8683=DIRECTION('',(-0.356411752417096,2.41513997668738E-17,0.934328990633907));
#8684=DIRECTION('center_axis',(-6.7762635780344E-17,-1.,0.));
#8685=DIRECTION('ref_axis',(1.,-6.7762635780344E-17,0.));
#8686=DIRECTION('center_axis',(-6.7762635780344E-17,-1.,0.));
#8687=DIRECTION('ref_axis',(1.,-6.7762635780344E-17,0.));
#8688=DIRECTION('center_axis',(0.,0.,-1.));
#8689=DIRECTION('ref_axis',(-1.,0.,0.));
#8690=DIRECTION('',(6.7762635780344E-17,1.,0.));
#8691=DIRECTION('',(-1.,6.7762635780344E-17,0.));
#8692=DIRECTION('',(6.7762635780344E-17,1.,0.));
#8693=DIRECTION('center_axis',(1.,-6.7762635780344E-17,0.));
#8694=DIRECTION('ref_axis',(6.7762635780344E-17,1.,0.));
#8695=DIRECTION('',(0.,0.,-1.));
#8696=DIRECTION('',(6.7762635780344E-17,1.,0.));
#8697=DIRECTION('',(6.7762635780344E-17,1.,0.));
#8698=DIRECTION('center_axis',(-1.,6.7762635780344E-17,0.));
#8699=DIRECTION('ref_axis',(-6.7762635780344E-17,-1.,0.));
#8700=DIRECTION('',(0.,0.,1.));
#8701=DIRECTION('',(6.7762635780344E-17,1.,0.));
#8702=DIRECTION('center_axis',(0.,1.,0.));
#8703=DIRECTION('ref_axis',(0.,0.,1.));
#8704=DIRECTION('center_axis',(0.,-1.,0.));
#8705=DIRECTION('ref_axis',(0.,0.,-1.));
#8706=DIRECTION('',(0.,0.,-1.));
#8707=DIRECTION('',(-1.,0.,0.));
#8708=DIRECTION('',(0.,0.,-1.));
#8709=DIRECTION('center_axis',(1.,0.,0.));
#8710=DIRECTION('ref_axis',(0.,0.,-1.));
#8711=DIRECTION('',(0.,-1.,0.));
#8712=DIRECTION('',(0.,0.,-1.));
#8713=DIRECTION('center_axis',(0.,1.,0.));
#8714=DIRECTION('ref_axis',(0.,0.,1.));
#8715=DIRECTION('',(1.,0.,0.));
#8716=DIRECTION('',(0.,0.,-1.));
#8717=DIRECTION('center_axis',(1.,0.,0.));
#8718=DIRECTION('ref_axis',(0.,0.,-1.));
#8719=DIRECTION('',(0.,-1.,0.));
#8720=DIRECTION('',(0.,0.,-1.));
#8721=DIRECTION('center_axis',(0.,1.,0.));
#8722=DIRECTION('ref_axis',(0.,0.,1.));
#8723=DIRECTION('',(1.,0.,0.));
#8724=DIRECTION('',(0.,0.,-1.));
#8725=DIRECTION('center_axis',(-1.,0.,0.));
#8726=DIRECTION('ref_axis',(0.,0.,1.));
#8727=DIRECTION('',(0.,1.,0.));
#8728=DIRECTION('',(0.,0.,-1.));
#8729=DIRECTION('center_axis',(0.,1.,0.));
#8730=DIRECTION('ref_axis',(0.,0.,1.));
#8731=DIRECTION('',(1.,0.,0.));
#8732=DIRECTION('',(0.,0.,-1.));
#8733=DIRECTION('center_axis',(-1.,0.,0.));
#8734=DIRECTION('ref_axis',(0.,0.,1.));
#8735=DIRECTION('',(0.,1.,0.));
#8736=DIRECTION('center_axis',(0.,0.,1.));
#8737=DIRECTION('ref_axis',(1.,0.,0.));
#8738=DIRECTION('center_axis',(0.,-1.,0.));
#8739=DIRECTION('ref_axis',(0.,0.,-1.));
#8740=DIRECTION('',(0.,0.,-1.));
#8741=DIRECTION('',(-1.,0.,0.));
#8742=DIRECTION('',(0.,0.,-1.));
#8743=DIRECTION('center_axis',(1.,0.,0.));
#8744=DIRECTION('ref_axis',(0.,0.,-1.));
#8745=DIRECTION('',(0.,-1.,0.));
#8746=DIRECTION('',(0.,0.,-1.));
#8747=DIRECTION('center_axis',(0.,1.,0.));
#8748=DIRECTION('ref_axis',(0.,0.,1.));
#8749=DIRECTION('',(1.,0.,0.));
#8750=DIRECTION('',(0.,0.,-1.));
#8751=DIRECTION('center_axis',(-1.,0.,0.));
#8752=DIRECTION('ref_axis',(0.,0.,1.));
#8753=DIRECTION('',(0.,1.,0.));
#8754=DIRECTION('center_axis',(0.,0.,1.));
#8755=DIRECTION('ref_axis',(1.,0.,0.));
#8756=DIRECTION('center_axis',(0.,-1.,0.));
#8757=DIRECTION('ref_axis',(0.,0.,-1.));
#8758=DIRECTION('',(0.,0.,-1.));
#8759=DIRECTION('',(-1.,0.,0.));
#8760=DIRECTION('',(0.,0.,-1.));
#8761=DIRECTION('center_axis',(1.,0.,0.));
#8762=DIRECTION('ref_axis',(0.,0.,-1.));
#8763=DIRECTION('',(0.,-1.,0.));
#8764=DIRECTION('',(0.,0.,-1.));
#8765=DIRECTION('center_axis',(0.,1.,0.));
#8766=DIRECTION('ref_axis',(0.,0.,1.));
#8767=DIRECTION('',(1.,0.,0.));
#8768=DIRECTION('',(0.,0.,-1.));
#8769=DIRECTION('center_axis',(1.,0.,0.));
#8770=DIRECTION('ref_axis',(0.,0.,-1.));
#8771=DIRECTION('',(0.,-1.,0.));
#8772=DIRECTION('',(0.,0.,-1.));
#8773=DIRECTION('center_axis',(0.,-1.,0.));
#8774=DIRECTION('ref_axis',(0.,0.,-1.));
#8775=DIRECTION('',(-1.,0.,0.));
#8776=DIRECTION('',(0.,0.,-1.));
#8777=DIRECTION('center_axis',(1.,0.,0.));
#8778=DIRECTION('ref_axis',(0.,0.,-1.));
#8779=DIRECTION('',(0.,-1.,0.));
#8780=DIRECTION('',(0.,0.,-1.));
#8781=DIRECTION('center_axis',(0.,1.,0.));
#8782=DIRECTION('ref_axis',(0.,0.,1.));
#8783=DIRECTION('',(1.,0.,0.));
#8784=DIRECTION('',(0.,0.,-1.));
#8785=DIRECTION('center_axis',(1.,0.,0.));
#8786=DIRECTION('ref_axis',(0.,0.,-1.));
#8787=DIRECTION('',(0.,-1.,0.));
#8788=DIRECTION('',(0.,0.,-1.));
#8789=DIRECTION('center_axis',(0.,1.,0.));
#8790=DIRECTION('ref_axis',(0.,0.,1.));
#8791=DIRECTION('',(1.,0.,0.));
#8792=DIRECTION('',(0.,0.,-1.));
#8793=DIRECTION('center_axis',(-1.,0.,0.));
#8794=DIRECTION('ref_axis',(0.,0.,1.));
#8795=DIRECTION('',(0.,1.,0.));
#8796=DIRECTION('center_axis',(0.,0.,1.));
#8797=DIRECTION('ref_axis',(1.,0.,0.));
#8798=DIRECTION('center_axis',(1.,0.,0.));
#8799=DIRECTION('ref_axis',(0.,0.,-1.));
#8800=DIRECTION('',(0.,0.,-1.));
#8801=DIRECTION('',(0.,-1.,0.));
#8802=DIRECTION('',(0.,0.,-1.));
#8803=DIRECTION('center_axis',(0.,1.,0.));
#8804=DIRECTION('ref_axis',(0.,0.,1.));
#8805=DIRECTION('',(1.,0.,0.));
#8806=DIRECTION('',(0.,0.,-1.));
#8807=DIRECTION('center_axis',(-1.,0.,0.));
#8808=DIRECTION('ref_axis',(0.,0.,1.));
#8809=DIRECTION('',(0.,1.,0.));
#8810=DIRECTION('',(0.,0.,-1.));
#8811=DIRECTION('',(0.,0.,-1.));
#8812=DIRECTION('center_axis',(-1.,0.,0.));
#8813=DIRECTION('ref_axis',(0.,0.,1.));
#8814=DIRECTION('',(0.,1.,0.));
#8815=DIRECTION('',(0.,0.,-1.));
#8816=DIRECTION('',(0.,0.,-1.));
#8817=DIRECTION('center_axis',(0.,-1.,0.));
#8818=DIRECTION('ref_axis',(0.,0.,-1.));
#8819=DIRECTION('',(-1.,0.,0.));
#8820=DIRECTION('center_axis',(0.,0.,-1.));
#8821=DIRECTION('ref_axis',(-1.,0.,0.));
#8822=DIRECTION('',(0.,0.,1.));
#8823=DIRECTION('',(0.,0.,1.));
#8824=DIRECTION('center_axis',(0.,0.,-1.));
#8825=DIRECTION('ref_axis',(-1.,0.,0.));
#8826=DIRECTION('center_axis',(0.,0.,1.));
#8827=DIRECTION('ref_axis',(1.,0.,0.));
#8828=DIRECTION('center_axis',(0.,-1.,0.));
#8829=DIRECTION('ref_axis',(0.,0.,-1.));
#8830=DIRECTION('',(0.,0.,-1.));
#8831=DIRECTION('',(-1.,0.,0.));
#8832=DIRECTION('',(0.,0.,-1.));
#8833=DIRECTION('center_axis',(1.,0.,0.));
#8834=DIRECTION('ref_axis',(0.,0.,-1.));
#8835=DIRECTION('',(0.,-1.,0.));
#8836=DIRECTION('',(0.,0.,-1.));
#8837=DIRECTION('center_axis',(0.,1.,0.));
#8838=DIRECTION('ref_axis',(0.,0.,1.));
#8839=DIRECTION('',(1.,0.,0.));
#8840=DIRECTION('',(0.,0.,-1.));
#8841=DIRECTION('center_axis',(-1.,0.,0.));
#8842=DIRECTION('ref_axis',(0.,0.,1.));
#8843=DIRECTION('',(0.,1.,0.));
#8844=DIRECTION('center_axis',(0.,0.,1.));
#8845=DIRECTION('ref_axis',(1.,0.,0.));
#8846=DIRECTION('center_axis',(0.,-1.,0.));
#8847=DIRECTION('ref_axis',(0.,0.,-1.));
#8848=DIRECTION('',(0.,0.,-1.));
#8849=DIRECTION('',(-1.,0.,0.));
#8850=DIRECTION('',(0.,0.,-1.));
#8851=DIRECTION('center_axis',(1.,0.,0.));
#8852=DIRECTION('ref_axis',(0.,0.,-1.));
#8853=DIRECTION('',(0.,-1.,0.));
#8854=DIRECTION('',(0.,0.,-1.));
#8855=DIRECTION('center_axis',(0.,1.,0.));
#8856=DIRECTION('ref_axis',(0.,0.,1.));
#8857=DIRECTION('',(1.,0.,0.));
#8858=DIRECTION('',(0.,0.,-1.));
#8859=DIRECTION('center_axis',(1.,0.,0.));
#8860=DIRECTION('ref_axis',(0.,0.,-1.));
#8861=DIRECTION('',(0.,-1.,0.));
#8862=DIRECTION('',(0.,0.,-1.));
#8863=DIRECTION('center_axis',(0.,-1.,0.));
#8864=DIRECTION('ref_axis',(0.,0.,-1.));
#8865=DIRECTION('',(-1.,0.,0.));
#8866=DIRECTION('',(0.,0.,-1.));
#8867=DIRECTION('center_axis',(1.,0.,0.));
#8868=DIRECTION('ref_axis',(0.,0.,-1.));
#8869=DIRECTION('',(0.,-1.,0.));
#8870=DIRECTION('',(0.,0.,-1.));
#8871=DIRECTION('center_axis',(0.,1.,0.));
#8872=DIRECTION('ref_axis',(0.,0.,1.));
#8873=DIRECTION('',(1.,0.,0.));
#8874=DIRECTION('',(0.,0.,-1.));
#8875=DIRECTION('center_axis',(1.,0.,0.));
#8876=DIRECTION('ref_axis',(0.,0.,-1.));
#8877=DIRECTION('',(0.,-1.,0.));
#8878=DIRECTION('',(0.,0.,-1.));
#8879=DIRECTION('center_axis',(0.,1.,0.));
#8880=DIRECTION('ref_axis',(0.,0.,1.));
#8881=DIRECTION('',(1.,0.,0.));
#8882=DIRECTION('',(0.,0.,-1.));
#8883=DIRECTION('center_axis',(-1.,0.,0.));
#8884=DIRECTION('ref_axis',(0.,0.,1.));
#8885=DIRECTION('',(0.,1.,0.));
#8886=DIRECTION('center_axis',(0.,0.,1.));
#8887=DIRECTION('ref_axis',(1.,0.,0.));
#8888=DIRECTION('center_axis',(0.,1.,0.));
#8889=DIRECTION('ref_axis',(0.,0.,1.));
#8890=DIRECTION('',(0.,0.,-1.));
#8891=DIRECTION('',(1.,0.,0.));
#8892=DIRECTION('',(0.,0.,-1.));
#8893=DIRECTION('',(0.,0.,-1.));
#8894=DIRECTION('',(0.,0.,-1.));
#8895=DIRECTION('center_axis',(-1.,0.,0.));
#8896=DIRECTION('ref_axis',(0.,0.,1.));
#8897=DIRECTION('',(0.,1.,0.));
#8898=DIRECTION('',(0.,0.,-1.));
#8899=DIRECTION('',(0.,0.,-1.));
#8900=DIRECTION('center_axis',(0.,-1.,0.));
#8901=DIRECTION('ref_axis',(0.,0.,-1.));
#8902=DIRECTION('',(-1.,0.,0.));
#8903=DIRECTION('',(0.,0.,-1.));
#8904=DIRECTION('center_axis',(1.,0.,0.));
#8905=DIRECTION('ref_axis',(0.,0.,-1.));
#8906=DIRECTION('',(0.,-1.,0.));
#8907=DIRECTION('center_axis',(0.,0.,-1.));
#8908=DIRECTION('ref_axis',(-1.,0.,0.));
#8909=DIRECTION('center_axis',(-1.,0.,0.));
#8910=DIRECTION('ref_axis',(0.,0.,1.));
#8911=DIRECTION('',(0.,0.,-1.));
#8912=DIRECTION('',(0.,1.,0.));
#8913=DIRECTION('',(0.,0.,-1.));
#8914=DIRECTION('',(0.,0.,-1.));
#8915=DIRECTION('',(0.,0.,-1.));
#8916=DIRECTION('center_axis',(1.,0.,0.));
#8917=DIRECTION('ref_axis',(0.,0.,-1.));
#8918=DIRECTION('',(0.,-1.,0.));
#8919=DIRECTION('',(0.,-1.,0.));
#8920=DIRECTION('center_axis',(0.,0.,-1.));
#8921=DIRECTION('ref_axis',(-1.,0.,0.));
#8922=DIRECTION('center_axis',(0.,0.,1.));
#8923=DIRECTION('ref_axis',(1.,0.,0.));
#8924=DIRECTION('center_axis',(0.,-1.,0.));
#8925=DIRECTION('ref_axis',(0.,0.,-1.));
#8926=DIRECTION('',(0.,0.,-1.));
#8927=DIRECTION('',(-1.,0.,0.));
#8928=DIRECTION('',(0.,0.,-1.));
#8929=DIRECTION('center_axis',(1.,0.,0.));
#8930=DIRECTION('ref_axis',(0.,0.,-1.));
#8931=DIRECTION('',(0.,-1.,0.));
#8932=DIRECTION('',(0.,0.,-1.));
#8933=DIRECTION('center_axis',(0.,1.,0.));
#8934=DIRECTION('ref_axis',(0.,0.,1.));
#8935=DIRECTION('',(1.,0.,0.));
#8936=DIRECTION('',(0.,0.,-1.));
#8937=DIRECTION('center_axis',(-1.,0.,0.));
#8938=DIRECTION('ref_axis',(0.,0.,1.));
#8939=DIRECTION('',(0.,1.,0.));
#8940=DIRECTION('',(0.,0.,-1.));
#8941=DIRECTION('center_axis',(0.,-1.,0.));
#8942=DIRECTION('ref_axis',(0.,0.,-1.));
#8943=DIRECTION('',(-1.,0.,0.));
#8944=DIRECTION('',(0.,0.,-1.));
#8945=DIRECTION('center_axis',(1.,0.,0.));
#8946=DIRECTION('ref_axis',(0.,0.,-1.));
#8947=DIRECTION('',(0.,-1.,0.));
#8948=DIRECTION('',(0.,0.,-1.));
#8949=DIRECTION('center_axis',(0.,1.,0.));
#8950=DIRECTION('ref_axis',(0.,0.,1.));
#8951=DIRECTION('',(1.,0.,0.));
#8952=DIRECTION('',(0.,0.,-1.));
#8953=DIRECTION('center_axis',(1.,0.,0.));
#8954=DIRECTION('ref_axis',(0.,0.,-1.));
#8955=DIRECTION('',(0.,-1.,0.));
#8956=DIRECTION('',(0.,0.,-1.));
#8957=DIRECTION('center_axis',(0.,-1.,0.));
#8958=DIRECTION('ref_axis',(0.,0.,-1.));
#8959=DIRECTION('',(-1.,0.,0.));
#8960=DIRECTION('',(0.,0.,-1.));
#8961=DIRECTION('center_axis',(1.,0.,0.));
#8962=DIRECTION('ref_axis',(0.,0.,-1.));
#8963=DIRECTION('',(0.,-1.,0.));
#8964=DIRECTION('',(0.,0.,-1.));
#8965=DIRECTION('center_axis',(0.,1.,0.));
#8966=DIRECTION('ref_axis',(0.,0.,1.));
#8967=DIRECTION('',(1.,0.,0.));
#8968=DIRECTION('',(0.,0.,-1.));
#8969=DIRECTION('center_axis',(1.,0.,0.));
#8970=DIRECTION('ref_axis',(0.,0.,-1.));
#8971=DIRECTION('',(0.,-1.,0.));
#8972=DIRECTION('center_axis',(0.,0.,1.));
#8973=DIRECTION('ref_axis',(1.,0.,0.));
#8974=DIRECTION('center_axis',(0.,1.,0.));
#8975=DIRECTION('ref_axis',(0.,0.,1.));
#8976=DIRECTION('',(1.,0.,0.));
#8977=DIRECTION('',(0.,0.,-1.));
#8978=DIRECTION('',(1.,0.,0.));
#8979=DIRECTION('',(0.,0.,-1.));
#8980=DIRECTION('',(0.,0.,-1.));
#8981=DIRECTION('center_axis',(0.,-1.,0.));
#8982=DIRECTION('ref_axis',(0.,0.,-1.));
#8983=DIRECTION('',(-1.,0.,0.));
#8984=DIRECTION('',(-1.,0.,0.));
#8985=DIRECTION('',(0.,0.,-1.));
#8986=DIRECTION('center_axis',(0.,-1.,0.));
#8987=DIRECTION('ref_axis',(0.,0.,-1.));
#8988=DIRECTION('',(0.,0.,-1.));
#8989=DIRECTION('',(-1.,0.,0.));
#8990=DIRECTION('',(0.,0.,-1.));
#8991=DIRECTION('center_axis',(0.933936235546075,-0.357439656353385,0.));
#8992=DIRECTION('ref_axis',(0.357439656353385,0.933936235546075,0.));
#8993=DIRECTION('',(-0.357439656353385,-0.933936235546075,0.));
#8994=DIRECTION('',(0.,0.,-1.));
#8995=DIRECTION('center_axis',(0.,1.,0.));
#8996=DIRECTION('ref_axis',(0.,0.,1.));
#8997=DIRECTION('',(1.,0.,0.));
#8998=DIRECTION('',(0.,0.,-1.));
#8999=DIRECTION('center_axis',(-0.936329177569045,0.351123441588392,0.));
#9000=DIRECTION('ref_axis',(-0.351123441588392,-0.936329177569044,0.));
#9001=DIRECTION('',(0.351123441588392,0.936329177569044,0.));
#9002=DIRECTION('',(0.,0.,-1.));
#9003=DIRECTION('center_axis',(0.,1.,0.));
#9004=DIRECTION('ref_axis',(0.,0.,1.));
#9005=DIRECTION('',(1.,0.,0.));
#9006=DIRECTION('',(0.,0.,-1.));
#9007=DIRECTION('center_axis',(0.942627225161208,0.333847142244594,0.));
#9008=DIRECTION('ref_axis',(-0.333847142244594,0.942627225161208,0.));
#9009=DIRECTION('',(0.333847142244594,-0.942627225161208,0.));
#9010=DIRECTION('',(0.,0.,-1.));
#9011=DIRECTION('center_axis',(0.,1.,0.));
#9012=DIRECTION('ref_axis',(0.,0.,1.));
#9013=DIRECTION('',(1.,0.,0.));
#9014=DIRECTION('',(0.,0.,-1.));
#9015=DIRECTION('center_axis',(-0.934525067386888,-0.355897314439898,0.));
#9016=DIRECTION('ref_axis',(0.355897314439898,-0.934525067386888,0.));
#9017=DIRECTION('',(-0.355897314439898,0.934525067386888,0.));
#9018=DIRECTION('center_axis',(0.,0.,1.));
#9019=DIRECTION('ref_axis',(1.,0.,0.));
#9020=DIRECTION('center_axis',(0.,0.,1.));
#9021=DIRECTION('ref_axis',(1.,0.,0.));
#9022=DIRECTION('center_axis',(1.,0.,0.));
#9023=DIRECTION('ref_axis',(0.,0.,-1.));
#9024=DIRECTION('',(0.,0.,-1.));
#9025=DIRECTION('',(0.,-1.,0.));
#9026=DIRECTION('',(0.,0.,-1.));
#9027=DIRECTION('',(0.,0.,-1.));
#9028=DIRECTION('center_axis',(0.,1.,0.));
#9029=DIRECTION('ref_axis',(0.,0.,1.));
#9030=DIRECTION('',(1.,0.,0.));
#9031=DIRECTION('',(0.,0.,-1.));
#9032=DIRECTION('',(0.,0.,-1.));
#9033=DIRECTION('center_axis',(1.,0.,0.));
#9034=DIRECTION('ref_axis',(0.,0.,-1.));
#9035=DIRECTION('',(0.,-1.,0.));
#9036=DIRECTION('',(0.,0.,-1.));
#9037=DIRECTION('center_axis',(0.,1.,0.));
#9038=DIRECTION('ref_axis',(0.,0.,1.));
#9039=DIRECTION('',(1.,0.,0.));
#9040=DIRECTION('',(0.,0.,-1.));
#9041=DIRECTION('center_axis',(-1.,0.,0.));
#9042=DIRECTION('ref_axis',(0.,0.,1.));
#9043=DIRECTION('',(0.,1.,0.));
#9044=DIRECTION('',(0.,0.,-1.));
#9045=DIRECTION('',(0.,0.,-1.));
#9046=DIRECTION('',(0.,0.,-1.));
#9047=DIRECTION('center_axis',(1.,0.,0.));
#9048=DIRECTION('ref_axis',(0.,0.,-1.));
#9049=DIRECTION('',(0.,-1.,0.));
#9050=DIRECTION('',(0.,-1.,0.));
#9051=DIRECTION('center_axis',(0.,0.,-1.));
#9052=DIRECTION('ref_axis',(-1.,0.,0.));
#9053=DIRECTION('center_axis',(0.,0.,1.));
#9054=DIRECTION('ref_axis',(1.,0.,0.));
#9055=DIRECTION('center_axis',(0.,0.,-1.));
#9056=DIRECTION('ref_axis',(-1.,0.,0.));
#9057=DIRECTION('',(0.,0.,-1.));
#9058=DIRECTION('center_axis',(0.,0.,-1.));
#9059=DIRECTION('ref_axis',(-1.,0.,0.));
#9060=DIRECTION('',(0.,0.,-1.));
#9061=DIRECTION('center_axis',(0.,-1.,0.));
#9062=DIRECTION('ref_axis',(0.,0.,-1.));
#9063=DIRECTION('',(-1.,0.,0.));
#9064=DIRECTION('',(0.,0.,-1.));
#9065=DIRECTION('center_axis',(1.,0.,0.));
#9066=DIRECTION('ref_axis',(0.,0.,-1.));
#9067=DIRECTION('',(0.,-1.,0.));
#9068=DIRECTION('',(0.,0.,-1.));
#9069=DIRECTION('center_axis',(0.,-1.,0.));
#9070=DIRECTION('ref_axis',(0.,0.,-1.));
#9071=DIRECTION('',(-1.,0.,0.));
#9072=DIRECTION('',(0.,0.,-1.));
#9073=DIRECTION('center_axis',(1.,0.,0.));
#9074=DIRECTION('ref_axis',(0.,0.,-1.));
#9075=DIRECTION('',(0.,-1.,0.));
#9076=DIRECTION('',(0.,0.,-1.));
#9077=DIRECTION('center_axis',(0.,1.,0.));
#9078=DIRECTION('ref_axis',(0.,0.,1.));
#9079=DIRECTION('',(1.,0.,0.));
#9080=DIRECTION('',(0.,0.,-1.));
#9081=DIRECTION('center_axis',(1.,0.,0.));
#9082=DIRECTION('ref_axis',(0.,0.,-1.));
#9083=DIRECTION('',(0.,-1.,0.));
#9084=DIRECTION('',(0.,0.,-1.));
#9085=DIRECTION('center_axis',(0.,1.,0.));
#9086=DIRECTION('ref_axis',(0.,0.,1.));
#9087=DIRECTION('',(1.,0.,0.));
#9088=DIRECTION('',(0.,0.,-1.));
#9089=DIRECTION('center_axis',(-1.,0.,0.));
#9090=DIRECTION('ref_axis',(0.,0.,1.));
#9091=DIRECTION('',(0.,1.,0.));
#9092=DIRECTION('',(0.,0.,-1.));
#9093=DIRECTION('center_axis',(0.,1.,0.));
#9094=DIRECTION('ref_axis',(0.,0.,1.));
#9095=DIRECTION('',(1.,0.,0.));
#9096=DIRECTION('',(0.,0.,-1.));
#9097=DIRECTION('center_axis',(0.,-1.,0.));
#9098=DIRECTION('ref_axis',(0.,0.,-1.));
#9099=DIRECTION('',(-1.,0.,0.));
#9100=DIRECTION('',(0.,0.,-1.));
#9101=DIRECTION('',(-1.,0.,0.));
#9102=DIRECTION('',(0.,0.,-1.));
#9103=DIRECTION('center_axis',(-1.,0.,0.));
#9104=DIRECTION('ref_axis',(0.,0.,1.));
#9105=DIRECTION('',(0.,1.,0.));
#9106=DIRECTION('',(0.,1.,0.));
#9107=DIRECTION('',(0.,0.,-1.));
#9108=DIRECTION('center_axis',(0.,0.,-1.));
#9109=DIRECTION('ref_axis',(-1.,0.,0.));
#9110=DIRECTION('center_axis',(0.,0.,1.));
#9111=DIRECTION('ref_axis',(-1.,0.,0.));
#9112=DIRECTION('center_axis',(0.,0.,1.));
#9113=DIRECTION('ref_axis',(-1.,0.,0.));
#9114=DIRECTION('center_axis',(-1.,0.,0.));
#9115=DIRECTION('ref_axis',(0.,0.,1.));
#9116=DIRECTION('',(0.,1.,0.));
#9117=DIRECTION('center_axis',(0.,0.,-1.));
#9118=DIRECTION('ref_axis',(-1.,0.,0.));
#9119=DIRECTION('center_axis',(0.,0.,1.));
#9120=DIRECTION('ref_axis',(1.,0.,0.));
#9121=DIRECTION('',(0.,0.,-1.));
#9122=DIRECTION('',(0.,0.,-1.));
#9123=DIRECTION('center_axis',(-1.,0.,0.));
#9124=DIRECTION('ref_axis',(0.,0.,1.));
#9125=DIRECTION('',(0.,1.,0.));
#9126=DIRECTION('',(0.,0.,-1.));
#9127=DIRECTION('',(0.,0.,-1.));
#9128=DIRECTION('center_axis',(-1.,0.,0.));
#9129=DIRECTION('ref_axis',(0.,0.,1.));
#9130=DIRECTION('',(0.,1.,0.));
#9131=DIRECTION('',(0.,0.,-1.));
#9132=DIRECTION('',(0.,0.,-1.));
#9133=DIRECTION('center_axis',(-1.,0.,0.));
#9134=DIRECTION('ref_axis',(0.,0.,1.));
#9135=DIRECTION('',(0.,1.,0.));
#9136=DIRECTION('',(0.,0.,-1.));
#9137=DIRECTION('',(0.,0.,-1.));
#9138=DIRECTION('center_axis',(1.,0.,0.));
#9139=DIRECTION('ref_axis',(0.,0.,-1.));
#9140=DIRECTION('',(0.,-1.,0.));
#9141=DIRECTION('center_axis',(0.,0.,-1.));
#9142=DIRECTION('ref_axis',(-1.,0.,0.));
#9143=DIRECTION('center_axis',(0.,-1.,0.));
#9144=DIRECTION('ref_axis',(0.,0.,-1.));
#9145=DIRECTION('',(0.,0.,-1.));
#9146=DIRECTION('',(-1.,0.,0.));
#9147=DIRECTION('',(0.,0.,-1.));
#9148=DIRECTION('center_axis',(1.,0.,0.));
#9149=DIRECTION('ref_axis',(0.,0.,-1.));
#9150=DIRECTION('',(0.,-1.,0.));
#9151=DIRECTION('',(0.,0.,-1.));
#9152=DIRECTION('',(0.,0.,-1.));
#9153=DIRECTION('center_axis',(0.,1.,0.));
#9154=DIRECTION('ref_axis',(0.,0.,1.));
#9155=DIRECTION('',(1.,0.,0.));
#9156=DIRECTION('',(0.,0.,-1.));
#9157=DIRECTION('center_axis',(0.,0.,1.));
#9158=DIRECTION('ref_axis',(0.659114010712463,-0.752043031270506,0.));
#9159=DIRECTION('',(0.,0.,-1.));
#9160=DIRECTION('center_axis',(0.,1.,0.));
#9161=DIRECTION('ref_axis',(0.,0.,1.));
#9162=DIRECTION('',(1.,0.,0.));
#9163=DIRECTION('',(0.,0.,-1.));
#9164=DIRECTION('center_axis',(-1.,0.,0.));
#9165=DIRECTION('ref_axis',(0.,0.,1.));
#9166=DIRECTION('',(0.,1.,0.));
#9167=DIRECTION('center_axis',(0.,0.,1.));
#9168=DIRECTION('ref_axis',(1.,0.,0.));
#9169=DIRECTION('center_axis',(0.,1.,0.));
#9170=DIRECTION('ref_axis',(0.,0.,1.));
#9171=DIRECTION('',(0.,0.,-1.));
#9172=DIRECTION('',(1.,0.,0.));
#9173=DIRECTION('',(0.,0.,-1.));
#9174=DIRECTION('',(0.,0.,-1.));
#9175=DIRECTION('',(0.,0.,-1.));
#9176=DIRECTION('center_axis',(-1.,0.,0.));
#9177=DIRECTION('ref_axis',(0.,0.,1.));
#9178=DIRECTION('',(0.,1.,0.));
#9179=DIRECTION('',(0.,0.,-1.));
#9180=DIRECTION('',(0.,0.,-1.));
#9181=DIRECTION('center_axis',(0.,-1.,0.));
#9182=DIRECTION('ref_axis',(0.,0.,-1.));
#9183=DIRECTION('',(-1.,0.,0.));
#9184=DIRECTION('',(0.,0.,-1.));
#9185=DIRECTION('center_axis',(1.,0.,0.));
#9186=DIRECTION('ref_axis',(0.,0.,-1.));
#9187=DIRECTION('',(0.,-1.,0.));
#9188=DIRECTION('center_axis',(0.,0.,-1.));
#9189=DIRECTION('ref_axis',(-1.,0.,0.));
#9190=DIRECTION('center_axis',(0.,0.,1.));
#9191=DIRECTION('ref_axis',(1.,0.,0.));
#9192=DIRECTION('center_axis',(0.,0.,1.));
#9193=DIRECTION('ref_axis',(1.,0.,0.));
#9194=DIRECTION('',(0.,0.,1.));
#9195=DIRECTION('center_axis',(0.,0.,-1.));
#9196=DIRECTION('ref_axis',(1.,0.,0.));
#9197=DIRECTION('center_axis',(0.,0.,1.));
#9198=DIRECTION('ref_axis',(1.,0.,0.));
#9199=DIRECTION('center_axis',(0.,0.,1.));
#9200=DIRECTION('ref_axis',(1.,0.,0.));
#9201=DIRECTION('',(0.,0.,1.));
#9202=DIRECTION('center_axis',(0.,0.,-1.));
#9203=DIRECTION('ref_axis',(1.,0.,0.));
#9204=DIRECTION('center_axis',(0.,0.,1.));
#9205=DIRECTION('ref_axis',(1.,0.,0.));
#9206=DIRECTION('center_axis',(0.,0.,1.));
#9207=DIRECTION('ref_axis',(1.,0.,0.));
#9208=DIRECTION('',(0.,0.,1.));
#9209=DIRECTION('center_axis',(0.,0.,-1.));
#9210=DIRECTION('ref_axis',(1.,0.,0.));
#9211=DIRECTION('center_axis',(0.,0.,1.));
#9212=DIRECTION('ref_axis',(1.,0.,0.));
#9213=DIRECTION('center_axis',(0.,0.,1.));
#9214=DIRECTION('ref_axis',(1.,0.,0.));
#9215=DIRECTION('',(0.,0.,1.));
#9216=DIRECTION('center_axis',(0.,0.,-1.));
#9217=DIRECTION('ref_axis',(1.,0.,0.));
#9218=DIRECTION('center_axis',(0.,0.,-1.));
#9219=DIRECTION('ref_axis',(-1.,0.,0.));
#9220=DIRECTION('center_axis',(0.,0.,-1.));
#9221=DIRECTION('ref_axis',(-1.,0.,0.));
#9222=DIRECTION('',(0.,0.,-1.));
#9223=DIRECTION('center_axis',(0.,0.,1.));
#9224=DIRECTION('ref_axis',(-1.,0.,0.));
#9225=DIRECTION('center_axis',(0.,1.,0.));
#9226=DIRECTION('ref_axis',(-1.,0.,0.));
#9227=DIRECTION('',(-1.,0.,0.));
#9228=DIRECTION('',(0.,0.,1.));
#9229=DIRECTION('',(-1.,0.,0.));
#9230=DIRECTION('',(0.,0.,1.));
#9231=DIRECTION('center_axis',(1.,0.,0.));
#9232=DIRECTION('ref_axis',(0.,1.,0.));
#9233=DIRECTION('',(0.,1.,0.));
#9234=DIRECTION('',(0.,1.,0.));
#9235=DIRECTION('',(0.,0.,1.));
#9236=DIRECTION('center_axis',(0.,-1.,0.));
#9237=DIRECTION('ref_axis',(1.,0.,0.));
#9238=DIRECTION('',(1.,0.,0.));
#9239=DIRECTION('',(1.,0.,0.));
#9240=DIRECTION('',(0.,0.,1.));
#9241=DIRECTION('center_axis',(-1.,0.,0.));
#9242=DIRECTION('ref_axis',(0.,-1.,0.));
#9243=DIRECTION('',(0.,-1.,0.));
#9244=DIRECTION('',(0.,-1.,0.));
#9245=DIRECTION('center_axis',(0.,0.,1.));
#9246=DIRECTION('ref_axis',(1.,0.,0.));
#9247=DIRECTION('center_axis',(0.,0.,1.));
#9248=DIRECTION('ref_axis',(1.,0.,0.));
#9249=DIRECTION('center_axis',(0.,0.,1.));
#9250=DIRECTION('ref_axis',(-1.,0.,0.));
#9251=DIRECTION('center_axis',(0.,0.,1.));
#9252=DIRECTION('ref_axis',(-1.,0.,0.));
#9253=DIRECTION('',(0.,0.,1.));
#9254=DIRECTION('center_axis',(0.,0.,1.));
#9255=DIRECTION('ref_axis',(-1.,0.,0.));
#9256=DIRECTION('center_axis',(0.,0.,1.));
#9257=DIRECTION('ref_axis',(-1.,0.,0.));
#9258=DIRECTION('center_axis',(0.,0.,1.));
#9259=DIRECTION('ref_axis',(-1.,0.,0.));
#9260=DIRECTION('center_axis',(0.,0.,1.));
#9261=DIRECTION('ref_axis',(-1.,0.,0.));
#9262=DIRECTION('',(0.,0.,1.));
#9263=DIRECTION('center_axis',(0.,0.,1.));
#9264=DIRECTION('ref_axis',(-1.,0.,0.));
#9265=DIRECTION('center_axis',(0.,0.,1.));
#9266=DIRECTION('ref_axis',(-1.,0.,0.));
#9267=DIRECTION('center_axis',(0.,0.,1.));
#9268=DIRECTION('ref_axis',(-1.,0.,0.));
#9269=DIRECTION('center_axis',(0.,0.,1.));
#9270=DIRECTION('ref_axis',(1.,0.,0.));
#9271=DIRECTION('center_axis',(1.77635683940025E-16,-1.,0.));
#9272=DIRECTION('ref_axis',(-1.,-1.77635683940025E-16,0.));
#9273=DIRECTION('center_axis',(0.,0.,1.));
#9274=DIRECTION('ref_axis',(-1.,0.,0.));
#9275=DIRECTION('center_axis',(0.,0.,1.));
#9276=DIRECTION('ref_axis',(-1.,0.,0.));
#9277=DIRECTION('',(0.,0.,-1.));
#9278=DIRECTION('center_axis',(0.,0.,-1.));
#9279=DIRECTION('ref_axis',(-1.,0.,0.));
#9280=DIRECTION('center_axis',(0.,0.,1.));
#9281=DIRECTION('ref_axis',(-1.,0.,0.));
#9282=DIRECTION('center_axis',(0.,0.,1.));
#9283=DIRECTION('ref_axis',(-1.,0.,0.));
#9284=DIRECTION('center_axis',(0.,0.,1.));
#9285=DIRECTION('ref_axis',(-1.,0.,0.));
#9286=DIRECTION('center_axis',(0.,0.,1.));
#9287=DIRECTION('ref_axis',(1.,0.,0.));
#9288=DIRECTION('center_axis',(0.,0.,1.));
#9289=DIRECTION('ref_axis',(1.,0.,0.));
#9290=DIRECTION('center_axis',(0.,0.,-1.));
#9291=DIRECTION('ref_axis',(1.,0.,0.));
#9292=DIRECTION('',(0.,0.,1.));
#9293=DIRECTION('center_axis',(0.,0.,1.));
#9294=DIRECTION('ref_axis',(1.,0.,0.));
#9295=DIRECTION('center_axis',(0.,0.,1.));
#9296=DIRECTION('ref_axis',(1.,0.,0.));
#9297=DIRECTION('center_axis',(0.,0.,1.));
#9298=DIRECTION('ref_axis',(1.,0.,0.));
#9299=DIRECTION('center_axis',(0.,-1.,0.));
#9300=DIRECTION('ref_axis',(-1.,0.,0.));
#9301=DIRECTION('center_axis',(0.,0.,1.));
#9302=DIRECTION('ref_axis',(1.,0.,0.));
#9303=DIRECTION('center_axis',(0.,0.,-1.));
#9304=DIRECTION('ref_axis',(-1.,0.,0.));
#9305=DIRECTION('center_axis',(0.,0.,1.));
#9306=DIRECTION('ref_axis',(-1.,0.,0.));
#9307=DIRECTION('',(0.,0.,-1.));
#9308=DIRECTION('center_axis',(0.,0.,1.));
#9309=DIRECTION('ref_axis',(1.,-3.65819617063093E-35,0.));
#9310=DIRECTION('center_axis',(0.,0.,1.));
#9311=DIRECTION('ref_axis',(1.,-3.65819617063093E-35,0.));
#9312=DIRECTION('',(0.,0.,1.));
#9313=DIRECTION('center_axis',(1.6747320995655E-17,2.18434707950007E-18,
1.));
#9314=DIRECTION('ref_axis',(1.,-3.65819617063093E-35,-1.6747320995655E-17));
#9315=DIRECTION('center_axis',(-1.6747320995655E-17,-2.18434707950007E-18,
-1.));
#9316=DIRECTION('ref_axis',(1.,-3.65819617063093E-35,-1.6747320995655E-17));
#9317=DIRECTION('center_axis',(0.,0.,-1.));
#9318=DIRECTION('ref_axis',(0.707106781186547,-0.707106781186547,0.));
#9319=DIRECTION('center_axis',(0.,0.,1.));
#9320=DIRECTION('ref_axis',(0.707106781186547,-0.707106781186547,0.));
#9321=DIRECTION('',(0.,0.,1.));
#9322=DIRECTION('center_axis',(0.,0.,-1.));
#9323=DIRECTION('ref_axis',(0.707106781186547,-0.707106781186547,0.));
#9324=DIRECTION('',(0.,0.,-1.));
#9325=DIRECTION('center_axis',(0.,0.,-1.));
#9326=DIRECTION('ref_axis',(1.,0.,0.));
#9327=DIRECTION('center_axis',(0.,0.,1.));
#9328=DIRECTION('ref_axis',(1.,0.,0.));
#9329=DIRECTION('center_axis',(7.63278329429826E-17,-4.27609336828289E-16,
-1.));
#9330=DIRECTION('ref_axis',(1.,1.6866214426566E-46,7.63278329429826E-17));
#9331=DIRECTION('center_axis',(7.63278329429826E-17,-4.27609336828289E-16,
-1.));
#9332=DIRECTION('ref_axis',(1.,0.,0.));
#9333=DIRECTION('center_axis',(-7.63278329429826E-17,4.27609336828289E-16,
1.));
#9334=DIRECTION('ref_axis',(1.,1.6866214426566E-46,7.63278329429826E-17));
#9335=DIRECTION('center_axis',(7.63278329429826E-17,-4.27609336828289E-16,
-1.));
#9336=DIRECTION('ref_axis',(1.,0.,0.));
#9337=DIRECTION('center_axis',(7.63278329429826E-17,-4.27609336828289E-16,
-1.));
#9338=DIRECTION('ref_axis',(1.,1.6866214426566E-46,7.63278329429826E-17));
#9339=DIRECTION('center_axis',(-7.63278329429826E-17,4.27609336828289E-16,
1.));
#9340=DIRECTION('ref_axis',(1.,1.6866214426566E-46,7.63278329429826E-17));
#9341=DIRECTION('center_axis',(7.63278329429826E-17,-4.27609336828289E-16,
-1.));
#9342=DIRECTION('ref_axis',(1.,1.6866214426566E-46,7.63278329429826E-17));
#9343=DIRECTION('center_axis',(-7.63278329429826E-17,4.27609336828289E-16,
1.));
#9344=DIRECTION('ref_axis',(1.,1.6866214426566E-46,7.63278329429826E-17));
#9345=DIRECTION('center_axis',(7.63278329429826E-17,-4.27609336828289E-16,
-1.));
#9346=DIRECTION('ref_axis',(1.,1.6866214426566E-46,7.63278329429826E-17));
#9347=DIRECTION('center_axis',(-7.63278329429826E-17,4.27609336828289E-16,
1.));
#9348=DIRECTION('ref_axis',(1.,1.6866214426566E-46,7.63278329429826E-17));
#9349=DIRECTION('center_axis',(7.63278329429826E-17,-4.27609336828289E-16,
-1.));
#9350=DIRECTION('ref_axis',(1.,1.6866214426566E-46,7.63278329429826E-17));
#9351=DIRECTION('center_axis',(-7.63278329429826E-17,4.27609336828289E-16,
1.));
#9352=DIRECTION('ref_axis',(1.,1.6866214426566E-46,7.63278329429826E-17));
#9353=DIRECTION('center_axis',(7.63278329429826E-17,-4.27609336828289E-16,
-1.));
#9354=DIRECTION('ref_axis',(1.,1.6866214426566E-46,7.63278329429826E-17));
#9355=DIRECTION('center_axis',(-7.63278329429826E-17,4.27609336828289E-16,
1.));
#9356=DIRECTION('ref_axis',(1.,1.6866214426566E-46,7.63278329429826E-17));
#9357=DIRECTION('center_axis',(7.63278329429826E-17,-4.27609336828289E-16,
-1.));
#9358=DIRECTION('ref_axis',(1.,1.6866214426566E-46,7.63278329429826E-17));
#9359=DIRECTION('center_axis',(-7.63278329429826E-17,4.27609336828289E-16,
1.));
#9360=DIRECTION('ref_axis',(1.,1.6866214426566E-46,7.63278329429826E-17));
#9361=DIRECTION('center_axis',(0.,0.,1.));
#9362=DIRECTION('ref_axis',(1.,0.,0.));
#9363=DIRECTION('center_axis',(0.,0.,-1.));
#9364=DIRECTION('ref_axis',(1.,0.,0.));
#9365=DIRECTION('center_axis',(0.,1.,0.));
#9366=DIRECTION('ref_axis',(-1.,0.,0.));
#9367=DIRECTION('center_axis',(0.,0.,-1.));
#9368=DIRECTION('ref_axis',(0.,1.,0.));
#9369=DIRECTION('center_axis',(0.,0.,1.));
#9370=DIRECTION('ref_axis',(1.,0.,0.));
#9371=DIRECTION('center_axis',(0.,0.,1.));
#9372=DIRECTION('ref_axis',(1.,0.,0.));
#9373=DIRECTION('',(0.,0.,1.));
#9374=DIRECTION('center_axis',(0.,0.,-1.));
#9375=DIRECTION('ref_axis',(1.,0.,0.));
#9376=DIRECTION('center_axis',(0.,0.,1.));
#9377=DIRECTION('ref_axis',(1.,0.,0.));
#9378=DIRECTION('center_axis',(0.,0.,1.));
#9379=DIRECTION('ref_axis',(1.,0.,0.));
#9380=DIRECTION('',(0.,0.,1.));
#9381=DIRECTION('center_axis',(0.,0.,-1.));
#9382=DIRECTION('ref_axis',(1.,0.,0.));
#9383=DIRECTION('center_axis',(0.,0.,1.));
#9384=DIRECTION('ref_axis',(1.,0.,0.));
#9385=DIRECTION('center_axis',(0.,0.,1.));
#9386=DIRECTION('ref_axis',(1.,0.,0.));
#9387=DIRECTION('',(0.,0.,1.));
#9388=DIRECTION('center_axis',(0.,0.,-1.));
#9389=DIRECTION('ref_axis',(1.,0.,0.));
#9390=DIRECTION('center_axis',(0.,0.,1.));
#9391=DIRECTION('ref_axis',(1.,0.,0.));
#9392=DIRECTION('center_axis',(0.,0.,1.));
#9393=DIRECTION('ref_axis',(1.,0.,0.));
#9394=DIRECTION('',(0.,0.,1.));
#9395=DIRECTION('center_axis',(0.,0.,-1.));
#9396=DIRECTION('ref_axis',(1.,0.,0.));
#9397=DIRECTION('center_axis',(0.,0.,1.));
#9398=DIRECTION('ref_axis',(1.,0.,0.));
#9399=DIRECTION('center_axis',(0.,0.,1.));
#9400=DIRECTION('ref_axis',(1.,0.,0.));
#9401=DIRECTION('',(0.,0.,1.));
#9402=DIRECTION('center_axis',(0.,0.,1.));
#9403=DIRECTION('ref_axis',(1.,0.,0.));
#9404=DIRECTION('',(0.,0.,-1.));
#9405=DIRECTION('center_axis',(0.,0.,1.));
#9406=DIRECTION('ref_axis',(1.,0.,0.));
#9407=DIRECTION('',(0.,0.,1.));
#9408=DIRECTION('',(0.,0.,1.));
#9409=DIRECTION('center_axis',(0.,0.,1.));
#9410=DIRECTION('ref_axis',(-0.473414158999589,-0.880839959390304,0.));
#9411=DIRECTION('center_axis',(0.,0.,1.));
#9412=DIRECTION('ref_axis',(1.,1.6866214426566E-46,0.));
#9413=DIRECTION('center_axis',(0.,0.,1.));
#9414=DIRECTION('ref_axis',(1.,1.6866214426566E-46,0.));
#9415=DIRECTION('center_axis',(0.,0.,1.));
#9416=DIRECTION('ref_axis',(1.,1.6866214426566E-46,0.));
#9417=DIRECTION('',(0.,0.,1.));
#9418=DIRECTION('center_axis',(0.,6.34413156928661E-16,1.));
#9419=DIRECTION('ref_axis',(1.,-4.84233814588808E-32,0.));
#9420=DIRECTION('center_axis',(0.,0.,1.));
#9421=DIRECTION('ref_axis',(1.,-4.84233814588808E-32,0.));
#9422=DIRECTION('',(0.,6.34413156928661E-16,1.));
#9423=DIRECTION('center_axis',(0.,0.,1.));
#9424=DIRECTION('ref_axis',(1.,1.6866214426566E-46,0.));
#9425=DIRECTION('center_axis',(0.,0.,1.));
#9426=DIRECTION('ref_axis',(1.,1.6866214426566E-46,0.));
#9427=DIRECTION('',(0.,0.,1.));
#9428=DIRECTION('center_axis',(0.,6.34413156928661E-16,1.));
#9429=DIRECTION('ref_axis',(1.,-4.84233814588808E-32,0.));
#9430=DIRECTION('center_axis',(0.,0.,1.));
#9431=DIRECTION('ref_axis',(1.,-4.84233814588808E-32,0.));
#9432=DIRECTION('',(0.,6.34413156928661E-16,1.));
#9433=DIRECTION('center_axis',(0.,6.34413156928661E-16,1.));
#9434=DIRECTION('ref_axis',(1.,-4.84233814588808E-32,0.));
#9435=DIRECTION('center_axis',(0.,0.,1.));
#9436=DIRECTION('ref_axis',(1.,-4.84233814588808E-32,0.));
#9437=DIRECTION('',(0.,6.34413156928661E-16,1.));
#9438=DIRECTION('center_axis',(0.,6.34413156928661E-16,1.));
#9439=DIRECTION('ref_axis',(1.,-4.84233814588808E-32,0.));
#9440=DIRECTION('center_axis',(0.,0.,1.));
#9441=DIRECTION('ref_axis',(1.,-4.84233814588808E-32,0.));
#9442=DIRECTION('',(0.,6.34413156928661E-16,1.));
#9443=DIRECTION('center_axis',(0.,0.,-1.));
#9444=DIRECTION('ref_axis',(0.707106781186547,0.707106781186547,0.));
#9445=DIRECTION('center_axis',(0.,0.,1.));
#9446=DIRECTION('ref_axis',(0.707106781186547,0.707106781186547,0.));
#9447=DIRECTION('',(0.,0.,1.));
#9448=DIRECTION('center_axis',(0.,0.,-1.));
#9449=DIRECTION('ref_axis',(0.707106781186547,0.707106781186547,0.));
#9450=DIRECTION('',(0.,0.,-1.));
#9451=DIRECTION('center_axis',(0.,1.,0.));
#9452=DIRECTION('ref_axis',(1.,0.,0.));
#9453=DIRECTION('',(1.,0.,0.));
#9454=DIRECTION('',(0.,0.,-1.));
#9455=DIRECTION('',(1.,0.,0.));
#9456=DIRECTION('center_axis',(0.,0.,-1.));
#9457=DIRECTION('ref_axis',(-0.707106781186547,0.707106781186547,0.));
#9458=DIRECTION('center_axis',(0.,0.,1.));
#9459=DIRECTION('ref_axis',(-0.707106781186547,0.707106781186547,0.));
#9460=DIRECTION('',(0.,0.,1.));
#9461=DIRECTION('center_axis',(0.,0.,-1.));
#9462=DIRECTION('ref_axis',(-0.707106781186547,0.707106781186547,0.));
#9463=DIRECTION('center_axis',(-1.,0.,0.));
#9464=DIRECTION('ref_axis',(0.,1.,0.));
#9465=DIRECTION('',(0.,0.,-1.));
#9466=DIRECTION('',(0.,1.,0.));
#9467=DIRECTION('',(0.,1.,0.));
#9468=DIRECTION('center_axis',(0.,0.,-1.));
#9469=DIRECTION('ref_axis',(-0.707106781186547,-0.707106781186547,0.));
#9470=DIRECTION('center_axis',(0.,0.,1.));
#9471=DIRECTION('ref_axis',(-0.707106781186547,-0.707106781186547,0.));
#9472=DIRECTION('',(0.,0.,1.));
#9473=DIRECTION('center_axis',(0.,0.,-1.));
#9474=DIRECTION('ref_axis',(-0.707106781186547,-0.707106781186547,0.));
#9475=DIRECTION('center_axis',(0.,-1.,0.));
#9476=DIRECTION('ref_axis',(-1.,0.,0.));
#9477=DIRECTION('',(-1.,0.,0.));
#9478=DIRECTION('',(-1.,0.,0.));
#9479=DIRECTION('center_axis',(0.,0.,1.));
#9480=DIRECTION('ref_axis',(-1.,0.,0.));
#9481=DIRECTION('',(0.,-1.,0.));
#9482=DIRECTION('center_axis',(1.,0.,0.));
#9483=DIRECTION('ref_axis',(0.,-1.,0.));
#9484=DIRECTION('',(0.,-1.,0.));
#9485=DIRECTION('center_axis',(0.,0.,-1.));
#9486=DIRECTION('ref_axis',(-1.,0.,0.));
#9487=DIRECTION('center_axis',(0.,0.,-1.));
#9488=DIRECTION('ref_axis',(-1.,0.,0.));
#9489=DIRECTION('center_axis',(0.,0.,-1.));
#9490=DIRECTION('ref_axis',(-1.,0.,0.));
#9491=DIRECTION('',(0.,0.,-1.));
#9492=DIRECTION('center_axis',(0.,0.,-1.));
#9493=DIRECTION('ref_axis',(-1.,0.,0.));
#9494=DIRECTION('center_axis',(0.,0.,-1.));
#9495=DIRECTION('ref_axis',(-1.,0.,0.));
#9496=DIRECTION('center_axis',(0.,0.,1.));
#9497=DIRECTION('ref_axis',(-1.,0.,0.));
#9498=DIRECTION('center_axis',(0.,-1.,0.));
#9499=DIRECTION('ref_axis',(-1.,0.,0.));
#9500=DIRECTION('center_axis',(0.,0.,1.));
#9501=DIRECTION('ref_axis',(-1.,0.,0.));
#9502=DIRECTION('center_axis',(0.,0.,1.));
#9503=DIRECTION('ref_axis',(-1.,0.,0.));
#9504=DIRECTION('center_axis',(0.,0.,1.));
#9505=DIRECTION('ref_axis',(1.,0.,0.));
#9506=DIRECTION('center_axis',(0.,0.,-1.));
#9507=DIRECTION('ref_axis',(1.,0.,0.));
#9508=DIRECTION('center_axis',(0.,0.,-1.));
#9509=DIRECTION('ref_axis',(1.,0.,0.));
#9510=DIRECTION('',(0.,0.,1.));
#9511=DIRECTION('center_axis',(0.,0.,1.));
#9512=DIRECTION('ref_axis',(1.,0.,0.));
#9513=DIRECTION('center_axis',(0.,0.,-1.));
#9514=DIRECTION('ref_axis',(-1.,0.,0.));
#9515=DIRECTION('center_axis',(0.,0.,-1.));
#9516=DIRECTION('ref_axis',(-1.,0.,0.));
#9517=DIRECTION('',(0.,0.,-1.));
#9518=DIRECTION('center_axis',(0.,0.,-1.));
#9519=DIRECTION('ref_axis',(-1.,0.,0.));
#9520=DIRECTION('center_axis',(0.,0.,-1.));
#9521=DIRECTION('ref_axis',(-1.,0.,0.));
#9522=DIRECTION('center_axis',(0.,0.,1.));
#9523=DIRECTION('ref_axis',(-1.,0.,0.));
#9524=DIRECTION('center_axis',(0.,-1.,0.));
#9525=DIRECTION('ref_axis',(-1.,0.,0.));
#9526=DIRECTION('center_axis',(0.,0.,1.));
#9527=DIRECTION('ref_axis',(-1.,0.,0.));
#9528=DIRECTION('center_axis',(0.,0.,1.));
#9529=DIRECTION('ref_axis',(-1.,0.,0.));
#9530=DIRECTION('center_axis',(0.,0.,1.));
#9531=DIRECTION('ref_axis',(1.,0.,0.));
#9532=DIRECTION('center_axis',(0.,0.,-1.));
#9533=DIRECTION('ref_axis',(1.,0.,0.));
#9534=DIRECTION('center_axis',(0.,0.,-1.));
#9535=DIRECTION('ref_axis',(1.,0.,0.));
#9536=DIRECTION('',(0.,0.,1.));
#9537=DIRECTION('center_axis',(0.,0.,1.));
#9538=DIRECTION('ref_axis',(1.,0.,0.));
#9539=DIRECTION('center_axis',(0.,0.,-1.));
#9540=DIRECTION('ref_axis',(-1.,0.,0.));
#9541=DIRECTION('center_axis',(0.,0.,-1.));
#9542=DIRECTION('ref_axis',(-1.,0.,0.));
#9543=DIRECTION('',(0.,0.,-1.));
#9544=DIRECTION('center_axis',(0.,0.,-1.));
#9545=DIRECTION('ref_axis',(-1.,0.,0.));
#9546=DIRECTION('center_axis',(0.,0.,-1.));
#9547=DIRECTION('ref_axis',(-1.,0.,0.));
#9548=DIRECTION('center_axis',(0.,0.,1.));
#9549=DIRECTION('ref_axis',(-1.,0.,0.));
#9550=DIRECTION('center_axis',(0.,-1.,0.));
#9551=DIRECTION('ref_axis',(-1.,0.,0.));
#9552=DIRECTION('center_axis',(0.,0.,1.));
#9553=DIRECTION('ref_axis',(-1.,0.,0.));
#9554=DIRECTION('center_axis',(0.,0.,1.));
#9555=DIRECTION('ref_axis',(-1.,0.,0.));
#9556=DIRECTION('center_axis',(0.,0.,1.));
#9557=DIRECTION('ref_axis',(1.,0.,0.));
#9558=DIRECTION('center_axis',(0.,0.,-1.));
#9559=DIRECTION('ref_axis',(1.,0.,0.));
#9560=DIRECTION('center_axis',(0.,0.,-1.));
#9561=DIRECTION('ref_axis',(1.,0.,0.));
#9562=DIRECTION('',(0.,0.,1.));
#9563=DIRECTION('center_axis',(0.,0.,1.));
#9564=DIRECTION('ref_axis',(1.,0.,0.));
#9565=DIRECTION('center_axis',(0.,0.,-1.));
#9566=DIRECTION('ref_axis',(-1.,0.,0.));
#9567=DIRECTION('center_axis',(0.,0.,-1.));
#9568=DIRECTION('ref_axis',(-1.,0.,0.));
#9569=DIRECTION('',(0.,0.,-1.));
#9570=DIRECTION('center_axis',(0.,0.,-1.));
#9571=DIRECTION('ref_axis',(-1.,0.,0.));
#9572=DIRECTION('center_axis',(0.,0.,-1.));
#9573=DIRECTION('ref_axis',(-1.,0.,0.));
#9574=DIRECTION('center_axis',(0.,0.,1.));
#9575=DIRECTION('ref_axis',(-1.,0.,0.));
#9576=DIRECTION('center_axis',(0.,-1.,0.));
#9577=DIRECTION('ref_axis',(-1.,0.,0.));
#9578=DIRECTION('center_axis',(0.,0.,1.));
#9579=DIRECTION('ref_axis',(-1.,0.,0.));
#9580=DIRECTION('center_axis',(0.,0.,1.));
#9581=DIRECTION('ref_axis',(-1.,0.,0.));
#9582=DIRECTION('center_axis',(0.,0.,1.));
#9583=DIRECTION('ref_axis',(1.,0.,0.));
#9584=DIRECTION('center_axis',(0.,0.,-1.));
#9585=DIRECTION('ref_axis',(1.,0.,0.));
#9586=DIRECTION('center_axis',(0.,0.,-1.));
#9587=DIRECTION('ref_axis',(1.,0.,0.));
#9588=DIRECTION('',(0.,0.,1.));
#9589=DIRECTION('center_axis',(0.,0.,1.));
#9590=DIRECTION('ref_axis',(1.,0.,0.));
#9591=DIRECTION('',(5.55111512312564E-17,7.21644966006352E-16,1.));
#9592=DIRECTION('',(-3.88578058618804E-16,-1.,7.21644966006352E-16));
#9593=DIRECTION('',(-7.63278329429823E-17,4.27609336828287E-16,0.999999999999997));
#9594=DIRECTION('',(-1.,-9.02056207507938E-15,-7.63278329429785E-17));
#9595=DIRECTION('',(1.6747320995655E-17,2.18434707950007E-18,0.999999999999999));
#9596=DIRECTION('',(1.,-5.55111512312579E-17,0.));
#9597=DIRECTION('',(9.19403442267702E-17,3.14228958903076E-34,0.999999999999994));
#9598=DIRECTION('',(-5.41233724504763E-16,1.,5.10450255797777E-32));
#9599=CARTESIAN_POINT('',(0.,0.,0.));
#9600=CARTESIAN_POINT('',(0.,0.,0.));
#9601=CARTESIAN_POINT('Origin',(1.9,-3.25,-2.9));
#9602=CARTESIAN_POINT('',(1.9,-2.65,-2.9));
#9603=CARTESIAN_POINT('',(1.9,-3.25,-2.9));
#9604=CARTESIAN_POINT('',(1.9,-3.25,-2.9));
#9605=CARTESIAN_POINT('',(-1.9,-2.65,-2.9));
#9606=CARTESIAN_POINT('',(1.9,-2.65,-2.9));
#9607=CARTESIAN_POINT('',(-1.9,-3.25,-2.9));
#9608=CARTESIAN_POINT('',(-1.9,-2.65,-2.9));
#9609=CARTESIAN_POINT('',(-4.09999999999999,-3.25,-2.9));
#9610=CARTESIAN_POINT('',(-4.09999999999999,-3.25,-2.9));
#9611=CARTESIAN_POINT('',(-4.09999999999999,-2.65,-2.9));
#9612=CARTESIAN_POINT('',(-4.09999999999999,-3.25,-2.9));
#9613=CARTESIAN_POINT('',(-5.79999999999999,-2.65,-2.9));
#9614=CARTESIAN_POINT('',(-4.09999999999999,-2.65,-2.9));
#9615=CARTESIAN_POINT('',(-5.79999999999999,-3.25,-2.9));
#9616=CARTESIAN_POINT('',(-5.79999999999999,-2.65,-2.9));
#9617=CARTESIAN_POINT('',(-6.39999999999999,-3.25,-2.9));
#9618=CARTESIAN_POINT('',(-6.4,-3.25,-2.9));
#9619=CARTESIAN_POINT('',(-6.4,3.25,-2.9));
#9620=CARTESIAN_POINT('',(-6.39999999999999,3.25,-2.9));
#9621=CARTESIAN_POINT('',(6.40000000000001,3.25,-2.9));
#9622=CARTESIAN_POINT('',(6.40000000000001,3.25,-2.9));
#9623=CARTESIAN_POINT('',(6.40000000000001,-3.25,-2.9));
#9624=CARTESIAN_POINT('',(6.40000000000001,-3.25,-2.9));
#9625=CARTESIAN_POINT('',(5.8,-3.25,-2.9));
#9626=CARTESIAN_POINT('',(5.8,-3.25,-2.9));
#9627=CARTESIAN_POINT('',(5.8,-2.65,-2.9));
#9628=CARTESIAN_POINT('',(5.8,-3.25,-2.9));
#9629=CARTESIAN_POINT('',(4.1,-2.65,-2.9));
#9630=CARTESIAN_POINT('',(5.8,-2.65,-2.9));
#9631=CARTESIAN_POINT('',(4.1,-3.25,-2.9));
#9632=CARTESIAN_POINT('',(4.1,-2.65,-2.9));
#9633=CARTESIAN_POINT('',(1.9,-3.25,-2.9));
#9634=CARTESIAN_POINT('',(4.25,-1.75,-2.9));
#9635=CARTESIAN_POINT('Origin',(3.25,-1.75,-2.9));
#9636=CARTESIAN_POINT('',(-3.86884295956773,0.360731529928807,-2.9));
#9637=CARTESIAN_POINT('',(-4.45847078141032,0.360731529928807,-2.8999999999482));
#9638=CARTESIAN_POINT('',(-3.86884295956773,0.360731529928807,-2.8999999999482));
#9639=CARTESIAN_POINT('',(-4.45847078141032,0.208443549452907,-2.8999999999482));
#9640=CARTESIAN_POINT('',(-4.45847078141032,0.360731529928807,-2.8999999999482));
#9641=CARTESIAN_POINT('',(-3.86884295956773,0.208443549452907,-2.8999999999482));
#9642=CARTESIAN_POINT('',(-4.45847078141032,0.208443549452907,-2.8999999999482));
#9643=CARTESIAN_POINT('',(-3.86884295956773,0.208443549452907,-2.8999999999482));
#9644=CARTESIAN_POINT('',(-2.18879414931758,1.25591151772624,-2.9));
#9645=CARTESIAN_POINT('',(-2.18879414931758,-0.329445407227996,-2.8999999999482));
#9646=CARTESIAN_POINT('',(-2.18879414931758,1.25591151772624,-2.8999999999482));
#9647=CARTESIAN_POINT('',(-1.9925769437044,-0.329445407227996,-2.8999999999482));
#9648=CARTESIAN_POINT('',(-2.18879414931758,-0.329445407227996,-2.8999999999482));
#9649=CARTESIAN_POINT('',(-1.9925769437044,0.999169601923926,-2.8999999999482));
#9650=CARTESIAN_POINT('',(-1.9925769437044,-0.329445407227996,-2.8999999999482));
#9651=CARTESIAN_POINT('',(-1.63235729757871,0.815643061350406,-2.8999999999482));
#9652=CARTESIAN_POINT('Ctrl Pts',(-1.9925769437044,0.999169601923926,-2.8999999999482));
#9653=CARTESIAN_POINT('Ctrl Pts',(-1.93009982350916,0.936692481728686,-2.8999999999482));
#9654=CARTESIAN_POINT('Ctrl Pts',(-1.7573115379692,0.846881621448027,-2.8999999999482));
#9655=CARTESIAN_POINT('Ctrl Pts',(-1.63235729757871,0.815643061350406,-2.8999999999482));
#9656=CARTESIAN_POINT('',(-1.63235729757871,1.00697924194833,-2.8999999999482));
#9657=CARTESIAN_POINT('',(-1.63235729757871,0.815643061350406,-2.8999999999482));
#9658=CARTESIAN_POINT('',(-2.11460256908573,1.25591151772624,-2.8999999999482));
#9659=CARTESIAN_POINT('Ctrl Pts',(-1.63235729757871,1.00697924194833,-2.8999999999482));
#9660=CARTESIAN_POINT('Ctrl Pts',(-1.79831214809732,1.05188467208866,-2.8999999999482));
#9661=CARTESIAN_POINT('Ctrl Pts',(-2.01307724876846,1.16610065744559,-2.8999999999482));
#9662=CARTESIAN_POINT('Ctrl Pts',(-2.11460256908573,1.25591151772624,-2.8999999999482));
#9663=CARTESIAN_POINT('',(-2.11460256908573,1.25591151772624,-2.8999999999482));
#9664=CARTESIAN_POINT('',(0.515293709132696,0.360731529928807,-2.9));
#9665=CARTESIAN_POINT('',(-0.0753103177129422,0.360731529928807,-2.8999999999482));
#9666=CARTESIAN_POINT('',(0.515293709132696,0.360731529928807,-2.8999999999482));
#9667=CARTESIAN_POINT('',(-0.0753103177129422,0.208443549452907,-2.8999999999482));
#9668=CARTESIAN_POINT('',(-0.0753103177129422,0.360731529928807,-2.8999999999482));
#9669=CARTESIAN_POINT('',(0.515293709132696,0.208443549452907,-2.8999999999482));
#9670=CARTESIAN_POINT('',(-0.0753103177129422,0.208443549452907,-2.8999999999482));
#9671=CARTESIAN_POINT('',(0.515293709132696,0.208443549452907,-2.8999999999482));
#9672=CARTESIAN_POINT('',(1.86636143335478,-0.329445407227996,-2.9));
#9673=CARTESIAN_POINT('',(2.84451884641152,-0.329445407227996,-2.8999999999482));
#9674=CARTESIAN_POINT('',(1.86636143335478,-0.329445407227996,-2.8999999999482));
#9675=CARTESIAN_POINT('',(2.10943647911439,0.813690651344304,-2.8999999999482));
#9676=CARTESIAN_POINT('Ctrl Pts',(2.84451884641152,-0.329445407227996,-2.8999999999482));
#9677=CARTESIAN_POINT('Ctrl Pts',(2.84451884641152,-0.209743904765111,-2.8999999999482));
#9678=CARTESIAN_POINT('Ctrl Pts',(2.83840347078557,-0.0217903357544782,
-2.8999999999482));
#9679=CARTESIAN_POINT('Ctrl Pts',(2.67945034047812,0.171625561256014,-2.8999999999482));
#9680=CARTESIAN_POINT('Ctrl Pts',(2.54036061984477,0.290778452683866,-2.8999999999482));
#9681=CARTESIAN_POINT('Ctrl Pts',(2.25600433503751,0.487707545035273,-2.8999999999482));
#9682=CARTESIAN_POINT('Ctrl Pts',(2.14318957316984,0.625430458773149,-2.8999999999482));
#9683=CARTESIAN_POINT('Ctrl Pts',(2.10943647911439,0.749792230108248,-2.8999999999482));
#9684=CARTESIAN_POINT('Ctrl Pts',(2.10943647911439,0.813690651344304,-2.8999999999482));
#9685=CARTESIAN_POINT('',(2.78204172621628,0.892763256591406,-2.8999999999482));
#9686=CARTESIAN_POINT('Ctrl Pts',(2.10943647911439,0.813690651344304,-2.8999999999482));
#9687=CARTESIAN_POINT('Ctrl Pts',(2.10943647911439,0.966116041875392,-2.8999999999482));
#9688=CARTESIAN_POINT('Ctrl Pts',(2.24967065448952,1.12700971878306,-2.8999999999482));
#9689=CARTESIAN_POINT('Ctrl Pts',(2.63137979921675,1.0402262136074,-2.8999999999482));
#9690=CARTESIAN_POINT('Ctrl Pts',(2.72810817824469,0.950416359595517,-2.8999999999482));
#9691=CARTESIAN_POINT('Ctrl Pts',(2.78204172621628,0.892763256591406,-2.8999999999482));
#9692=CARTESIAN_POINT('',(2.78204172621628,1.08312323218628,-2.8999999999482));
#9693=CARTESIAN_POINT('',(2.78204172621628,0.892763256591406,-2.8999999999482));
#9694=CARTESIAN_POINT('',(2.64049200077394,-0.155680916684982,-2.8999999999482));
#9695=CARTESIAN_POINT('Ctrl Pts',(2.78204172621628,1.08312323218628,-2.8999999999482));
#9696=CARTESIAN_POINT('Ctrl Pts',(2.70890214612424,1.15766934266472,-2.8999999999482));
#9697=CARTESIAN_POINT('Ctrl Pts',(2.54250474200283,1.25739542687398,-2.8999999999482));
#9698=CARTESIAN_POINT('Ctrl Pts',(2.18751026395964,1.24614223750268,-2.8999999999482));
#9699=CARTESIAN_POINT('Ctrl Pts',(1.94404878395407,1.0886320909607,-2.8999999999482));
#9700=CARTESIAN_POINT('Ctrl Pts',(1.88664183061672,0.748634752436046,-2.8999999999482));
#9701=CARTESIAN_POINT('Ctrl Pts',(1.98373343898816,0.519315321183255,-2.8999999999482));
#9702=CARTESIAN_POINT('Ctrl Pts',(2.11102433953326,0.388544167781876,-2.8999999999482));
#9703=CARTESIAN_POINT('Ctrl Pts',(2.24455244300451,0.285787400660373,-2.8999999999482));
#9704=CARTESIAN_POINT('Ctrl Pts',(2.4264228845766,0.160923090758231,-2.8999999999482));
#9705=CARTESIAN_POINT('Ctrl Pts',(2.50321028507192,0.103102992528272,-2.8999999999482));
#9706=CARTESIAN_POINT('Ctrl Pts',(2.62085747244801,-0.00829988575765229,
-2.8999999999482));
#9707=CARTESIAN_POINT('Ctrl Pts',(2.64049200077394,-0.0984654761021718,
-2.8999999999482));
#9708=CARTESIAN_POINT('Ctrl Pts',(2.64049200077394,-0.155680916684982,-2.8999999999482));
#9709=CARTESIAN_POINT('',(1.86636143335478,-0.155680916684982,-2.8999999999482));
#9710=CARTESIAN_POINT('',(2.64049200077394,-0.155680916684982,-2.8999999999482));
#9711=CARTESIAN_POINT('',(1.86636143335478,-0.155680916684982,-2.8999999999482));
#9712=CARTESIAN_POINT('',(-5.18037438116627,1.78727271410765,-2.9));
#9713=CARTESIAN_POINT('',(-5.73729933540666,1.78727271410765,-2.8999999999482));
#9714=CARTESIAN_POINT('',(-5.18037438116627,1.78727271410765,-2.8999999999482));
#9715=CARTESIAN_POINT('',(-5.73729933540666,1.63095788799417,-2.8999999999482));
#9716=CARTESIAN_POINT('',(-5.73729933540666,1.78727271410765,-2.8999999999482));
#9717=CARTESIAN_POINT('',(-5.00612178812173,1.63095788799417,-2.8999999999482));
#9718=CARTESIAN_POINT('',(-5.73729933540666,1.63095788799417,-2.8999999999482));
#9719=CARTESIAN_POINT('',(-5.00612178812173,2.9856863809777,-2.8999999999482));
#9720=CARTESIAN_POINT('',(-5.00612178812173,1.63095788799417,-2.8999999999482));
#9721=CARTESIAN_POINT('',(-5.70569469843289,2.9856863809777,-2.8999999999482));
#9722=CARTESIAN_POINT('',(-5.00612178812173,2.9856863809777,-2.8999999999482));
#9723=CARTESIAN_POINT('',(-5.70569469843289,2.83022573424188,-2.8999999999482));
#9724=CARTESIAN_POINT('',(-5.70569469843289,2.9856863809777,-2.8999999999482));
#9725=CARTESIAN_POINT('',(-5.18037438116627,2.83022573424188,-2.8999999999482));
#9726=CARTESIAN_POINT('',(-5.70569469843289,2.83022573424188,-2.8999999999482));
#9727=CARTESIAN_POINT('',(-5.18037438116627,2.39801096914121,-2.8999999999482));
#9728=CARTESIAN_POINT('',(-5.18037438116627,2.83022573424188,-2.8999999999482));
#9729=CARTESIAN_POINT('',(-5.66725662643777,2.39801096914121,-2.8999999999482));
#9730=CARTESIAN_POINT('',(-5.18037438116627,2.39801096914121,-2.8999999999482));
#9731=CARTESIAN_POINT('',(-5.66725662643777,2.24169614302773,-2.8999999999482));
#9732=CARTESIAN_POINT('',(-5.66725662643777,2.39801096914121,-2.8999999999482));
#9733=CARTESIAN_POINT('',(-5.18037438116627,2.24169614302773,-2.8999999999482));
#9734=CARTESIAN_POINT('',(-5.66725662643777,2.24169614302773,-2.8999999999482));
#9735=CARTESIAN_POINT('',(-5.18037438116627,2.24169614302773,-2.8999999999482));
#9736=CARTESIAN_POINT('',(-3.10557267280751,2.25707137182577,-2.9));
#9737=CARTESIAN_POINT('',(-3.10557267280751,2.25280047493743,-2.8999999999482));
#9738=CARTESIAN_POINT('',(-3.10557267280751,2.25707137182577,-2.8999999999482));
#9739=CARTESIAN_POINT('',(-3.56341281923826,1.63095788799417,-2.8999999999482));
#9740=CARTESIAN_POINT('Ctrl Pts',(-3.10557267280751,2.25280047493743,-2.8999999999482));
#9741=CARTESIAN_POINT('Ctrl Pts',(-3.16707619794392,2.22624213453761,-2.8999999999482));
#9742=CARTESIAN_POINT('Ctrl Pts',(-3.23934660115584,2.15313756221201,-2.8999999999482));
#9743=CARTESIAN_POINT('Ctrl Pts',(-3.39536141661674,1.88929237171164,-2.8999999999482));
#9744=CARTESIAN_POINT('Ctrl Pts',(-3.49396662283893,1.74104985151685,-2.8999999999482));
#9745=CARTESIAN_POINT('Ctrl Pts',(-3.56341281923826,1.63095788799417,-2.8999999999482));
#9746=CARTESIAN_POINT('',(-3.35755558921996,1.63095788799417,-2.8999999999482));
#9747=CARTESIAN_POINT('',(-3.56341281923826,1.63095788799417,-2.8999999999482));
#9748=CARTESIAN_POINT('',(-2.74340061667572,2.19898717414426,-2.8999999999482));
#9749=CARTESIAN_POINT('Ctrl Pts',(-3.35755558921996,1.63095788799417,-2.8999999999482));
#9750=CARTESIAN_POINT('Ctrl Pts',(-3.31832686453776,1.69555255495208,-2.8999999999482));
#9751=CARTESIAN_POINT('Ctrl Pts',(-3.23988382895737,1.82310497584026,-2.8999999999482));
#9752=CARTESIAN_POINT('Ctrl Pts',(-3.12213279288274,2.02425508533832,-2.8999999999482));
#9753=CARTESIAN_POINT('Ctrl Pts',(-2.98917007405939,2.21464820516264,-2.8999999999482));
#9754=CARTESIAN_POINT('Ctrl Pts',(-2.8190041730847,2.19898717414426,-2.8999999999482));
#9755=CARTESIAN_POINT('Ctrl Pts',(-2.74340061667572,2.19898717414426,-2.8999999999482));
#9756=CARTESIAN_POINT('',(-2.74340061667572,1.63095788799417,-2.8999999999482));
#9757=CARTESIAN_POINT('',(-2.74340061667572,2.19898717414426,-2.8999999999482));
#9758=CARTESIAN_POINT('',(-2.56914802363118,1.63095788799417,-2.8999999999482));
#9759=CARTESIAN_POINT('',(-2.74340061667572,1.63095788799417,-2.8999999999482));
#9760=CARTESIAN_POINT('',(-2.56914802363118,2.9856863809777,-2.8999999999482));
#9761=CARTESIAN_POINT('',(-2.56914802363118,1.63095788799417,-2.8999999999482));
#9762=CARTESIAN_POINT('Ctrl Pts',(-2.56914802363118,2.9856863809777,-2.8999999999482));
#9763=CARTESIAN_POINT('Ctrl Pts',(-2.69935828861383,2.9856863809777,-2.8999999999482));
#9764=CARTESIAN_POINT('Ctrl Pts',(-2.95234629459565,3.00031245913656,-2.8999999999482));
#9765=CARTESIAN_POINT('Ctrl Pts',(-3.37642344746923,2.93449510742169,-2.8999999999482));
#9766=CARTESIAN_POINT('Ctrl Pts',(-3.45096816260032,2.46579222952734,-2.8999999999482));
#9767=CARTESIAN_POINT('Ctrl Pts',(-3.25951793928447,2.29965197744706,-2.8999999999482));
#9768=CARTESIAN_POINT('Ctrl Pts',(-3.10557267280751,2.25707137182577,-2.8999999999482));
#9769=CARTESIAN_POINT('',(-0.890685546510991,2.33821841270436,-2.9));
#9770=CARTESIAN_POINT('',(-0.413199274393845,1.68135447127666,-2.8999999999482));
#9771=CARTESIAN_POINT('Ctrl Pts',(-0.890685546510991,2.33821841270436,-2.8999999999482));
#9772=CARTESIAN_POINT('Ctrl Pts',(-1.03571944050307,2.32308444115736,-2.8999999999482));
#9773=CARTESIAN_POINT('Ctrl Pts',(-1.25899256132484,2.16812426173911,-2.8999999999482));
#9774=CARTESIAN_POINT('Ctrl Pts',(-1.17088603813174,1.716551705005,-2.8999999999482));
#9775=CARTESIAN_POINT('Ctrl Pts',(-0.800032831607525,1.57547861917001,-2.8999999999482));
#9776=CARTESIAN_POINT('Ctrl Pts',(-0.506050483028687,1.62444566598434,-2.8999999999482));
#9777=CARTESIAN_POINT('Ctrl Pts',(-0.413199274393845,1.68135447127666,-2.8999999999482));
#9778=CARTESIAN_POINT('',(-0.413199274393845,1.85987796120954,-2.8999999999482));
#9779=CARTESIAN_POINT('',(-0.413199274393845,1.68135447127666,-2.8999999999482));
#9780=CARTESIAN_POINT('',(-0.551576333576273,2.25963390995878,-2.8999999999482));
#9781=CARTESIAN_POINT('Ctrl Pts',(-0.413199274393845,1.85987796120954,-2.8999999999482));
#9782=CARTESIAN_POINT('Ctrl Pts',(-0.509560143748514,1.78473416400636,-2.8999999999482));
#9783=CARTESIAN_POINT('Ctrl Pts',(-0.741888375511639,1.70543950668358,-2.8999999999482));
#9784=CARTESIAN_POINT('Ctrl Pts',(-1.03852180677301,1.83740980981812,-2.8999999999482));
#9785=CARTESIAN_POINT('Ctrl Pts',(-1.03845863372936,2.09096844623467,-2.8999999999482));
#9786=CARTESIAN_POINT('Ctrl Pts',(-0.927031606563713,2.25312834999634,-2.8999999999482));
#9787=CARTESIAN_POINT('Ctrl Pts',(-0.66917446701313,2.25963390995878,-2.8999999999482));
#9788=CARTESIAN_POINT('Ctrl Pts',(-0.551576333576273,2.25963390995878,-2.8999999999482));
#9789=CARTESIAN_POINT('',(-0.551576333576273,2.40228186602956,-2.8999999999482));
#9790=CARTESIAN_POINT('',(-0.551576333576273,2.25963390995878,-2.8999999999482));
#9791=CARTESIAN_POINT('',(-0.465304216431674,2.76872481904969,-2.8999999999482));
#9792=CARTESIAN_POINT('Ctrl Pts',(-0.551576333576273,2.40228186602956,-2.8999999999482));
#9793=CARTESIAN_POINT('Ctrl Pts',(-0.655578927226607,2.40228186602956,-2.8999999999482));
#9794=CARTESIAN_POINT('Ctrl Pts',(-0.869984281268723,2.40623774491163,-2.8999999999482));
#9795=CARTESIAN_POINT('Ctrl Pts',(-0.981354041072827,2.53497360341759,-2.8999999999482));
#9796=CARTESIAN_POINT('Ctrl Pts',(-0.998936984500281,2.75702256489098,-2.8999999999482));
#9797=CARTESIAN_POINT('Ctrl Pts',(-0.845617770469349,2.90220145384619,-2.8999999999482));
#9798=CARTESIAN_POINT('Ctrl Pts',(-0.573433354558716,2.85173304629873,-2.8999999999482));
#9799=CARTESIAN_POINT('Ctrl Pts',(-0.465304216431674,2.76872481904969,-2.8999999999482));
#9800=CARTESIAN_POINT('',(-0.465304216431674,2.93101890080686,-2.8999999999482));
#9801=CARTESIAN_POINT('',(-0.465304216431674,2.76872481904969,-2.8999999999482));
#9802=CARTESIAN_POINT('',(-0.890685546510991,2.34163513021504,-2.8999999999482));
#9803=CARTESIAN_POINT('Ctrl Pts',(-0.465304216431674,2.93101890080686,-2.8999999999482));
#9804=CARTESIAN_POINT('Ctrl Pts',(-0.656686624792657,3.04143182870743,-2.8999999999482));
#9805=CARTESIAN_POINT('Ctrl Pts',(-1.13106690361502,3.06114346941699,-2.8999999999482));
#9806=CARTESIAN_POINT('Ctrl Pts',(-1.18747983007871,2.51077033819499,-2.8999999999482));
#9807=CARTESIAN_POINT('Ctrl Pts',(-1.01908030143615,2.37753698111828,-2.8999999999482));
#9808=CARTESIAN_POINT('Ctrl Pts',(-0.890685546510991,2.34163513021504,-2.8999999999482));
#9809=CARTESIAN_POINT('',(-0.890685546510991,2.34163513021504,-2.8999999999482));
#9810=CARTESIAN_POINT('',(0.856965460200419,1.63095788799417,-2.9));
#9811=CARTESIAN_POINT('',(1.71285319662507,1.63095788799417,-2.8999999999482));
#9812=CARTESIAN_POINT('',(0.856965460200419,1.63095788799417,-2.8999999999482));
#9813=CARTESIAN_POINT('',(1.06965612524008,2.63120193924493,-2.8999999999482));
#9814=CARTESIAN_POINT('Ctrl Pts',(1.71285319662507,1.63095788799417,-2.8999999999482));
#9815=CARTESIAN_POINT('Ctrl Pts',(1.71285319662507,1.73572398252999,-2.8999999999482));
#9816=CARTESIAN_POINT('Ctrl Pts',(1.68470191154218,1.95807358623503,-2.8999999999482));
#9817=CARTESIAN_POINT('Ctrl Pts',(1.56849720464484,2.08114905228006,-2.8999999999482));
#9818=CARTESIAN_POINT('Ctrl Pts',(1.30530747906148,2.26888790941712,-2.8999999999482));
#9819=CARTESIAN_POINT('Ctrl Pts',(1.17788011430506,2.37357911273518,-2.8999999999482));
#9820=CARTESIAN_POINT('Ctrl Pts',(1.09789071949972,2.46713764849972,-2.8999999999482));
#9821=CARTESIAN_POINT('Ctrl Pts',(1.06965612524008,2.57527625826209,-2.8999999999482));
#9822=CARTESIAN_POINT('Ctrl Pts',(1.06965612524008,2.63120193924493,-2.8999999999482));
#9823=CARTESIAN_POINT('',(1.65818571645423,2.70039046883615,-2.8999999999482));
#9824=CARTESIAN_POINT('Ctrl Pts',(1.06965612524008,2.63120193924493,-2.8999999999482));
#9825=CARTESIAN_POINT('Ctrl Pts',(1.06965612524008,2.76457415595963,-2.8999999999482));
#9826=CARTESIAN_POINT('Ctrl Pts',(1.19236102869331,2.90535612325384,-2.8999999999482));
#9827=CARTESIAN_POINT('Ctrl Pts',(1.52635653032964,2.82942055622514,-2.8999999999482));
#9828=CARTESIAN_POINT('Ctrl Pts',(1.61099386197909,2.75083693396474,-2.8999999999482));
#9829=CARTESIAN_POINT('Ctrl Pts',(1.65818571645423,2.70039046883615,-2.8999999999482));
#9830=CARTESIAN_POINT('',(1.65818571645423,2.86695544748166,-2.8999999999482));
#9831=CARTESIAN_POINT('',(1.65818571645423,2.70039046883615,-2.8999999999482));
#9832=CARTESIAN_POINT('',(1.53432970669218,1.78300181721931,-2.8999999999482));
#9833=CARTESIAN_POINT('Ctrl Pts',(1.65818571645423,2.86695544748166,-2.8999999999482));
#9834=CARTESIAN_POINT('Ctrl Pts',(1.59760047734276,2.92870578734527,-2.8999999999482));
#9835=CARTESIAN_POINT('Ctrl Pts',(1.46099324437872,3.01710905663622,-2.8999999999482));
#9836=CARTESIAN_POINT('Ctrl Pts',(1.1385254220694,3.01116745835593,-2.8999999999482));
#9837=CARTESIAN_POINT('Ctrl Pts',(0.925116747854161,2.87190367016753,-2.8999999999482));
#9838=CARTESIAN_POINT('Ctrl Pts',(0.876201348993502,2.57383016408133,-2.8999999999482));
#9839=CARTESIAN_POINT('Ctrl Pts',(0.975690560671031,2.33425547360673,-2.8999999999482));
#9840=CARTESIAN_POINT('Ctrl Pts',(1.13554971850854,2.20592860472602,-2.8999999999482));
#9841=CARTESIAN_POINT('Ctrl Pts',(1.34617562501177,2.06030956383245,-2.8999999999482));
#9842=CARTESIAN_POINT('Ctrl Pts',(1.44180021652879,1.9900571476798,-2.8999999999482));
#9843=CARTESIAN_POINT('Ctrl Pts',(1.53432970669218,1.88309768828764,-2.8999999999482));
#9844=CARTESIAN_POINT('Ctrl Pts',(1.53432970669218,1.78300181721931,-2.8999999999482));
#9845=CARTESIAN_POINT('',(0.856965460200419,1.78300181721931,-2.8999999999482));
#9846=CARTESIAN_POINT('',(1.53432970669218,1.78300181721931,-2.8999999999482));
#9847=CARTESIAN_POINT('',(0.856965460200419,1.78300181721931,-2.8999999999482));
#9848=CARTESIAN_POINT('',(0.666483458980163,2.9856863809777,-2.9));
#9849=CARTESIAN_POINT('',(-0.196237712465841,2.9856863809777,-2.8999999999482));
#9850=CARTESIAN_POINT('',(0.666483458980163,2.9856863809777,-2.8999999999482));
#9851=CARTESIAN_POINT('',(-0.196237712465841,2.8797681381467,-2.8999999999482));
#9852=CARTESIAN_POINT('',(-0.196237712465841,2.9856863809777,-2.8999999999482));
#9853=CARTESIAN_POINT('',(0.291498712183337,1.63095788799417,-2.8999999999482));
#9854=CARTESIAN_POINT('Ctrl Pts',(-0.196237712465841,2.8797681381467,-2.8999999999482));
#9855=CARTESIAN_POINT('Ctrl Pts',(-0.133589117895968,2.77060202425549,-2.8999999999482));
#9856=CARTESIAN_POINT('Ctrl Pts',(-0.0188700480582321,2.55641228489627,
-2.8999999999482));
#9857=CARTESIAN_POINT('Ctrl Pts',(0.0888130582490198,2.32233207365186,-2.8999999999482));
#9858=CARTESIAN_POINT('Ctrl Pts',(0.171085179355887,2.11332074701526,-2.8999999999482));
#9859=CARTESIAN_POINT('Ctrl Pts',(0.249312246822929,1.87441309771619,-2.8999999999482));
#9860=CARTESIAN_POINT('Ctrl Pts',(0.280096739447122,1.72465235960915,-2.8999999999482));
#9861=CARTESIAN_POINT('Ctrl Pts',(0.291498712183337,1.63095788799417,-2.8999999999482));
#9862=CARTESIAN_POINT('',(0.470022202116222,1.63095788799417,-2.8999999999482));
#9863=CARTESIAN_POINT('',(0.291498712183337,1.63095788799417,-2.8999999999482));
#9864=CARTESIAN_POINT('',(-0.00575571124558378,2.83449663113023,-2.8999999999482));
#9865=CARTESIAN_POINT('Origin',(-1.84080783541345,3.57752368011263,-2.8999999999482));
#9866=CARTESIAN_POINT('',(0.666483458980163,2.83449663113023,-2.8999999999482));
#9867=CARTESIAN_POINT('',(-0.00575571124558378,2.83449663113023,-2.8999999999482));
#9868=CARTESIAN_POINT('',(0.666483458980163,2.83449663113023,-2.8999999999482));
#9869=CARTESIAN_POINT('',(-1.3579216660961,2.08281877878123,-2.9));
#9870=CARTESIAN_POINT('',(-1.98061843241703,2.9856863809777,-2.8999999999482));
#9871=CARTESIAN_POINT('Origin',(2.23981283677418,5.23029933855157,-2.8999999999482));
#9872=CARTESIAN_POINT('',(-2.15914192234992,2.9856863809777,-2.8999999999482));
#9873=CARTESIAN_POINT('',(-1.98061843241703,2.9856863809777,-2.8999999999482));
#9874=CARTESIAN_POINT('',(-2.15914192234992,2.09050639318026,-2.8999999999482));
#9875=CARTESIAN_POINT('',(-2.15914192234992,2.9856863809777,-2.8999999999482));
#9876=CARTESIAN_POINT('',(-2.36329079361288,2.09050639318026,-2.8999999999482));
#9877=CARTESIAN_POINT('',(-2.15914192234992,2.09050639318026,-2.8999999999482));
#9878=CARTESIAN_POINT('',(-2.36329079361288,1.94785843710948,-2.8999999999482));
#9879=CARTESIAN_POINT('',(-2.36329079361288,2.09050639318026,-2.8999999999482));
#9880=CARTESIAN_POINT('',(-2.15914192234992,1.94785843710948,-2.8999999999482));
#9881=CARTESIAN_POINT('',(-2.36329079361288,1.94785843710948,-2.8999999999482));
#9882=CARTESIAN_POINT('',(-2.15914192234992,1.63095788799417,-2.8999999999482));
#9883=CARTESIAN_POINT('',(-2.15914192234992,1.94785843710948,-2.8999999999482));
#9884=CARTESIAN_POINT('',(-1.99172276432673,1.63095788799417,-2.8999999999482));
#9885=CARTESIAN_POINT('',(-2.15914192234992,1.63095788799417,-2.8999999999482));
#9886=CARTESIAN_POINT('',(-1.99172276432673,1.94785843710948,-2.8999999999482));
#9887=CARTESIAN_POINT('',(-1.99172276432673,1.63095788799417,-2.8999999999482));
#9888=CARTESIAN_POINT('',(-1.3579216660961,1.94785843710948,-2.8999999999482));
#9889=CARTESIAN_POINT('',(-1.99172276432673,1.94785843710948,-2.8999999999482));
#9890=CARTESIAN_POINT('',(-1.3579216660961,1.94785843710948,-2.8999999999482));
#9891=CARTESIAN_POINT('',(-4.10410836530293,2.9856863809777,-2.9));
#9892=CARTESIAN_POINT('',(-4.29288200776785,2.9856863809777,-2.8999999999482));
#9893=CARTESIAN_POINT('',(-4.10410836530293,2.9856863809777,-2.8999999999482));
#9894=CARTESIAN_POINT('',(-4.81136889001312,1.63095788799417,-2.8999999999482));
#9895=CARTESIAN_POINT('',(-4.29288200776785,2.9856863809777,-2.8999999999482));
#9896=CARTESIAN_POINT('',(-4.61661599190452,1.63095788799417,-2.8999999999482));
#9897=CARTESIAN_POINT('',(-4.81136889001312,1.63095788799417,-2.8999999999482));
#9898=CARTESIAN_POINT('',(-4.47823893272209,1.99996337914731,-2.8999999999482));
#9899=CARTESIAN_POINT('',(-4.61661599190452,1.63095788799417,-2.8999999999482));
#9900=CARTESIAN_POINT('',(-3.91362636408268,1.99996337914731,-2.8999999999482));
#9901=CARTESIAN_POINT('',(-4.47823893272209,1.99996337914731,-2.8999999999482));
#9902=CARTESIAN_POINT('',(-3.78293691929928,1.63095788799417,-2.8999999999482));
#9903=CARTESIAN_POINT('',(-3.91362636408268,1.99996337914731,-2.8999999999482));
#9904=CARTESIAN_POINT('',(-3.58818402119067,1.63095788799417,-2.8999999999482));
#9905=CARTESIAN_POINT('',(-3.78293691929928,1.63095788799417,-2.8999999999482));
#9906=CARTESIAN_POINT('',(-3.58818402119067,1.63095788799417,-2.8999999999482));
#9907=CARTESIAN_POINT('',(4.32737424604545,-0.329445407227996,-2.9));
#9908=CARTESIAN_POINT('',(4.32737424604545,1.21881572761032,-2.8999999999482));
#9909=CARTESIAN_POINT('',(4.32737424604545,-0.329445407227996,-2.8999999999482));
#9910=CARTESIAN_POINT('Ctrl Pts',(4.32737424604545,1.21881572761032,-2.8999999999482));
#9911=CARTESIAN_POINT('Ctrl Pts',(4.18488622155275,1.21881572761032,-2.8999999999482));
#9912=CARTESIAN_POINT('Ctrl Pts',(3.9045957629159,1.23342150926046,-2.8999999999482));
#9913=CARTESIAN_POINT('Ctrl Pts',(3.45604653286945,1.16769549183482,-2.8999999999482));
#9914=CARTESIAN_POINT('Ctrl Pts',(3.13269579093147,0.890450065756065,-2.8999999999482));
#9915=CARTESIAN_POINT('Ctrl Pts',(3.02753763956343,0.445449346888075,-2.8999999999482));
#9916=CARTESIAN_POINT('Ctrl Pts',(3.14294419018156,0.0103332439496605,-2.8999999999482));
#9917=CARTESIAN_POINT('Ctrl Pts',(3.45314760103475,-0.271308812382168,-2.8999999999482));
#9918=CARTESIAN_POINT('Ctrl Pts',(3.90515379308117,-0.346055142275483,-2.8999999999482));
#9919=CARTESIAN_POINT('Ctrl Pts',(4.18487014327252,-0.329445407227996,-2.8999999999482));
#9920=CARTESIAN_POINT('Ctrl Pts',(4.32737424604545,-0.329445407227996,-2.8999999999482));
#9921=CARTESIAN_POINT('',(1.56080926739993,1.21881572761032,-2.9));
#9922=CARTESIAN_POINT('',(0.761297369901457,1.21881572761032,-2.8999999999482));
#9923=CARTESIAN_POINT('',(1.56080926739993,1.21881572761032,-2.8999999999482));
#9924=CARTESIAN_POINT('',(0.761297369901457,1.0411464170551,-2.8999999999482));
#9925=CARTESIAN_POINT('',(0.761297369901457,1.21881572761032,-2.8999999999482));
#9926=CARTESIAN_POINT('',(1.3616634467776,1.0411464170551,-2.8999999999482));
#9927=CARTESIAN_POINT('',(0.761297369901457,1.0411464170551,-2.8999999999482));
#9928=CARTESIAN_POINT('',(1.3616634467776,0.523757765438264,-2.8999999999482));
#9929=CARTESIAN_POINT('',(1.3616634467776,1.0411464170551,-2.8999999999482));
#9930=CARTESIAN_POINT('',(0.805226595038735,0.523757765438264,-2.8999999999482));
#9931=CARTESIAN_POINT('',(1.3616634467776,0.523757765438264,-2.8999999999482));
#9932=CARTESIAN_POINT('',(0.805226595038735,0.345112249879997,-2.8999999999482));
#9933=CARTESIAN_POINT('',(0.805226595038735,0.523757765438264,-2.8999999999482));
#9934=CARTESIAN_POINT('',(1.3616634467776,0.345112249879997,-2.8999999999482));
#9935=CARTESIAN_POINT('',(0.805226595038735,0.345112249879997,-2.8999999999482));
#9936=CARTESIAN_POINT('',(1.3616634467776,-0.329445407227996,-2.8999999999482));
#9937=CARTESIAN_POINT('',(1.3616634467776,0.345112249879997,-2.8999999999482));
#9938=CARTESIAN_POINT('',(1.56080926739993,-0.329445407227996,-2.8999999999482));
#9939=CARTESIAN_POINT('',(1.3616634467776,-0.329445407227996,-2.8999999999482));
#9940=CARTESIAN_POINT('',(1.56080926739993,-0.329445407227996,-2.8999999999482));
#9941=CARTESIAN_POINT('',(-0.307647108438996,0.414422805096592,-2.8999999999482));
#9942=CARTESIAN_POINT('Ctrl Pts',(-0.307647108438996,0.414422805096592,
-2.8999999999482));
#9943=CARTESIAN_POINT('Ctrl Pts',(-0.307267159342537,0.534412509841262,
-2.8999999999482));
#9944=CARTESIAN_POINT('Ctrl Pts',(-0.330259052057843,0.778930156170328,
-2.8999999999482));
#9945=CARTESIAN_POINT('Ctrl Pts',(-0.433603587086837,1.08006011432113,-2.8999999999482));
#9946=CARTESIAN_POINT('Ctrl Pts',(-0.685880842332238,1.26699227825406,-2.8999999999482));
#9947=CARTESIAN_POINT('Ctrl Pts',(-1.00840506588363,1.23581186523935,-2.8999999999482));
#9948=CARTESIAN_POINT('Ctrl Pts',(-1.22748112497162,1.08339543619488,-2.8999999999482));
#9949=CARTESIAN_POINT('Ctrl Pts',(-1.33791153595028,0.742947631391707,-2.8999999999482));
#9950=CARTESIAN_POINT('Ctrl Pts',(-1.32781194571457,0.212173455951417,-2.8999999999482));
#9951=CARTESIAN_POINT('Ctrl Pts',(-1.23693521102156,-0.143130830587926,
-2.8999999999482));
#9952=CARTESIAN_POINT('Ctrl Pts',(-0.997099653952089,-0.369148616355667,
-2.8999999999482));
#9953=CARTESIAN_POINT('Ctrl Pts',(-0.644494937015562,-0.356218206543547,
-2.8999999999482));
#9954=CARTESIAN_POINT('Ctrl Pts',(-0.429562075773685,-0.188365628632735,
-2.8999999999482));
#9955=CARTESIAN_POINT('Ctrl Pts',(-0.335414281180488,0.0388305507776941,
-2.8999999999482));
#9956=CARTESIAN_POINT('Ctrl Pts',(-0.308048904667752,0.287533673617408,
-2.8999999999482));
#9957=CARTESIAN_POINT('Ctrl Pts',(-0.307647108438996,0.414422805096593,
-2.8999999999482));
#9958=CARTESIAN_POINT('',(-2.8233274013005,1.21881572761032,-2.9));
#9959=CARTESIAN_POINT('',(-3.62283929879897,1.21881572761032,-2.8999999999482));
#9960=CARTESIAN_POINT('',(-2.8233274013005,1.21881572761032,-2.8999999999482));
#9961=CARTESIAN_POINT('',(-3.62283929879897,1.0411464170551,-2.8999999999482));
#9962=CARTESIAN_POINT('',(-3.62283929879897,1.21881572761032,-2.8999999999482));
#9963=CARTESIAN_POINT('',(-3.02247322192283,1.0411464170551,-2.8999999999482));
#9964=CARTESIAN_POINT('',(-3.62283929879897,1.0411464170551,-2.8999999999482));
#9965=CARTESIAN_POINT('',(-3.02247322192283,0.523757765438264,-2.8999999999482));
#9966=CARTESIAN_POINT('',(-3.02247322192283,1.0411464170551,-2.8999999999482));
#9967=CARTESIAN_POINT('',(-3.57891007366169,0.523757765438264,-2.8999999999482));
#9968=CARTESIAN_POINT('',(-3.02247322192283,0.523757765438264,-2.8999999999482));
#9969=CARTESIAN_POINT('',(-3.57891007366169,0.345112249879997,-2.8999999999482));
#9970=CARTESIAN_POINT('',(-3.57891007366169,0.523757765438264,-2.8999999999482));
#9971=CARTESIAN_POINT('',(-3.02247322192283,0.345112249879997,-2.8999999999482));
#9972=CARTESIAN_POINT('',(-3.57891007366169,0.345112249879997,-2.8999999999482));
#9973=CARTESIAN_POINT('',(-3.02247322192283,-0.329445407227996,-2.8999999999482));
#9974=CARTESIAN_POINT('',(-3.02247322192283,0.345112249879997,-2.8999999999482));
#9975=CARTESIAN_POINT('',(-2.8233274013005,-0.329445407227996,-2.8999999999482));
#9976=CARTESIAN_POINT('',(-3.02247322192283,-0.329445407227996,-2.8999999999482));
#9977=CARTESIAN_POINT('',(-2.8233274013005,-0.329445407227996,-2.8999999999482));
#9978=CARTESIAN_POINT('',(-4.64492593699299,1.21881572761032,-2.9));
#9979=CARTESIAN_POINT('',(-5.73729933540666,1.21881572761032,-2.8999999999482));
#9980=CARTESIAN_POINT('',(-4.64492593699299,1.21881572761032,-2.8999999999482));
#9981=CARTESIAN_POINT('',(-5.73729933540666,1.0411464170551,-2.8999999999482));
#9982=CARTESIAN_POINT('',(-5.73729933540666,1.21881572761032,-2.8999999999482));
#9983=CARTESIAN_POINT('',(-5.28922123900642,1.0411464170551,-2.8999999999482));
#9984=CARTESIAN_POINT('',(-5.73729933540666,1.0411464170551,-2.8999999999482));
#9985=CARTESIAN_POINT('',(-5.28922123900642,-0.329445407227996,-2.8999999999482));
#9986=CARTESIAN_POINT('',(-5.28922123900642,1.0411464170551,-2.8999999999482));
#9987=CARTESIAN_POINT('',(-5.09007541838408,-0.329445407227996,-2.8999999999482));
#9988=CARTESIAN_POINT('',(-5.28922123900642,-0.329445407227996,-2.8999999999482));
#9989=CARTESIAN_POINT('',(-5.09007541838408,1.0411464170551,-2.8999999999482));
#9990=CARTESIAN_POINT('',(-5.09007541838408,-0.329445407227996,-2.8999999999482));
#9991=CARTESIAN_POINT('',(-4.64492593699299,1.0411464170551,-2.8999999999482));
#9992=CARTESIAN_POINT('',(-5.09007541838408,1.0411464170551,-2.8999999999482));
#9993=CARTESIAN_POINT('',(-4.64492593699299,1.0411464170551,-2.8999999999482));
#9994=CARTESIAN_POINT('',(-2.25,-1.75,-2.9));
#9995=CARTESIAN_POINT('Origin',(-3.25,-1.75,-2.9));
#9996=CARTESIAN_POINT('Origin',(6.40000000000001,3.25,2.9));
#9997=CARTESIAN_POINT('',(6.40000000000001,3.25,1.2));
#9998=CARTESIAN_POINT('',(5.80000000000001,3.25,1.2));
#9999=CARTESIAN_POINT('',(6.40000000000001,3.25,1.2));
#10000=CARTESIAN_POINT('',(5.80000000000001,3.25,2.));
#10001=CARTESIAN_POINT('',(5.80000000000001,3.25,1.2));
#10002=CARTESIAN_POINT('',(5.00000000000001,3.25,2.));
#10003=CARTESIAN_POINT('',(5.80000000000001,3.25,2.));
#10004=CARTESIAN_POINT('',(5.00000000000001,3.25,-2.));
#10005=CARTESIAN_POINT('',(5.00000000000001,3.25,2.));
#10006=CARTESIAN_POINT('',(5.80000000000001,3.25,-2.));
#10007=CARTESIAN_POINT('',(5.00000000000001,3.25,-2.));
#10008=CARTESIAN_POINT('',(5.80000000000001,3.25,-1.2));
#10009=CARTESIAN_POINT('',(5.80000000000001,3.25,-2.));
#10010=CARTESIAN_POINT('',(6.40000000000001,3.25,-1.2));
#10011=CARTESIAN_POINT('',(5.80000000000001,3.25,-1.2));
#10012=CARTESIAN_POINT('',(6.40000000000001,3.25,2.9));
#10013=CARTESIAN_POINT('',(-6.4,3.25,2.9));
#10014=CARTESIAN_POINT('',(-6.4,3.25,2.9));
#10015=CARTESIAN_POINT('',(6.40000000000001,3.25,2.9));
#10016=CARTESIAN_POINT('',(6.40000000000001,3.25,2.9));
#10017=CARTESIAN_POINT('',(6.40000000000001,3.25,2.9));
#10018=CARTESIAN_POINT('',(-3.3700610411518,3.25,0.889038785834738));
#10019=CARTESIAN_POINT('Ctrl Pts',(-3.3700610411518,3.25,0.889038785834738));
#10020=CARTESIAN_POINT('Ctrl Pts',(-3.3689477018329,3.25,1.02204406225767));
#10021=CARTESIAN_POINT('Ctrl Pts',(-3.44434173811156,3.25,1.28633234153654));
#10022=CARTESIAN_POINT('Ctrl Pts',(-3.80657336269478,3.25,1.4424028500807));
#10023=CARTESIAN_POINT('Ctrl Pts',(-4.22372234594058,3.25,1.33221022168634));
#10024=CARTESIAN_POINT('Ctrl Pts',(-4.35561880848349,3.25,0.968598943353638));
#10025=CARTESIAN_POINT('Ctrl Pts',(-4.26416452972131,3.25,0.528090172995692));
#10026=CARTESIAN_POINT('Ctrl Pts',(-3.89770311644808,3.25,0.355622612787515));
#10027=CARTESIAN_POINT('Ctrl Pts',(-3.46497027708825,3.25,0.466081571797413));
#10028=CARTESIAN_POINT('Ctrl Pts',(-3.37129116704646,3.25,0.742081580717813));
#10029=CARTESIAN_POINT('Ctrl Pts',(-3.3700610411518,3.25,0.889038785834734));
#10030=CARTESIAN_POINT('',(-1.26972377302364,3.25,1.22546374367622));
#10031=CARTESIAN_POINT('',(-1.83970690961723,3.25,1.2043844856661));
#10032=CARTESIAN_POINT('Ctrl Pts',(-1.26972377302364,3.25,1.22546374367622));
#10033=CARTESIAN_POINT('Ctrl Pts',(-1.33691900775138,3.25,1.33994451395311));
#10034=CARTESIAN_POINT('Ctrl Pts',(-1.55521644712237,3.25,1.46688184618912));
#10035=CARTESIAN_POINT('Ctrl Pts',(-1.80027464429964,3.25,1.3261101742552));
#10036=CARTESIAN_POINT('Ctrl Pts',(-1.83970690961723,3.25,1.2043844856661));
#10037=CARTESIAN_POINT('',(-2.47292782024118,3.25,0.421922428330522));
#10038=CARTESIAN_POINT('Ctrl Pts',(-1.83970690961723,3.25,1.2043844856661));
#10039=CARTESIAN_POINT('Ctrl Pts',(-1.91087469447323,3.25,1.33485875790209));
#10040=CARTESIAN_POINT('Ctrl Pts',(-2.09500491977785,3.25,1.43229530784771));
#10041=CARTESIAN_POINT('Ctrl Pts',(-2.35021336179748,3.25,1.36787611255788));
#10042=CARTESIAN_POINT('Ctrl Pts',(-2.45229534573444,3.25,1.24416841028914));
#10043=CARTESIAN_POINT('Ctrl Pts',(-2.47835741879558,3.25,0.993846578581246));
#10044=CARTESIAN_POINT('Ctrl Pts',(-2.46967006110854,3.25,0.75309262714715));
#10045=CARTESIAN_POINT('Ctrl Pts',(-2.47292782024118,3.25,0.55160025313188));
#10046=CARTESIAN_POINT('Ctrl Pts',(-2.47292782024118,3.25,0.421922428330522));
#10047=CARTESIAN_POINT('',(-2.30345058583983,3.25,0.421922428330522));
#10048=CARTESIAN_POINT('',(-2.47292782024118,3.25,0.421922428330522));
#10049=CARTESIAN_POINT('',(-1.8700610411518,3.25,0.421922428330522));
#10050=CARTESIAN_POINT('Ctrl Pts',(-2.30345058583983,3.25,0.421922428330522));
#10051=CARTESIAN_POINT('Ctrl Pts',(-2.30345058583983,3.25,0.501610051379854));
#10052=CARTESIAN_POINT('Ctrl Pts',(-2.30348528170209,3.25,0.664132341032901));
#10053=CARTESIAN_POINT('Ctrl Pts',(-2.3033291503219,3.25,0.889033514186165));
#10054=CARTESIAN_POINT('Ctrl Pts',(-2.30390163204927,3.25,1.1800226019815));
#10055=CARTESIAN_POINT('Ctrl Pts',(-2.17336817665343,3.25,1.27384801793039));
#10056=CARTESIAN_POINT('Ctrl Pts',(-1.98957657369834,3.25,1.24606452971992));
#10057=CARTESIAN_POINT('Ctrl Pts',(-1.87221056137631,3.25,1.09596626101755));
#10058=CARTESIAN_POINT('Ctrl Pts',(-1.86932705863612,3.25,0.90127548053685));
#10059=CARTESIAN_POINT('Ctrl Pts',(-1.870270750442,3.25,0.66068767382013));
#10060=CARTESIAN_POINT('Ctrl Pts',(-1.8700610411518,3.25,0.501621301749913));
#10061=CARTESIAN_POINT('Ctrl Pts',(-1.8700610411518,3.25,0.421922428330522));
#10062=CARTESIAN_POINT('',(-1.69974063643005,3.25,0.421922428330522));
#10063=CARTESIAN_POINT('',(-1.8700610411518,3.25,0.421922428330522));
#10064=CARTESIAN_POINT('',(-1.26635109174202,3.25,0.421922428330522));
#10065=CARTESIAN_POINT('Ctrl Pts',(-1.69974063643005,3.25,0.421922428330522));
#10066=CARTESIAN_POINT('Ctrl Pts',(-1.69974063643005,3.25,0.501633693655268));
#10067=CARTESIAN_POINT('Ctrl Pts',(-1.70053019666917,3.25,0.662998858892808));
#10068=CARTESIAN_POINT('Ctrl Pts',(-1.69756934577247,3.25,0.854992142499484));
#10069=CARTESIAN_POINT('Ctrl Pts',(-1.70349104756587,3.25,1.02898443255936));
#10070=CARTESIAN_POINT('Ctrl Pts',(-1.66847110125217,3.25,1.20949589343416));
#10071=CARTESIAN_POINT('Ctrl Pts',(-1.50382395032046,3.25,1.30191959967584));
#10072=CARTESIAN_POINT('Ctrl Pts',(-1.26351835075976,3.25,1.15600643305774));
#10073=CARTESIAN_POINT('Ctrl Pts',(-1.26711375277571,3.25,0.895624880708307));
#10074=CARTESIAN_POINT('Ctrl Pts',(-1.26613318858954,3.25,0.662319320105253));
#10075=CARTESIAN_POINT('Ctrl Pts',(-1.26635109174202,3.25,0.501624947941997));
#10076=CARTESIAN_POINT('Ctrl Pts',(-1.26635109174202,3.25,0.421922428330522));
#10077=CARTESIAN_POINT('',(-1.09603068702027,3.25,0.421922428330522));
#10078=CARTESIAN_POINT('',(-1.26635109174202,3.25,0.421922428330522));
#10079=CARTESIAN_POINT('',(-1.09603068702027,3.25,1.37807757166948));
#10080=CARTESIAN_POINT('',(-1.09603068702027,3.25,0.421922428330522));
#10081=CARTESIAN_POINT('',(-1.26635109174202,3.25,1.37807757166948));
#10082=CARTESIAN_POINT('',(-1.09603068702027,3.25,1.37807757166948));
#10083=CARTESIAN_POINT('',(-1.26635109174202,3.25,1.22546374367622));
#10084=CARTESIAN_POINT('',(-1.26635109174202,3.25,1.37807757166948));
#10085=CARTESIAN_POINT('',(-1.26635109174202,3.25,1.22546374367622));
#10086=CARTESIAN_POINT('',(-5.2708535794083,3.25,-0.214324009826858));
#10087=CARTESIAN_POINT('',(-5.37259055211302,3.25,-0.214324009826858));
#10088=CARTESIAN_POINT('',(-5.2708535794083,3.25,-0.214324009826858));
#10089=CARTESIAN_POINT('',(-5.37259055211302,3.25,-1.00142078402041));
#10090=CARTESIAN_POINT('',(-5.37259055211302,3.25,-0.214324009826858));
#10091=CARTESIAN_POINT('',(-5.25100246278299,3.25,-1.00142078402041));
#10092=CARTESIAN_POINT('',(-5.37259055211302,3.25,-1.00142078402041));
#10093=CARTESIAN_POINT('',(-4.82618856700135,3.25,-0.337400932903782));
#10094=CARTESIAN_POINT('Ctrl Pts',(-5.25100246278299,3.25,-1.00142078402041));
#10095=CARTESIAN_POINT('Ctrl Pts',(-5.17944265208921,3.25,-0.891177580030231));
#10096=CARTESIAN_POINT('Ctrl Pts',(-5.04640775448732,3.25,-0.668536344206073));
#10097=CARTESIAN_POINT('Ctrl Pts',(-4.87303396174269,3.25,-0.454514419757137));
#10098=CARTESIAN_POINT('Ctrl Pts',(-4.82618856700135,3.25,-0.337400932903782));
#10099=CARTESIAN_POINT('',(-4.82321089950756,3.25,-0.337400932903782));
#10100=CARTESIAN_POINT('',(-4.82618856700135,3.25,-0.337400932903782));
#10101=CARTESIAN_POINT('',(-4.82767740074825,3.25,-1.00142078402041));
#10102=CARTESIAN_POINT('Ctrl Pts',(-4.82321089950756,3.25,-0.337400932903782));
#10103=CARTESIAN_POINT('Ctrl Pts',(-4.82767160806819,3.25,-0.364165184267582));
#10104=CARTESIAN_POINT('Ctrl Pts',(-4.82768003378465,3.25,-0.516191339121015));
#10105=CARTESIAN_POINT('Ctrl Pts',(-4.82767582092642,3.25,-0.716925076390969));
#10106=CARTESIAN_POINT('Ctrl Pts',(-4.82767740074825,3.25,-0.890722058141739));
#10107=CARTESIAN_POINT('Ctrl Pts',(-4.82767740074825,3.25,-1.00142078402041));
#10108=CARTESIAN_POINT('',(-4.72643670595917,3.25,-1.00142078402041));
#10109=CARTESIAN_POINT('',(-4.82767740074825,3.25,-1.00142078402041));
#10110=CARTESIAN_POINT('',(-4.72643670595917,3.25,-0.214324009826858));
#10111=CARTESIAN_POINT('',(-4.72643670595917,3.25,-1.00142078402041));
#10112=CARTESIAN_POINT('',(-4.85398013027679,3.25,-0.214324009826858));
#10113=CARTESIAN_POINT('',(-4.72643670595917,3.25,-0.214324009826858));
#10114=CARTESIAN_POINT('',(-5.27432752481773,3.25,-0.869907136377727));
#10115=CARTESIAN_POINT('Ctrl Pts',(-4.85398013027679,3.25,-0.214324009826858));
#10116=CARTESIAN_POINT('Ctrl Pts',(-4.88913562685004,3.25,-0.268880299003267));
#10117=CARTESIAN_POINT('Ctrl Pts',(-4.95979898240857,3.25,-0.378610062814296));
#10118=CARTESIAN_POINT('Ctrl Pts',(-5.06367984127411,3.25,-0.539501595781563));
#10119=CARTESIAN_POINT('Ctrl Pts',(-5.15641356587286,3.25,-0.684378618773011));
#10120=CARTESIAN_POINT('Ctrl Pts',(-5.21685841148205,3.25,-0.776210004295866));
#10121=CARTESIAN_POINT('Ctrl Pts',(-5.27209856554194,3.25,-0.865945864590401));
#10122=CARTESIAN_POINT('Ctrl Pts',(-5.27432752481773,3.25,-0.869907136377727));
#10123=CARTESIAN_POINT('',(-5.27631263648026,3.25,-0.869907136377727));
#10124=CARTESIAN_POINT('',(-5.27432752481773,3.25,-0.869907136377727));
#10125=CARTESIAN_POINT('Ctrl Pts',(-5.27631263648026,3.25,-0.869907136377727));
#10126=CARTESIAN_POINT('Ctrl Pts',(-5.27135392290673,3.25,-0.838029691976463));
#10127=CARTESIAN_POINT('Ctrl Pts',(-5.27062615054538,3.25,-0.695924287382597));
#10128=CARTESIAN_POINT('Ctrl Pts',(-5.27099003672605,3.25,-0.493725968125595));
#10129=CARTESIAN_POINT('Ctrl Pts',(-5.2708535794083,3.25,-0.323624418448431));
#10130=CARTESIAN_POINT('Ctrl Pts',(-5.2708535794083,3.25,-0.214324009826858));
#10131=CARTESIAN_POINT('',(-3.3542282692346,3.25,-1.00142078402041));
#10132=CARTESIAN_POINT('',(-3.3542282692346,3.25,-0.214324009826858));
#10133=CARTESIAN_POINT('',(-3.3542282692346,3.25,-1.00142078402041));
#10134=CARTESIAN_POINT('',(-3.45546896402369,3.25,-0.708120535881449));
#10135=CARTESIAN_POINT('Ctrl Pts',(-3.3542282692346,3.25,-0.214324009826858));
#10136=CARTESIAN_POINT('Ctrl Pts',(-3.40301001437321,3.25,-0.214324009826858));
#10137=CARTESIAN_POINT('Ctrl Pts',(-3.49576924120789,3.25,-0.215795094082429));
#10138=CARTESIAN_POINT('Ctrl Pts',(-3.71972180241753,3.25,-0.206968588549006));
#10139=CARTESIAN_POINT('Ctrl Pts',(-3.90069475743212,3.25,-0.374234168383042));
#10140=CARTESIAN_POINT('Ctrl Pts',(-3.77301729297495,3.25,-0.720477684151663));
#10141=CARTESIAN_POINT('Ctrl Pts',(-3.55302397630934,3.25,-0.708120535881449));
#10142=CARTESIAN_POINT('Ctrl Pts',(-3.45546896402369,3.25,-0.708120535881449));
#10143=CARTESIAN_POINT('',(-3.45546896402369,3.25,-1.00142078402041));
#10144=CARTESIAN_POINT('',(-3.45546896402369,3.25,-0.708120535881449));
#10145=CARTESIAN_POINT('',(-3.45546896402369,3.25,-1.00142078402041));
#10146=CARTESIAN_POINT('',(-2.32147392680284,3.25,-0.214324009826858));
#10147=CARTESIAN_POINT('',(-2.42271462159193,3.25,-0.214324009826858));
#10148=CARTESIAN_POINT('',(-2.32147392680284,3.25,-0.214324009826858));
#10149=CARTESIAN_POINT('',(-2.42271462159193,3.25,-0.71556470461594));
#10150=CARTESIAN_POINT('',(-2.42271462159193,3.25,-0.214324009826858));
#10151=CARTESIAN_POINT('',(-2.11750370347778,3.25,-1.00042822818914));
#10152=CARTESIAN_POINT('Ctrl Pts',(-2.42271462159193,3.25,-0.71556470461594));
#10153=CARTESIAN_POINT('Ctrl Pts',(-2.42271462159193,3.25,-0.818571321157083));
#10154=CARTESIAN_POINT('Ctrl Pts',(-2.39797491537049,3.25,-0.979672089369824));
#10155=CARTESIAN_POINT('Ctrl Pts',(-2.17865742733566,3.25,-1.02809300802961));
#10156=CARTESIAN_POINT('Ctrl Pts',(-2.11750370347778,3.25,-1.00042822818914));
#10157=CARTESIAN_POINT('',(-2.11750370347778,3.25,-0.901668922978223));
#10158=CARTESIAN_POINT('',(-2.11750370347778,3.25,-1.00042822818914));
#10159=CARTESIAN_POINT('Ctrl Pts',(-2.11750370347778,3.25,-0.901668922978223));
#10160=CARTESIAN_POINT('Ctrl Pts',(-2.1626859219118,3.25,-0.933941936145377));
#10161=CARTESIAN_POINT('Ctrl Pts',(-2.28183433653764,3.25,-0.934661277447201));
#10162=CARTESIAN_POINT('Ctrl Pts',(-2.32064426926587,3.25,-0.797324112569162));
#10163=CARTESIAN_POINT('Ctrl Pts',(-2.32162433255516,3.25,-0.692183877364358));
#10164=CARTESIAN_POINT('Ctrl Pts',(-2.32128955846129,3.25,-0.59631881668717));
#10165=CARTESIAN_POINT('Ctrl Pts',(-2.32155155557823,3.25,-0.426336726987312));
#10166=CARTESIAN_POINT('Ctrl Pts',(-2.32147392680284,3.25,-0.28588158640192));
#10167=CARTESIAN_POINT('Ctrl Pts',(-2.32147392680284,3.25,-0.214324009826858));
#10168=CARTESIAN_POINT('',(-2.83065506824205,3.25,-0.214324009826858));
#10169=CARTESIAN_POINT('',(-2.93983620968126,3.25,-0.214324009826858));
#10170=CARTESIAN_POINT('',(-2.83065506824205,3.25,-0.214324009826858));
#10171=CARTESIAN_POINT('',(-3.24107690447034,3.25,-1.00142078402041));
#10172=CARTESIAN_POINT('',(-2.93983620968126,3.25,-0.214324009826858));
#10173=CARTESIAN_POINT('',(-3.12792553970607,3.25,-1.00142078402041));
#10174=CARTESIAN_POINT('',(-3.24107690447034,3.25,-1.00142078402041));
#10175=CARTESIAN_POINT('',(-3.04752851737356,3.25,-0.787028724467057));
#10176=CARTESIAN_POINT('',(-3.12792553970607,3.25,-1.00142078402041));
#10177=CARTESIAN_POINT('',(-2.71948881514031,3.25,-0.787028724467057));
#10178=CARTESIAN_POINT('',(-3.04752851737356,3.25,-0.787028724467057));
#10179=CARTESIAN_POINT('',(-2.6435582940485,3.25,-1.00142078402041));
#10180=CARTESIAN_POINT('',(-2.71948881514031,3.25,-0.787028724467057));
#10181=CARTESIAN_POINT('',(-2.53040692928423,3.25,-1.00142078402041));
#10182=CARTESIAN_POINT('',(-2.6435582940485,3.25,-1.00142078402041));
#10183=CARTESIAN_POINT('',(-2.53040692928423,3.25,-1.00142078402041));
#10184=CARTESIAN_POINT('',(-4.20286350496662,3.25,-0.214324009826858));
#10185=CARTESIAN_POINT('',(-4.31204464640582,3.25,-0.214324009826858));
#10186=CARTESIAN_POINT('',(-4.20286350496661,3.25,-0.214324009826858));
#10187=CARTESIAN_POINT('',(-4.6132853411949,3.25,-1.00142078402041));
#10188=CARTESIAN_POINT('',(-4.31204464640582,3.25,-0.214324009826858));
#10189=CARTESIAN_POINT('',(-4.50013397643063,3.25,-1.00142078402041));
#10190=CARTESIAN_POINT('',(-4.6132853411949,3.25,-1.00142078402041));
#10191=CARTESIAN_POINT('',(-4.41973695409813,3.25,-0.787028724467057));
#10192=CARTESIAN_POINT('',(-4.50013397643063,3.25,-1.00142078402041));
#10193=CARTESIAN_POINT('',(-4.09169725186488,3.25,-0.787028724467057));
#10194=CARTESIAN_POINT('',(-4.41973695409813,3.25,-0.787028724467057));
#10195=CARTESIAN_POINT('',(-4.01576673077307,3.25,-1.00142078402041));
#10196=CARTESIAN_POINT('',(-4.09169725186488,3.25,-0.787028724467057));
#10197=CARTESIAN_POINT('',(-3.9026153660088,3.25,-1.00142078402041));
#10198=CARTESIAN_POINT('',(-4.01576673077307,3.25,-1.00142078402041));
#10199=CARTESIAN_POINT('',(-3.9026153660088,3.25,-1.00142078402041));
#10200=CARTESIAN_POINT('',(0.0953689757116041,3.25,0.889038785834738));
#10201=CARTESIAN_POINT('Ctrl Pts',(0.0953689757116042,3.25,0.889038785834738));
#10202=CARTESIAN_POINT('Ctrl Pts',(0.0964252625430364,3.25,1.02204019864039));
#10203=CARTESIAN_POINT('Ctrl Pts',(0.0200101936684524,3.25,1.28621315561364));
#10204=CARTESIAN_POINT('Ctrl Pts',(-0.341899830083345,3.25,1.44243431865461));
#10205=CARTESIAN_POINT('Ctrl Pts',(-0.759193158043682,3.25,1.3321423802168));
#10206=CARTESIAN_POINT('Ctrl Pts',(-0.891234587493648,3.25,0.968562658100257));
#10207=CARTESIAN_POINT('Ctrl Pts',(-0.798796345971846,3.25,0.5283997258448));
#10208=CARTESIAN_POINT('Ctrl Pts',(-0.433291696823562,3.25,0.35555055856541));
#10209=CARTESIAN_POINT('Ctrl Pts',(-0.000359926131330582,3.25,0.466339039829842));
#10210=CARTESIAN_POINT('Ctrl Pts',(0.0942020361530288,3.25,0.742104633736293));
#10211=CARTESIAN_POINT('Ctrl Pts',(0.0953689757116037,3.25,0.889038785834736));
#10212=CARTESIAN_POINT('',(-2.93076930422094,3.25,1.18414839797639));
#10213=CARTESIAN_POINT('',(-3.27141011366445,3.25,1.3814502529511));
#10214=CARTESIAN_POINT('Origin',(-3.18618828149517,3.25,1.13587700362101));
#10215=CARTESIAN_POINT('',(-3.27141011366445,3.25,1.20944350758853));
#10216=CARTESIAN_POINT('',(-3.27141011366445,3.25,1.3814502529511));
#10217=CARTESIAN_POINT('',(-2.92739662293932,3.25,0.421922428330522));
#10218=CARTESIAN_POINT('Ctrl Pts',(-3.27141011366445,3.25,1.20944350758853));
#10219=CARTESIAN_POINT('Ctrl Pts',(-3.21611264521461,3.25,1.25010341086047));
#10220=CARTESIAN_POINT('Ctrl Pts',(-3.04483756455663,3.25,1.24905744509824));
#10221=CARTESIAN_POINT('Ctrl Pts',(-2.95042690305544,3.25,1.08912590821714));
#10222=CARTESIAN_POINT('Ctrl Pts',(-2.91742331027685,3.25,0.914588949265424));
#10223=CARTESIAN_POINT('Ctrl Pts',(-2.93102328208932,3.25,0.683803979947125));
#10224=CARTESIAN_POINT('Ctrl Pts',(-2.92739662293932,3.25,0.510129031085472));
#10225=CARTESIAN_POINT('Ctrl Pts',(-2.92739662293932,3.25,0.421922428330522));
#10226=CARTESIAN_POINT('',(-2.75707621821757,3.25,0.421922428330522));
#10227=CARTESIAN_POINT('',(-2.92739662293932,3.25,0.421922428330522));
#10228=CARTESIAN_POINT('',(-2.75707621821757,3.25,1.37807757166948));
#10229=CARTESIAN_POINT('',(-2.75707621821757,3.25,0.421922428330522));
#10230=CARTESIAN_POINT('',(-2.92739662293932,3.25,1.37807757166948));
#10231=CARTESIAN_POINT('',(-2.75707621821757,3.25,1.37807757166948));
#10232=CARTESIAN_POINT('',(-2.92739662293932,3.25,1.18414839797639));
#10233=CARTESIAN_POINT('',(-2.92739662293932,3.25,1.37807757166948));
#10234=CARTESIAN_POINT('',(-2.92739662293932,3.25,1.18414839797639));
#10235=CARTESIAN_POINT('',(-4.73093793828502,3.25,1.21871838111298));
#10236=CARTESIAN_POINT('',(-4.73431061956664,3.25,1.21871838111298));
#10237=CARTESIAN_POINT('',(-4.73093793828502,3.25,1.21871838111298));
#10238=CARTESIAN_POINT('',(-5.37259055211302,3.25,0.421922428330522));
#10239=CARTESIAN_POINT('Ctrl Pts',(-4.73431061956664,3.25,1.21871838111298));
#10240=CARTESIAN_POINT('Ctrl Pts',(-4.77221499486478,3.25,1.28174542375989));
#10241=CARTESIAN_POINT('Ctrl Pts',(-4.86185488337491,3.25,1.37497838388404));
#10242=CARTESIAN_POINT('Ctrl Pts',(-5.07236086682939,3.25,1.41659163152887));
#10243=CARTESIAN_POINT('Ctrl Pts',(-5.25816083145647,3.25,1.35649697977083));
#10244=CARTESIAN_POINT('Ctrl Pts',(-5.35414474812584,3.25,1.22215703964463));
#10245=CARTESIAN_POINT('Ctrl Pts',(-5.37744471105701,3.25,0.99500296053974));
#10246=CARTESIAN_POINT('Ctrl Pts',(-5.36967805674662,3.25,0.74843303953692));
#10247=CARTESIAN_POINT('Ctrl Pts',(-5.37259055211302,3.25,0.550837607278971));
#10248=CARTESIAN_POINT('Ctrl Pts',(-5.37259055211302,3.25,0.421922428330522));
#10249=CARTESIAN_POINT('',(-5.20227014739126,3.25,0.421922428330522));
#10250=CARTESIAN_POINT('',(-5.37259055211302,3.25,0.421922428330522));
#10251=CARTESIAN_POINT('',(-4.73093793828502,3.25,0.421922428330522));
#10252=CARTESIAN_POINT('Ctrl Pts',(-5.20227014739126,3.25,0.421922428330522));
#10253=CARTESIAN_POINT('Ctrl Pts',(-5.20227014739126,3.25,0.502709616422708));
#10254=CARTESIAN_POINT('Ctrl Pts',(-5.20166487514999,3.25,0.668759103831984));
#10255=CARTESIAN_POINT('Ctrl Pts',(-5.2043886002357,3.25,0.890982667596471));
#10256=CARTESIAN_POINT('Ctrl Pts',(-5.19440160825479,3.25,1.20718356708395));
#10257=CARTESIAN_POINT('Ctrl Pts',(-4.97384627391345,3.25,1.29544552687629));
#10258=CARTESIAN_POINT('Ctrl Pts',(-4.73985403510659,3.25,1.16390978549146));
#10259=CARTESIAN_POINT('Ctrl Pts',(-4.72853745067922,3.25,0.902546330390338));
#10260=CARTESIAN_POINT('Ctrl Pts',(-4.73162379188668,3.25,0.665406523809515));
#10261=CARTESIAN_POINT('Ctrl Pts',(-4.73093793828502,3.25,0.502699291132722));
#10262=CARTESIAN_POINT('Ctrl Pts',(-4.73093793828502,3.25,0.421922428330523));
#10263=CARTESIAN_POINT('',(-4.56146070388367,3.25,0.421922428330522));
#10264=CARTESIAN_POINT('',(-4.73093793828502,3.25,0.421922428330522));
#10265=CARTESIAN_POINT('',(-4.56146070388367,3.25,1.37807757166948));
#10266=CARTESIAN_POINT('',(-4.56146070388367,3.25,0.421922428330522));
#10267=CARTESIAN_POINT('',(-4.73093793828502,3.25,1.37807757166948));
#10268=CARTESIAN_POINT('',(-4.56146070388367,3.25,1.37807757166948));
#10269=CARTESIAN_POINT('',(-4.73093793828502,3.25,1.37807757166948));
#10270=CARTESIAN_POINT('',(2.5,3.25,1.4));
#10271=CARTESIAN_POINT('',(1.4,3.25,1.4));
#10272=CARTESIAN_POINT('',(2.5,3.25,1.4));
#10273=CARTESIAN_POINT('',(1.4,3.25,-1.4));
#10274=CARTESIAN_POINT('',(1.4,3.25,1.4));
#10275=CARTESIAN_POINT('',(2.5,3.25,-1.4));
#10276=CARTESIAN_POINT('',(2.5,3.25,-1.4));
#10277=CARTESIAN_POINT('',(2.5,3.25,1.4));
#10278=CARTESIAN_POINT('Origin',(6.40000000000001,-3.25,2.9));
#10279=CARTESIAN_POINT('',(6.40000000000001,1.85,1.2));
#10280=CARTESIAN_POINT('',(6.40000000000001,1.85,1.2));
#10281=CARTESIAN_POINT('',(6.40000000000001,-3.25,2.9));
#10282=CARTESIAN_POINT('',(6.40000000000001,-3.25,2.9));
#10283=CARTESIAN_POINT('',(6.40000000000001,-3.25,2.9));
#10284=CARTESIAN_POINT('',(6.40000000000001,1.85,-1.2));
#10285=CARTESIAN_POINT('',(6.40000000000001,1.85,-1.2));
#10286=CARTESIAN_POINT('',(6.40000000000001,1.85,-1.2));
#10287=CARTESIAN_POINT('Origin',(-5.5,0.,-1.73472347597681E-15));
#10288=CARTESIAN_POINT('',(-5.5,-6.25,0.199999999999999));
#10289=CARTESIAN_POINT('',(-5.5,-5.69822324252846,0.2));
#10290=CARTESIAN_POINT('',(-5.5,-5.69822324252846,0.2));
#10291=CARTESIAN_POINT('',(-5.5,-3.84721893434229,0.200000000000001));
#10292=CARTESIAN_POINT('Origin',(-5.5,-4.77272108843537,-0.994285714285714));
#10293=CARTESIAN_POINT('',(-5.5,-2.65,0.199999999999999));
#10294=CARTESIAN_POINT('',(-5.5,-2.65,0.199999999999999));
#10295=CARTESIAN_POINT('',(-5.5,-2.65,-0.199999999999999));
#10296=CARTESIAN_POINT('',(-5.5,-2.65,0.199999999999999));
#10297=CARTESIAN_POINT('',(-5.5,-3.91837841589598,-0.199999999999999));
#10298=CARTESIAN_POINT('',(-5.5,-2.65,-0.199999999999999));
#10299=CARTESIAN_POINT('',(-5.5,-4.04872109202681,-0.151693067669728));
#10300=CARTESIAN_POINT('Origin',(-5.5,-3.91837841589598,8.40256683676266E-16));
#10301=CARTESIAN_POINT('',(-5.5,-5.49672108484394,-0.151693067669729));
#10302=CARTESIAN_POINT('Origin',(-5.5,-4.77272108843537,-0.994285714285714));
#10303=CARTESIAN_POINT('',(-5.5,-5.62706376097477,-0.199999999999999));
#10304=CARTESIAN_POINT('Origin',(-5.5,-5.62706376097477,7.86046575051991E-16));
#10305=CARTESIAN_POINT('',(-5.5,-6.25,-0.2));
#10306=CARTESIAN_POINT('',(-5.5,-6.45,-0.200000000000001));
#10307=CARTESIAN_POINT('',(-5.5,-6.25,-1.73472347597681E-15));
#10308=CARTESIAN_POINT('Origin',(-17.0754209318541,-3.91837841589598,8.40256683676266E-16));
#10309=CARTESIAN_POINT('',(-4.5,-3.91837841589598,-0.199999999999999));
#10310=CARTESIAN_POINT('',(-17.0754209318541,-3.91837841589598,-0.199999999999999));
#10311=CARTESIAN_POINT('',(-4.5,-4.04872109202681,-0.151693067669728));
#10312=CARTESIAN_POINT('Origin',(-4.5,-3.91837841589598,8.40256683676266E-16));
#10313=CARTESIAN_POINT('',(-17.0754209318541,-4.04872109202681,-0.151693067669728));
#10314=CARTESIAN_POINT('Origin',(-17.0754209318541,-4.77272108843537,-0.994285714285714));
#10315=CARTESIAN_POINT('',(-4.5,-5.49672108484394,-0.151693067669729));
#10316=CARTESIAN_POINT('Origin',(-4.5,-4.77272108843537,-0.994285714285714));
#10317=CARTESIAN_POINT('',(-17.0754209318541,-5.49672108484394,-0.151693067669729));
#10318=CARTESIAN_POINT('Origin',(-17.0754209318541,-5.62706376097477,7.86046575051991E-16));
#10319=CARTESIAN_POINT('',(-4.5,-5.62706376097477,-0.199999999999999));
#10320=CARTESIAN_POINT('Origin',(-4.5,-5.62706376097477,7.86046575051991E-16));
#10321=CARTESIAN_POINT('',(-17.0754209318541,-5.62706376097477,-0.199999999999999));
#10322=CARTESIAN_POINT('Origin',(-17.0754209318541,-6.45,-0.200000000000001));
#10323=CARTESIAN_POINT('',(-4.5,-6.25,-0.2));
#10324=CARTESIAN_POINT('',(-4.5,-6.45,-0.200000000000001));
#10325=CARTESIAN_POINT('',(-4.7,-6.45,-0.200000000000001));
#10326=CARTESIAN_POINT('Origin',(-4.7,-6.25,-0.2));
#10327=CARTESIAN_POINT('',(-5.3,-6.45,-0.200000000000001));
#10328=CARTESIAN_POINT('',(-17.0754209318541,-6.45,-0.200000000000001));
#10329=CARTESIAN_POINT('Origin',(-5.3,-6.25,-0.2));
#10330=CARTESIAN_POINT('Origin',(-17.0754209318541,-6.45,-0.200000000000001));
#10331=CARTESIAN_POINT('',(-4.7,-6.45,0.199999999999999));
#10332=CARTESIAN_POINT('',(-4.7,-6.45,-0.200000000000001));
#10333=CARTESIAN_POINT('',(-5.3,-6.45,0.199999999999999));
#10334=CARTESIAN_POINT('',(-17.0754209318541,-6.45,0.199999999999999));
#10335=CARTESIAN_POINT('',(-5.3,-6.45,-0.200000000000001));
#10336=CARTESIAN_POINT('Origin',(-17.0754209318541,-5.69822324252846,0.2));
#10337=CARTESIAN_POINT('',(-4.5,-6.25,0.199999999999999));
#10338=CARTESIAN_POINT('Origin',(-4.7,-6.25,0.199999999999999));
#10339=CARTESIAN_POINT('',(-4.5,-5.69822324252846,0.2));
#10340=CARTESIAN_POINT('',(-4.5,-5.69822324252846,0.2));
#10341=CARTESIAN_POINT('',(-17.0754209318541,-5.69822324252846,0.2));
#10342=CARTESIAN_POINT('Origin',(-5.3,-6.25,0.199999999999999));
#10343=CARTESIAN_POINT('Origin',(-17.0754209318541,-4.77272108843537,-0.994285714285714));
#10344=CARTESIAN_POINT('',(-4.5,-3.84721893434229,0.200000000000001));
#10345=CARTESIAN_POINT('Origin',(-4.5,-4.77272108843537,-0.994285714285714));
#10346=CARTESIAN_POINT('',(-17.0754209318541,-3.84721893434229,0.200000000000001));
#10347=CARTESIAN_POINT('Origin',(-17.0754209318541,-2.65,0.199999999999999));
#10348=CARTESIAN_POINT('',(-4.5,-2.65,0.2));
#10349=CARTESIAN_POINT('',(-4.5,-2.65,0.199999999999999));
#10350=CARTESIAN_POINT('',(-17.0754209318541,-2.65,0.199999999999999));
#10351=CARTESIAN_POINT('Origin',(-17.0754209318541,-2.65,-0.199999999999999));
#10352=CARTESIAN_POINT('',(-4.5,-2.65,-0.199999999999999));
#10353=CARTESIAN_POINT('',(-17.0754209318541,-2.65,-0.199999999999999));
#10354=CARTESIAN_POINT('',(-4.5,-2.65,-0.199999999999999));
#10355=CARTESIAN_POINT('Origin',(-4.5,0.,-1.73472347597681E-15));
#10356=CARTESIAN_POINT('',(-4.5,-2.65,0.199999999999999));
#10357=CARTESIAN_POINT('',(-4.5,-6.25,0.199999999999999));
#10358=CARTESIAN_POINT('Origin',(-4.7,-6.25,-1.73472347597681E-15));
#10359=CARTESIAN_POINT('Origin',(-5.3,-6.25,-0.200000000000001));
#10360=CARTESIAN_POINT('Origin',(1.9,-2.65,2.9));
#10361=CARTESIAN_POINT('',(1.9,-2.65,2.9));
#10362=CARTESIAN_POINT('',(1.9,-2.65,2.9));
#10363=CARTESIAN_POINT('',(-1.9,-2.65,2.9));
#10364=CARTESIAN_POINT('',(1.9,-2.65,2.9));
#10365=CARTESIAN_POINT('',(-1.9,-2.65,2.9));
#10366=CARTESIAN_POINT('',(0.5,-2.65,0.199999999999999));
#10367=CARTESIAN_POINT('',(0.5,-2.65,-0.200000000000001));
#10368=CARTESIAN_POINT('',(0.5,-2.65,0.199999999999999));
#10369=CARTESIAN_POINT('',(-0.5,-2.65,-0.200000000000001));
#10370=CARTESIAN_POINT('',(0.5,-2.65,-0.200000000000001));
#10371=CARTESIAN_POINT('',(-0.5,-2.65,0.199999999999999));
#10372=CARTESIAN_POINT('',(-0.5,-2.65,0.199999999999999));
#10373=CARTESIAN_POINT('',(0.5,-2.65,0.199999999999999));
#10374=CARTESIAN_POINT('Origin',(1.9,-3.25,2.9));
#10375=CARTESIAN_POINT('',(1.9,-3.25,2.9));
#10376=CARTESIAN_POINT('',(1.9,-3.25,2.9));
#10377=CARTESIAN_POINT('',(1.9,-3.25,2.9));
#10378=CARTESIAN_POINT('Origin',(1.9,-3.25,2.9));
#10379=CARTESIAN_POINT('',(4.1,-3.25,2.9));
#10380=CARTESIAN_POINT('',(4.1,-3.25,2.9));
#10381=CARTESIAN_POINT('',(1.9,-3.25,2.9));
#10382=CARTESIAN_POINT('Origin',(4.1,-2.65,2.9));
#10383=CARTESIAN_POINT('',(4.1,-2.65,2.9));
#10384=CARTESIAN_POINT('',(4.1,-2.65,2.9));
#10385=CARTESIAN_POINT('',(4.1,-2.65,2.9));
#10386=CARTESIAN_POINT('Origin',(5.8,-2.65,2.9));
#10387=CARTESIAN_POINT('',(5.8,-2.65,2.9));
#10388=CARTESIAN_POINT('',(5.8,-2.65,2.9));
#10389=CARTESIAN_POINT('',(5.8,-2.65,2.9));
#10390=CARTESIAN_POINT('',(5.5,-2.65,0.199999999999999));
#10391=CARTESIAN_POINT('',(4.5,-2.65,0.2));
#10392=CARTESIAN_POINT('',(17.0754209318541,-2.65,0.199999999999999));
#10393=CARTESIAN_POINT('',(5.5,-2.65,-0.199999999999999));
#10394=CARTESIAN_POINT('',(5.5,-2.65,0.199999999999999));
#10395=CARTESIAN_POINT('',(4.5,-2.65,-0.199999999999999));
#10396=CARTESIAN_POINT('',(17.0754209318541,-2.65,-0.199999999999999));
#10397=CARTESIAN_POINT('',(4.5,-2.65,0.199999999999999));
#10398=CARTESIAN_POINT('Origin',(5.8,-3.25,2.9));
#10399=CARTESIAN_POINT('',(5.8,-3.25,2.9));
#10400=CARTESIAN_POINT('',(5.8,-3.25,2.9));
#10401=CARTESIAN_POINT('',(5.8,-3.25,2.9));
#10402=CARTESIAN_POINT('Origin',(5.8,-3.25,2.9));
#10403=CARTESIAN_POINT('',(5.8,-3.25,2.9));
#10404=CARTESIAN_POINT('Origin',(-6.39999999999999,3.25,2.9));
#10405=CARTESIAN_POINT('',(-6.39999999999999,-3.25,2.9));
#10406=CARTESIAN_POINT('',(-6.39999999999999,-3.25,2.9));
#10407=CARTESIAN_POINT('',(-6.39999999999999,3.25,2.9));
#10408=CARTESIAN_POINT('Origin',(-6.4,-3.25,2.9));
#10409=CARTESIAN_POINT('',(-5.79999999999999,-3.25,2.9));
#10410=CARTESIAN_POINT('',(-5.79999999999999,-3.25,2.9));
#10411=CARTESIAN_POINT('',(-6.4,-3.25,2.9));
#10412=CARTESIAN_POINT('Origin',(-5.79999999999999,-2.65,2.9));
#10413=CARTESIAN_POINT('',(-5.79999999999999,-2.65,2.9));
#10414=CARTESIAN_POINT('',(-5.79999999999999,-2.65,2.9));
#10415=CARTESIAN_POINT('',(-5.79999999999999,-2.65,2.9));
#10416=CARTESIAN_POINT('Origin',(-4.09999999999999,-2.65,2.9));
#10417=CARTESIAN_POINT('',(-4.09999999999999,-2.65,2.9));
#10418=CARTESIAN_POINT('',(-4.09999999999999,-2.65,2.9));
#10419=CARTESIAN_POINT('',(-4.09999999999999,-2.65,2.9));
#10420=CARTESIAN_POINT('Origin',(-4.09999999999999,-3.25,2.9));
#10421=CARTESIAN_POINT('',(-4.09999999999999,-3.25,2.9));
#10422=CARTESIAN_POINT('',(-4.09999999999999,-3.25,2.9));
#10423=CARTESIAN_POINT('',(-4.09999999999999,-3.25,2.9));
#10424=CARTESIAN_POINT('Origin',(-4.09999999999999,-3.25,2.9));
#10425=CARTESIAN_POINT('',(-1.9,-3.25,2.9));
#10426=CARTESIAN_POINT('',(-1.9,-3.25,2.9));
#10427=CARTESIAN_POINT('',(-4.09999999999999,-3.25,2.9));
#10428=CARTESIAN_POINT('Origin',(-1.9,-2.65,2.9));
#10429=CARTESIAN_POINT('',(-1.9,-2.65,2.9));
#10430=CARTESIAN_POINT('Origin',(-3.25,-1.75,2.9));
#10431=CARTESIAN_POINT('',(-2.25,-1.75,2.9));
#10432=CARTESIAN_POINT('Origin',(-3.25,-1.75,2.9));
#10433=CARTESIAN_POINT('',(-2.25,-1.75,2.9));
#10434=CARTESIAN_POINT('Origin',(3.25,-1.75,2.9));
#10435=CARTESIAN_POINT('',(4.25,-1.75,2.9));
#10436=CARTESIAN_POINT('Origin',(3.25,-1.75,2.9));
#10437=CARTESIAN_POINT('',(4.25,-1.75,2.9));
#10438=CARTESIAN_POINT('Origin',(1.9,-3.25,2.9));
#10439=CARTESIAN_POINT('Origin',(0.5,-2.65,-0.200000000000001));
#10440=CARTESIAN_POINT('',(-0.5,-3.84721893434229,-0.200000000000001));
#10441=CARTESIAN_POINT('',(-0.5,-2.65,-0.200000000000001));
#10442=CARTESIAN_POINT('',(0.5,-3.84721893434229,-0.200000000000001));
#10443=CARTESIAN_POINT('',(0.5,-2.65,-0.200000000000001));
#10444=CARTESIAN_POINT('',(0.5,-3.84721893434229,-0.200000000000001));
#10445=CARTESIAN_POINT('Origin',(0.5,-4.77272108843537,0.994285714285714));
#10446=CARTESIAN_POINT('',(-0.5,-5.69822324252846,-0.2));
#10447=CARTESIAN_POINT('Origin',(-0.5,-4.77272108843537,0.994285714285714));
#10448=CARTESIAN_POINT('',(0.5,-5.69822324252846,-0.2));
#10449=CARTESIAN_POINT('Origin',(0.5,-4.77272108843537,0.994285714285714));
#10450=CARTESIAN_POINT('',(0.5,-5.69822324252846,-0.2));
#10451=CARTESIAN_POINT('Origin',(0.5,-5.69822324252846,-0.200000000000001));
#10452=CARTESIAN_POINT('',(0.3,-6.45,-0.200000000000001));
#10453=CARTESIAN_POINT('',(-0.3,-6.45,-0.200000000000001));
#10454=CARTESIAN_POINT('',(0.5,-6.45,-0.200000000000001));
#10455=CARTESIAN_POINT('',(-0.5,-6.25,-0.200000000000001));
#10456=CARTESIAN_POINT('Origin',(-0.3,-6.25,-0.200000000000001));
#10457=CARTESIAN_POINT('',(-0.5,-5.69822324252846,-0.200000000000001));
#10458=CARTESIAN_POINT('',(0.5,-6.25,-0.200000000000001));
#10459=CARTESIAN_POINT('',(0.5,-5.69822324252846,-0.200000000000001));
#10460=CARTESIAN_POINT('Origin',(0.3,-6.25,-0.200000000000001));
#10461=CARTESIAN_POINT('Origin',(0.5,-6.45,-0.200000000000001));
#10462=CARTESIAN_POINT('',(0.3,-6.45,0.199999999999999));
#10463=CARTESIAN_POINT('',(-0.3,-6.45,0.199999999999999));
#10464=CARTESIAN_POINT('',(0.5,-6.45,0.199999999999999));
#10465=CARTESIAN_POINT('',(-0.3,-6.45,-0.200000000000001));
#10466=CARTESIAN_POINT('',(0.3,-6.45,0.199999999999999));
#10467=CARTESIAN_POINT('Origin',(0.5,-5.62706376097477,0.199999999999999));
#10468=CARTESIAN_POINT('',(-0.5,-6.25,0.199999999999999));
#10469=CARTESIAN_POINT('',(-0.5,-5.62706376097477,0.199999999999999));
#10470=CARTESIAN_POINT('',(-0.5,-5.62706376097477,0.199999999999999));
#10471=CARTESIAN_POINT('Origin',(-0.3,-6.25,0.199999999999999));
#10472=CARTESIAN_POINT('',(0.5,-6.25,0.199999999999999));
#10473=CARTESIAN_POINT('Origin',(0.3,-6.25,0.199999999999999));
#10474=CARTESIAN_POINT('',(0.5,-5.62706376097477,0.199999999999999));
#10475=CARTESIAN_POINT('',(0.5,-5.62706376097477,0.199999999999999));
#10476=CARTESIAN_POINT('',(0.5,-5.62706376097477,0.199999999999999));
#10477=CARTESIAN_POINT('Origin',(0.5,-5.62706376097477,-7.86046575051991E-16));
#10478=CARTESIAN_POINT('',(-0.5,-5.49672108484394,0.151693067669729));
#10479=CARTESIAN_POINT('Origin',(-0.5,-5.62706376097477,-7.86046575051991E-16));
#10480=CARTESIAN_POINT('',(0.5,-5.49672108484394,0.151693067669729));
#10481=CARTESIAN_POINT('Origin',(0.5,-5.62706376097477,-7.86046575051991E-16));
#10482=CARTESIAN_POINT('',(0.5,-5.49672108484394,0.151693067669729));
#10483=CARTESIAN_POINT('Origin',(0.5,-4.77272108843537,0.994285714285714));
#10484=CARTESIAN_POINT('',(-0.5,-4.04872109202681,0.151693067669727));
#10485=CARTESIAN_POINT('Origin',(-0.5,-4.77272108843537,0.994285714285714));
#10486=CARTESIAN_POINT('',(0.5,-4.04872109202681,0.151693067669727));
#10487=CARTESIAN_POINT('Origin',(0.5,-4.77272108843537,0.994285714285714));
#10488=CARTESIAN_POINT('',(0.5,-4.04872109202681,0.151693067669727));
#10489=CARTESIAN_POINT('Origin',(0.5,-3.91837841589598,-8.40256683676266E-16));
#10490=CARTESIAN_POINT('',(-0.5,-3.91837841589598,0.199999999999999));
#10491=CARTESIAN_POINT('Origin',(-0.5,-3.91837841589598,-8.40256683676266E-16));
#10492=CARTESIAN_POINT('',(0.5,-3.91837841589598,0.199999999999999));
#10493=CARTESIAN_POINT('Origin',(0.5,-3.91837841589598,-8.40256683676266E-16));
#10494=CARTESIAN_POINT('',(0.5,-3.91837841589598,0.199999999999999));
#10495=CARTESIAN_POINT('Origin',(0.5,-2.65,0.199999999999999));
#10496=CARTESIAN_POINT('',(-0.5,-2.65,0.199999999999999));
#10497=CARTESIAN_POINT('',(0.5,-2.65,0.199999999999999));
#10498=CARTESIAN_POINT('Origin',(0.5,-4.77272108843537,0.994285714285714));
#10499=CARTESIAN_POINT('',(0.5,-6.25,-0.200000000000001));
#10500=CARTESIAN_POINT('Origin',(-0.5,-4.77272108843537,0.994285714285714));
#10501=CARTESIAN_POINT('',(-0.5,-6.25,0.994285714285714));
#10502=CARTESIAN_POINT('Origin',(5.5,0.,-1.73472347597681E-15));
#10503=CARTESIAN_POINT('',(5.5,-6.25,0.199999999999999));
#10504=CARTESIAN_POINT('',(5.5,-5.69822324252846,0.2));
#10505=CARTESIAN_POINT('',(5.5,-5.69822324252846,0.2));
#10506=CARTESIAN_POINT('',(5.5,-6.25,-0.2));
#10507=CARTESIAN_POINT('',(5.5,-6.25,-1.73472347597681E-15));
#10508=CARTESIAN_POINT('',(5.5,-5.62706376097477,-0.199999999999999));
#10509=CARTESIAN_POINT('',(5.5,-6.45,-0.200000000000001));
#10510=CARTESIAN_POINT('',(5.5,-5.49672108484394,-0.151693067669729));
#10511=CARTESIAN_POINT('Origin',(5.5,-5.62706376097477,7.86046575051991E-16));
#10512=CARTESIAN_POINT('',(5.5,-4.04872109202681,-0.151693067669728));
#10513=CARTESIAN_POINT('Origin',(5.5,-4.77272108843537,-0.994285714285714));
#10514=CARTESIAN_POINT('',(5.5,-3.91837841589598,-0.199999999999999));
#10515=CARTESIAN_POINT('Origin',(5.5,-3.91837841589598,8.40256683676266E-16));
#10516=CARTESIAN_POINT('',(5.5,-2.65,-0.199999999999999));
#10517=CARTESIAN_POINT('',(5.5,-3.84721893434229,0.200000000000001));
#10518=CARTESIAN_POINT('',(5.5,-2.65,0.199999999999999));
#10519=CARTESIAN_POINT('Origin',(5.5,-4.77272108843537,-0.994285714285714));
#10520=CARTESIAN_POINT('Origin',(17.0754209318541,-3.91837841589598,8.40256683676266E-16));
#10521=CARTESIAN_POINT('',(4.5,-3.91837841589598,-0.199999999999999));
#10522=CARTESIAN_POINT('',(17.0754209318541,-3.91837841589598,-0.199999999999999));
#10523=CARTESIAN_POINT('',(4.5,-4.04872109202681,-0.151693067669728));
#10524=CARTESIAN_POINT('',(17.0754209318541,-4.04872109202681,-0.151693067669728));
#10525=CARTESIAN_POINT('Origin',(4.5,-3.91837841589598,8.40256683676266E-16));
#10526=CARTESIAN_POINT('Origin',(17.0754209318541,-4.77272108843537,-0.994285714285714));
#10527=CARTESIAN_POINT('',(4.5,-5.49672108484394,-0.151693067669729));
#10528=CARTESIAN_POINT('',(17.0754209318541,-5.49672108484394,-0.151693067669729));
#10529=CARTESIAN_POINT('Origin',(4.5,-4.77272108843537,-0.994285714285714));
#10530=CARTESIAN_POINT('Origin',(17.0754209318541,-5.62706376097477,7.86046575051991E-16));
#10531=CARTESIAN_POINT('',(4.5,-5.62706376097477,-0.199999999999999));
#10532=CARTESIAN_POINT('',(17.0754209318541,-5.62706376097477,-0.199999999999999));
#10533=CARTESIAN_POINT('Origin',(4.5,-5.62706376097477,7.86046575051991E-16));
#10534=CARTESIAN_POINT('Origin',(17.0754209318541,-6.45,-0.200000000000001));
#10535=CARTESIAN_POINT('',(5.3,-6.45,-0.200000000000001));
#10536=CARTESIAN_POINT('Origin',(5.3,-6.25,-0.2));
#10537=CARTESIAN_POINT('',(4.7,-6.45,-0.200000000000001));
#10538=CARTESIAN_POINT('',(17.0754209318541,-6.45,-0.200000000000001));
#10539=CARTESIAN_POINT('',(4.5,-6.25,-0.2));
#10540=CARTESIAN_POINT('Origin',(4.7,-6.25,-0.2));
#10541=CARTESIAN_POINT('',(4.5,-6.45,-0.200000000000001));
#10542=CARTESIAN_POINT('Origin',(17.0754209318541,-6.45,-0.200000000000001));
#10543=CARTESIAN_POINT('',(5.3,-6.45,0.199999999999999));
#10544=CARTESIAN_POINT('',(5.3,-6.45,-0.200000000000001));
#10545=CARTESIAN_POINT('',(4.7,-6.45,0.199999999999999));
#10546=CARTESIAN_POINT('',(17.0754209318541,-6.45,0.199999999999999));
#10547=CARTESIAN_POINT('',(4.7,-6.45,-0.200000000000001));
#10548=CARTESIAN_POINT('Origin',(17.0754209318541,-5.69822324252846,0.2));
#10549=CARTESIAN_POINT('Origin',(5.3,-6.25,0.199999999999999));
#10550=CARTESIAN_POINT('',(4.5,-5.69822324252846,0.2));
#10551=CARTESIAN_POINT('',(17.0754209318541,-5.69822324252846,0.2));
#10552=CARTESIAN_POINT('',(4.5,-6.25,0.199999999999999));
#10553=CARTESIAN_POINT('',(4.5,-5.69822324252846,0.2));
#10554=CARTESIAN_POINT('Origin',(4.7,-6.25,0.199999999999999));
#10555=CARTESIAN_POINT('Origin',(17.0754209318541,-4.77272108843537,-0.994285714285714));
#10556=CARTESIAN_POINT('',(4.5,-3.84721893434229,0.200000000000001));
#10557=CARTESIAN_POINT('',(17.0754209318541,-3.84721893434229,0.200000000000001));
#10558=CARTESIAN_POINT('Origin',(4.5,-4.77272108843537,-0.994285714285714));
#10559=CARTESIAN_POINT('Origin',(17.0754209318541,-2.65,0.199999999999999));
#10560=CARTESIAN_POINT('',(4.5,-2.65,0.199999999999999));
#10561=CARTESIAN_POINT('Origin',(17.0754209318541,-2.65,-0.199999999999999));
#10562=CARTESIAN_POINT('',(4.5,-2.65,-0.199999999999999));
#10563=CARTESIAN_POINT('Origin',(4.5,0.,-1.73472347597681E-15));
#10564=CARTESIAN_POINT('',(4.5,-6.25,0.199999999999999));
#10565=CARTESIAN_POINT('Origin',(4.7,-6.25,-1.73472347597681E-15));
#10566=CARTESIAN_POINT('Origin',(5.3,-6.25,-0.200000000000001));
#10567=CARTESIAN_POINT('Origin',(0.3,-6.25,-0.200000000000001));
#10568=CARTESIAN_POINT('Origin',(-0.3,-6.25,0.994285714285714));
#10569=CARTESIAN_POINT('Origin',(2.5,3.27,1.4));
#10570=CARTESIAN_POINT('',(2.5,3.27,-1.4));
#10571=CARTESIAN_POINT('',(2.5,3.27,-1.4));
#10572=CARTESIAN_POINT('',(2.5,3.27,1.4));
#10573=CARTESIAN_POINT('',(2.5,3.27,1.4));
#10574=CARTESIAN_POINT('',(2.5,3.27,1.4));
#10575=CARTESIAN_POINT('Origin',(1.4,3.27,1.4));
#10576=CARTESIAN_POINT('',(1.4,3.27,-1.4));
#10577=CARTESIAN_POINT('',(1.4,3.27,-1.4));
#10578=CARTESIAN_POINT('',(1.4,3.27,1.4));
#10579=CARTESIAN_POINT('',(1.4,3.27,1.4));
#10580=CARTESIAN_POINT('',(1.4,3.27,1.4));
#10581=CARTESIAN_POINT('Origin',(1.95,3.27,1.4));
#10582=CARTESIAN_POINT('',(1.68148556835805,3.75,-1.4));
#10583=CARTESIAN_POINT('Origin',(1.95,3.27,-1.4));
#10584=CARTESIAN_POINT('',(1.68148556835805,3.75,1.4));
#10585=CARTESIAN_POINT('Origin',(1.95,3.27,1.4));
#10586=CARTESIAN_POINT('',(1.68148556835805,3.75,1.4));
#10587=CARTESIAN_POINT('Origin',(1.68148556835805,3.75,1.4));
#10588=CARTESIAN_POINT('',(2.21851443164195,3.75,-1.4));
#10589=CARTESIAN_POINT('',(1.68148556835805,3.75,-1.4));
#10590=CARTESIAN_POINT('',(2.21851443164195,3.75,1.4));
#10591=CARTESIAN_POINT('',(1.68148556835805,3.75,1.4));
#10592=CARTESIAN_POINT('',(2.21851443164195,3.75,1.4));
#10593=CARTESIAN_POINT('Origin',(1.95,3.27,1.4));
#10594=CARTESIAN_POINT('Origin',(1.95,3.27,-1.4));
#10595=CARTESIAN_POINT('Origin',(1.95,3.27,1.4));
#10596=CARTESIAN_POINT('Origin',(1.95,3.27,1.4));
#10597=CARTESIAN_POINT('Origin',(1.95,3.27,-1.4));
#10598=CARTESIAN_POINT('Origin',(6.40000000000001,1.85,1.2));
#10599=CARTESIAN_POINT('',(5.80000000000001,1.85,1.2));
#10600=CARTESIAN_POINT('',(6.40000000000001,1.85,1.2));
#10601=CARTESIAN_POINT('',(5.80000000000001,1.85,1.2));
#10602=CARTESIAN_POINT('Origin',(5.80000000000001,1.85,1.2));
#10603=CARTESIAN_POINT('',(5.80000000000001,1.85,2.));
#10604=CARTESIAN_POINT('',(5.80000000000001,1.85,1.2));
#10605=CARTESIAN_POINT('',(5.80000000000001,1.85,2.));
#10606=CARTESIAN_POINT('Origin',(5.80000000000001,1.85,2.));
#10607=CARTESIAN_POINT('',(5.00000000000001,1.85,2.));
#10608=CARTESIAN_POINT('',(5.80000000000001,1.85,2.));
#10609=CARTESIAN_POINT('',(5.00000000000001,1.85,2.));
#10610=CARTESIAN_POINT('Origin',(5.00000000000001,1.85,2.));
#10611=CARTESIAN_POINT('',(5.00000000000001,1.85,-2.));
#10612=CARTESIAN_POINT('',(5.00000000000001,1.85,2.));
#10613=CARTESIAN_POINT('',(5.00000000000001,1.85,-2.));
#10614=CARTESIAN_POINT('Origin',(5.00000000000001,1.85,-2.));
#10615=CARTESIAN_POINT('',(5.80000000000001,1.85,-2.));
#10616=CARTESIAN_POINT('',(5.00000000000001,1.85,-2.));
#10617=CARTESIAN_POINT('',(5.80000000000001,1.85,-2.));
#10618=CARTESIAN_POINT('Origin',(5.80000000000001,1.85,-2.));
#10619=CARTESIAN_POINT('',(5.80000000000001,1.85,-1.2));
#10620=CARTESIAN_POINT('',(5.80000000000001,1.85,-2.));
#10621=CARTESIAN_POINT('',(5.80000000000001,1.85,-1.2));
#10622=CARTESIAN_POINT('Origin',(5.80000000000001,1.85,-1.2));
#10623=CARTESIAN_POINT('',(5.80000000000001,1.85,-1.2));
#10624=CARTESIAN_POINT('Origin',(6.40000000000001,1.85,1.2));
#10625=CARTESIAN_POINT('Origin',(-4.73093793828502,3.24,1.21871838111298));
#10626=CARTESIAN_POINT('',(-4.73093793828502,3.24,1.21871838111298));
#10627=CARTESIAN_POINT('',(-4.73093793828502,3.24,1.21871838111298));
#10628=CARTESIAN_POINT('',(-4.73431061956664,3.24,1.21871838111298));
#10629=CARTESIAN_POINT('',(-4.73093793828502,3.24,1.21871838111298));
#10630=CARTESIAN_POINT('',(-4.73431061956664,3.24,1.21871838111298));
#10631=CARTESIAN_POINT('Ctrl Pts',(-4.73431061956664,3.24,1.21871838111298));
#10632=CARTESIAN_POINT('Ctrl Pts',(-4.73431061956664,3.252,1.21871838111298));
#10633=CARTESIAN_POINT('Ctrl Pts',(-4.77221499486478,3.24,1.28174542375989));
#10634=CARTESIAN_POINT('Ctrl Pts',(-4.77221499486478,3.252,1.28174542375989));
#10635=CARTESIAN_POINT('Ctrl Pts',(-4.86185488337491,3.24,1.37497838388404));
#10636=CARTESIAN_POINT('Ctrl Pts',(-4.86185488337491,3.252,1.37497838388404));
#10637=CARTESIAN_POINT('Ctrl Pts',(-5.07236086682939,3.24,1.41659163152887));
#10638=CARTESIAN_POINT('Ctrl Pts',(-5.07236086682939,3.252,1.41659163152887));
#10639=CARTESIAN_POINT('Ctrl Pts',(-5.25816083145647,3.24,1.35649697977083));
#10640=CARTESIAN_POINT('Ctrl Pts',(-5.25816083145647,3.252,1.35649697977083));
#10641=CARTESIAN_POINT('Ctrl Pts',(-5.35414474812584,3.24,1.22215703964463));
#10642=CARTESIAN_POINT('Ctrl Pts',(-5.35414474812584,3.252,1.22215703964463));
#10643=CARTESIAN_POINT('Ctrl Pts',(-5.37744471105701,3.24,0.99500296053974));
#10644=CARTESIAN_POINT('Ctrl Pts',(-5.37744471105701,3.252,0.99500296053974));
#10645=CARTESIAN_POINT('Ctrl Pts',(-5.36967805674662,3.24,0.74843303953692));
#10646=CARTESIAN_POINT('Ctrl Pts',(-5.36967805674662,3.252,0.74843303953692));
#10647=CARTESIAN_POINT('Ctrl Pts',(-5.37259055211302,3.24,0.550837607278971));
#10648=CARTESIAN_POINT('Ctrl Pts',(-5.37259055211302,3.252,0.550837607278971));
#10649=CARTESIAN_POINT('Ctrl Pts',(-5.37259055211302,3.24,0.421922428330522));
#10650=CARTESIAN_POINT('Ctrl Pts',(-5.37259055211302,3.252,0.421922428330522));
#10651=CARTESIAN_POINT('',(-5.37259055211302,3.24,0.421922428330522));
#10652=CARTESIAN_POINT('Ctrl Pts',(-4.73431061956664,3.24,1.21871838111298));
#10653=CARTESIAN_POINT('Ctrl Pts',(-4.77221499486478,3.24,1.28174542375989));
#10654=CARTESIAN_POINT('Ctrl Pts',(-4.86185488337491,3.24,1.37497838388404));
#10655=CARTESIAN_POINT('Ctrl Pts',(-5.07236086682939,3.24,1.41659163152887));
#10656=CARTESIAN_POINT('Ctrl Pts',(-5.25816083145647,3.24,1.35649697977083));
#10657=CARTESIAN_POINT('Ctrl Pts',(-5.35414474812584,3.24,1.22215703964463));
#10658=CARTESIAN_POINT('Ctrl Pts',(-5.37744471105701,3.24,0.99500296053974));
#10659=CARTESIAN_POINT('Ctrl Pts',(-5.36967805674662,3.24,0.74843303953692));
#10660=CARTESIAN_POINT('Ctrl Pts',(-5.37259055211302,3.24,0.550837607278971));
#10661=CARTESIAN_POINT('Ctrl Pts',(-5.37259055211302,3.24,0.421922428330522));
#10662=CARTESIAN_POINT('',(-5.37259055211302,3.24,0.421922428330522));
#10663=CARTESIAN_POINT('Origin',(-5.37259055211302,3.24,0.421922428330522));
#10664=CARTESIAN_POINT('',(-5.20227014739126,3.24,0.421922428330522));
#10665=CARTESIAN_POINT('',(-5.37259055211302,3.24,0.421922428330522));
#10666=CARTESIAN_POINT('',(-5.20227014739126,3.24,0.421922428330522));
#10667=CARTESIAN_POINT('Ctrl Pts',(-5.20227014739126,3.24,0.421922428330522));
#10668=CARTESIAN_POINT('Ctrl Pts',(-5.20227014739126,3.252,0.421922428330522));
#10669=CARTESIAN_POINT('Ctrl Pts',(-5.20227014739126,3.24,0.502709616422708));
#10670=CARTESIAN_POINT('Ctrl Pts',(-5.20227014739126,3.252,0.502709616422708));
#10671=CARTESIAN_POINT('Ctrl Pts',(-5.20166487514999,3.24,0.668759103831984));
#10672=CARTESIAN_POINT('Ctrl Pts',(-5.20166487514999,3.252,0.668759103831984));
#10673=CARTESIAN_POINT('Ctrl Pts',(-5.2043886002357,3.24,0.890982667596471));
#10674=CARTESIAN_POINT('Ctrl Pts',(-5.2043886002357,3.252,0.890982667596471));
#10675=CARTESIAN_POINT('Ctrl Pts',(-5.19440160825479,3.24,1.20718356708395));
#10676=CARTESIAN_POINT('Ctrl Pts',(-5.19440160825479,3.252,1.20718356708395));
#10677=CARTESIAN_POINT('Ctrl Pts',(-4.97384627391345,3.24,1.29544552687629));
#10678=CARTESIAN_POINT('Ctrl Pts',(-4.97384627391345,3.252,1.29544552687629));
#10679=CARTESIAN_POINT('Ctrl Pts',(-4.73985403510659,3.24,1.16390978549146));
#10680=CARTESIAN_POINT('Ctrl Pts',(-4.73985403510659,3.252,1.16390978549146));
#10681=CARTESIAN_POINT('Ctrl Pts',(-4.72853745067922,3.24,0.902546330390338));
#10682=CARTESIAN_POINT('Ctrl Pts',(-4.72853745067922,3.252,0.902546330390338));
#10683=CARTESIAN_POINT('Ctrl Pts',(-4.73162379188668,3.24,0.665406523809515));
#10684=CARTESIAN_POINT('Ctrl Pts',(-4.73162379188668,3.252,0.665406523809515));
#10685=CARTESIAN_POINT('Ctrl Pts',(-4.73093793828502,3.24,0.502699291132722));
#10686=CARTESIAN_POINT('Ctrl Pts',(-4.73093793828502,3.252,0.502699291132722));
#10687=CARTESIAN_POINT('Ctrl Pts',(-4.73093793828502,3.24,0.421922428330523));
#10688=CARTESIAN_POINT('Ctrl Pts',(-4.73093793828502,3.252,0.421922428330523));
#10689=CARTESIAN_POINT('',(-4.73093793828502,3.24,0.421922428330522));
#10690=CARTESIAN_POINT('Ctrl Pts',(-5.20227014739126,3.24,0.421922428330522));
#10691=CARTESIAN_POINT('Ctrl Pts',(-5.20227014739126,3.24,0.502709616422708));
#10692=CARTESIAN_POINT('Ctrl Pts',(-5.20166487514999,3.24,0.668759103831984));
#10693=CARTESIAN_POINT('Ctrl Pts',(-5.2043886002357,3.24,0.890982667596471));
#10694=CARTESIAN_POINT('Ctrl Pts',(-5.19440160825479,3.24,1.20718356708395));
#10695=CARTESIAN_POINT('Ctrl Pts',(-4.97384627391345,3.24,1.29544552687629));
#10696=CARTESIAN_POINT('Ctrl Pts',(-4.73985403510659,3.24,1.16390978549146));
#10697=CARTESIAN_POINT('Ctrl Pts',(-4.72853745067922,3.24,0.902546330390338));
#10698=CARTESIAN_POINT('Ctrl Pts',(-4.73162379188668,3.24,0.665406523809515));
#10699=CARTESIAN_POINT('Ctrl Pts',(-4.73093793828502,3.24,0.502699291132722));
#10700=CARTESIAN_POINT('Ctrl Pts',(-4.73093793828502,3.24,0.421922428330523));
#10701=CARTESIAN_POINT('',(-4.73093793828502,3.24,0.421922428330522));
#10702=CARTESIAN_POINT('Origin',(-4.73093793828502,3.24,0.421922428330522));
#10703=CARTESIAN_POINT('',(-4.56146070388367,3.24,0.421922428330522));
#10704=CARTESIAN_POINT('',(-4.73093793828502,3.24,0.421922428330522));
#10705=CARTESIAN_POINT('',(-4.56146070388367,3.24,0.421922428330522));
#10706=CARTESIAN_POINT('Origin',(-4.56146070388367,3.24,0.421922428330522));
#10707=CARTESIAN_POINT('',(-4.56146070388367,3.24,1.37807757166948));
#10708=CARTESIAN_POINT('',(-4.56146070388367,3.24,0.421922428330522));
#10709=CARTESIAN_POINT('',(-4.56146070388367,3.24,1.37807757166948));
#10710=CARTESIAN_POINT('Origin',(-4.56146070388367,3.24,1.37807757166948));
#10711=CARTESIAN_POINT('',(-4.73093793828502,3.24,1.37807757166948));
#10712=CARTESIAN_POINT('',(-4.56146070388367,3.24,1.37807757166948));
#10713=CARTESIAN_POINT('',(-4.73093793828502,3.24,1.37807757166948));
#10714=CARTESIAN_POINT('Origin',(-4.73093793828502,3.24,1.37807757166948));
#10715=CARTESIAN_POINT('',(-4.73093793828502,3.24,1.37807757166948));
#10716=CARTESIAN_POINT('Origin',(-5.34203075583614,3.24,1.20668801648152));
#10717=CARTESIAN_POINT('Ctrl Pts',(-3.54206778651437,3.24,0.894940978077572));
#10718=CARTESIAN_POINT('Ctrl Pts',(-3.54206778651437,3.252,0.894940978077572));
#10719=CARTESIAN_POINT('Ctrl Pts',(-3.54551764408465,3.24,0.803884048505938));
#10720=CARTESIAN_POINT('Ctrl Pts',(-3.54551764408465,3.252,0.803884048505938));
#10721=CARTESIAN_POINT('Ctrl Pts',(-3.59466993092772,3.24,0.614382145845162));
#10722=CARTESIAN_POINT('Ctrl Pts',(-3.59466993092772,3.252,0.614382145845162));
#10723=CARTESIAN_POINT('Ctrl Pts',(-3.77103323525342,3.24,0.529494288440756));
#10724=CARTESIAN_POINT('Ctrl Pts',(-3.77103323525342,3.252,0.529494288440756));
#10725=CARTESIAN_POINT('Ctrl Pts',(-3.9671083240507,3.24,0.548310916267869));
#10726=CARTESIAN_POINT('Ctrl Pts',(-3.9671083240507,3.252,0.548310916267869));
#10727=CARTESIAN_POINT('Ctrl Pts',(-4.10850175189056,3.24,0.641190681046789));
#10728=CARTESIAN_POINT('Ctrl Pts',(-4.10850175189056,3.252,0.641190681046789));
#10729=CARTESIAN_POINT('Ctrl Pts',(-4.16644180850822,3.24,0.867399405727935));
#10730=CARTESIAN_POINT('Ctrl Pts',(-4.16644180850822,3.252,0.867399405727935));
#10731=CARTESIAN_POINT('Ctrl Pts',(-4.12155781150044,3.24,1.16933976498188));
#10732=CARTESIAN_POINT('Ctrl Pts',(-4.12155781150044,3.252,1.16933976498188));
#10733=CARTESIAN_POINT('Ctrl Pts',(-3.89343348369236,3.24,1.29158728662294));
#10734=CARTESIAN_POINT('Ctrl Pts',(-3.89343348369236,3.252,1.29158728662294));
#10735=CARTESIAN_POINT('Ctrl Pts',(-3.58874361870202,3.24,1.20161984184288));
#10736=CARTESIAN_POINT('Ctrl Pts',(-3.58874361870202,3.252,1.20161984184288));
#10737=CARTESIAN_POINT('Ctrl Pts',(-3.53779232504839,3.24,1.00778922924834));
#10738=CARTESIAN_POINT('Ctrl Pts',(-3.53779232504839,3.252,1.00778922924834));
#10739=CARTESIAN_POINT('Ctrl Pts',(-3.54206778651437,3.24,0.894940978077572));
#10740=CARTESIAN_POINT('Ctrl Pts',(-3.54206778651437,3.252,0.894940978077572));
#10741=CARTESIAN_POINT('',(-3.54206778651437,3.25,0.894940978077571));
#10742=CARTESIAN_POINT('Ctrl Pts',(-3.54206778651437,3.25,0.894940978077572));
#10743=CARTESIAN_POINT('Ctrl Pts',(-3.54551764408465,3.25,0.803884048505938));
#10744=CARTESIAN_POINT('Ctrl Pts',(-3.59466993092772,3.25,0.614382145845162));
#10745=CARTESIAN_POINT('Ctrl Pts',(-3.77103323525342,3.25,0.529494288440756));
#10746=CARTESIAN_POINT('Ctrl Pts',(-3.9671083240507,3.25,0.548310916267869));
#10747=CARTESIAN_POINT('Ctrl Pts',(-4.10850175189056,3.25,0.641190681046789));
#10748=CARTESIAN_POINT('Ctrl Pts',(-4.16644180850822,3.25,0.867399405727935));
#10749=CARTESIAN_POINT('Ctrl Pts',(-4.12155781150044,3.25,1.16933976498188));
#10750=CARTESIAN_POINT('Ctrl Pts',(-3.89343348369236,3.25,1.29158728662294));
#10751=CARTESIAN_POINT('Ctrl Pts',(-3.58874361870202,3.25,1.20161984184288));
#10752=CARTESIAN_POINT('Ctrl Pts',(-3.53779232504839,3.25,1.00778922924834));
#10753=CARTESIAN_POINT('Ctrl Pts',(-3.54206778651437,3.25,0.894940978077572));
#10754=CARTESIAN_POINT('',(-3.54206778651437,3.24,0.894940978077571));
#10755=CARTESIAN_POINT('',(-3.54206778651437,3.24,0.894940978077571));
#10756=CARTESIAN_POINT('Ctrl Pts',(-3.54206778651437,3.24,0.894940978077572));
#10757=CARTESIAN_POINT('Ctrl Pts',(-3.54551764408465,3.24,0.803884048505938));
#10758=CARTESIAN_POINT('Ctrl Pts',(-3.59466993092772,3.24,0.614382145845162));
#10759=CARTESIAN_POINT('Ctrl Pts',(-3.77103323525342,3.24,0.529494288440756));
#10760=CARTESIAN_POINT('Ctrl Pts',(-3.9671083240507,3.24,0.548310916267869));
#10761=CARTESIAN_POINT('Ctrl Pts',(-4.10850175189056,3.24,0.641190681046789));
#10762=CARTESIAN_POINT('Ctrl Pts',(-4.16644180850822,3.24,0.867399405727935));
#10763=CARTESIAN_POINT('Ctrl Pts',(-4.12155781150044,3.24,1.16933976498188));
#10764=CARTESIAN_POINT('Ctrl Pts',(-3.89343348369236,3.24,1.29158728662294));
#10765=CARTESIAN_POINT('Ctrl Pts',(-3.58874361870202,3.24,1.20161984184288));
#10766=CARTESIAN_POINT('Ctrl Pts',(-3.53779232504839,3.24,1.00778922924834));
#10767=CARTESIAN_POINT('Ctrl Pts',(-3.54206778651437,3.24,0.894940978077572));
#10768=CARTESIAN_POINT('Ctrl Pts',(-3.3700610411518,3.24,0.889038785834738));
#10769=CARTESIAN_POINT('Ctrl Pts',(-3.3700610411518,3.252,0.889038785834738));
#10770=CARTESIAN_POINT('Ctrl Pts',(-3.3689477018329,3.24,1.02204406225767));
#10771=CARTESIAN_POINT('Ctrl Pts',(-3.3689477018329,3.252,1.02204406225767));
#10772=CARTESIAN_POINT('Ctrl Pts',(-3.44434173811156,3.24,1.28633234153654));
#10773=CARTESIAN_POINT('Ctrl Pts',(-3.44434173811156,3.252,1.28633234153654));
#10774=CARTESIAN_POINT('Ctrl Pts',(-3.80657336269478,3.24,1.4424028500807));
#10775=CARTESIAN_POINT('Ctrl Pts',(-3.80657336269478,3.252,1.4424028500807));
#10776=CARTESIAN_POINT('Ctrl Pts',(-4.22372234594058,3.24,1.33221022168634));
#10777=CARTESIAN_POINT('Ctrl Pts',(-4.22372234594058,3.252,1.33221022168634));
#10778=CARTESIAN_POINT('Ctrl Pts',(-4.35561880848349,3.24,0.968598943353638));
#10779=CARTESIAN_POINT('Ctrl Pts',(-4.35561880848349,3.252,0.968598943353638));
#10780=CARTESIAN_POINT('Ctrl Pts',(-4.26416452972131,3.24,0.528090172995692));
#10781=CARTESIAN_POINT('Ctrl Pts',(-4.26416452972131,3.252,0.528090172995692));
#10782=CARTESIAN_POINT('Ctrl Pts',(-3.89770311644808,3.24,0.355622612787515));
#10783=CARTESIAN_POINT('Ctrl Pts',(-3.89770311644808,3.252,0.355622612787515));
#10784=CARTESIAN_POINT('Ctrl Pts',(-3.46497027708825,3.24,0.466081571797413));
#10785=CARTESIAN_POINT('Ctrl Pts',(-3.46497027708825,3.252,0.466081571797413));
#10786=CARTESIAN_POINT('Ctrl Pts',(-3.37129116704646,3.24,0.742081580717813));
#10787=CARTESIAN_POINT('Ctrl Pts',(-3.37129116704646,3.252,0.742081580717813));
#10788=CARTESIAN_POINT('Ctrl Pts',(-3.3700610411518,3.24,0.889038785834734));
#10789=CARTESIAN_POINT('Ctrl Pts',(-3.3700610411518,3.252,0.889038785834734));
#10790=CARTESIAN_POINT('',(-3.3700610411518,3.24,0.889038785834738));
#10791=CARTESIAN_POINT('',(-3.3700610411518,3.24,0.889038785834738));
#10792=CARTESIAN_POINT('Ctrl Pts',(-3.3700610411518,3.24,0.889038785834738));
#10793=CARTESIAN_POINT('Ctrl Pts',(-3.3689477018329,3.24,1.02204406225767));
#10794=CARTESIAN_POINT('Ctrl Pts',(-3.44434173811156,3.24,1.28633234153654));
#10795=CARTESIAN_POINT('Ctrl Pts',(-3.80657336269478,3.24,1.4424028500807));
#10796=CARTESIAN_POINT('Ctrl Pts',(-4.22372234594058,3.24,1.33221022168634));
#10797=CARTESIAN_POINT('Ctrl Pts',(-4.35561880848349,3.24,0.968598943353638));
#10798=CARTESIAN_POINT('Ctrl Pts',(-4.26416452972131,3.24,0.528090172995692));
#10799=CARTESIAN_POINT('Ctrl Pts',(-3.89770311644808,3.24,0.355622612787515));
#10800=CARTESIAN_POINT('Ctrl Pts',(-3.46497027708825,3.24,0.466081571797413));
#10801=CARTESIAN_POINT('Ctrl Pts',(-3.37129116704646,3.24,0.742081580717813));
#10802=CARTESIAN_POINT('Ctrl Pts',(-3.3700610411518,3.24,0.889038785834734));
#10803=CARTESIAN_POINT('Origin',(-4.3192700492048,3.24,0.922960439766105));
#10804=CARTESIAN_POINT('Origin',(6.40000000000001,3.25,2.9));
#10805=CARTESIAN_POINT('Origin',(-3.18618828149517,3.24,1.13587700362101));
#10806=CARTESIAN_POINT('',(-2.93076930422094,3.24,1.18414839797639));
#10807=CARTESIAN_POINT('',(-2.93076930422094,3.24,1.18414839797639));
#10808=CARTESIAN_POINT('',(-3.27141011366445,3.24,1.3814502529511));
#10809=CARTESIAN_POINT('Origin',(-3.18618828149517,3.24,1.13587700362101));
#10810=CARTESIAN_POINT('',(-3.27141011366445,3.24,1.3814502529511));
#10811=CARTESIAN_POINT('Origin',(-3.27141011366445,3.24,1.3814502529511));
#10812=CARTESIAN_POINT('',(-3.27141011366445,3.24,1.20944350758853));
#10813=CARTESIAN_POINT('',(-3.27141011366445,3.24,1.3814502529511));
#10814=CARTESIAN_POINT('',(-3.27141011366445,3.24,1.20944350758853));
#10815=CARTESIAN_POINT('Ctrl Pts',(-3.27141011366445,3.24,1.20944350758853));
#10816=CARTESIAN_POINT('Ctrl Pts',(-3.27141011366445,3.252,1.20944350758853));
#10817=CARTESIAN_POINT('Ctrl Pts',(-3.21611264521461,3.24,1.25010341086047));
#10818=CARTESIAN_POINT('Ctrl Pts',(-3.21611264521461,3.252,1.25010341086047));
#10819=CARTESIAN_POINT('Ctrl Pts',(-3.04483756455663,3.24,1.24905744509824));
#10820=CARTESIAN_POINT('Ctrl Pts',(-3.04483756455663,3.252,1.24905744509824));
#10821=CARTESIAN_POINT('Ctrl Pts',(-2.95042690305544,3.24,1.08912590821714));
#10822=CARTESIAN_POINT('Ctrl Pts',(-2.95042690305544,3.252,1.08912590821714));
#10823=CARTESIAN_POINT('Ctrl Pts',(-2.91742331027685,3.24,0.914588949265424));
#10824=CARTESIAN_POINT('Ctrl Pts',(-2.91742331027685,3.252,0.914588949265424));
#10825=CARTESIAN_POINT('Ctrl Pts',(-2.93102328208932,3.24,0.683803979947125));
#10826=CARTESIAN_POINT('Ctrl Pts',(-2.93102328208932,3.252,0.683803979947125));
#10827=CARTESIAN_POINT('Ctrl Pts',(-2.92739662293932,3.24,0.510129031085472));
#10828=CARTESIAN_POINT('Ctrl Pts',(-2.92739662293932,3.252,0.510129031085472));
#10829=CARTESIAN_POINT('Ctrl Pts',(-2.92739662293932,3.24,0.421922428330522));
#10830=CARTESIAN_POINT('Ctrl Pts',(-2.92739662293932,3.252,0.421922428330522));
#10831=CARTESIAN_POINT('',(-2.92739662293932,3.24,0.421922428330522));
#10832=CARTESIAN_POINT('Ctrl Pts',(-3.27141011366445,3.24,1.20944350758853));
#10833=CARTESIAN_POINT('Ctrl Pts',(-3.21611264521461,3.24,1.25010341086047));
#10834=CARTESIAN_POINT('Ctrl Pts',(-3.04483756455663,3.24,1.24905744509824));
#10835=CARTESIAN_POINT('Ctrl Pts',(-2.95042690305544,3.24,1.08912590821714));
#10836=CARTESIAN_POINT('Ctrl Pts',(-2.91742331027685,3.24,0.914588949265424));
#10837=CARTESIAN_POINT('Ctrl Pts',(-2.93102328208932,3.24,0.683803979947125));
#10838=CARTESIAN_POINT('Ctrl Pts',(-2.92739662293932,3.24,0.510129031085472));
#10839=CARTESIAN_POINT('Ctrl Pts',(-2.92739662293932,3.24,0.421922428330522));
#10840=CARTESIAN_POINT('',(-2.92739662293932,3.24,0.421922428330522));
#10841=CARTESIAN_POINT('Origin',(-2.92739662293932,3.24,0.421922428330522));
#10842=CARTESIAN_POINT('',(-2.75707621821757,3.24,0.421922428330522));
#10843=CARTESIAN_POINT('',(-2.92739662293932,3.24,0.421922428330522));
#10844=CARTESIAN_POINT('',(-2.75707621821757,3.24,0.421922428330522));
#10845=CARTESIAN_POINT('Origin',(-2.75707621821757,3.24,0.421922428330522));
#10846=CARTESIAN_POINT('',(-2.75707621821757,3.24,1.37807757166948));
#10847=CARTESIAN_POINT('',(-2.75707621821757,3.24,0.421922428330522));
#10848=CARTESIAN_POINT('',(-2.75707621821757,3.24,1.37807757166948));
#10849=CARTESIAN_POINT('Origin',(-2.75707621821757,3.24,1.37807757166948));
#10850=CARTESIAN_POINT('',(-2.92739662293932,3.24,1.37807757166948));
#10851=CARTESIAN_POINT('',(-2.75707621821757,3.24,1.37807757166948));
#10852=CARTESIAN_POINT('',(-2.92739662293932,3.24,1.37807757166948));
#10853=CARTESIAN_POINT('Origin',(-2.92739662293932,3.24,1.37807757166948));
#10854=CARTESIAN_POINT('',(-2.92739662293932,3.24,1.18414839797639));
#10855=CARTESIAN_POINT('',(-2.92739662293932,3.24,1.37807757166948));
#10856=CARTESIAN_POINT('',(-2.92739662293932,3.24,1.18414839797639));
#10857=CARTESIAN_POINT('Origin',(-2.92739662293932,3.24,1.18414839797639));
#10858=CARTESIAN_POINT('',(-2.92739662293932,3.24,1.18414839797639));
#10859=CARTESIAN_POINT('Origin',(-3.18618828149517,3.24,1.13587700362101));
#10860=CARTESIAN_POINT('Ctrl Pts',(-1.26972377302364,3.24,1.22546374367622));
#10861=CARTESIAN_POINT('Ctrl Pts',(-1.26972377302364,3.252,1.22546374367622));
#10862=CARTESIAN_POINT('Ctrl Pts',(-1.33691900775138,3.24,1.33994451395311));
#10863=CARTESIAN_POINT('Ctrl Pts',(-1.33691900775138,3.252,1.33994451395311));
#10864=CARTESIAN_POINT('Ctrl Pts',(-1.55521644712237,3.24,1.46688184618912));
#10865=CARTESIAN_POINT('Ctrl Pts',(-1.55521644712237,3.252,1.46688184618912));
#10866=CARTESIAN_POINT('Ctrl Pts',(-1.80027464429964,3.24,1.3261101742552));
#10867=CARTESIAN_POINT('Ctrl Pts',(-1.80027464429964,3.252,1.3261101742552));
#10868=CARTESIAN_POINT('Ctrl Pts',(-1.83970690961723,3.24,1.2043844856661));
#10869=CARTESIAN_POINT('Ctrl Pts',(-1.83970690961723,3.252,1.2043844856661));
#10870=CARTESIAN_POINT('',(-1.26972377302364,3.24,1.22546374367622));
#10871=CARTESIAN_POINT('',(-1.26972377302364,3.24,1.22546374367622));
#10872=CARTESIAN_POINT('',(-1.83970690961723,3.24,1.2043844856661));
#10873=CARTESIAN_POINT('Ctrl Pts',(-1.26972377302364,3.24,1.22546374367622));
#10874=CARTESIAN_POINT('Ctrl Pts',(-1.33691900775138,3.24,1.33994451395311));
#10875=CARTESIAN_POINT('Ctrl Pts',(-1.55521644712237,3.24,1.46688184618912));
#10876=CARTESIAN_POINT('Ctrl Pts',(-1.80027464429964,3.24,1.3261101742552));
#10877=CARTESIAN_POINT('Ctrl Pts',(-1.83970690961723,3.24,1.2043844856661));
#10878=CARTESIAN_POINT('',(-1.83970690961723,3.24,1.2043844856661));
#10879=CARTESIAN_POINT('Ctrl Pts',(-1.83970690961723,3.24,1.2043844856661));
#10880=CARTESIAN_POINT('Ctrl Pts',(-1.83970690961723,3.252,1.2043844856661));
#10881=CARTESIAN_POINT('Ctrl Pts',(-1.91087469447323,3.24,1.33485875790209));
#10882=CARTESIAN_POINT('Ctrl Pts',(-1.91087469447323,3.252,1.33485875790209));
#10883=CARTESIAN_POINT('Ctrl Pts',(-2.09500491977785,3.24,1.43229530784771));
#10884=CARTESIAN_POINT('Ctrl Pts',(-2.09500491977785,3.252,1.43229530784771));
#10885=CARTESIAN_POINT('Ctrl Pts',(-2.35021336179748,3.24,1.36787611255788));
#10886=CARTESIAN_POINT('Ctrl Pts',(-2.35021336179748,3.252,1.36787611255788));
#10887=CARTESIAN_POINT('Ctrl Pts',(-2.45229534573444,3.24,1.24416841028914));
#10888=CARTESIAN_POINT('Ctrl Pts',(-2.45229534573444,3.252,1.24416841028914));
#10889=CARTESIAN_POINT('Ctrl Pts',(-2.47835741879558,3.24,0.993846578581246));
#10890=CARTESIAN_POINT('Ctrl Pts',(-2.47835741879558,3.252,0.993846578581246));
#10891=CARTESIAN_POINT('Ctrl Pts',(-2.46967006110854,3.24,0.75309262714715));
#10892=CARTESIAN_POINT('Ctrl Pts',(-2.46967006110854,3.252,0.75309262714715));
#10893=CARTESIAN_POINT('Ctrl Pts',(-2.47292782024118,3.24,0.55160025313188));
#10894=CARTESIAN_POINT('Ctrl Pts',(-2.47292782024118,3.252,0.55160025313188));
#10895=CARTESIAN_POINT('Ctrl Pts',(-2.47292782024118,3.24,0.421922428330522));
#10896=CARTESIAN_POINT('Ctrl Pts',(-2.47292782024118,3.252,0.421922428330522));
#10897=CARTESIAN_POINT('',(-2.47292782024118,3.24,0.421922428330522));
#10898=CARTESIAN_POINT('Ctrl Pts',(-1.83970690961723,3.24,1.2043844856661));
#10899=CARTESIAN_POINT('Ctrl Pts',(-1.91087469447323,3.24,1.33485875790209));
#10900=CARTESIAN_POINT('Ctrl Pts',(-2.09500491977785,3.24,1.43229530784771));
#10901=CARTESIAN_POINT('Ctrl Pts',(-2.35021336179748,3.24,1.36787611255788));
#10902=CARTESIAN_POINT('Ctrl Pts',(-2.45229534573444,3.24,1.24416841028914));
#10903=CARTESIAN_POINT('Ctrl Pts',(-2.47835741879558,3.24,0.993846578581246));
#10904=CARTESIAN_POINT('Ctrl Pts',(-2.46967006110854,3.24,0.75309262714715));
#10905=CARTESIAN_POINT('Ctrl Pts',(-2.47292782024118,3.24,0.55160025313188));
#10906=CARTESIAN_POINT('Ctrl Pts',(-2.47292782024118,3.24,0.421922428330522));
#10907=CARTESIAN_POINT('',(-2.47292782024118,3.24,0.421922428330522));
#10908=CARTESIAN_POINT('Origin',(-2.47292782024118,3.24,0.421922428330522));
#10909=CARTESIAN_POINT('',(-2.30345058583983,3.24,0.421922428330522));
#10910=CARTESIAN_POINT('',(-2.47292782024118,3.24,0.421922428330522));
#10911=CARTESIAN_POINT('',(-2.30345058583983,3.24,0.421922428330522));
#10912=CARTESIAN_POINT('Ctrl Pts',(-2.30345058583983,3.24,0.421922428330522));
#10913=CARTESIAN_POINT('Ctrl Pts',(-2.30345058583983,3.252,0.421922428330522));
#10914=CARTESIAN_POINT('Ctrl Pts',(-2.30345058583983,3.24,0.501610051379854));
#10915=CARTESIAN_POINT('Ctrl Pts',(-2.30345058583983,3.252,0.501610051379854));
#10916=CARTESIAN_POINT('Ctrl Pts',(-2.30348528170209,3.24,0.664132341032901));
#10917=CARTESIAN_POINT('Ctrl Pts',(-2.30348528170209,3.252,0.664132341032901));
#10918=CARTESIAN_POINT('Ctrl Pts',(-2.3033291503219,3.24,0.889033514186165));
#10919=CARTESIAN_POINT('Ctrl Pts',(-2.3033291503219,3.252,0.889033514186165));
#10920=CARTESIAN_POINT('Ctrl Pts',(-2.30390163204927,3.24,1.1800226019815));
#10921=CARTESIAN_POINT('Ctrl Pts',(-2.30390163204927,3.252,1.1800226019815));
#10922=CARTESIAN_POINT('Ctrl Pts',(-2.17336817665343,3.24,1.27384801793039));
#10923=CARTESIAN_POINT('Ctrl Pts',(-2.17336817665343,3.252,1.27384801793039));
#10924=CARTESIAN_POINT('Ctrl Pts',(-1.98957657369834,3.24,1.24606452971992));
#10925=CARTESIAN_POINT('Ctrl Pts',(-1.98957657369834,3.252,1.24606452971992));
#10926=CARTESIAN_POINT('Ctrl Pts',(-1.87221056137631,3.24,1.09596626101755));
#10927=CARTESIAN_POINT('Ctrl Pts',(-1.87221056137631,3.252,1.09596626101755));
#10928=CARTESIAN_POINT('Ctrl Pts',(-1.86932705863612,3.24,0.90127548053685));
#10929=CARTESIAN_POINT('Ctrl Pts',(-1.86932705863612,3.252,0.90127548053685));
#10930=CARTESIAN_POINT('Ctrl Pts',(-1.870270750442,3.24,0.66068767382013));
#10931=CARTESIAN_POINT('Ctrl Pts',(-1.870270750442,3.252,0.66068767382013));
#10932=CARTESIAN_POINT('Ctrl Pts',(-1.8700610411518,3.24,0.501621301749913));
#10933=CARTESIAN_POINT('Ctrl Pts',(-1.8700610411518,3.252,0.501621301749913));
#10934=CARTESIAN_POINT('Ctrl Pts',(-1.8700610411518,3.24,0.421922428330522));
#10935=CARTESIAN_POINT('Ctrl Pts',(-1.8700610411518,3.252,0.421922428330522));
#10936=CARTESIAN_POINT('',(-1.8700610411518,3.24,0.421922428330522));
#10937=CARTESIAN_POINT('Ctrl Pts',(-2.30345058583983,3.24,0.421922428330522));
#10938=CARTESIAN_POINT('Ctrl Pts',(-2.30345058583983,3.24,0.501610051379854));
#10939=CARTESIAN_POINT('Ctrl Pts',(-2.30348528170209,3.24,0.664132341032901));
#10940=CARTESIAN_POINT('Ctrl Pts',(-2.3033291503219,3.24,0.889033514186165));
#10941=CARTESIAN_POINT('Ctrl Pts',(-2.30390163204927,3.24,1.1800226019815));
#10942=CARTESIAN_POINT('Ctrl Pts',(-2.17336817665343,3.24,1.27384801793039));
#10943=CARTESIAN_POINT('Ctrl Pts',(-1.98957657369834,3.24,1.24606452971992));
#10944=CARTESIAN_POINT('Ctrl Pts',(-1.87221056137631,3.24,1.09596626101755));
#10945=CARTESIAN_POINT('Ctrl Pts',(-1.86932705863612,3.24,0.90127548053685));
#10946=CARTESIAN_POINT('Ctrl Pts',(-1.870270750442,3.24,0.66068767382013));
#10947=CARTESIAN_POINT('Ctrl Pts',(-1.8700610411518,3.24,0.501621301749913));
#10948=CARTESIAN_POINT('Ctrl Pts',(-1.8700610411518,3.24,0.421922428330522));
#10949=CARTESIAN_POINT('',(-1.8700610411518,3.24,0.421922428330522));
#10950=CARTESIAN_POINT('Origin',(-1.8700610411518,3.24,0.421922428330522));
#10951=CARTESIAN_POINT('',(-1.69974063643005,3.24,0.421922428330522));
#10952=CARTESIAN_POINT('',(-1.8700610411518,3.24,0.421922428330522));
#10953=CARTESIAN_POINT('',(-1.69974063643005,3.24,0.421922428330522));
#10954=CARTESIAN_POINT('Ctrl Pts',(-1.69974063643005,3.24,0.421922428330522));
#10955=CARTESIAN_POINT('Ctrl Pts',(-1.69974063643005,3.252,0.421922428330522));
#10956=CARTESIAN_POINT('Ctrl Pts',(-1.69974063643005,3.24,0.501633693655268));
#10957=CARTESIAN_POINT('Ctrl Pts',(-1.69974063643005,3.252,0.501633693655268));
#10958=CARTESIAN_POINT('Ctrl Pts',(-1.70053019666917,3.24,0.662998858892808));
#10959=CARTESIAN_POINT('Ctrl Pts',(-1.70053019666917,3.252,0.662998858892808));
#10960=CARTESIAN_POINT('Ctrl Pts',(-1.69756934577247,3.24,0.854992142499484));
#10961=CARTESIAN_POINT('Ctrl Pts',(-1.69756934577247,3.252,0.854992142499484));
#10962=CARTESIAN_POINT('Ctrl Pts',(-1.70349104756587,3.24,1.02898443255936));
#10963=CARTESIAN_POINT('Ctrl Pts',(-1.70349104756587,3.252,1.02898443255936));
#10964=CARTESIAN_POINT('Ctrl Pts',(-1.66847110125217,3.24,1.20949589343416));
#10965=CARTESIAN_POINT('Ctrl Pts',(-1.66847110125217,3.252,1.20949589343416));
#10966=CARTESIAN_POINT('Ctrl Pts',(-1.50382395032046,3.24,1.30191959967584));
#10967=CARTESIAN_POINT('Ctrl Pts',(-1.50382395032046,3.252,1.30191959967584));
#10968=CARTESIAN_POINT('Ctrl Pts',(-1.26351835075976,3.24,1.15600643305774));
#10969=CARTESIAN_POINT('Ctrl Pts',(-1.26351835075976,3.252,1.15600643305774));
#10970=CARTESIAN_POINT('Ctrl Pts',(-1.26711375277571,3.24,0.895624880708307));
#10971=CARTESIAN_POINT('Ctrl Pts',(-1.26711375277571,3.252,0.895624880708307));
#10972=CARTESIAN_POINT('Ctrl Pts',(-1.26613318858954,3.24,0.662319320105253));
#10973=CARTESIAN_POINT('Ctrl Pts',(-1.26613318858954,3.252,0.662319320105253));
#10974=CARTESIAN_POINT('Ctrl Pts',(-1.26635109174202,3.24,0.501624947941997));
#10975=CARTESIAN_POINT('Ctrl Pts',(-1.26635109174202,3.252,0.501624947941997));
#10976=CARTESIAN_POINT('Ctrl Pts',(-1.26635109174202,3.24,0.421922428330522));
#10977=CARTESIAN_POINT('Ctrl Pts',(-1.26635109174202,3.252,0.421922428330522));
#10978=CARTESIAN_POINT('',(-1.26635109174202,3.24,0.421922428330522));
#10979=CARTESIAN_POINT('Ctrl Pts',(-1.69974063643005,3.24,0.421922428330522));
#10980=CARTESIAN_POINT('Ctrl Pts',(-1.69974063643005,3.24,0.501633693655268));
#10981=CARTESIAN_POINT('Ctrl Pts',(-1.70053019666917,3.24,0.662998858892808));
#10982=CARTESIAN_POINT('Ctrl Pts',(-1.69756934577247,3.24,0.854992142499484));
#10983=CARTESIAN_POINT('Ctrl Pts',(-1.70349104756587,3.24,1.02898443255936));
#10984=CARTESIAN_POINT('Ctrl Pts',(-1.66847110125217,3.24,1.20949589343416));
#10985=CARTESIAN_POINT('Ctrl Pts',(-1.50382395032046,3.24,1.30191959967584));
#10986=CARTESIAN_POINT('Ctrl Pts',(-1.26351835075976,3.24,1.15600643305774));
#10987=CARTESIAN_POINT('Ctrl Pts',(-1.26711375277571,3.24,0.895624880708307));
#10988=CARTESIAN_POINT('Ctrl Pts',(-1.26613318858954,3.24,0.662319320105253));
#10989=CARTESIAN_POINT('Ctrl Pts',(-1.26635109174202,3.24,0.501624947941997));
#10990=CARTESIAN_POINT('Ctrl Pts',(-1.26635109174202,3.24,0.421922428330522));
#10991=CARTESIAN_POINT('',(-1.26635109174202,3.24,0.421922428330522));
#10992=CARTESIAN_POINT('Origin',(-1.26635109174202,3.24,0.421922428330522));
#10993=CARTESIAN_POINT('',(-1.09603068702027,3.24,0.421922428330522));
#10994=CARTESIAN_POINT('',(-1.26635109174202,3.24,0.421922428330522));
#10995=CARTESIAN_POINT('',(-1.09603068702027,3.24,0.421922428330522));
#10996=CARTESIAN_POINT('Origin',(-1.09603068702027,3.24,0.421922428330522));
#10997=CARTESIAN_POINT('',(-1.09603068702027,3.24,1.37807757166948));
#10998=CARTESIAN_POINT('',(-1.09603068702027,3.24,0.421922428330522));
#10999=CARTESIAN_POINT('',(-1.09603068702027,3.24,1.37807757166948));
#11000=CARTESIAN_POINT('Origin',(-1.09603068702027,3.24,1.37807757166948));
#11001=CARTESIAN_POINT('',(-1.26635109174202,3.24,1.37807757166948));
#11002=CARTESIAN_POINT('',(-1.09603068702027,3.24,1.37807757166948));
#11003=CARTESIAN_POINT('',(-1.26635109174202,3.24,1.37807757166948));
#11004=CARTESIAN_POINT('Origin',(-1.26635109174202,3.24,1.37807757166948));
#11005=CARTESIAN_POINT('',(-1.26635109174202,3.24,1.22546374367622));
#11006=CARTESIAN_POINT('',(-1.26635109174202,3.24,1.37807757166948));
#11007=CARTESIAN_POINT('',(-1.26635109174202,3.24,1.22546374367622));
#11008=CARTESIAN_POINT('Origin',(-1.26635109174202,3.24,1.22546374367622));
#11009=CARTESIAN_POINT('',(-1.26635109174202,3.24,1.22546374367622));
#11010=CARTESIAN_POINT('Origin',(-1.56190663657394,3.24,1.39995459514664));
#11011=CARTESIAN_POINT('Ctrl Pts',(-0.0774809399713638,3.24,0.894940978077572));
#11012=CARTESIAN_POINT('Ctrl Pts',(-0.0774809399713638,3.252,0.894940978077572));
#11013=CARTESIAN_POINT('Ctrl Pts',(-0.0809307975416433,3.24,0.803884048505938));
#11014=CARTESIAN_POINT('Ctrl Pts',(-0.0809307975416433,3.252,0.803884048505938));
#11015=CARTESIAN_POINT('Ctrl Pts',(-0.130083084384717,3.24,0.614382145845161));
#11016=CARTESIAN_POINT('Ctrl Pts',(-0.130083084384717,3.252,0.614382145845161));
#11017=CARTESIAN_POINT('Ctrl Pts',(-0.30644638871042,3.24,0.529494288440756));
#11018=CARTESIAN_POINT('Ctrl Pts',(-0.30644638871042,3.252,0.529494288440756));
#11019=CARTESIAN_POINT('Ctrl Pts',(-0.502521477507693,3.24,0.548310916267869));
#11020=CARTESIAN_POINT('Ctrl Pts',(-0.502521477507693,3.252,0.548310916267869));
#11021=CARTESIAN_POINT('Ctrl Pts',(-0.643914905347561,3.24,0.641190681046789));
#11022=CARTESIAN_POINT('Ctrl Pts',(-0.643914905347561,3.252,0.641190681046789));
#11023=CARTESIAN_POINT('Ctrl Pts',(-0.701854961965216,3.24,0.867399405727936));
#11024=CARTESIAN_POINT('Ctrl Pts',(-0.701854961965216,3.252,0.867399405727936));
#11025=CARTESIAN_POINT('Ctrl Pts',(-0.65697096495744,3.24,1.16933976498188));
#11026=CARTESIAN_POINT('Ctrl Pts',(-0.65697096495744,3.252,1.16933976498188));
#11027=CARTESIAN_POINT('Ctrl Pts',(-0.428846637149356,3.24,1.29158728662294));
#11028=CARTESIAN_POINT('Ctrl Pts',(-0.428846637149356,3.252,1.29158728662294));
#11029=CARTESIAN_POINT('Ctrl Pts',(-0.124156772159014,3.24,1.20161984184288));
#11030=CARTESIAN_POINT('Ctrl Pts',(-0.124156772159014,3.252,1.20161984184288));
#11031=CARTESIAN_POINT('Ctrl Pts',(-0.0732054785053804,3.24,1.00778922924834));
#11032=CARTESIAN_POINT('Ctrl Pts',(-0.0732054785053804,3.252,1.00778922924834));
#11033=CARTESIAN_POINT('Ctrl Pts',(-0.0774809399713638,3.24,0.894940978077571));
#11034=CARTESIAN_POINT('Ctrl Pts',(-0.0774809399713638,3.252,0.894940978077571));
#11035=CARTESIAN_POINT('',(-0.0774809399713638,3.25,0.894940978077571));
#11036=CARTESIAN_POINT('Ctrl Pts',(-0.0774809399713638,3.25,0.894940978077572));
#11037=CARTESIAN_POINT('Ctrl Pts',(-0.0809307975416433,3.25,0.803884048505938));
#11038=CARTESIAN_POINT('Ctrl Pts',(-0.130083084384717,3.25,0.614382145845161));
#11039=CARTESIAN_POINT('Ctrl Pts',(-0.30644638871042,3.25,0.529494288440756));
#11040=CARTESIAN_POINT('Ctrl Pts',(-0.502521477507693,3.25,0.548310916267869));
#11041=CARTESIAN_POINT('Ctrl Pts',(-0.643914905347561,3.25,0.641190681046789));
#11042=CARTESIAN_POINT('Ctrl Pts',(-0.701854961965216,3.25,0.867399405727936));
#11043=CARTESIAN_POINT('Ctrl Pts',(-0.65697096495744,3.25,1.16933976498188));
#11044=CARTESIAN_POINT('Ctrl Pts',(-0.428846637149356,3.25,1.29158728662294));
#11045=CARTESIAN_POINT('Ctrl Pts',(-0.124156772159014,3.25,1.20161984184288));
#11046=CARTESIAN_POINT('Ctrl Pts',(-0.0732054785053804,3.25,1.00778922924834));
#11047=CARTESIAN_POINT('Ctrl Pts',(-0.0774809399713638,3.25,0.894940978077571));
#11048=CARTESIAN_POINT('',(-0.0774809399713638,3.24,0.894940978077571));
#11049=CARTESIAN_POINT('',(-0.0774809399713638,3.24,0.894940978077571));
#11050=CARTESIAN_POINT('Ctrl Pts',(-0.0774809399713638,3.24,0.894940978077572));
#11051=CARTESIAN_POINT('Ctrl Pts',(-0.0809307975416433,3.24,0.803884048505938));
#11052=CARTESIAN_POINT('Ctrl Pts',(-0.130083084384717,3.24,0.614382145845161));
#11053=CARTESIAN_POINT('Ctrl Pts',(-0.30644638871042,3.24,0.529494288440756));
#11054=CARTESIAN_POINT('Ctrl Pts',(-0.502521477507693,3.24,0.548310916267869));
#11055=CARTESIAN_POINT('Ctrl Pts',(-0.643914905347561,3.24,0.641190681046789));
#11056=CARTESIAN_POINT('Ctrl Pts',(-0.701854961965216,3.24,0.867399405727936));
#11057=CARTESIAN_POINT('Ctrl Pts',(-0.65697096495744,3.24,1.16933976498188));
#11058=CARTESIAN_POINT('Ctrl Pts',(-0.428846637149356,3.24,1.29158728662294));
#11059=CARTESIAN_POINT('Ctrl Pts',(-0.124156772159014,3.24,1.20161984184288));
#11060=CARTESIAN_POINT('Ctrl Pts',(-0.0732054785053804,3.24,1.00778922924834));
#11061=CARTESIAN_POINT('Ctrl Pts',(-0.0774809399713638,3.24,0.894940978077571));
#11062=CARTESIAN_POINT('Ctrl Pts',(0.0953689757116042,3.24,0.889038785834738));
#11063=CARTESIAN_POINT('Ctrl Pts',(0.0953689757116042,3.252,0.889038785834738));
#11064=CARTESIAN_POINT('Ctrl Pts',(0.0964252625430364,3.24,1.02204019864039));
#11065=CARTESIAN_POINT('Ctrl Pts',(0.0964252625430364,3.252,1.02204019864039));
#11066=CARTESIAN_POINT('Ctrl Pts',(0.0200101936684524,3.24,1.28621315561364));
#11067=CARTESIAN_POINT('Ctrl Pts',(0.0200101936684524,3.252,1.28621315561364));
#11068=CARTESIAN_POINT('Ctrl Pts',(-0.341899830083345,3.24,1.44243431865461));
#11069=CARTESIAN_POINT('Ctrl Pts',(-0.341899830083345,3.252,1.44243431865461));
#11070=CARTESIAN_POINT('Ctrl Pts',(-0.759193158043682,3.24,1.3321423802168));
#11071=CARTESIAN_POINT('Ctrl Pts',(-0.759193158043682,3.252,1.3321423802168));
#11072=CARTESIAN_POINT('Ctrl Pts',(-0.891234587493648,3.24,0.968562658100257));
#11073=CARTESIAN_POINT('Ctrl Pts',(-0.891234587493648,3.252,0.968562658100257));
#11074=CARTESIAN_POINT('Ctrl Pts',(-0.798796345971846,3.24,0.5283997258448));
#11075=CARTESIAN_POINT('Ctrl Pts',(-0.798796345971846,3.252,0.5283997258448));
#11076=CARTESIAN_POINT('Ctrl Pts',(-0.433291696823562,3.24,0.35555055856541));
#11077=CARTESIAN_POINT('Ctrl Pts',(-0.433291696823562,3.252,0.35555055856541));
#11078=CARTESIAN_POINT('Ctrl Pts',(-0.000359926131330582,3.24,0.466339039829842));
#11079=CARTESIAN_POINT('Ctrl Pts',(-0.000359926131330582,3.252,0.466339039829842));
#11080=CARTESIAN_POINT('Ctrl Pts',(0.0942020361530288,3.24,0.742104633736293));
#11081=CARTESIAN_POINT('Ctrl Pts',(0.0942020361530288,3.252,0.742104633736293));
#11082=CARTESIAN_POINT('Ctrl Pts',(0.0953689757116037,3.24,0.889038785834736));
#11083=CARTESIAN_POINT('Ctrl Pts',(0.0953689757116037,3.252,0.889038785834736));
#11084=CARTESIAN_POINT('',(0.0953689757116041,3.24,0.889038785834738));
#11085=CARTESIAN_POINT('',(0.0953689757116042,3.24,0.889038785834738));
#11086=CARTESIAN_POINT('Ctrl Pts',(0.0953689757116042,3.24,0.889038785834738));
#11087=CARTESIAN_POINT('Ctrl Pts',(0.0964252625430364,3.24,1.02204019864039));
#11088=CARTESIAN_POINT('Ctrl Pts',(0.0200101936684524,3.24,1.28621315561364));
#11089=CARTESIAN_POINT('Ctrl Pts',(-0.341899830083345,3.24,1.44243431865461));
#11090=CARTESIAN_POINT('Ctrl Pts',(-0.759193158043682,3.24,1.3321423802168));
#11091=CARTESIAN_POINT('Ctrl Pts',(-0.891234587493648,3.24,0.968562658100257));
#11092=CARTESIAN_POINT('Ctrl Pts',(-0.798796345971846,3.24,0.5283997258448));
#11093=CARTESIAN_POINT('Ctrl Pts',(-0.433291696823562,3.24,0.35555055856541));
#11094=CARTESIAN_POINT('Ctrl Pts',(-0.000359926131330582,3.24,0.466339039829842));
#11095=CARTESIAN_POINT('Ctrl Pts',(0.0942020361530288,3.24,0.742104633736293));
#11096=CARTESIAN_POINT('Ctrl Pts',(0.0953689757116037,3.24,0.889038785834736));
#11097=CARTESIAN_POINT('Origin',(-0.854672289726699,3.24,0.923458352451176));
#11098=CARTESIAN_POINT('Origin',(6.40000000000001,3.25,2.9));
#11099=CARTESIAN_POINT('Origin',(-5.2708535794083,3.24,-0.214324009826858));
#11100=CARTESIAN_POINT('',(-5.2708535794083,3.24,-0.214324009826858));
#11101=CARTESIAN_POINT('',(-5.2708535794083,3.24,-0.214324009826858));
#11102=CARTESIAN_POINT('',(-5.37259055211302,3.24,-0.214324009826858));
#11103=CARTESIAN_POINT('',(-5.2708535794083,3.24,-0.214324009826858));
#11104=CARTESIAN_POINT('',(-5.37259055211302,3.24,-0.214324009826858));
#11105=CARTESIAN_POINT('Origin',(-5.37259055211302,3.24,-0.214324009826858));
#11106=CARTESIAN_POINT('',(-5.37259055211302,3.24,-1.00142078402041));
#11107=CARTESIAN_POINT('',(-5.37259055211302,3.24,-0.214324009826858));
#11108=CARTESIAN_POINT('',(-5.37259055211302,3.24,-1.00142078402041));
#11109=CARTESIAN_POINT('Origin',(-5.37259055211302,3.24,-1.00142078402041));
#11110=CARTESIAN_POINT('',(-5.25100246278299,3.24,-1.00142078402041));
#11111=CARTESIAN_POINT('',(-5.37259055211302,3.24,-1.00142078402041));
#11112=CARTESIAN_POINT('',(-5.25100246278299,3.24,-1.00142078402041));
#11113=CARTESIAN_POINT('Ctrl Pts',(-5.25100246278299,3.24,-1.00142078402041));
#11114=CARTESIAN_POINT('Ctrl Pts',(-5.25100246278299,3.252,-1.00142078402041));
#11115=CARTESIAN_POINT('Ctrl Pts',(-5.17944265208921,3.24,-0.891177580030231));
#11116=CARTESIAN_POINT('Ctrl Pts',(-5.17944265208921,3.252,-0.891177580030231));
#11117=CARTESIAN_POINT('Ctrl Pts',(-5.04640775448732,3.24,-0.668536344206073));
#11118=CARTESIAN_POINT('Ctrl Pts',(-5.04640775448732,3.252,-0.668536344206073));
#11119=CARTESIAN_POINT('Ctrl Pts',(-4.87303396174269,3.24,-0.454514419757137));
#11120=CARTESIAN_POINT('Ctrl Pts',(-4.87303396174269,3.252,-0.454514419757137));
#11121=CARTESIAN_POINT('Ctrl Pts',(-4.82618856700135,3.24,-0.337400932903782));
#11122=CARTESIAN_POINT('Ctrl Pts',(-4.82618856700135,3.252,-0.337400932903782));
#11123=CARTESIAN_POINT('',(-4.82618856700135,3.24,-0.337400932903782));
#11124=CARTESIAN_POINT('Ctrl Pts',(-5.25100246278299,3.24,-1.00142078402041));
#11125=CARTESIAN_POINT('Ctrl Pts',(-5.17944265208921,3.24,-0.891177580030231));
#11126=CARTESIAN_POINT('Ctrl Pts',(-5.04640775448732,3.24,-0.668536344206073));
#11127=CARTESIAN_POINT('Ctrl Pts',(-4.87303396174269,3.24,-0.454514419757137));
#11128=CARTESIAN_POINT('Ctrl Pts',(-4.82618856700135,3.24,-0.337400932903782));
#11129=CARTESIAN_POINT('',(-4.82618856700135,3.24,-0.337400932903782));
#11130=CARTESIAN_POINT('Origin',(-4.82618856700135,3.24,-0.337400932903782));
#11131=CARTESIAN_POINT('',(-4.82321089950756,3.24,-0.337400932903782));
#11132=CARTESIAN_POINT('',(-4.82618856700135,3.24,-0.337400932903782));
#11133=CARTESIAN_POINT('',(-4.82321089950756,3.24,-0.337400932903782));
#11134=CARTESIAN_POINT('Ctrl Pts',(-4.82321089950756,3.24,-0.337400932903782));
#11135=CARTESIAN_POINT('Ctrl Pts',(-4.82321089950756,3.252,-0.337400932903782));
#11136=CARTESIAN_POINT('Ctrl Pts',(-4.82767160806819,3.24,-0.364165184267582));
#11137=CARTESIAN_POINT('Ctrl Pts',(-4.82767160806819,3.252,-0.364165184267582));
#11138=CARTESIAN_POINT('Ctrl Pts',(-4.82768003378465,3.24,-0.516191339121015));
#11139=CARTESIAN_POINT('Ctrl Pts',(-4.82768003378465,3.252,-0.516191339121015));
#11140=CARTESIAN_POINT('Ctrl Pts',(-4.82767582092642,3.24,-0.716925076390969));
#11141=CARTESIAN_POINT('Ctrl Pts',(-4.82767582092642,3.252,-0.716925076390969));
#11142=CARTESIAN_POINT('Ctrl Pts',(-4.82767740074825,3.24,-0.890722058141739));
#11143=CARTESIAN_POINT('Ctrl Pts',(-4.82767740074825,3.252,-0.890722058141739));
#11144=CARTESIAN_POINT('Ctrl Pts',(-4.82767740074825,3.24,-1.00142078402041));
#11145=CARTESIAN_POINT('Ctrl Pts',(-4.82767740074825,3.252,-1.00142078402041));
#11146=CARTESIAN_POINT('',(-4.82767740074825,3.24,-1.00142078402041));
#11147=CARTESIAN_POINT('Ctrl Pts',(-4.82321089950756,3.24,-0.337400932903782));
#11148=CARTESIAN_POINT('Ctrl Pts',(-4.82767160806819,3.24,-0.364165184267582));
#11149=CARTESIAN_POINT('Ctrl Pts',(-4.82768003378465,3.24,-0.516191339121015));
#11150=CARTESIAN_POINT('Ctrl Pts',(-4.82767582092642,3.24,-0.716925076390969));
#11151=CARTESIAN_POINT('Ctrl Pts',(-4.82767740074825,3.24,-0.890722058141739));
#11152=CARTESIAN_POINT('Ctrl Pts',(-4.82767740074825,3.24,-1.00142078402041));
#11153=CARTESIAN_POINT('',(-4.82767740074825,3.24,-1.00142078402041));
#11154=CARTESIAN_POINT('Origin',(-4.82767740074825,3.24,-1.00142078402041));
#11155=CARTESIAN_POINT('',(-4.72643670595917,3.24,-1.00142078402041));
#11156=CARTESIAN_POINT('',(-4.82767740074825,3.24,-1.00142078402041));
#11157=CARTESIAN_POINT('',(-4.72643670595917,3.24,-1.00142078402041));
#11158=CARTESIAN_POINT('Origin',(-4.72643670595917,3.24,-1.00142078402041));
#11159=CARTESIAN_POINT('',(-4.72643670595917,3.24,-0.214324009826858));
#11160=CARTESIAN_POINT('',(-4.72643670595917,3.24,-1.00142078402041));
#11161=CARTESIAN_POINT('',(-4.72643670595917,3.24,-0.214324009826858));
#11162=CARTESIAN_POINT('Origin',(-4.72643670595917,3.24,-0.214324009826858));
#11163=CARTESIAN_POINT('',(-4.85398013027679,3.24,-0.214324009826858));
#11164=CARTESIAN_POINT('',(-4.72643670595917,3.24,-0.214324009826858));
#11165=CARTESIAN_POINT('',(-4.85398013027679,3.24,-0.214324009826858));
#11166=CARTESIAN_POINT('Ctrl Pts',(-4.85398013027679,3.24,-0.214324009826858));
#11167=CARTESIAN_POINT('Ctrl Pts',(-4.85398013027679,3.252,-0.214324009826858));
#11168=CARTESIAN_POINT('Ctrl Pts',(-4.88913562685004,3.24,-0.268880299003267));
#11169=CARTESIAN_POINT('Ctrl Pts',(-4.88913562685004,3.252,-0.268880299003267));
#11170=CARTESIAN_POINT('Ctrl Pts',(-4.95979898240857,3.24,-0.378610062814296));
#11171=CARTESIAN_POINT('Ctrl Pts',(-4.95979898240857,3.252,-0.378610062814296));
#11172=CARTESIAN_POINT('Ctrl Pts',(-5.06367984127411,3.24,-0.539501595781563));
#11173=CARTESIAN_POINT('Ctrl Pts',(-5.06367984127411,3.252,-0.539501595781563));
#11174=CARTESIAN_POINT('Ctrl Pts',(-5.15641356587286,3.24,-0.684378618773011));
#11175=CARTESIAN_POINT('Ctrl Pts',(-5.15641356587286,3.252,-0.684378618773011));
#11176=CARTESIAN_POINT('Ctrl Pts',(-5.21685841148205,3.24,-0.776210004295866));
#11177=CARTESIAN_POINT('Ctrl Pts',(-5.21685841148205,3.252,-0.776210004295866));
#11178=CARTESIAN_POINT('Ctrl Pts',(-5.27209856554194,3.24,-0.865945864590401));
#11179=CARTESIAN_POINT('Ctrl Pts',(-5.27209856554194,3.252,-0.865945864590401));
#11180=CARTESIAN_POINT('Ctrl Pts',(-5.27432752481773,3.24,-0.869907136377727));
#11181=CARTESIAN_POINT('Ctrl Pts',(-5.27432752481773,3.252,-0.869907136377727));
#11182=CARTESIAN_POINT('',(-5.27432752481773,3.24,-0.869907136377727));
#11183=CARTESIAN_POINT('Ctrl Pts',(-4.85398013027679,3.24,-0.214324009826858));
#11184=CARTESIAN_POINT('Ctrl Pts',(-4.88913562685004,3.24,-0.268880299003267));
#11185=CARTESIAN_POINT('Ctrl Pts',(-4.95979898240857,3.24,-0.378610062814296));
#11186=CARTESIAN_POINT('Ctrl Pts',(-5.06367984127411,3.24,-0.539501595781563));
#11187=CARTESIAN_POINT('Ctrl Pts',(-5.15641356587286,3.24,-0.684378618773011));
#11188=CARTESIAN_POINT('Ctrl Pts',(-5.21685841148205,3.24,-0.776210004295866));
#11189=CARTESIAN_POINT('Ctrl Pts',(-5.27209856554194,3.24,-0.865945864590401));
#11190=CARTESIAN_POINT('Ctrl Pts',(-5.27432752481773,3.24,-0.869907136377727));
#11191=CARTESIAN_POINT('',(-5.27432752481773,3.24,-0.869907136377727));
#11192=CARTESIAN_POINT('Origin',(-5.27432752481773,3.24,-0.869907136377727));
#11193=CARTESIAN_POINT('',(-5.27631263648026,3.24,-0.869907136377727));
#11194=CARTESIAN_POINT('',(-5.27432752481773,3.24,-0.869907136377727));
#11195=CARTESIAN_POINT('',(-5.27631263648026,3.24,-0.869907136377727));
#11196=CARTESIAN_POINT('Ctrl Pts',(-5.27631263648026,3.24,-0.869907136377727));
#11197=CARTESIAN_POINT('Ctrl Pts',(-5.27631263648026,3.252,-0.869907136377727));
#11198=CARTESIAN_POINT('Ctrl Pts',(-5.27135392290673,3.24,-0.838029691976463));
#11199=CARTESIAN_POINT('Ctrl Pts',(-5.27135392290673,3.252,-0.838029691976463));
#11200=CARTESIAN_POINT('Ctrl Pts',(-5.27062615054538,3.24,-0.695924287382597));
#11201=CARTESIAN_POINT('Ctrl Pts',(-5.27062615054538,3.252,-0.695924287382597));
#11202=CARTESIAN_POINT('Ctrl Pts',(-5.27099003672605,3.24,-0.493725968125595));
#11203=CARTESIAN_POINT('Ctrl Pts',(-5.27099003672605,3.252,-0.493725968125595));
#11204=CARTESIAN_POINT('Ctrl Pts',(-5.2708535794083,3.24,-0.323624418448431));
#11205=CARTESIAN_POINT('Ctrl Pts',(-5.2708535794083,3.252,-0.323624418448431));
#11206=CARTESIAN_POINT('Ctrl Pts',(-5.2708535794083,3.24,-0.214324009826858));
#11207=CARTESIAN_POINT('Ctrl Pts',(-5.2708535794083,3.252,-0.214324009826858));
#11208=CARTESIAN_POINT('Ctrl Pts',(-5.27631263648026,3.24,-0.869907136377727));
#11209=CARTESIAN_POINT('Ctrl Pts',(-5.27135392290673,3.24,-0.838029691976463));
#11210=CARTESIAN_POINT('Ctrl Pts',(-5.27062615054538,3.24,-0.695924287382597));
#11211=CARTESIAN_POINT('Ctrl Pts',(-5.27099003672605,3.24,-0.493725968125595));
#11212=CARTESIAN_POINT('Ctrl Pts',(-5.2708535794083,3.24,-0.323624418448431));
#11213=CARTESIAN_POINT('Ctrl Pts',(-5.2708535794083,3.24,-0.214324009826858));
#11214=CARTESIAN_POINT('Origin',(-5.03632303070164,3.24,-0.670691172049878));
#11215=CARTESIAN_POINT('Origin',(-4.25646151985495,3.24,-0.315068426700308));
#11216=CARTESIAN_POINT('',(-4.25646151985495,3.25,-0.315068426700308));
#11217=CARTESIAN_POINT('',(-4.25348385236116,3.25,-0.315068426700308));
#11218=CARTESIAN_POINT('',(-4.25646151985495,3.25,-0.315068426700308));
#11219=CARTESIAN_POINT('',(-4.25646151985495,3.24,-0.315068426700308));
#11220=CARTESIAN_POINT('',(-4.25646151985495,3.24,-0.315068426700308));
#11221=CARTESIAN_POINT('',(-4.25348385236116,3.24,-0.315068426700308));
#11222=CARTESIAN_POINT('',(-4.25646151985495,3.24,-0.315068426700308));
#11223=CARTESIAN_POINT('',(-4.25348385236116,3.24,-0.315068426700308));
#11224=CARTESIAN_POINT('Ctrl Pts',(-4.25348385236116,3.24,-0.315068426700308));
#11225=CARTESIAN_POINT('Ctrl Pts',(-4.25348385236116,3.252,-0.315068426700308));
#11226=CARTESIAN_POINT('Ctrl Pts',(-4.24109381500374,3.24,-0.400028682865412));
#11227=CARTESIAN_POINT('Ctrl Pts',(-4.24109381500374,3.252,-0.400028682865412));
#11228=CARTESIAN_POINT('Ctrl Pts',(-4.1911487660695,3.24,-0.497143655352591));
#11229=CARTESIAN_POINT('Ctrl Pts',(-4.1911487660695,3.252,-0.497143655352591));
#11230=CARTESIAN_POINT('Ctrl Pts',(-4.14585818553346,3.24,-0.633006949039455));
#11231=CARTESIAN_POINT('Ctrl Pts',(-4.14585818553346,3.252,-0.633006949039455));
#11232=CARTESIAN_POINT('Ctrl Pts',(-4.12296276054974,3.24,-0.696209865906263));
#11233=CARTESIAN_POINT('Ctrl Pts',(-4.12296276054974,3.252,-0.696209865906263));
#11234=CARTESIAN_POINT('',(-4.12296276054974,3.25,-0.696209865906263));
#11235=CARTESIAN_POINT('Ctrl Pts',(-4.25348385236116,3.25,-0.315068426700308));
#11236=CARTESIAN_POINT('Ctrl Pts',(-4.24109381500374,3.25,-0.400028682865412));
#11237=CARTESIAN_POINT('Ctrl Pts',(-4.1911487660695,3.25,-0.497143655352591));
#11238=CARTESIAN_POINT('Ctrl Pts',(-4.14585818553346,3.25,-0.633006949039455));
#11239=CARTESIAN_POINT('Ctrl Pts',(-4.12296276054974,3.25,-0.696209865906263));
#11240=CARTESIAN_POINT('',(-4.12296276054974,3.24,-0.696209865906263));
#11241=CARTESIAN_POINT('Ctrl Pts',(-4.25348385236116,3.24,-0.315068426700308));
#11242=CARTESIAN_POINT('Ctrl Pts',(-4.24109381500374,3.24,-0.400028682865412));
#11243=CARTESIAN_POINT('Ctrl Pts',(-4.1911487660695,3.24,-0.497143655352591));
#11244=CARTESIAN_POINT('Ctrl Pts',(-4.14585818553346,3.24,-0.633006949039455));
#11245=CARTESIAN_POINT('Ctrl Pts',(-4.12296276054974,3.24,-0.696209865906263));
#11246=CARTESIAN_POINT('',(-4.12296276054974,3.24,-0.696209865906263));
#11247=CARTESIAN_POINT('Origin',(-4.12296276054974,3.24,-0.696209865906263));
#11248=CARTESIAN_POINT('',(-4.38797516749763,3.25,-0.696209865906263));
#11249=CARTESIAN_POINT('',(-4.12296276054974,3.25,-0.696209865906263));
#11250=CARTESIAN_POINT('',(-4.38797516749763,3.24,-0.696209865906263));
#11251=CARTESIAN_POINT('',(-4.12296276054974,3.24,-0.696209865906263));
#11252=CARTESIAN_POINT('',(-4.38797516749763,3.24,-0.696209865906263));
#11253=CARTESIAN_POINT('Origin',(-4.20286350496661,3.24,-0.214324009826858));
#11254=CARTESIAN_POINT('',(-4.20286350496661,3.24,-0.214324009826858));
#11255=CARTESIAN_POINT('',(-4.20286350496661,3.24,-0.214324009826858));
#11256=CARTESIAN_POINT('',(-4.31204464640582,3.24,-0.214324009826858));
#11257=CARTESIAN_POINT('',(-4.20286350496661,3.24,-0.214324009826858));
#11258=CARTESIAN_POINT('',(-4.31204464640582,3.24,-0.214324009826858));
#11259=CARTESIAN_POINT('Origin',(-4.31204464640582,3.24,-0.214324009826858));
#11260=CARTESIAN_POINT('',(-4.6132853411949,3.24,-1.00142078402041));
#11261=CARTESIAN_POINT('',(-4.31204464640582,3.24,-0.214324009826858));
#11262=CARTESIAN_POINT('',(-4.6132853411949,3.24,-1.00142078402041));
#11263=CARTESIAN_POINT('Origin',(-4.6132853411949,3.24,-1.00142078402041));
#11264=CARTESIAN_POINT('',(-4.50013397643063,3.24,-1.00142078402041));
#11265=CARTESIAN_POINT('',(-4.6132853411949,3.24,-1.00142078402041));
#11266=CARTESIAN_POINT('',(-4.50013397643063,3.24,-1.00142078402041));
#11267=CARTESIAN_POINT('Origin',(-4.50013397643063,3.24,-1.00142078402041));
#11268=CARTESIAN_POINT('',(-4.41973695409813,3.24,-0.787028724467057));
#11269=CARTESIAN_POINT('',(-4.50013397643063,3.24,-1.00142078402041));
#11270=CARTESIAN_POINT('',(-4.41973695409813,3.24,-0.787028724467057));
#11271=CARTESIAN_POINT('Origin',(-4.41973695409813,3.24,-0.787028724467057));
#11272=CARTESIAN_POINT('',(-4.09169725186488,3.24,-0.787028724467057));
#11273=CARTESIAN_POINT('',(-4.41973695409813,3.24,-0.787028724467057));
#11274=CARTESIAN_POINT('',(-4.09169725186488,3.24,-0.787028724467057));
#11275=CARTESIAN_POINT('Origin',(-4.09169725186488,3.24,-0.787028724467057));
#11276=CARTESIAN_POINT('',(-4.01576673077307,3.24,-1.00142078402041));
#11277=CARTESIAN_POINT('',(-4.09169725186488,3.24,-0.787028724467057));
#11278=CARTESIAN_POINT('',(-4.01576673077307,3.24,-1.00142078402041));
#11279=CARTESIAN_POINT('Origin',(-4.01576673077307,3.24,-1.00142078402041));
#11280=CARTESIAN_POINT('',(-3.9026153660088,3.24,-1.00142078402041));
#11281=CARTESIAN_POINT('',(-4.01576673077307,3.24,-1.00142078402041));
#11282=CARTESIAN_POINT('',(-3.9026153660088,3.24,-1.00142078402041));
#11283=CARTESIAN_POINT('Origin',(-3.9026153660088,3.24,-1.00142078402041));
#11284=CARTESIAN_POINT('',(-3.9026153660088,3.24,-1.00142078402041));
#11285=CARTESIAN_POINT('Ctrl Pts',(-4.38797516749763,3.24,-0.696209865906263));
#11286=CARTESIAN_POINT('Ctrl Pts',(-4.38797516749763,3.252,-0.696209865906263));
#11287=CARTESIAN_POINT('Ctrl Pts',(-4.36480316671095,3.24,-0.633039722682827));
#11288=CARTESIAN_POINT('Ctrl Pts',(-4.36480316671095,3.252,-0.633039722682827));
#11289=CARTESIAN_POINT('Ctrl Pts',(-4.33111502170535,3.24,-0.541925203272328));
#11290=CARTESIAN_POINT('Ctrl Pts',(-4.33111502170535,3.252,-0.541925203272328));
#11291=CARTESIAN_POINT('Ctrl Pts',(-4.28191807033355,3.24,-0.405876395693046));
#11292=CARTESIAN_POINT('Ctrl Pts',(-4.28191807033355,3.252,-0.405876395693046));
#11293=CARTESIAN_POINT('Ctrl Pts',(-4.26445196914377,3.24,-0.362123294734433));
#11294=CARTESIAN_POINT('Ctrl Pts',(-4.26445196914377,3.252,-0.362123294734433));
#11295=CARTESIAN_POINT('Ctrl Pts',(-4.25646151985495,3.24,-0.315068426700308));
#11296=CARTESIAN_POINT('Ctrl Pts',(-4.25646151985495,3.252,-0.315068426700308));
#11297=CARTESIAN_POINT('Ctrl Pts',(-4.38797516749763,3.25,-0.696209865906263));
#11298=CARTESIAN_POINT('Ctrl Pts',(-4.36480316671095,3.25,-0.633039722682827));
#11299=CARTESIAN_POINT('Ctrl Pts',(-4.33111502170535,3.25,-0.541925203272328));
#11300=CARTESIAN_POINT('Ctrl Pts',(-4.28191807033355,3.25,-0.405876395693046));
#11301=CARTESIAN_POINT('Ctrl Pts',(-4.26445196914377,3.25,-0.362123294734433));
#11302=CARTESIAN_POINT('Ctrl Pts',(-4.25646151985495,3.25,-0.315068426700308));
#11303=CARTESIAN_POINT('Ctrl Pts',(-4.38797516749763,3.24,-0.696209865906263));
#11304=CARTESIAN_POINT('Ctrl Pts',(-4.36480316671095,3.24,-0.633039722682827));
#11305=CARTESIAN_POINT('Ctrl Pts',(-4.33111502170535,3.24,-0.541925203272328));
#11306=CARTESIAN_POINT('Ctrl Pts',(-4.28191807033355,3.24,-0.405876395693046));
#11307=CARTESIAN_POINT('Ctrl Pts',(-4.26445196914377,3.24,-0.362123294734433));
#11308=CARTESIAN_POINT('Ctrl Pts',(-4.25646151985495,3.24,-0.315068426700308));
#11309=CARTESIAN_POINT('Origin',(-4.29453017163328,3.24,-0.214324009826858));
#11310=CARTESIAN_POINT('Origin',(6.40000000000001,3.25,2.9));
#11311=CARTESIAN_POINT('Origin',(-3.3542282692346,3.24,-1.00142078402041));
#11312=CARTESIAN_POINT('',(-3.3542282692346,3.24,-1.00142078402041));
#11313=CARTESIAN_POINT('',(-3.3542282692346,3.24,-1.00142078402041));
#11314=CARTESIAN_POINT('',(-3.3542282692346,3.24,-0.214324009826858));
#11315=CARTESIAN_POINT('',(-3.3542282692346,3.24,-1.00142078402041));
#11316=CARTESIAN_POINT('',(-3.3542282692346,3.24,-0.214324009826858));
#11317=CARTESIAN_POINT('Ctrl Pts',(-3.3542282692346,3.24,-0.214324009826858));
#11318=CARTESIAN_POINT('Ctrl Pts',(-3.3542282692346,3.252,-0.214324009826858));
#11319=CARTESIAN_POINT('Ctrl Pts',(-3.40301001437321,3.24,-0.214324009826858));
#11320=CARTESIAN_POINT('Ctrl Pts',(-3.40301001437321,3.252,-0.214324009826858));
#11321=CARTESIAN_POINT('Ctrl Pts',(-3.49576924120789,3.24,-0.215795094082429));
#11322=CARTESIAN_POINT('Ctrl Pts',(-3.49576924120789,3.252,-0.215795094082429));
#11323=CARTESIAN_POINT('Ctrl Pts',(-3.71972180241753,3.24,-0.206968588549006));
#11324=CARTESIAN_POINT('Ctrl Pts',(-3.71972180241753,3.252,-0.206968588549006));
#11325=CARTESIAN_POINT('Ctrl Pts',(-3.90069475743212,3.24,-0.374234168383042));
#11326=CARTESIAN_POINT('Ctrl Pts',(-3.90069475743212,3.252,-0.374234168383042));
#11327=CARTESIAN_POINT('Ctrl Pts',(-3.77301729297495,3.24,-0.720477684151663));
#11328=CARTESIAN_POINT('Ctrl Pts',(-3.77301729297495,3.252,-0.720477684151663));
#11329=CARTESIAN_POINT('Ctrl Pts',(-3.55302397630934,3.24,-0.708120535881449));
#11330=CARTESIAN_POINT('Ctrl Pts',(-3.55302397630934,3.252,-0.708120535881449));
#11331=CARTESIAN_POINT('Ctrl Pts',(-3.45546896402369,3.24,-0.708120535881449));
#11332=CARTESIAN_POINT('Ctrl Pts',(-3.45546896402369,3.252,-0.708120535881449));
#11333=CARTESIAN_POINT('',(-3.45546896402369,3.24,-0.708120535881449));
#11334=CARTESIAN_POINT('Ctrl Pts',(-3.3542282692346,3.24,-0.214324009826858));
#11335=CARTESIAN_POINT('Ctrl Pts',(-3.40301001437321,3.24,-0.214324009826858));
#11336=CARTESIAN_POINT('Ctrl Pts',(-3.49576924120789,3.24,-0.215795094082429));
#11337=CARTESIAN_POINT('Ctrl Pts',(-3.71972180241753,3.24,-0.206968588549006));
#11338=CARTESIAN_POINT('Ctrl Pts',(-3.90069475743212,3.24,-0.374234168383042));
#11339=CARTESIAN_POINT('Ctrl Pts',(-3.77301729297495,3.24,-0.720477684151663));
#11340=CARTESIAN_POINT('Ctrl Pts',(-3.55302397630934,3.24,-0.708120535881449));
#11341=CARTESIAN_POINT('Ctrl Pts',(-3.45546896402369,3.24,-0.708120535881449));
#11342=CARTESIAN_POINT('',(-3.45546896402369,3.24,-0.708120535881449));
#11343=CARTESIAN_POINT('Origin',(-3.45546896402369,3.24,-0.708120535881449));
#11344=CARTESIAN_POINT('',(-3.45546896402369,3.24,-1.00142078402041));
#11345=CARTESIAN_POINT('',(-3.45546896402369,3.24,-0.708120535881449));
#11346=CARTESIAN_POINT('',(-3.45546896402369,3.24,-1.00142078402041));
#11347=CARTESIAN_POINT('Ctrl Pts',(-3.45546896402369,3.24,-0.617797955236288));
#11348=CARTESIAN_POINT('Ctrl Pts',(-3.45546896402369,3.252,-0.617797955236288));
#11349=CARTESIAN_POINT('Ctrl Pts',(-3.51832878802446,3.24,-0.617797955236288));
#11350=CARTESIAN_POINT('Ctrl Pts',(-3.51832878802446,3.252,-0.617797955236288));
#11351=CARTESIAN_POINT('Ctrl Pts',(-3.66938246239062,3.24,-0.63381798826296));
#11352=CARTESIAN_POINT('Ctrl Pts',(-3.66938246239062,3.252,-0.63381798826296));
#11353=CARTESIAN_POINT('Ctrl Pts',(-3.77318752707625,3.24,-0.465318633995467));
#11354=CARTESIAN_POINT('Ctrl Pts',(-3.77318752707625,3.252,-0.465318633995467));
#11355=CARTESIAN_POINT('Ctrl Pts',(-3.68219268358703,3.24,-0.284820306549188));
#11356=CARTESIAN_POINT('Ctrl Pts',(-3.68219268358703,3.252,-0.284820306549188));
#11357=CARTESIAN_POINT('Ctrl Pts',(-3.51833727113673,3.24,-0.30464659047202));
#11358=CARTESIAN_POINT('Ctrl Pts',(-3.51833727113673,3.252,-0.30464659047202));
#11359=CARTESIAN_POINT('Ctrl Pts',(-3.45546896402369,3.24,-0.30464659047202));
#11360=CARTESIAN_POINT('Ctrl Pts',(-3.45546896402369,3.252,-0.30464659047202));
#11361=CARTESIAN_POINT('',(-3.45546896402369,3.25,-0.617797955236288));
#11362=CARTESIAN_POINT('',(-3.45546896402369,3.25,-0.30464659047202));
#11363=CARTESIAN_POINT('Ctrl Pts',(-3.45546896402369,3.25,-0.617797955236288));
#11364=CARTESIAN_POINT('Ctrl Pts',(-3.51832878802446,3.25,-0.617797955236288));
#11365=CARTESIAN_POINT('Ctrl Pts',(-3.66938246239062,3.25,-0.63381798826296));
#11366=CARTESIAN_POINT('Ctrl Pts',(-3.77318752707625,3.25,-0.465318633995467));
#11367=CARTESIAN_POINT('Ctrl Pts',(-3.68219268358703,3.25,-0.284820306549188));
#11368=CARTESIAN_POINT('Ctrl Pts',(-3.51833727113673,3.25,-0.30464659047202));
#11369=CARTESIAN_POINT('Ctrl Pts',(-3.45546896402369,3.25,-0.30464659047202));
#11370=CARTESIAN_POINT('',(-3.45546896402369,3.24,-0.617797955236288));
#11371=CARTESIAN_POINT('',(-3.45546896402369,3.24,-0.617797955236288));
#11372=CARTESIAN_POINT('',(-3.45546896402369,3.24,-0.30464659047202));
#11373=CARTESIAN_POINT('Ctrl Pts',(-3.45546896402369,3.24,-0.617797955236288));
#11374=CARTESIAN_POINT('Ctrl Pts',(-3.51832878802446,3.24,-0.617797955236288));
#11375=CARTESIAN_POINT('Ctrl Pts',(-3.66938246239062,3.24,-0.63381798826296));
#11376=CARTESIAN_POINT('Ctrl Pts',(-3.77318752707625,3.24,-0.465318633995467));
#11377=CARTESIAN_POINT('Ctrl Pts',(-3.68219268358703,3.24,-0.284820306549188));
#11378=CARTESIAN_POINT('Ctrl Pts',(-3.51833727113673,3.24,-0.30464659047202));
#11379=CARTESIAN_POINT('Ctrl Pts',(-3.45546896402369,3.24,-0.30464659047202));
#11380=CARTESIAN_POINT('',(-3.45546896402369,3.24,-0.30464659047202));
#11381=CARTESIAN_POINT('Origin',(-3.45546896402369,3.24,-0.30464659047202));
#11382=CARTESIAN_POINT('',(-3.45546896402369,3.25,-0.30464659047202));
#11383=CARTESIAN_POINT('',(-3.45546896402369,3.24,-0.30464659047202));
#11384=CARTESIAN_POINT('Origin',(-3.45546896402369,3.24,-1.00142078402041));
#11385=CARTESIAN_POINT('',(-3.45546896402369,3.24,-1.00142078402041));
#11386=CARTESIAN_POINT('Origin',(-3.84322058901967,3.24,-0.398488305044338));
#11387=CARTESIAN_POINT('Origin',(6.40000000000001,3.25,2.9));
#11388=CARTESIAN_POINT('Origin',(-2.88425308313039,3.24,-0.315068426700308));
#11389=CARTESIAN_POINT('',(-2.88425308313039,3.25,-0.315068426700308));
#11390=CARTESIAN_POINT('',(-2.88127541563659,3.25,-0.315068426700308));
#11391=CARTESIAN_POINT('',(-2.88425308313039,3.25,-0.315068426700308));
#11392=CARTESIAN_POINT('',(-2.88425308313039,3.24,-0.315068426700308));
#11393=CARTESIAN_POINT('',(-2.88425308313039,3.24,-0.315068426700308));
#11394=CARTESIAN_POINT('',(-2.88127541563659,3.24,-0.315068426700308));
#11395=CARTESIAN_POINT('',(-2.88425308313039,3.24,-0.315068426700308));
#11396=CARTESIAN_POINT('',(-2.88127541563659,3.24,-0.315068426700308));
#11397=CARTESIAN_POINT('Ctrl Pts',(-2.88127541563659,3.24,-0.315068426700308));
#11398=CARTESIAN_POINT('Ctrl Pts',(-2.88127541563659,3.252,-0.315068426700308));
#11399=CARTESIAN_POINT('Ctrl Pts',(-2.86888537827918,3.24,-0.400028682865412));
#11400=CARTESIAN_POINT('Ctrl Pts',(-2.86888537827918,3.252,-0.400028682865412));
#11401=CARTESIAN_POINT('Ctrl Pts',(-2.81894032934493,3.24,-0.49714365535259));
#11402=CARTESIAN_POINT('Ctrl Pts',(-2.81894032934493,3.252,-0.49714365535259));
#11403=CARTESIAN_POINT('Ctrl Pts',(-2.77364974880889,3.24,-0.633006949039455));
#11404=CARTESIAN_POINT('Ctrl Pts',(-2.77364974880889,3.252,-0.633006949039455));
#11405=CARTESIAN_POINT('Ctrl Pts',(-2.75075432382518,3.24,-0.696209865906263));
#11406=CARTESIAN_POINT('Ctrl Pts',(-2.75075432382518,3.252,-0.696209865906263));
#11407=CARTESIAN_POINT('',(-2.75075432382518,3.25,-0.696209865906263));
#11408=CARTESIAN_POINT('Ctrl Pts',(-2.88127541563659,3.25,-0.315068426700308));
#11409=CARTESIAN_POINT('Ctrl Pts',(-2.86888537827918,3.25,-0.400028682865412));
#11410=CARTESIAN_POINT('Ctrl Pts',(-2.81894032934493,3.25,-0.49714365535259));
#11411=CARTESIAN_POINT('Ctrl Pts',(-2.77364974880889,3.25,-0.633006949039455));
#11412=CARTESIAN_POINT('Ctrl Pts',(-2.75075432382518,3.25,-0.696209865906263));
#11413=CARTESIAN_POINT('',(-2.75075432382518,3.24,-0.696209865906263));
#11414=CARTESIAN_POINT('Ctrl Pts',(-2.88127541563659,3.24,-0.315068426700308));
#11415=CARTESIAN_POINT('Ctrl Pts',(-2.86888537827918,3.24,-0.400028682865412));
#11416=CARTESIAN_POINT('Ctrl Pts',(-2.81894032934493,3.24,-0.49714365535259));
#11417=CARTESIAN_POINT('Ctrl Pts',(-2.77364974880889,3.24,-0.633006949039455));
#11418=CARTESIAN_POINT('Ctrl Pts',(-2.75075432382518,3.24,-0.696209865906263));
#11419=CARTESIAN_POINT('',(-2.75075432382518,3.24,-0.696209865906263));
#11420=CARTESIAN_POINT('Origin',(-2.75075432382518,3.24,-0.696209865906263));
#11421=CARTESIAN_POINT('',(-3.01576673077307,3.25,-0.696209865906263));
#11422=CARTESIAN_POINT('',(-2.75075432382518,3.25,-0.696209865906263));
#11423=CARTESIAN_POINT('',(-3.01576673077307,3.24,-0.696209865906263));
#11424=CARTESIAN_POINT('',(-2.75075432382518,3.24,-0.696209865906263));
#11425=CARTESIAN_POINT('',(-3.01576673077307,3.24,-0.696209865906263));
#11426=CARTESIAN_POINT('Origin',(-2.83065506824205,3.24,-0.214324009826858));
#11427=CARTESIAN_POINT('',(-2.83065506824205,3.24,-0.214324009826858));
#11428=CARTESIAN_POINT('',(-2.83065506824205,3.24,-0.214324009826858));
#11429=CARTESIAN_POINT('',(-2.93983620968126,3.24,-0.214324009826858));
#11430=CARTESIAN_POINT('',(-2.83065506824205,3.24,-0.214324009826858));
#11431=CARTESIAN_POINT('',(-2.93983620968126,3.24,-0.214324009826858));
#11432=CARTESIAN_POINT('Origin',(-2.93983620968126,3.24,-0.214324009826858));
#11433=CARTESIAN_POINT('',(-3.24107690447034,3.24,-1.00142078402041));
#11434=CARTESIAN_POINT('',(-2.93983620968126,3.24,-0.214324009826858));
#11435=CARTESIAN_POINT('',(-3.24107690447034,3.24,-1.00142078402041));
#11436=CARTESIAN_POINT('Origin',(-3.24107690447034,3.24,-1.00142078402041));
#11437=CARTESIAN_POINT('',(-3.12792553970607,3.24,-1.00142078402041));
#11438=CARTESIAN_POINT('',(-3.24107690447034,3.24,-1.00142078402041));
#11439=CARTESIAN_POINT('',(-3.12792553970607,3.24,-1.00142078402041));
#11440=CARTESIAN_POINT('Origin',(-3.12792553970607,3.24,-1.00142078402041));
#11441=CARTESIAN_POINT('',(-3.04752851737356,3.24,-0.787028724467057));
#11442=CARTESIAN_POINT('',(-3.12792553970607,3.24,-1.00142078402041));
#11443=CARTESIAN_POINT('',(-3.04752851737356,3.24,-0.787028724467057));
#11444=CARTESIAN_POINT('Origin',(-3.04752851737356,3.24,-0.787028724467057));
#11445=CARTESIAN_POINT('',(-2.71948881514031,3.24,-0.787028724467057));
#11446=CARTESIAN_POINT('',(-3.04752851737356,3.24,-0.787028724467057));
#11447=CARTESIAN_POINT('',(-2.71948881514031,3.24,-0.787028724467057));
#11448=CARTESIAN_POINT('Origin',(-2.71948881514031,3.24,-0.787028724467057));
#11449=CARTESIAN_POINT('',(-2.6435582940485,3.24,-1.00142078402041));
#11450=CARTESIAN_POINT('',(-2.71948881514031,3.24,-0.787028724467057));
#11451=CARTESIAN_POINT('',(-2.6435582940485,3.24,-1.00142078402041));
#11452=CARTESIAN_POINT('Origin',(-2.6435582940485,3.24,-1.00142078402041));
#11453=CARTESIAN_POINT('',(-2.53040692928423,3.24,-1.00142078402041));
#11454=CARTESIAN_POINT('',(-2.6435582940485,3.24,-1.00142078402041));
#11455=CARTESIAN_POINT('',(-2.53040692928423,3.24,-1.00142078402041));
#11456=CARTESIAN_POINT('Origin',(-2.53040692928423,3.24,-1.00142078402041));
#11457=CARTESIAN_POINT('',(-2.53040692928423,3.24,-1.00142078402041));
#11458=CARTESIAN_POINT('Ctrl Pts',(-3.01576673077307,3.24,-0.696209865906263));
#11459=CARTESIAN_POINT('Ctrl Pts',(-3.01576673077307,3.252,-0.696209865906263));
#11460=CARTESIAN_POINT('Ctrl Pts',(-2.99259472998639,3.24,-0.633039722682827));
#11461=CARTESIAN_POINT('Ctrl Pts',(-2.99259472998639,3.252,-0.633039722682827));
#11462=CARTESIAN_POINT('Ctrl Pts',(-2.95890658498079,3.24,-0.541925203272328));
#11463=CARTESIAN_POINT('Ctrl Pts',(-2.95890658498079,3.252,-0.541925203272328));
#11464=CARTESIAN_POINT('Ctrl Pts',(-2.90970963360898,3.24,-0.405876395693046));
#11465=CARTESIAN_POINT('Ctrl Pts',(-2.90970963360898,3.252,-0.405876395693046));
#11466=CARTESIAN_POINT('Ctrl Pts',(-2.8922435324192,3.24,-0.362123294734433));
#11467=CARTESIAN_POINT('Ctrl Pts',(-2.8922435324192,3.252,-0.362123294734433));
#11468=CARTESIAN_POINT('Ctrl Pts',(-2.88425308313039,3.24,-0.315068426700308));
#11469=CARTESIAN_POINT('Ctrl Pts',(-2.88425308313039,3.252,-0.315068426700308));
#11470=CARTESIAN_POINT('Ctrl Pts',(-3.01576673077307,3.25,-0.696209865906263));
#11471=CARTESIAN_POINT('Ctrl Pts',(-2.99259472998639,3.25,-0.633039722682827));
#11472=CARTESIAN_POINT('Ctrl Pts',(-2.95890658498079,3.25,-0.541925203272328));
#11473=CARTESIAN_POINT('Ctrl Pts',(-2.90970963360898,3.25,-0.405876395693046));
#11474=CARTESIAN_POINT('Ctrl Pts',(-2.8922435324192,3.25,-0.362123294734433));
#11475=CARTESIAN_POINT('Ctrl Pts',(-2.88425308313039,3.25,-0.315068426700308));
#11476=CARTESIAN_POINT('Ctrl Pts',(-3.01576673077307,3.24,-0.696209865906263));
#11477=CARTESIAN_POINT('Ctrl Pts',(-2.99259472998639,3.24,-0.633039722682827));
#11478=CARTESIAN_POINT('Ctrl Pts',(-2.95890658498079,3.24,-0.541925203272328));
#11479=CARTESIAN_POINT('Ctrl Pts',(-2.90970963360898,3.24,-0.405876395693046));
#11480=CARTESIAN_POINT('Ctrl Pts',(-2.8922435324192,3.24,-0.362123294734433));
#11481=CARTESIAN_POINT('Ctrl Pts',(-2.88425308313039,3.24,-0.315068426700308));
#11482=CARTESIAN_POINT('Origin',(-2.92232173490872,3.24,-0.214324009826858));
#11483=CARTESIAN_POINT('Origin',(6.40000000000001,3.25,2.9));
#11484=CARTESIAN_POINT('Origin',(-2.32147392680284,3.24,-0.214324009826858));
#11485=CARTESIAN_POINT('',(-2.32147392680284,3.24,-0.214324009826858));
#11486=CARTESIAN_POINT('',(-2.32147392680284,3.24,-0.214324009826858));
#11487=CARTESIAN_POINT('',(-2.42271462159193,3.24,-0.214324009826858));
#11488=CARTESIAN_POINT('',(-2.32147392680284,3.24,-0.214324009826858));
#11489=CARTESIAN_POINT('',(-2.42271462159193,3.24,-0.214324009826858));
#11490=CARTESIAN_POINT('Origin',(-2.42271462159193,3.24,-0.214324009826858));
#11491=CARTESIAN_POINT('',(-2.42271462159193,3.24,-0.71556470461594));
#11492=CARTESIAN_POINT('',(-2.42271462159193,3.24,-0.214324009826858));
#11493=CARTESIAN_POINT('',(-2.42271462159193,3.24,-0.71556470461594));
#11494=CARTESIAN_POINT('Ctrl Pts',(-2.42271462159193,3.24,-0.71556470461594));
#11495=CARTESIAN_POINT('Ctrl Pts',(-2.42271462159193,3.252,-0.71556470461594));
#11496=CARTESIAN_POINT('Ctrl Pts',(-2.42271462159193,3.24,-0.818571321157083));
#11497=CARTESIAN_POINT('Ctrl Pts',(-2.42271462159193,3.252,-0.818571321157083));
#11498=CARTESIAN_POINT('Ctrl Pts',(-2.39797491537049,3.24,-0.979672089369824));
#11499=CARTESIAN_POINT('Ctrl Pts',(-2.39797491537049,3.252,-0.979672089369824));
#11500=CARTESIAN_POINT('Ctrl Pts',(-2.17865742733566,3.24,-1.02809300802961));
#11501=CARTESIAN_POINT('Ctrl Pts',(-2.17865742733566,3.252,-1.02809300802961));
#11502=CARTESIAN_POINT('Ctrl Pts',(-2.11750370347778,3.24,-1.00042822818914));
#11503=CARTESIAN_POINT('Ctrl Pts',(-2.11750370347778,3.252,-1.00042822818914));
#11504=CARTESIAN_POINT('',(-2.11750370347778,3.24,-1.00042822818914));
#11505=CARTESIAN_POINT('Ctrl Pts',(-2.42271462159193,3.24,-0.71556470461594));
#11506=CARTESIAN_POINT('Ctrl Pts',(-2.42271462159193,3.24,-0.818571321157083));
#11507=CARTESIAN_POINT('Ctrl Pts',(-2.39797491537049,3.24,-0.979672089369824));
#11508=CARTESIAN_POINT('Ctrl Pts',(-2.17865742733566,3.24,-1.02809300802961));
#11509=CARTESIAN_POINT('Ctrl Pts',(-2.11750370347778,3.24,-1.00042822818914));
#11510=CARTESIAN_POINT('',(-2.11750370347778,3.24,-1.00042822818914));
#11511=CARTESIAN_POINT('Origin',(-2.11750370347778,3.24,-1.00042822818914));
#11512=CARTESIAN_POINT('',(-2.11750370347778,3.24,-0.901668922978223));
#11513=CARTESIAN_POINT('',(-2.11750370347778,3.24,-1.00042822818914));
#11514=CARTESIAN_POINT('',(-2.11750370347778,3.24,-0.901668922978223));
#11515=CARTESIAN_POINT('Ctrl Pts',(-2.11750370347778,3.24,-0.901668922978223));
#11516=CARTESIAN_POINT('Ctrl Pts',(-2.11750370347778,3.252,-0.901668922978223));
#11517=CARTESIAN_POINT('Ctrl Pts',(-2.1626859219118,3.24,-0.933941936145377));
#11518=CARTESIAN_POINT('Ctrl Pts',(-2.1626859219118,3.252,-0.933941936145377));
#11519=CARTESIAN_POINT('Ctrl Pts',(-2.28183433653764,3.24,-0.934661277447201));
#11520=CARTESIAN_POINT('Ctrl Pts',(-2.28183433653764,3.252,-0.934661277447201));
#11521=CARTESIAN_POINT('Ctrl Pts',(-2.32064426926587,3.24,-0.797324112569162));
#11522=CARTESIAN_POINT('Ctrl Pts',(-2.32064426926587,3.252,-0.797324112569162));
#11523=CARTESIAN_POINT('Ctrl Pts',(-2.32162433255516,3.24,-0.692183877364358));
#11524=CARTESIAN_POINT('Ctrl Pts',(-2.32162433255516,3.252,-0.692183877364358));
#11525=CARTESIAN_POINT('Ctrl Pts',(-2.32128955846129,3.24,-0.59631881668717));
#11526=CARTESIAN_POINT('Ctrl Pts',(-2.32128955846129,3.252,-0.59631881668717));
#11527=CARTESIAN_POINT('Ctrl Pts',(-2.32155155557823,3.24,-0.426336726987312));
#11528=CARTESIAN_POINT('Ctrl Pts',(-2.32155155557823,3.252,-0.426336726987312));
#11529=CARTESIAN_POINT('Ctrl Pts',(-2.32147392680284,3.24,-0.28588158640192));
#11530=CARTESIAN_POINT('Ctrl Pts',(-2.32147392680284,3.252,-0.28588158640192));
#11531=CARTESIAN_POINT('Ctrl Pts',(-2.32147392680284,3.24,-0.214324009826858));
#11532=CARTESIAN_POINT('Ctrl Pts',(-2.32147392680284,3.252,-0.214324009826858));
#11533=CARTESIAN_POINT('Ctrl Pts',(-2.11750370347778,3.24,-0.901668922978223));
#11534=CARTESIAN_POINT('Ctrl Pts',(-2.1626859219118,3.24,-0.933941936145377));
#11535=CARTESIAN_POINT('Ctrl Pts',(-2.28183433653764,3.24,-0.934661277447201));
#11536=CARTESIAN_POINT('Ctrl Pts',(-2.32064426926587,3.24,-0.797324112569162));
#11537=CARTESIAN_POINT('Ctrl Pts',(-2.32162433255516,3.24,-0.692183877364358));
#11538=CARTESIAN_POINT('Ctrl Pts',(-2.32128955846129,3.24,-0.59631881668717));
#11539=CARTESIAN_POINT('Ctrl Pts',(-2.32155155557823,3.24,-0.426336726987312));
#11540=CARTESIAN_POINT('Ctrl Pts',(-2.32147392680284,3.24,-0.28588158640192));
#11541=CARTESIAN_POINT('Ctrl Pts',(-2.32147392680284,3.24,-0.214324009826858));
#11542=CARTESIAN_POINT('Origin',(-2.34933046991714,3.24,-0.951502126981585));
#11543=CARTESIAN_POINT('Origin',(-4.64492593699299,1.21881572761032,-2.8899999999482));
#11544=CARTESIAN_POINT('',(-4.64492593699299,1.21881572761032,-2.8899999999482));
#11545=CARTESIAN_POINT('',(-4.64492593699299,1.21881572761032,-2.8899999999482));
#11546=CARTESIAN_POINT('',(-5.73729933540666,1.21881572761032,-2.8899999999482));
#11547=CARTESIAN_POINT('',(-4.64492593699299,1.21881572761032,-2.8899999999482));
#11548=CARTESIAN_POINT('',(-5.73729933540666,1.21881572761032,-2.8899999999482));
#11549=CARTESIAN_POINT('Origin',(-5.73729933540666,1.21881572761032,-2.8899999999482));
#11550=CARTESIAN_POINT('',(-5.73729933540666,1.0411464170551,-2.8899999999482));
#11551=CARTESIAN_POINT('',(-5.73729933540666,1.21881572761032,-2.8899999999482));
#11552=CARTESIAN_POINT('',(-5.73729933540666,1.0411464170551,-2.8899999999482));
#11553=CARTESIAN_POINT('Origin',(-5.73729933540666,1.0411464170551,-2.8899999999482));
#11554=CARTESIAN_POINT('',(-5.28922123900642,1.0411464170551,-2.8899999999482));
#11555=CARTESIAN_POINT('',(-5.73729933540666,1.0411464170551,-2.8899999999482));
#11556=CARTESIAN_POINT('',(-5.28922123900642,1.0411464170551,-2.8899999999482));
#11557=CARTESIAN_POINT('Origin',(-5.28922123900642,1.0411464170551,-2.8899999999482));
#11558=CARTESIAN_POINT('',(-5.28922123900642,-0.329445407227996,-2.8899999999482));
#11559=CARTESIAN_POINT('',(-5.28922123900642,1.0411464170551,-2.8899999999482));
#11560=CARTESIAN_POINT('',(-5.28922123900642,-0.329445407227996,-2.8899999999482));
#11561=CARTESIAN_POINT('Origin',(-5.28922123900642,-0.329445407227996,-2.8899999999482));
#11562=CARTESIAN_POINT('',(-5.09007541838408,-0.329445407227996,-2.8899999999482));
#11563=CARTESIAN_POINT('',(-5.28922123900642,-0.329445407227996,-2.8899999999482));
#11564=CARTESIAN_POINT('',(-5.09007541838408,-0.329445407227996,-2.8899999999482));
#11565=CARTESIAN_POINT('Origin',(-5.09007541838408,-0.329445407227996,-2.8899999999482));
#11566=CARTESIAN_POINT('',(-5.09007541838408,1.0411464170551,-2.8899999999482));
#11567=CARTESIAN_POINT('',(-5.09007541838408,-0.329445407227996,-2.8899999999482));
#11568=CARTESIAN_POINT('',(-5.09007541838408,1.0411464170551,-2.8899999999482));
#11569=CARTESIAN_POINT('Origin',(-5.09007541838408,1.0411464170551,-2.8899999999482));
#11570=CARTESIAN_POINT('',(-4.64492593699299,1.0411464170551,-2.8899999999482));
#11571=CARTESIAN_POINT('',(-5.09007541838408,1.0411464170551,-2.8899999999482));
#11572=CARTESIAN_POINT('',(-4.64492593699299,1.0411464170551,-2.8899999999482));
#11573=CARTESIAN_POINT('Origin',(-4.64492593699299,1.0411464170551,-2.8899999999482));
#11574=CARTESIAN_POINT('',(-4.64492593699299,1.0411464170551,-2.8899999999482));
#11575=CARTESIAN_POINT('Origin',(-5.73729933540666,1.21881572761032,-2.8899999999482));
#11576=CARTESIAN_POINT('Origin',(-3.86884295956773,0.360731529928807,-2.8899999999482));
#11577=CARTESIAN_POINT('',(-3.86884295956773,0.360731529928807,-2.8899999999482));
#11578=CARTESIAN_POINT('',(-3.86884295956773,0.360731529928807,-2.8899999999482));
#11579=CARTESIAN_POINT('',(-4.45847078141032,0.360731529928807,-2.8899999999482));
#11580=CARTESIAN_POINT('',(-3.86884295956773,0.360731529928807,-2.8899999999482));
#11581=CARTESIAN_POINT('',(-4.45847078141032,0.360731529928807,-2.8899999999482));
#11582=CARTESIAN_POINT('Origin',(-4.45847078141032,0.360731529928807,-2.8899999999482));
#11583=CARTESIAN_POINT('',(-4.45847078141032,0.208443549452907,-2.8899999999482));
#11584=CARTESIAN_POINT('',(-4.45847078141032,0.360731529928807,-2.8899999999482));
#11585=CARTESIAN_POINT('',(-4.45847078141032,0.208443549452907,-2.8899999999482));
#11586=CARTESIAN_POINT('Origin',(-4.45847078141032,0.208443549452907,-2.8899999999482));
#11587=CARTESIAN_POINT('',(-3.86884295956773,0.208443549452907,-2.8899999999482));
#11588=CARTESIAN_POINT('',(-4.45847078141032,0.208443549452907,-2.8899999999482));
#11589=CARTESIAN_POINT('',(-3.86884295956773,0.208443549452907,-2.8899999999482));
#11590=CARTESIAN_POINT('Origin',(-3.86884295956773,0.208443549452907,-2.8899999999482));
#11591=CARTESIAN_POINT('',(-3.86884295956773,0.208443549452907,-2.8899999999482));
#11592=CARTESIAN_POINT('Origin',(-4.45847078141032,0.360731529928807,-2.8899999999482));
#11593=CARTESIAN_POINT('Origin',(-2.8233274013005,1.21881572761032,-2.8899999999482));
#11594=CARTESIAN_POINT('',(-2.8233274013005,1.21881572761032,-2.8899999999482));
#11595=CARTESIAN_POINT('',(-2.8233274013005,1.21881572761032,-2.8899999999482));
#11596=CARTESIAN_POINT('',(-3.62283929879897,1.21881572761032,-2.8899999999482));
#11597=CARTESIAN_POINT('',(-2.8233274013005,1.21881572761032,-2.8899999999482));
#11598=CARTESIAN_POINT('',(-3.62283929879897,1.21881572761032,-2.8899999999482));
#11599=CARTESIAN_POINT('Origin',(-3.62283929879897,1.21881572761032,-2.8899999999482));
#11600=CARTESIAN_POINT('',(-3.62283929879897,1.0411464170551,-2.8899999999482));
#11601=CARTESIAN_POINT('',(-3.62283929879897,1.21881572761032,-2.8899999999482));
#11602=CARTESIAN_POINT('',(-3.62283929879897,1.0411464170551,-2.8899999999482));
#11603=CARTESIAN_POINT('Origin',(-3.62283929879897,1.0411464170551,-2.8899999999482));
#11604=CARTESIAN_POINT('',(-3.02247322192283,1.0411464170551,-2.8899999999482));
#11605=CARTESIAN_POINT('',(-3.62283929879897,1.0411464170551,-2.8899999999482));
#11606=CARTESIAN_POINT('',(-3.02247322192283,1.0411464170551,-2.8899999999482));
#11607=CARTESIAN_POINT('Origin',(-3.02247322192283,1.0411464170551,-2.8899999999482));
#11608=CARTESIAN_POINT('',(-3.02247322192283,0.523757765438264,-2.8899999999482));
#11609=CARTESIAN_POINT('',(-3.02247322192283,1.0411464170551,-2.8899999999482));
#11610=CARTESIAN_POINT('',(-3.02247322192283,0.523757765438264,-2.8899999999482));
#11611=CARTESIAN_POINT('Origin',(-3.02247322192283,0.523757765438264,-2.8899999999482));
#11612=CARTESIAN_POINT('',(-3.57891007366169,0.523757765438264,-2.8899999999482));
#11613=CARTESIAN_POINT('',(-3.02247322192283,0.523757765438264,-2.8899999999482));
#11614=CARTESIAN_POINT('',(-3.57891007366169,0.523757765438264,-2.8899999999482));
#11615=CARTESIAN_POINT('Origin',(-3.57891007366169,0.523757765438264,-2.8899999999482));
#11616=CARTESIAN_POINT('',(-3.57891007366169,0.345112249879997,-2.8899999999482));
#11617=CARTESIAN_POINT('',(-3.57891007366169,0.523757765438264,-2.8899999999482));
#11618=CARTESIAN_POINT('',(-3.57891007366169,0.345112249879997,-2.8899999999482));
#11619=CARTESIAN_POINT('Origin',(-3.57891007366169,0.345112249879997,-2.8899999999482));
#11620=CARTESIAN_POINT('',(-3.02247322192283,0.345112249879997,-2.8899999999482));
#11621=CARTESIAN_POINT('',(-3.57891007366169,0.345112249879997,-2.8899999999482));
#11622=CARTESIAN_POINT('',(-3.02247322192283,0.345112249879997,-2.8899999999482));
#11623=CARTESIAN_POINT('Origin',(-3.02247322192283,0.345112249879997,-2.8899999999482));
#11624=CARTESIAN_POINT('',(-3.02247322192283,-0.329445407227996,-2.8899999999482));
#11625=CARTESIAN_POINT('',(-3.02247322192283,0.345112249879997,-2.8899999999482));
#11626=CARTESIAN_POINT('',(-3.02247322192283,-0.329445407227996,-2.8899999999482));
#11627=CARTESIAN_POINT('Origin',(-3.02247322192283,-0.329445407227996,-2.8899999999482));
#11628=CARTESIAN_POINT('',(-2.8233274013005,-0.329445407227996,-2.8899999999482));
#11629=CARTESIAN_POINT('',(-3.02247322192283,-0.329445407227996,-2.8899999999482));
#11630=CARTESIAN_POINT('',(-2.8233274013005,-0.329445407227996,-2.8899999999482));
#11631=CARTESIAN_POINT('Origin',(-2.8233274013005,-0.329445407227996,-2.8899999999482));
#11632=CARTESIAN_POINT('',(-2.8233274013005,-0.329445407227996,-2.8899999999482));
#11633=CARTESIAN_POINT('Origin',(-3.62283929879897,1.21881572761032,-2.8899999999482));
#11634=CARTESIAN_POINT('Origin',(-2.18879414931758,1.25591151772624,-2.8899999999482));
#11635=CARTESIAN_POINT('',(-2.18879414931758,1.25591151772624,-2.8899999999482));
#11636=CARTESIAN_POINT('',(-2.18879414931758,1.25591151772624,-2.8899999999482));
#11637=CARTESIAN_POINT('',(-2.18879414931758,-0.329445407227996,-2.8899999999482));
#11638=CARTESIAN_POINT('',(-2.18879414931758,1.25591151772624,-2.8899999999482));
#11639=CARTESIAN_POINT('',(-2.18879414931758,-0.329445407227996,-2.8899999999482));
#11640=CARTESIAN_POINT('Origin',(-2.18879414931758,-0.329445407227996,-2.8899999999482));
#11641=CARTESIAN_POINT('',(-1.9925769437044,-0.329445407227996,-2.8899999999482));
#11642=CARTESIAN_POINT('',(-2.18879414931758,-0.329445407227996,-2.8899999999482));
#11643=CARTESIAN_POINT('',(-1.9925769437044,-0.329445407227996,-2.8899999999482));
#11644=CARTESIAN_POINT('Origin',(-1.9925769437044,-0.329445407227996,-2.8899999999482));
#11645=CARTESIAN_POINT('',(-1.9925769437044,0.999169601923926,-2.8899999999482));
#11646=CARTESIAN_POINT('',(-1.9925769437044,-0.329445407227996,-2.8899999999482));
#11647=CARTESIAN_POINT('',(-1.9925769437044,0.999169601923926,-2.8899999999482));
#11648=CARTESIAN_POINT('Ctrl Pts',(-1.9925769437044,0.999169601923926,-2.8899999999482));
#11649=CARTESIAN_POINT('Ctrl Pts',(-1.9925769437044,0.999169601923926,-2.9019999999482));
#11650=CARTESIAN_POINT('Ctrl Pts',(-1.93009982350916,0.936692481728686,
-2.8899999999482));
#11651=CARTESIAN_POINT('Ctrl Pts',(-1.93009982350916,0.936692481728686,
-2.9019999999482));
#11652=CARTESIAN_POINT('Ctrl Pts',(-1.7573115379692,0.846881621448027,-2.8899999999482));
#11653=CARTESIAN_POINT('Ctrl Pts',(-1.7573115379692,0.846881621448027,-2.9019999999482));
#11654=CARTESIAN_POINT('Ctrl Pts',(-1.63235729757871,0.815643061350406,
-2.8899999999482));
#11655=CARTESIAN_POINT('Ctrl Pts',(-1.63235729757871,0.815643061350406,
-2.9019999999482));
#11656=CARTESIAN_POINT('',(-1.63235729757871,0.815643061350406,-2.8899999999482));
#11657=CARTESIAN_POINT('Ctrl Pts',(-1.9925769437044,0.999169601923926,-2.8899999999482));
#11658=CARTESIAN_POINT('Ctrl Pts',(-1.93009982350916,0.936692481728686,
-2.8899999999482));
#11659=CARTESIAN_POINT('Ctrl Pts',(-1.7573115379692,0.846881621448027,-2.8899999999482));
#11660=CARTESIAN_POINT('Ctrl Pts',(-1.63235729757871,0.815643061350406,
-2.8899999999482));
#11661=CARTESIAN_POINT('',(-1.63235729757871,0.815643061350406,-2.8899999999482));
#11662=CARTESIAN_POINT('Origin',(-1.63235729757871,0.815643061350406,-2.8899999999482));
#11663=CARTESIAN_POINT('',(-1.63235729757871,1.00697924194833,-2.8899999999482));
#11664=CARTESIAN_POINT('',(-1.63235729757871,0.815643061350406,-2.8899999999482));
#11665=CARTESIAN_POINT('',(-1.63235729757871,1.00697924194833,-2.8899999999482));
#11666=CARTESIAN_POINT('Ctrl Pts',(-1.63235729757871,1.00697924194833,-2.8899999999482));
#11667=CARTESIAN_POINT('Ctrl Pts',(-1.63235729757871,1.00697924194833,-2.9019999999482));
#11668=CARTESIAN_POINT('Ctrl Pts',(-1.79831214809732,1.05188467208866,-2.8899999999482));
#11669=CARTESIAN_POINT('Ctrl Pts',(-1.79831214809732,1.05188467208866,-2.9019999999482));
#11670=CARTESIAN_POINT('Ctrl Pts',(-2.01307724876846,1.16610065744559,-2.8899999999482));
#11671=CARTESIAN_POINT('Ctrl Pts',(-2.01307724876846,1.16610065744559,-2.9019999999482));
#11672=CARTESIAN_POINT('Ctrl Pts',(-2.11460256908573,1.25591151772624,-2.8899999999482));
#11673=CARTESIAN_POINT('Ctrl Pts',(-2.11460256908573,1.25591151772624,-2.9019999999482));
#11674=CARTESIAN_POINT('',(-2.11460256908573,1.25591151772624,-2.8899999999482));
#11675=CARTESIAN_POINT('Ctrl Pts',(-1.63235729757871,1.00697924194833,-2.8899999999482));
#11676=CARTESIAN_POINT('Ctrl Pts',(-1.79831214809732,1.05188467208866,-2.8899999999482));
#11677=CARTESIAN_POINT('Ctrl Pts',(-2.01307724876846,1.16610065744559,-2.8899999999482));
#11678=CARTESIAN_POINT('Ctrl Pts',(-2.11460256908573,1.25591151772624,-2.8899999999482));
#11679=CARTESIAN_POINT('',(-2.11460256908573,1.25591151772624,-2.8899999999482));
#11680=CARTESIAN_POINT('Origin',(-2.11460256908573,1.25591151772624,-2.8899999999482));
#11681=CARTESIAN_POINT('',(-2.11460256908573,1.25591151772624,-2.8899999999482));
#11682=CARTESIAN_POINT('Origin',(-1.8363841432163,0.895691871600559,-2.8899999999482));
#11683=CARTESIAN_POINT('Ctrl Pts',(-0.506792929061326,0.424184855127099,
-2.8899999999482));
#11684=CARTESIAN_POINT('Ctrl Pts',(-0.506792929061326,0.424184855127099,
-2.9019999999482));
#11685=CARTESIAN_POINT('Ctrl Pts',(-0.506928170592356,0.334835382541228,
-2.8899999999482));
#11686=CARTESIAN_POINT('Ctrl Pts',(-0.506928170592356,0.334835382541228,
-2.9019999999482));
#11687=CARTESIAN_POINT('Ctrl Pts',(-0.5185335628146,0.150662705832904,-2.8899999999482));
#11688=CARTESIAN_POINT('Ctrl Pts',(-0.5185335628146,0.150662705832904,-2.9019999999482));
#11689=CARTESIAN_POINT('Ctrl Pts',(-0.572385455400743,-0.0331136803954677,
-2.8899999999482));
#11690=CARTESIAN_POINT('Ctrl Pts',(-0.572385455400743,-0.0331136803954677,
-2.9019999999482));
#11691=CARTESIAN_POINT('Ctrl Pts',(-0.659604886716703,-0.153173472158361,
-2.8899999999482));
#11692=CARTESIAN_POINT('Ctrl Pts',(-0.659604886716703,-0.153173472158361,
-2.9019999999482));
#11693=CARTESIAN_POINT('Ctrl Pts',(-0.817269811423979,-0.213118977616419,
-2.8899999999482));
#11694=CARTESIAN_POINT('Ctrl Pts',(-0.817269811423979,-0.213118977616419,
-2.9019999999482));
#11695=CARTESIAN_POINT('Ctrl Pts',(-1.01969622771695,-0.14655558261686,
-2.8899999999482));
#11696=CARTESIAN_POINT('Ctrl Pts',(-1.01969622771695,-0.14655558261686,
-2.9019999999482));
#11697=CARTESIAN_POINT('Ctrl Pts',(-1.12519865785407,0.109225355917173,
-2.8899999999482));
#11698=CARTESIAN_POINT('Ctrl Pts',(-1.12519865785407,0.109225355917173,
-2.9019999999482));
#11699=CARTESIAN_POINT('Ctrl Pts',(-1.14010117715967,0.625633513712461,
-2.8899999999482));
#11700=CARTESIAN_POINT('Ctrl Pts',(-1.14010117715967,0.625633513712461,
-2.9019999999482));
#11701=CARTESIAN_POINT('Ctrl Pts',(-1.06554387617619,0.962951361080733,
-2.8899999999482));
#11702=CARTESIAN_POINT('Ctrl Pts',(-1.06554387617619,0.962951361080733,
-2.9019999999482));
#11703=CARTESIAN_POINT('Ctrl Pts',(-0.896670153992463,1.10724280332395,
-2.8899999999482));
#11704=CARTESIAN_POINT('Ctrl Pts',(-0.896670153992463,1.10724280332395,
-2.9019999999482));
#11705=CARTESIAN_POINT('Ctrl Pts',(-0.658563962443074,1.06169186711596,
-2.8899999999482));
#11706=CARTESIAN_POINT('Ctrl Pts',(-0.658563962443074,1.06169186711596,
-2.9019999999482));
#11707=CARTESIAN_POINT('Ctrl Pts',(-0.537062335215594,0.852099684974682,
-2.8899999999482));
#11708=CARTESIAN_POINT('Ctrl Pts',(-0.537062335215594,0.852099684974682,
-2.9019999999482));
#11709=CARTESIAN_POINT('Ctrl Pts',(-0.506569489910844,0.571803490457223,
-2.8899999999482));
#11710=CARTESIAN_POINT('Ctrl Pts',(-0.506569489910844,0.571803490457223,
-2.9019999999482));
#11711=CARTESIAN_POINT('Ctrl Pts',(-0.506792929061326,0.424184855127104,
-2.8899999999482));
#11712=CARTESIAN_POINT('Ctrl Pts',(-0.506792929061326,0.424184855127104,
-2.9019999999482));
#11713=CARTESIAN_POINT('',(-0.506792929061326,0.424184855127099,-2.8999999999482));
#11714=CARTESIAN_POINT('Ctrl Pts',(-0.506792929061326,0.424184855127099,
-2.8999999999482));
#11715=CARTESIAN_POINT('Ctrl Pts',(-0.506928170592356,0.334835382541228,
-2.8999999999482));
#11716=CARTESIAN_POINT('Ctrl Pts',(-0.5185335628146,0.150662705832904,-2.8999999999482));
#11717=CARTESIAN_POINT('Ctrl Pts',(-0.572385455400743,-0.0331136803954677,
-2.8999999999482));
#11718=CARTESIAN_POINT('Ctrl Pts',(-0.659604886716703,-0.153173472158361,
-2.8999999999482));
#11719=CARTESIAN_POINT('Ctrl Pts',(-0.817269811423979,-0.213118977616419,
-2.8999999999482));
#11720=CARTESIAN_POINT('Ctrl Pts',(-1.01969622771695,-0.14655558261686,
-2.8999999999482));
#11721=CARTESIAN_POINT('Ctrl Pts',(-1.12519865785407,0.109225355917173,
-2.8999999999482));
#11722=CARTESIAN_POINT('Ctrl Pts',(-1.14010117715967,0.625633513712461,
-2.8999999999482));
#11723=CARTESIAN_POINT('Ctrl Pts',(-1.06554387617619,0.962951361080733,
-2.8999999999482));
#11724=CARTESIAN_POINT('Ctrl Pts',(-0.896670153992463,1.10724280332395,
-2.8999999999482));
#11725=CARTESIAN_POINT('Ctrl Pts',(-0.658563962443074,1.06169186711596,
-2.8999999999482));
#11726=CARTESIAN_POINT('Ctrl Pts',(-0.537062335215594,0.852099684974682,
-2.8999999999482));
#11727=CARTESIAN_POINT('Ctrl Pts',(-0.506569489910844,0.571803490457223,
-2.8999999999482));
#11728=CARTESIAN_POINT('Ctrl Pts',(-0.506792929061326,0.424184855127104,
-2.8999999999482));
#11729=CARTESIAN_POINT('',(-0.506792929061326,0.424184855127099,-2.8899999999482));
#11730=CARTESIAN_POINT('',(-0.506792929061326,0.424184855127094,-2.8899999999482));
#11731=CARTESIAN_POINT('Ctrl Pts',(-0.506792929061326,0.424184855127099,
-2.8899999999482));
#11732=CARTESIAN_POINT('Ctrl Pts',(-0.506928170592356,0.334835382541228,
-2.8899999999482));
#11733=CARTESIAN_POINT('Ctrl Pts',(-0.5185335628146,0.150662705832904,-2.8899999999482));
#11734=CARTESIAN_POINT('Ctrl Pts',(-0.572385455400743,-0.0331136803954677,
-2.8899999999482));
#11735=CARTESIAN_POINT('Ctrl Pts',(-0.659604886716703,-0.153173472158361,
-2.8899999999482));
#11736=CARTESIAN_POINT('Ctrl Pts',(-0.817269811423979,-0.213118977616419,
-2.8899999999482));
#11737=CARTESIAN_POINT('Ctrl Pts',(-1.01969622771695,-0.14655558261686,
-2.8899999999482));
#11738=CARTESIAN_POINT('Ctrl Pts',(-1.12519865785407,0.109225355917173,
-2.8899999999482));
#11739=CARTESIAN_POINT('Ctrl Pts',(-1.14010117715967,0.625633513712461,
-2.8899999999482));
#11740=CARTESIAN_POINT('Ctrl Pts',(-1.06554387617619,0.962951361080733,
-2.8899999999482));
#11741=CARTESIAN_POINT('Ctrl Pts',(-0.896670153992463,1.10724280332395,
-2.8899999999482));
#11742=CARTESIAN_POINT('Ctrl Pts',(-0.658563962443074,1.06169186711596,
-2.8899999999482));
#11743=CARTESIAN_POINT('Ctrl Pts',(-0.537062335215594,0.852099684974682,
-2.8899999999482));
#11744=CARTESIAN_POINT('Ctrl Pts',(-0.506569489910844,0.571803490457223,
-2.8899999999482));
#11745=CARTESIAN_POINT('Ctrl Pts',(-0.506792929061326,0.424184855127104,
-2.8899999999482));
#11746=CARTESIAN_POINT('Ctrl Pts',(-0.307647108438996,0.414422805096592,
-2.8899999999482));
#11747=CARTESIAN_POINT('Ctrl Pts',(-0.307647108438996,0.414422805096592,
-2.9019999999482));
#11748=CARTESIAN_POINT('Ctrl Pts',(-0.307267159342537,0.534412509841262,
-2.8899999999482));
#11749=CARTESIAN_POINT('Ctrl Pts',(-0.307267159342537,0.534412509841262,
-2.9019999999482));
#11750=CARTESIAN_POINT('Ctrl Pts',(-0.330259052057843,0.778930156170328,
-2.8899999999482));
#11751=CARTESIAN_POINT('Ctrl Pts',(-0.330259052057843,0.778930156170328,
-2.9019999999482));
#11752=CARTESIAN_POINT('Ctrl Pts',(-0.433603587086837,1.08006011432113,
-2.8899999999482));
#11753=CARTESIAN_POINT('Ctrl Pts',(-0.433603587086837,1.08006011432113,
-2.9019999999482));
#11754=CARTESIAN_POINT('Ctrl Pts',(-0.685880842332238,1.26699227825406,
-2.8899999999482));
#11755=CARTESIAN_POINT('Ctrl Pts',(-0.685880842332238,1.26699227825406,
-2.9019999999482));
#11756=CARTESIAN_POINT('Ctrl Pts',(-1.00840506588363,1.23581186523935,-2.8899999999482));
#11757=CARTESIAN_POINT('Ctrl Pts',(-1.00840506588363,1.23581186523935,-2.9019999999482));
#11758=CARTESIAN_POINT('Ctrl Pts',(-1.22748112497162,1.08339543619488,-2.8899999999482));
#11759=CARTESIAN_POINT('Ctrl Pts',(-1.22748112497162,1.08339543619488,-2.9019999999482));
#11760=CARTESIAN_POINT('Ctrl Pts',(-1.33791153595028,0.742947631391707,
-2.8899999999482));
#11761=CARTESIAN_POINT('Ctrl Pts',(-1.33791153595028,0.742947631391707,
-2.9019999999482));
#11762=CARTESIAN_POINT('Ctrl Pts',(-1.32781194571457,0.212173455951417,
-2.8899999999482));
#11763=CARTESIAN_POINT('Ctrl Pts',(-1.32781194571457,0.212173455951417,
-2.9019999999482));
#11764=CARTESIAN_POINT('Ctrl Pts',(-1.23693521102156,-0.143130830587926,
-2.8899999999482));
#11765=CARTESIAN_POINT('Ctrl Pts',(-1.23693521102156,-0.143130830587926,
-2.9019999999482));
#11766=CARTESIAN_POINT('Ctrl Pts',(-0.997099653952089,-0.369148616355667,
-2.8899999999482));
#11767=CARTESIAN_POINT('Ctrl Pts',(-0.997099653952089,-0.369148616355667,
-2.9019999999482));
#11768=CARTESIAN_POINT('Ctrl Pts',(-0.644494937015562,-0.356218206543547,
-2.8899999999482));
#11769=CARTESIAN_POINT('Ctrl Pts',(-0.644494937015562,-0.356218206543547,
-2.9019999999482));
#11770=CARTESIAN_POINT('Ctrl Pts',(-0.429562075773685,-0.188365628632735,
-2.8899999999482));
#11771=CARTESIAN_POINT('Ctrl Pts',(-0.429562075773685,-0.188365628632735,
-2.9019999999482));
#11772=CARTESIAN_POINT('Ctrl Pts',(-0.335414281180488,0.0388305507776941,
-2.8899999999482));
#11773=CARTESIAN_POINT('Ctrl Pts',(-0.335414281180488,0.0388305507776941,
-2.9019999999482));
#11774=CARTESIAN_POINT('Ctrl Pts',(-0.308048904667752,0.287533673617408,
-2.8899999999482));
#11775=CARTESIAN_POINT('Ctrl Pts',(-0.308048904667752,0.287533673617408,
-2.9019999999482));
#11776=CARTESIAN_POINT('Ctrl Pts',(-0.307647108438996,0.414422805096593,
-2.8899999999482));
#11777=CARTESIAN_POINT('Ctrl Pts',(-0.307647108438996,0.414422805096593,
-2.9019999999482));
#11778=CARTESIAN_POINT('',(-0.307647108438996,0.414422805096592,-2.8899999999482));
#11779=CARTESIAN_POINT('',(-0.307647108438996,0.414422805096592,-2.8899999999482));
#11780=CARTESIAN_POINT('Ctrl Pts',(-0.307647108438996,0.414422805096592,
-2.8899999999482));
#11781=CARTESIAN_POINT('Ctrl Pts',(-0.307267159342537,0.534412509841262,
-2.8899999999482));
#11782=CARTESIAN_POINT('Ctrl Pts',(-0.330259052057843,0.778930156170328,
-2.8899999999482));
#11783=CARTESIAN_POINT('Ctrl Pts',(-0.433603587086837,1.08006011432113,
-2.8899999999482));
#11784=CARTESIAN_POINT('Ctrl Pts',(-0.685880842332238,1.26699227825406,
-2.8899999999482));
#11785=CARTESIAN_POINT('Ctrl Pts',(-1.00840506588363,1.23581186523935,-2.8899999999482));
#11786=CARTESIAN_POINT('Ctrl Pts',(-1.22748112497162,1.08339543619488,-2.8899999999482));
#11787=CARTESIAN_POINT('Ctrl Pts',(-1.33791153595028,0.742947631391707,
-2.8899999999482));
#11788=CARTESIAN_POINT('Ctrl Pts',(-1.32781194571457,0.212173455951417,
-2.8899999999482));
#11789=CARTESIAN_POINT('Ctrl Pts',(-1.23693521102156,-0.143130830587926,
-2.8899999999482));
#11790=CARTESIAN_POINT('Ctrl Pts',(-0.997099653952089,-0.369148616355667,
-2.8899999999482));
#11791=CARTESIAN_POINT('Ctrl Pts',(-0.644494937015562,-0.356218206543547,
-2.8899999999482));
#11792=CARTESIAN_POINT('Ctrl Pts',(-0.429562075773685,-0.188365628632735,
-2.8899999999482));
#11793=CARTESIAN_POINT('Ctrl Pts',(-0.335414281180488,0.0388305507776941,
-2.8899999999482));
#11794=CARTESIAN_POINT('Ctrl Pts',(-0.308048904667752,0.287533673617408,
-2.8899999999482));
#11795=CARTESIAN_POINT('Ctrl Pts',(-0.307647108438996,0.414422805096593,
-2.8899999999482));
#11796=CARTESIAN_POINT('Origin',(-1.32304088805636,0.625854427561845,-2.8899999999482));
#11797=CARTESIAN_POINT('Origin',(1.9,-3.25,-2.9));
#11798=CARTESIAN_POINT('Origin',(0.515293709132696,0.360731529928807,-2.8899999999482));
#11799=CARTESIAN_POINT('',(0.515293709132696,0.360731529928807,-2.8899999999482));
#11800=CARTESIAN_POINT('',(0.515293709132696,0.360731529928807,-2.8899999999482));
#11801=CARTESIAN_POINT('',(-0.0753103177129422,0.360731529928807,-2.8899999999482));
#11802=CARTESIAN_POINT('',(0.515293709132696,0.360731529928807,-2.8899999999482));
#11803=CARTESIAN_POINT('',(-0.0753103177129422,0.360731529928807,-2.8899999999482));
#11804=CARTESIAN_POINT('Origin',(-0.0753103177129422,0.360731529928807,
-2.8899999999482));
#11805=CARTESIAN_POINT('',(-0.0753103177129422,0.208443549452907,-2.8899999999482));
#11806=CARTESIAN_POINT('',(-0.0753103177129422,0.360731529928807,-2.8899999999482));
#11807=CARTESIAN_POINT('',(-0.0753103177129422,0.208443549452907,-2.8899999999482));
#11808=CARTESIAN_POINT('Origin',(-0.0753103177129422,0.208443549452907,
-2.8899999999482));
#11809=CARTESIAN_POINT('',(0.515293709132696,0.208443549452907,-2.8899999999482));
#11810=CARTESIAN_POINT('',(-0.0753103177129422,0.208443549452907,-2.8899999999482));
#11811=CARTESIAN_POINT('',(0.515293709132696,0.208443549452907,-2.8899999999482));
#11812=CARTESIAN_POINT('Origin',(0.515293709132696,0.208443549452907,-2.8899999999482));
#11813=CARTESIAN_POINT('',(0.515293709132696,0.208443549452907,-2.8899999999482));
#11814=CARTESIAN_POINT('Origin',(-0.0753103177129422,0.360731529928807,
-2.8899999999482));
#11815=CARTESIAN_POINT('Origin',(1.56080926739993,1.21881572761032,-2.8899999999482));
#11816=CARTESIAN_POINT('',(1.56080926739993,1.21881572761032,-2.8899999999482));
#11817=CARTESIAN_POINT('',(1.56080926739993,1.21881572761032,-2.8899999999482));
#11818=CARTESIAN_POINT('',(0.761297369901457,1.21881572761032,-2.8899999999482));
#11819=CARTESIAN_POINT('',(1.56080926739993,1.21881572761032,-2.8899999999482));
#11820=CARTESIAN_POINT('',(0.761297369901457,1.21881572761032,-2.8899999999482));
#11821=CARTESIAN_POINT('Origin',(0.761297369901457,1.21881572761032,-2.8899999999482));
#11822=CARTESIAN_POINT('',(0.761297369901457,1.0411464170551,-2.8899999999482));
#11823=CARTESIAN_POINT('',(0.761297369901457,1.21881572761032,-2.8899999999482));
#11824=CARTESIAN_POINT('',(0.761297369901457,1.0411464170551,-2.8899999999482));
#11825=CARTESIAN_POINT('Origin',(0.761297369901457,1.0411464170551,-2.8899999999482));
#11826=CARTESIAN_POINT('',(1.3616634467776,1.0411464170551,-2.8899999999482));
#11827=CARTESIAN_POINT('',(0.761297369901457,1.0411464170551,-2.8899999999482));
#11828=CARTESIAN_POINT('',(1.3616634467776,1.0411464170551,-2.8899999999482));
#11829=CARTESIAN_POINT('Origin',(1.3616634467776,1.0411464170551,-2.8899999999482));
#11830=CARTESIAN_POINT('',(1.3616634467776,0.523757765438264,-2.8899999999482));
#11831=CARTESIAN_POINT('',(1.3616634467776,1.0411464170551,-2.8899999999482));
#11832=CARTESIAN_POINT('',(1.3616634467776,0.523757765438264,-2.8899999999482));
#11833=CARTESIAN_POINT('Origin',(1.3616634467776,0.523757765438264,-2.8899999999482));
#11834=CARTESIAN_POINT('',(0.805226595038735,0.523757765438264,-2.8899999999482));
#11835=CARTESIAN_POINT('',(1.3616634467776,0.523757765438264,-2.8899999999482));
#11836=CARTESIAN_POINT('',(0.805226595038735,0.523757765438264,-2.8899999999482));
#11837=CARTESIAN_POINT('Origin',(0.805226595038735,0.523757765438264,-2.8899999999482));
#11838=CARTESIAN_POINT('',(0.805226595038735,0.345112249879997,-2.8899999999482));
#11839=CARTESIAN_POINT('',(0.805226595038735,0.523757765438264,-2.8899999999482));
#11840=CARTESIAN_POINT('',(0.805226595038735,0.345112249879997,-2.8899999999482));
#11841=CARTESIAN_POINT('Origin',(0.805226595038735,0.345112249879997,-2.8899999999482));
#11842=CARTESIAN_POINT('',(1.3616634467776,0.345112249879997,-2.8899999999482));
#11843=CARTESIAN_POINT('',(0.805226595038735,0.345112249879997,-2.8899999999482));
#11844=CARTESIAN_POINT('',(1.3616634467776,0.345112249879997,-2.8899999999482));
#11845=CARTESIAN_POINT('Origin',(1.3616634467776,0.345112249879997,-2.8899999999482));
#11846=CARTESIAN_POINT('',(1.3616634467776,-0.329445407227996,-2.8899999999482));
#11847=CARTESIAN_POINT('',(1.3616634467776,0.345112249879997,-2.8899999999482));
#11848=CARTESIAN_POINT('',(1.3616634467776,-0.329445407227996,-2.8899999999482));
#11849=CARTESIAN_POINT('Origin',(1.3616634467776,-0.329445407227996,-2.8899999999482));
#11850=CARTESIAN_POINT('',(1.56080926739993,-0.329445407227996,-2.8899999999482));
#11851=CARTESIAN_POINT('',(1.3616634467776,-0.329445407227996,-2.8899999999482));
#11852=CARTESIAN_POINT('',(1.56080926739993,-0.329445407227996,-2.8899999999482));
#11853=CARTESIAN_POINT('Origin',(1.56080926739993,-0.329445407227996,-2.8899999999482));
#11854=CARTESIAN_POINT('',(1.56080926739993,-0.329445407227996,-2.8899999999482));
#11855=CARTESIAN_POINT('Origin',(0.761297369901457,1.21881572761032,-2.8899999999482));
#11856=CARTESIAN_POINT('Origin',(1.86636143335478,-0.329445407227996,-2.8899999999482));
#11857=CARTESIAN_POINT('',(1.86636143335478,-0.329445407227996,-2.8899999999482));
#11858=CARTESIAN_POINT('',(1.86636143335478,-0.329445407227996,-2.8899999999482));
#11859=CARTESIAN_POINT('',(2.84451884641152,-0.329445407227996,-2.8899999999482));
#11860=CARTESIAN_POINT('',(1.86636143335478,-0.329445407227996,-2.8899999999482));
#11861=CARTESIAN_POINT('',(2.84451884641152,-0.329445407227996,-2.8899999999482));
#11862=CARTESIAN_POINT('Ctrl Pts',(2.84451884641152,-0.329445407227996,
-2.8899999999482));
#11863=CARTESIAN_POINT('Ctrl Pts',(2.84451884641152,-0.329445407227996,
-2.9019999999482));
#11864=CARTESIAN_POINT('Ctrl Pts',(2.84451884641152,-0.209743904765111,
-2.8899999999482));
#11865=CARTESIAN_POINT('Ctrl Pts',(2.84451884641152,-0.209743904765111,
-2.9019999999482));
#11866=CARTESIAN_POINT('Ctrl Pts',(2.83840347078557,-0.0217903357544782,
-2.8899999999482));
#11867=CARTESIAN_POINT('Ctrl Pts',(2.83840347078557,-0.0217903357544782,
-2.9019999999482));
#11868=CARTESIAN_POINT('Ctrl Pts',(2.67945034047812,0.171625561256014,-2.8899999999482));
#11869=CARTESIAN_POINT('Ctrl Pts',(2.67945034047812,0.171625561256014,-2.9019999999482));
#11870=CARTESIAN_POINT('Ctrl Pts',(2.54036061984477,0.290778452683866,-2.8899999999482));
#11871=CARTESIAN_POINT('Ctrl Pts',(2.54036061984477,0.290778452683866,-2.9019999999482));
#11872=CARTESIAN_POINT('Ctrl Pts',(2.25600433503751,0.487707545035273,-2.8899999999482));
#11873=CARTESIAN_POINT('Ctrl Pts',(2.25600433503751,0.487707545035273,-2.9019999999482));
#11874=CARTESIAN_POINT('Ctrl Pts',(2.14318957316984,0.625430458773149,-2.8899999999482));
#11875=CARTESIAN_POINT('Ctrl Pts',(2.14318957316984,0.625430458773149,-2.9019999999482));
#11876=CARTESIAN_POINT('Ctrl Pts',(2.10943647911439,0.749792230108248,-2.8899999999482));
#11877=CARTESIAN_POINT('Ctrl Pts',(2.10943647911439,0.749792230108248,-2.9019999999482));
#11878=CARTESIAN_POINT('Ctrl Pts',(2.10943647911439,0.813690651344304,-2.8899999999482));
#11879=CARTESIAN_POINT('Ctrl Pts',(2.10943647911439,0.813690651344304,-2.9019999999482));
#11880=CARTESIAN_POINT('',(2.10943647911439,0.813690651344304,-2.8899999999482));
#11881=CARTESIAN_POINT('Ctrl Pts',(2.84451884641152,-0.329445407227996,
-2.8899999999482));
#11882=CARTESIAN_POINT('Ctrl Pts',(2.84451884641152,-0.209743904765111,
-2.8899999999482));
#11883=CARTESIAN_POINT('Ctrl Pts',(2.83840347078557,-0.0217903357544782,
-2.8899999999482));
#11884=CARTESIAN_POINT('Ctrl Pts',(2.67945034047812,0.171625561256014,-2.8899999999482));
#11885=CARTESIAN_POINT('Ctrl Pts',(2.54036061984477,0.290778452683866,-2.8899999999482));
#11886=CARTESIAN_POINT('Ctrl Pts',(2.25600433503751,0.487707545035273,-2.8899999999482));
#11887=CARTESIAN_POINT('Ctrl Pts',(2.14318957316984,0.625430458773149,-2.8899999999482));
#11888=CARTESIAN_POINT('Ctrl Pts',(2.10943647911439,0.749792230108248,-2.8899999999482));
#11889=CARTESIAN_POINT('Ctrl Pts',(2.10943647911439,0.813690651344304,-2.8899999999482));
#11890=CARTESIAN_POINT('',(2.10943647911439,0.813690651344304,-2.8899999999482));
#11891=CARTESIAN_POINT('Ctrl Pts',(2.10943647911439,0.813690651344304,-2.8899999999482));
#11892=CARTESIAN_POINT('Ctrl Pts',(2.10943647911439,0.813690651344304,-2.9019999999482));
#11893=CARTESIAN_POINT('Ctrl Pts',(2.10943647911439,0.966116041875392,-2.8899999999482));
#11894=CARTESIAN_POINT('Ctrl Pts',(2.10943647911439,0.966116041875392,-2.9019999999482));
#11895=CARTESIAN_POINT('Ctrl Pts',(2.24967065448952,1.12700971878306,-2.8899999999482));
#11896=CARTESIAN_POINT('Ctrl Pts',(2.24967065448952,1.12700971878306,-2.9019999999482));
#11897=CARTESIAN_POINT('Ctrl Pts',(2.63137979921675,1.0402262136074,-2.8899999999482));
#11898=CARTESIAN_POINT('Ctrl Pts',(2.63137979921675,1.0402262136074,-2.9019999999482));
#11899=CARTESIAN_POINT('Ctrl Pts',(2.72810817824469,0.950416359595517,-2.8899999999482));
#11900=CARTESIAN_POINT('Ctrl Pts',(2.72810817824469,0.950416359595517,-2.9019999999482));
#11901=CARTESIAN_POINT('Ctrl Pts',(2.78204172621628,0.892763256591406,-2.8899999999482));
#11902=CARTESIAN_POINT('Ctrl Pts',(2.78204172621628,0.892763256591406,-2.9019999999482));
#11903=CARTESIAN_POINT('',(2.78204172621628,0.892763256591406,-2.8899999999482));
#11904=CARTESIAN_POINT('Ctrl Pts',(2.10943647911439,0.813690651344304,-2.8899999999482));
#11905=CARTESIAN_POINT('Ctrl Pts',(2.10943647911439,0.966116041875392,-2.8899999999482));
#11906=CARTESIAN_POINT('Ctrl Pts',(2.24967065448952,1.12700971878306,-2.8899999999482));
#11907=CARTESIAN_POINT('Ctrl Pts',(2.63137979921675,1.0402262136074,-2.8899999999482));
#11908=CARTESIAN_POINT('Ctrl Pts',(2.72810817824469,0.950416359595517,-2.8899999999482));
#11909=CARTESIAN_POINT('Ctrl Pts',(2.78204172621628,0.892763256591406,-2.8899999999482));
#11910=CARTESIAN_POINT('',(2.78204172621628,0.892763256591406,-2.8899999999482));
#11911=CARTESIAN_POINT('Origin',(2.78204172621628,0.892763256591406,-2.8899999999482));
#11912=CARTESIAN_POINT('',(2.78204172621628,1.08312323218628,-2.8899999999482));
#11913=CARTESIAN_POINT('',(2.78204172621628,0.892763256591406,-2.8899999999482));
#11914=CARTESIAN_POINT('',(2.78204172621628,1.08312323218628,-2.8899999999482));
#11915=CARTESIAN_POINT('Ctrl Pts',(2.78204172621628,1.08312323218628,-2.8899999999482));
#11916=CARTESIAN_POINT('Ctrl Pts',(2.78204172621628,1.08312323218628,-2.9019999999482));
#11917=CARTESIAN_POINT('Ctrl Pts',(2.70890214612424,1.15766934266472,-2.8899999999482));
#11918=CARTESIAN_POINT('Ctrl Pts',(2.70890214612424,1.15766934266472,-2.9019999999482));
#11919=CARTESIAN_POINT('Ctrl Pts',(2.54250474200283,1.25739542687398,-2.8899999999482));
#11920=CARTESIAN_POINT('Ctrl Pts',(2.54250474200283,1.25739542687398,-2.9019999999482));
#11921=CARTESIAN_POINT('Ctrl Pts',(2.18751026395964,1.24614223750268,-2.8899999999482));
#11922=CARTESIAN_POINT('Ctrl Pts',(2.18751026395964,1.24614223750268,-2.9019999999482));
#11923=CARTESIAN_POINT('Ctrl Pts',(1.94404878395407,1.0886320909607,-2.8899999999482));
#11924=CARTESIAN_POINT('Ctrl Pts',(1.94404878395407,1.0886320909607,-2.9019999999482));
#11925=CARTESIAN_POINT('Ctrl Pts',(1.88664183061672,0.748634752436046,-2.8899999999482));
#11926=CARTESIAN_POINT('Ctrl Pts',(1.88664183061672,0.748634752436046,-2.9019999999482));
#11927=CARTESIAN_POINT('Ctrl Pts',(1.98373343898816,0.519315321183255,-2.8899999999482));
#11928=CARTESIAN_POINT('Ctrl Pts',(1.98373343898816,0.519315321183255,-2.9019999999482));
#11929=CARTESIAN_POINT('Ctrl Pts',(2.11102433953326,0.388544167781876,-2.8899999999482));
#11930=CARTESIAN_POINT('Ctrl Pts',(2.11102433953326,0.388544167781876,-2.9019999999482));
#11931=CARTESIAN_POINT('Ctrl Pts',(2.24455244300451,0.285787400660373,-2.8899999999482));
#11932=CARTESIAN_POINT('Ctrl Pts',(2.24455244300451,0.285787400660373,-2.9019999999482));
#11933=CARTESIAN_POINT('Ctrl Pts',(2.4264228845766,0.160923090758231,-2.8899999999482));
#11934=CARTESIAN_POINT('Ctrl Pts',(2.4264228845766,0.160923090758231,-2.9019999999482));
#11935=CARTESIAN_POINT('Ctrl Pts',(2.50321028507192,0.103102992528272,-2.8899999999482));
#11936=CARTESIAN_POINT('Ctrl Pts',(2.50321028507192,0.103102992528272,-2.9019999999482));
#11937=CARTESIAN_POINT('Ctrl Pts',(2.62085747244801,-0.00829988575765229,
-2.8899999999482));
#11938=CARTESIAN_POINT('Ctrl Pts',(2.62085747244801,-0.00829988575765229,
-2.9019999999482));
#11939=CARTESIAN_POINT('Ctrl Pts',(2.64049200077394,-0.0984654761021718,
-2.8899999999482));
#11940=CARTESIAN_POINT('Ctrl Pts',(2.64049200077394,-0.0984654761021718,
-2.9019999999482));
#11941=CARTESIAN_POINT('Ctrl Pts',(2.64049200077394,-0.155680916684982,
-2.8899999999482));
#11942=CARTESIAN_POINT('Ctrl Pts',(2.64049200077394,-0.155680916684982,
-2.9019999999482));
#11943=CARTESIAN_POINT('',(2.64049200077394,-0.155680916684982,-2.8899999999482));
#11944=CARTESIAN_POINT('Ctrl Pts',(2.78204172621628,1.08312323218628,-2.8899999999482));
#11945=CARTESIAN_POINT('Ctrl Pts',(2.70890214612424,1.15766934266472,-2.8899999999482));
#11946=CARTESIAN_POINT('Ctrl Pts',(2.54250474200283,1.25739542687398,-2.8899999999482));
#11947=CARTESIAN_POINT('Ctrl Pts',(2.18751026395964,1.24614223750268,-2.8899999999482));
#11948=CARTESIAN_POINT('Ctrl Pts',(1.94404878395407,1.0886320909607,-2.8899999999482));
#11949=CARTESIAN_POINT('Ctrl Pts',(1.88664183061672,0.748634752436046,-2.8899999999482));
#11950=CARTESIAN_POINT('Ctrl Pts',(1.98373343898816,0.519315321183255,-2.8899999999482));
#11951=CARTESIAN_POINT('Ctrl Pts',(2.11102433953326,0.388544167781876,-2.8899999999482));
#11952=CARTESIAN_POINT('Ctrl Pts',(2.24455244300451,0.285787400660373,-2.8899999999482));
#11953=CARTESIAN_POINT('Ctrl Pts',(2.4264228845766,0.160923090758231,-2.8899999999482));
#11954=CARTESIAN_POINT('Ctrl Pts',(2.50321028507192,0.103102992528272,-2.8899999999482));
#11955=CARTESIAN_POINT('Ctrl Pts',(2.62085747244801,-0.00829988575765229,
-2.8899999999482));
#11956=CARTESIAN_POINT('Ctrl Pts',(2.64049200077394,-0.0984654761021718,
-2.8899999999482));
#11957=CARTESIAN_POINT('Ctrl Pts',(2.64049200077394,-0.155680916684982,
-2.8899999999482));
#11958=CARTESIAN_POINT('',(2.64049200077394,-0.155680916684982,-2.8899999999482));
#11959=CARTESIAN_POINT('Origin',(2.64049200077394,-0.155680916684982,-2.8899999999482));
#11960=CARTESIAN_POINT('',(1.86636143335478,-0.155680916684982,-2.8899999999482));
#11961=CARTESIAN_POINT('',(2.64049200077394,-0.155680916684982,-2.8899999999482));
#11962=CARTESIAN_POINT('',(1.86636143335478,-0.155680916684982,-2.8899999999482));
#11963=CARTESIAN_POINT('Origin',(1.86636143335478,-0.155680916684982,-2.8899999999482));
#11964=CARTESIAN_POINT('',(1.86636143335478,-0.155680916684982,-2.8899999999482));
#11965=CARTESIAN_POINT('Origin',(2.56302750298862,0.267471579903867,-2.8899999999482));
#11966=CARTESIAN_POINT('Origin',(4.32737424604545,-0.329445407227996,-2.8899999999482));
#11967=CARTESIAN_POINT('',(4.32737424604545,-0.329445407227996,-2.8899999999482));
#11968=CARTESIAN_POINT('',(4.32737424604545,-0.329445407227996,-2.8899999999482));
#11969=CARTESIAN_POINT('',(4.32737424604545,1.21881572761032,-2.8899999999482));
#11970=CARTESIAN_POINT('',(4.32737424604545,-0.329445407227996,-2.8899999999482));
#11971=CARTESIAN_POINT('',(4.32737424604545,1.21881572761032,-2.8899999999482));
#11972=CARTESIAN_POINT('Ctrl Pts',(4.12822842542312,-0.150799891669728,
-2.8899999999482));
#11973=CARTESIAN_POINT('Ctrl Pts',(4.12822842542312,-0.150799891669728,
-2.90200000001036));
#11974=CARTESIAN_POINT('Ctrl Pts',(3.92642919783054,-0.150799891669728,
-2.8899999999482));
#11975=CARTESIAN_POINT('Ctrl Pts',(3.92642919783054,-0.150799891669728,
-2.90200000001036));
#11976=CARTESIAN_POINT('Ctrl Pts',(3.57463113138974,-0.151582249264,-2.8899999999482));
#11977=CARTESIAN_POINT('Ctrl Pts',(3.57463113138974,-0.151582249264,-2.90200000001036));
#11978=CARTESIAN_POINT('Ctrl Pts',(3.31944582343613,0.125280422282981,-2.8899999999482));
#11979=CARTESIAN_POINT('Ctrl Pts',(3.31944582343613,0.125280422282981,-2.90200000001036));
#11980=CARTESIAN_POINT('Ctrl Pts',(3.25278146906217,0.452063351555862,-2.8899999999482));
#11981=CARTESIAN_POINT('Ctrl Pts',(3.25278146906217,0.452063351555862,-2.90200000001036));
#11982=CARTESIAN_POINT('Ctrl Pts',(3.31390925716594,0.78073023047831,-2.8899999999482));
#11983=CARTESIAN_POINT('Ctrl Pts',(3.31390925716594,0.78073023047831,-2.90200000001036));
#11984=CARTESIAN_POINT('Ctrl Pts',(3.57978251175035,1.0409191248767,-2.8899999999482));
#11985=CARTESIAN_POINT('Ctrl Pts',(3.57978251175035,1.0409191248767,-2.90200000001036));
#11986=CARTESIAN_POINT('Ctrl Pts',(3.92636085385172,1.0411464170551,-2.8899999999482));
#11987=CARTESIAN_POINT('Ctrl Pts',(3.92636085385172,1.0411464170551,-2.90200000001036));
#11988=CARTESIAN_POINT('Ctrl Pts',(4.12822842542312,1.0411464170551,-2.8899999999482));
#11989=CARTESIAN_POINT('Ctrl Pts',(4.12822842542312,1.0411464170551,-2.90200000001036));
#11990=CARTESIAN_POINT('',(4.12822842542312,-0.150799891669728,-2.9));
#11991=CARTESIAN_POINT('',(4.12822842542312,1.0411464170551,-2.8999999999482));
#11992=CARTESIAN_POINT('Ctrl Pts',(4.12822842542312,-0.150799891669728,
-2.8999999999482));
#11993=CARTESIAN_POINT('Ctrl Pts',(3.92642919783054,-0.150799891669728,
-2.8999999999482));
#11994=CARTESIAN_POINT('Ctrl Pts',(3.57463113138974,-0.151582249264,-2.8999999999482));
#11995=CARTESIAN_POINT('Ctrl Pts',(3.31944582343613,0.125280422282981,-2.8999999999482));
#11996=CARTESIAN_POINT('Ctrl Pts',(3.25278146906217,0.452063351555862,-2.8999999999482));
#11997=CARTESIAN_POINT('Ctrl Pts',(3.31390925716594,0.78073023047831,-2.8999999999482));
#11998=CARTESIAN_POINT('Ctrl Pts',(3.57978251175035,1.0409191248767,-2.8999999999482));
#11999=CARTESIAN_POINT('Ctrl Pts',(3.92636085385172,1.0411464170551,-2.8999999999482));
#12000=CARTESIAN_POINT('Ctrl Pts',(4.12822842542312,1.0411464170551,-2.8999999999482));
#12001=CARTESIAN_POINT('',(4.12822842542312,-0.150799891669728,-2.8899999999482));
#12002=CARTESIAN_POINT('',(4.12822842542312,-0.150799891669728,-2.8899999999482));
#12003=CARTESIAN_POINT('',(4.12822842542312,1.0411464170551,-2.8899999999482));
#12004=CARTESIAN_POINT('Ctrl Pts',(4.12822842542312,-0.150799891669728,
-2.8899999999482));
#12005=CARTESIAN_POINT('Ctrl Pts',(3.92642919783054,-0.150799891669728,
-2.8899999999482));
#12006=CARTESIAN_POINT('Ctrl Pts',(3.57463113138974,-0.151582249264,-2.8899999999482));
#12007=CARTESIAN_POINT('Ctrl Pts',(3.31944582343613,0.125280422282981,-2.8899999999482));
#12008=CARTESIAN_POINT('Ctrl Pts',(3.25278146906217,0.452063351555862,-2.8899999999482));
#12009=CARTESIAN_POINT('Ctrl Pts',(3.31390925716594,0.78073023047831,-2.8899999999482));
#12010=CARTESIAN_POINT('Ctrl Pts',(3.57978251175035,1.0409191248767,-2.8899999999482));
#12011=CARTESIAN_POINT('Ctrl Pts',(3.92636085385172,1.0411464170551,-2.8899999999482));
#12012=CARTESIAN_POINT('Ctrl Pts',(4.12822842542312,1.0411464170551,-2.8899999999482));
#12013=CARTESIAN_POINT('',(4.12822842542312,1.0411464170551,-2.8899999999482));
#12014=CARTESIAN_POINT('Origin',(4.12822842542312,1.0411464170551,-2.8899999999482));
#12015=CARTESIAN_POINT('',(4.12822842542312,1.0411464170551,-2.8999999999482));
#12016=CARTESIAN_POINT('',(4.12822842542312,1.0411464170551,-2.8899999999482));
#12017=CARTESIAN_POINT('Ctrl Pts',(4.32737424604545,1.21881572761032,-2.8899999999482));
#12018=CARTESIAN_POINT('Ctrl Pts',(4.32737424604545,1.21881572761032,-2.90200000001036));
#12019=CARTESIAN_POINT('Ctrl Pts',(4.18488622155275,1.21881572761032,-2.8899999999482));
#12020=CARTESIAN_POINT('Ctrl Pts',(4.18488622155275,1.21881572761032,-2.90200000001036));
#12021=CARTESIAN_POINT('Ctrl Pts',(3.9045957629159,1.23342150926046,-2.8899999999482));
#12022=CARTESIAN_POINT('Ctrl Pts',(3.9045957629159,1.23342150926046,-2.90200000001036));
#12023=CARTESIAN_POINT('Ctrl Pts',(3.45604653286945,1.16769549183482,-2.8899999999482));
#12024=CARTESIAN_POINT('Ctrl Pts',(3.45604653286945,1.16769549183482,-2.90200000001036));
#12025=CARTESIAN_POINT('Ctrl Pts',(3.13269579093147,0.890450065756065,-2.8899999999482));
#12026=CARTESIAN_POINT('Ctrl Pts',(3.13269579093147,0.890450065756065,-2.90200000001036));
#12027=CARTESIAN_POINT('Ctrl Pts',(3.02753763956343,0.445449346888075,-2.8899999999482));
#12028=CARTESIAN_POINT('Ctrl Pts',(3.02753763956343,0.445449346888075,-2.90200000001036));
#12029=CARTESIAN_POINT('Ctrl Pts',(3.14294419018156,0.0103332439496605,
-2.8899999999482));
#12030=CARTESIAN_POINT('Ctrl Pts',(3.14294419018156,0.0103332439496605,
-2.90200000001036));
#12031=CARTESIAN_POINT('Ctrl Pts',(3.45314760103475,-0.271308812382168,
-2.8899999999482));
#12032=CARTESIAN_POINT('Ctrl Pts',(3.45314760103475,-0.271308812382168,
-2.90200000001036));
#12033=CARTESIAN_POINT('Ctrl Pts',(3.90515379308117,-0.346055142275483,
-2.8899999999482));
#12034=CARTESIAN_POINT('Ctrl Pts',(3.90515379308117,-0.346055142275483,
-2.90200000001036));
#12035=CARTESIAN_POINT('Ctrl Pts',(4.18487014327252,-0.329445407227996,
-2.8899999999482));
#12036=CARTESIAN_POINT('Ctrl Pts',(4.18487014327252,-0.329445407227996,
-2.90200000001036));
#12037=CARTESIAN_POINT('Ctrl Pts',(4.32737424604545,-0.329445407227996,
-2.8899999999482));
#12038=CARTESIAN_POINT('Ctrl Pts',(4.32737424604545,-0.329445407227996,
-2.90200000001036));
#12039=CARTESIAN_POINT('Ctrl Pts',(4.32737424604545,1.21881572761032,-2.8899999999482));
#12040=CARTESIAN_POINT('Ctrl Pts',(4.18488622155275,1.21881572761032,-2.8899999999482));
#12041=CARTESIAN_POINT('Ctrl Pts',(3.9045957629159,1.23342150926046,-2.8899999999482));
#12042=CARTESIAN_POINT('Ctrl Pts',(3.45604653286945,1.16769549183482,-2.8899999999482));
#12043=CARTESIAN_POINT('Ctrl Pts',(3.13269579093147,0.890450065756065,-2.8899999999482));
#12044=CARTESIAN_POINT('Ctrl Pts',(3.02753763956343,0.445449346888075,-2.8899999999482));
#12045=CARTESIAN_POINT('Ctrl Pts',(3.14294419018156,0.0103332439496605,
-2.8899999999482));
#12046=CARTESIAN_POINT('Ctrl Pts',(3.45314760103475,-0.271308812382168,
-2.8899999999482));
#12047=CARTESIAN_POINT('Ctrl Pts',(3.90515379308117,-0.346055142275483,
-2.8899999999482));
#12048=CARTESIAN_POINT('Ctrl Pts',(4.18487014327252,-0.329445407227996,
-2.8899999999482));
#12049=CARTESIAN_POINT('Ctrl Pts',(4.32737424604545,-0.329445407227996,
-2.8899999999482));
#12050=CARTESIAN_POINT('Origin',(3.06429842322779,0.447096782876338,-2.8899999999482));
#12051=CARTESIAN_POINT('Origin',(1.9,-3.25,-2.9));
#12052=CARTESIAN_POINT('Origin',(-5.18037438116627,1.78727271410765,-2.8899999999482));
#12053=CARTESIAN_POINT('',(-5.18037438116627,1.78727271410765,-2.8899999999482));
#12054=CARTESIAN_POINT('',(-5.18037438116627,1.78727271410765,-2.8899999999482));
#12055=CARTESIAN_POINT('',(-5.73729933540666,1.78727271410765,-2.8899999999482));
#12056=CARTESIAN_POINT('',(-5.18037438116627,1.78727271410765,-2.8899999999482));
#12057=CARTESIAN_POINT('',(-5.73729933540666,1.78727271410765,-2.8899999999482));
#12058=CARTESIAN_POINT('Origin',(-5.73729933540666,1.78727271410765,-2.8899999999482));
#12059=CARTESIAN_POINT('',(-5.73729933540666,1.63095788799417,-2.8899999999482));
#12060=CARTESIAN_POINT('',(-5.73729933540666,1.78727271410765,-2.8899999999482));
#12061=CARTESIAN_POINT('',(-5.73729933540666,1.63095788799417,-2.8899999999482));
#12062=CARTESIAN_POINT('Origin',(-5.73729933540666,1.63095788799417,-2.8899999999482));
#12063=CARTESIAN_POINT('',(-5.00612178812173,1.63095788799417,-2.8899999999482));
#12064=CARTESIAN_POINT('',(-5.73729933540666,1.63095788799417,-2.8899999999482));
#12065=CARTESIAN_POINT('',(-5.00612178812173,1.63095788799417,-2.8899999999482));
#12066=CARTESIAN_POINT('Origin',(-5.00612178812173,1.63095788799417,-2.8899999999482));
#12067=CARTESIAN_POINT('',(-5.00612178812173,2.9856863809777,-2.8899999999482));
#12068=CARTESIAN_POINT('',(-5.00612178812173,1.63095788799417,-2.8899999999482));
#12069=CARTESIAN_POINT('',(-5.00612178812173,2.9856863809777,-2.8899999999482));
#12070=CARTESIAN_POINT('Origin',(-5.00612178812173,2.9856863809777,-2.8899999999482));
#12071=CARTESIAN_POINT('',(-5.70569469843289,2.9856863809777,-2.8899999999482));
#12072=CARTESIAN_POINT('',(-5.00612178812173,2.9856863809777,-2.8899999999482));
#12073=CARTESIAN_POINT('',(-5.70569469843289,2.9856863809777,-2.8899999999482));
#12074=CARTESIAN_POINT('Origin',(-5.70569469843289,2.9856863809777,-2.8899999999482));
#12075=CARTESIAN_POINT('',(-5.70569469843289,2.83022573424188,-2.8899999999482));
#12076=CARTESIAN_POINT('',(-5.70569469843289,2.9856863809777,-2.8899999999482));
#12077=CARTESIAN_POINT('',(-5.70569469843289,2.83022573424188,-2.8899999999482));
#12078=CARTESIAN_POINT('Origin',(-5.70569469843289,2.83022573424188,-2.8899999999482));
#12079=CARTESIAN_POINT('',(-5.18037438116627,2.83022573424188,-2.8899999999482));
#12080=CARTESIAN_POINT('',(-5.70569469843289,2.83022573424188,-2.8899999999482));
#12081=CARTESIAN_POINT('',(-5.18037438116627,2.83022573424188,-2.8899999999482));
#12082=CARTESIAN_POINT('Origin',(-5.18037438116627,2.83022573424188,-2.8899999999482));
#12083=CARTESIAN_POINT('',(-5.18037438116627,2.39801096914121,-2.8899999999482));
#12084=CARTESIAN_POINT('',(-5.18037438116627,2.83022573424188,-2.8899999999482));
#12085=CARTESIAN_POINT('',(-5.18037438116627,2.39801096914121,-2.8899999999482));
#12086=CARTESIAN_POINT('Origin',(-5.18037438116627,2.39801096914121,-2.8899999999482));
#12087=CARTESIAN_POINT('',(-5.66725662643777,2.39801096914121,-2.8899999999482));
#12088=CARTESIAN_POINT('',(-5.18037438116627,2.39801096914121,-2.8899999999482));
#12089=CARTESIAN_POINT('',(-5.66725662643777,2.39801096914121,-2.8899999999482));
#12090=CARTESIAN_POINT('Origin',(-5.66725662643777,2.39801096914121,-2.8899999999482));
#12091=CARTESIAN_POINT('',(-5.66725662643777,2.24169614302773,-2.8899999999482));
#12092=CARTESIAN_POINT('',(-5.66725662643777,2.39801096914121,-2.8899999999482));
#12093=CARTESIAN_POINT('',(-5.66725662643777,2.24169614302773,-2.8899999999482));
#12094=CARTESIAN_POINT('Origin',(-5.66725662643777,2.24169614302773,-2.8899999999482));
#12095=CARTESIAN_POINT('',(-5.18037438116627,2.24169614302773,-2.8899999999482));
#12096=CARTESIAN_POINT('',(-5.66725662643777,2.24169614302773,-2.8899999999482));
#12097=CARTESIAN_POINT('',(-5.18037438116627,2.24169614302773,-2.8899999999482));
#12098=CARTESIAN_POINT('Origin',(-5.18037438116627,2.24169614302773,-2.8899999999482));
#12099=CARTESIAN_POINT('',(-5.18037438116627,2.24169614302773,-2.8899999999482));
#12100=CARTESIAN_POINT('Origin',(-5.73729933540666,1.78727271410765,-2.8899999999482));
#12101=CARTESIAN_POINT('Origin',(-4.19635973809122,2.81228796731083,-2.8899999999482));
#12102=CARTESIAN_POINT('',(-4.19635973809122,2.81228796731083,-2.9));
#12103=CARTESIAN_POINT('',(-4.19208884120288,2.81228796731083,-2.8999999999482));
#12104=CARTESIAN_POINT('',(-4.19635973809122,2.81228796731083,-2.8999999999482));
#12105=CARTESIAN_POINT('',(-4.19635973809122,2.81228796731083,-2.8899999999482));
#12106=CARTESIAN_POINT('',(-4.19635973809122,2.81228796731083,-2.8899999999482));
#12107=CARTESIAN_POINT('',(-4.19208884120288,2.81228796731083,-2.8899999999482));
#12108=CARTESIAN_POINT('',(-4.19635973809122,2.81228796731083,-2.8899999999482));
#12109=CARTESIAN_POINT('',(-4.19208884120288,2.81228796731083,-2.8899999999482));
#12110=CARTESIAN_POINT('Ctrl Pts',(-4.19208884120288,2.81228796731083,-2.8899999999482));
#12111=CARTESIAN_POINT('Ctrl Pts',(-4.19208884120288,2.81228796731083,-2.9019999999482));
#12112=CARTESIAN_POINT('Ctrl Pts',(-4.18142165049545,2.73914151674565,-2.8899999999482));
#12113=CARTESIAN_POINT('Ctrl Pts',(-4.18142165049545,2.73914151674565,-2.9019999999482));
#12114=CARTESIAN_POINT('Ctrl Pts',(-4.14697083759421,2.65240604062881,-2.8899999999482));
#12115=CARTESIAN_POINT('Ctrl Pts',(-4.14697083759421,2.65240604062881,-2.9019999999482));
#12116=CARTESIAN_POINT('Ctrl Pts',(-4.06636658907545,2.42345586118828,-2.8899999999482));
#12117=CARTESIAN_POINT('Ctrl Pts',(-4.06636658907545,2.42345586118828,-2.9019999999482));
#12118=CARTESIAN_POINT('Ctrl Pts',(-4.00615529004614,2.26505377675876,-2.8899999999482));
#12119=CARTESIAN_POINT('Ctrl Pts',(-4.00615529004614,2.26505377675876,-2.9019999999482));
#12120=CARTESIAN_POINT('Ctrl Pts',(-3.96658548549818,2.15627820526079,-2.8899999999482));
#12121=CARTESIAN_POINT('Ctrl Pts',(-3.96658548549818,2.15627820526079,-2.9019999999482));
#12122=CARTESIAN_POINT('',(-3.96658548549818,2.15627820526079,-2.8999999999482));
#12123=CARTESIAN_POINT('Ctrl Pts',(-4.19208884120288,2.81228796731083,-2.8999999999482));
#12124=CARTESIAN_POINT('Ctrl Pts',(-4.18142165049545,2.73914151674565,-2.8999999999482));
#12125=CARTESIAN_POINT('Ctrl Pts',(-4.14697083759421,2.65240604062881,-2.8999999999482));
#12126=CARTESIAN_POINT('Ctrl Pts',(-4.06636658907545,2.42345586118828,-2.8999999999482));
#12127=CARTESIAN_POINT('Ctrl Pts',(-4.00615529004614,2.26505377675876,-2.8999999999482));
#12128=CARTESIAN_POINT('Ctrl Pts',(-3.96658548549818,2.15627820526079,-2.8999999999482));
#12129=CARTESIAN_POINT('',(-3.96658548549818,2.15627820526079,-2.8899999999482));
#12130=CARTESIAN_POINT('Ctrl Pts',(-4.19208884120288,2.81228796731083,-2.8899999999482));
#12131=CARTESIAN_POINT('Ctrl Pts',(-4.18142165049545,2.73914151674565,-2.8899999999482));
#12132=CARTESIAN_POINT('Ctrl Pts',(-4.14697083759421,2.65240604062881,-2.8899999999482));
#12133=CARTESIAN_POINT('Ctrl Pts',(-4.06636658907545,2.42345586118828,-2.8899999999482));
#12134=CARTESIAN_POINT('Ctrl Pts',(-4.00615529004614,2.26505377675876,-2.8899999999482));
#12135=CARTESIAN_POINT('Ctrl Pts',(-3.96658548549818,2.15627820526079,-2.8899999999482));
#12136=CARTESIAN_POINT('',(-3.96658548549818,2.15627820526079,-2.8899999999482));
#12137=CARTESIAN_POINT('Origin',(-3.96658548549818,2.15627820526079,-2.8899999999482));
#12138=CARTESIAN_POINT('',(-4.42271727317359,2.15627820526079,-2.8999999999482));
#12139=CARTESIAN_POINT('',(-3.96658548549818,2.15627820526079,-2.8999999999482));
#12140=CARTESIAN_POINT('',(-4.42271727317359,2.15627820526079,-2.8899999999482));
#12141=CARTESIAN_POINT('',(-3.96658548549818,2.15627820526079,-2.8899999999482));
#12142=CARTESIAN_POINT('',(-4.42271727317359,2.15627820526079,-2.8899999999482));
#12143=CARTESIAN_POINT('Origin',(-4.10410836530293,2.9856863809777,-2.8899999999482));
#12144=CARTESIAN_POINT('',(-4.10410836530293,2.9856863809777,-2.8899999999482));
#12145=CARTESIAN_POINT('',(-4.10410836530293,2.9856863809777,-2.8899999999482));
#12146=CARTESIAN_POINT('',(-4.29288200776785,2.9856863809777,-2.8899999999482));
#12147=CARTESIAN_POINT('',(-4.10410836530293,2.9856863809777,-2.8899999999482));
#12148=CARTESIAN_POINT('',(-4.29288200776785,2.9856863809777,-2.8899999999482));
#12149=CARTESIAN_POINT('Origin',(-4.29288200776785,2.9856863809777,-2.8899999999482));
#12150=CARTESIAN_POINT('',(-4.81136889001312,1.63095788799417,-2.8899999999482));
#12151=CARTESIAN_POINT('',(-4.29288200776785,2.9856863809777,-2.8899999999482));
#12152=CARTESIAN_POINT('',(-4.81136889001312,1.63095788799417,-2.8899999999482));
#12153=CARTESIAN_POINT('Origin',(-4.81136889001312,1.63095788799417,-2.8899999999482));
#12154=CARTESIAN_POINT('',(-4.61661599190452,1.63095788799417,-2.8899999999482));
#12155=CARTESIAN_POINT('',(-4.81136889001312,1.63095788799417,-2.8899999999482));
#12156=CARTESIAN_POINT('',(-4.61661599190452,1.63095788799417,-2.8899999999482));
#12157=CARTESIAN_POINT('Origin',(-4.61661599190452,1.63095788799417,-2.8899999999482));
#12158=CARTESIAN_POINT('',(-4.47823893272209,1.99996337914731,-2.8899999999482));
#12159=CARTESIAN_POINT('',(-4.61661599190452,1.63095788799417,-2.8899999999482));
#12160=CARTESIAN_POINT('',(-4.47823893272209,1.99996337914731,-2.8899999999482));
#12161=CARTESIAN_POINT('Origin',(-4.47823893272209,1.99996337914731,-2.8899999999482));
#12162=CARTESIAN_POINT('',(-3.91362636408268,1.99996337914731,-2.8899999999482));
#12163=CARTESIAN_POINT('',(-4.47823893272209,1.99996337914731,-2.8899999999482));
#12164=CARTESIAN_POINT('',(-3.91362636408268,1.99996337914731,-2.8899999999482));
#12165=CARTESIAN_POINT('Origin',(-3.91362636408268,1.99996337914731,-2.8899999999482));
#12166=CARTESIAN_POINT('',(-3.78293691929928,1.63095788799417,-2.8899999999482));
#12167=CARTESIAN_POINT('',(-3.91362636408268,1.99996337914731,-2.8899999999482));
#12168=CARTESIAN_POINT('',(-3.78293691929928,1.63095788799417,-2.8899999999482));
#12169=CARTESIAN_POINT('Origin',(-3.78293691929928,1.63095788799417,-2.8899999999482));
#12170=CARTESIAN_POINT('',(-3.58818402119067,1.63095788799417,-2.8899999999482));
#12171=CARTESIAN_POINT('',(-3.78293691929928,1.63095788799417,-2.8899999999482));
#12172=CARTESIAN_POINT('',(-3.58818402119067,1.63095788799417,-2.8899999999482));
#12173=CARTESIAN_POINT('Origin',(-3.58818402119067,1.63095788799417,-2.8899999999482));
#12174=CARTESIAN_POINT('',(-3.58818402119067,1.63095788799417,-2.8899999999482));
#12175=CARTESIAN_POINT('Ctrl Pts',(-4.42271727317359,2.15627820526079,-2.8899999999482));
#12176=CARTESIAN_POINT('Ctrl Pts',(-4.42271727317359,2.15627820526079,-2.90200000001036));
#12177=CARTESIAN_POINT('Ctrl Pts',(-4.38298632085492,2.26504168723315,-2.8899999999482));
#12178=CARTESIAN_POINT('Ctrl Pts',(-4.38298632085492,2.26504168723315,-2.90200000001036));
#12179=CARTESIAN_POINT('Ctrl Pts',(-4.32499544408379,2.42191135041318,-2.8899999999482));
#12180=CARTESIAN_POINT('Ctrl Pts',(-4.32499544408379,2.42191135041318,-2.90200000001036));
#12181=CARTESIAN_POINT('Ctrl Pts',(-4.24125206822811,2.65617314043394,-2.8899999999482));
#12182=CARTESIAN_POINT('Ctrl Pts',(-4.24125206822811,2.65617314043394,-2.90200000001036));
#12183=CARTESIAN_POINT('Ctrl Pts',(-4.21008405834612,2.73146697025421,-2.8899999999482));
#12184=CARTESIAN_POINT('Ctrl Pts',(-4.21008405834612,2.73146697025421,-2.90200000001036));
#12185=CARTESIAN_POINT('Ctrl Pts',(-4.19635973809122,2.81228796731083,-2.8899999999482));
#12186=CARTESIAN_POINT('Ctrl Pts',(-4.19635973809122,2.81228796731083,-2.90200000001036));
#12187=CARTESIAN_POINT('Ctrl Pts',(-4.42271727317359,2.15627820526079,-2.8999999999482));
#12188=CARTESIAN_POINT('Ctrl Pts',(-4.38298632085492,2.26504168723315,-2.8999999999482));
#12189=CARTESIAN_POINT('Ctrl Pts',(-4.32499544408379,2.42191135041318,-2.8999999999482));
#12190=CARTESIAN_POINT('Ctrl Pts',(-4.24125206822811,2.65617314043394,-2.8999999999482));
#12191=CARTESIAN_POINT('Ctrl Pts',(-4.21008405834612,2.73146697025421,-2.8999999999482));
#12192=CARTESIAN_POINT('Ctrl Pts',(-4.19635973809122,2.81228796731083,-2.8999999999482));
#12193=CARTESIAN_POINT('Ctrl Pts',(-4.42271727317359,2.15627820526079,-2.8899999999482));
#12194=CARTESIAN_POINT('Ctrl Pts',(-4.38298632085492,2.26504168723315,-2.8899999999482));
#12195=CARTESIAN_POINT('Ctrl Pts',(-4.32499544408379,2.42191135041318,-2.8899999999482));
#12196=CARTESIAN_POINT('Ctrl Pts',(-4.24125206822811,2.65617314043394,-2.8899999999482));
#12197=CARTESIAN_POINT('Ctrl Pts',(-4.21008405834612,2.73146697025421,-2.8899999999482));
#12198=CARTESIAN_POINT('Ctrl Pts',(-4.19635973809122,2.81228796731083,-2.8899999999482));
#12199=CARTESIAN_POINT('Origin',(-4.26273659389761,2.9856863809777,-2.8899999999482));
#12200=CARTESIAN_POINT('Origin',(1.9,-3.25,-2.9));
#12201=CARTESIAN_POINT('Origin',(-3.10557267280751,2.25707137182577,-2.8899999999482));
#12202=CARTESIAN_POINT('',(-3.10557267280751,2.25707137182577,-2.8899999999482));
#12203=CARTESIAN_POINT('',(-3.10557267280751,2.25707137182577,-2.8899999999482));
#12204=CARTESIAN_POINT('',(-3.10557267280751,2.25280047493743,-2.8899999999482));
#12205=CARTESIAN_POINT('',(-3.10557267280751,2.25707137182577,-2.8899999999482));
#12206=CARTESIAN_POINT('',(-3.10557267280751,2.25280047493743,-2.8899999999482));
#12207=CARTESIAN_POINT('Ctrl Pts',(-3.10557267280751,2.25280047493743,-2.8899999999482));
#12208=CARTESIAN_POINT('Ctrl Pts',(-3.10557267280751,2.25280047493743,-2.9019999999482));
#12209=CARTESIAN_POINT('Ctrl Pts',(-3.16707619794392,2.22624213453761,-2.8899999999482));
#12210=CARTESIAN_POINT('Ctrl Pts',(-3.16707619794392,2.22624213453761,-2.9019999999482));
#12211=CARTESIAN_POINT('Ctrl Pts',(-3.23934660115584,2.15313756221201,-2.8899999999482));
#12212=CARTESIAN_POINT('Ctrl Pts',(-3.23934660115584,2.15313756221201,-2.9019999999482));
#12213=CARTESIAN_POINT('Ctrl Pts',(-3.39536141661674,1.88929237171164,-2.8899999999482));
#12214=CARTESIAN_POINT('Ctrl Pts',(-3.39536141661674,1.88929237171164,-2.9019999999482));
#12215=CARTESIAN_POINT('Ctrl Pts',(-3.49396662283893,1.74104985151685,-2.8899999999482));
#12216=CARTESIAN_POINT('Ctrl Pts',(-3.49396662283893,1.74104985151685,-2.9019999999482));
#12217=CARTESIAN_POINT('Ctrl Pts',(-3.56341281923826,1.63095788799417,-2.8899999999482));
#12218=CARTESIAN_POINT('Ctrl Pts',(-3.56341281923826,1.63095788799417,-2.9019999999482));
#12219=CARTESIAN_POINT('',(-3.56341281923826,1.63095788799417,-2.8899999999482));
#12220=CARTESIAN_POINT('Ctrl Pts',(-3.10557267280751,2.25280047493743,-2.8899999999482));
#12221=CARTESIAN_POINT('Ctrl Pts',(-3.16707619794392,2.22624213453761,-2.8899999999482));
#12222=CARTESIAN_POINT('Ctrl Pts',(-3.23934660115584,2.15313756221201,-2.8899999999482));
#12223=CARTESIAN_POINT('Ctrl Pts',(-3.39536141661674,1.88929237171164,-2.8899999999482));
#12224=CARTESIAN_POINT('Ctrl Pts',(-3.49396662283893,1.74104985151685,-2.8899999999482));
#12225=CARTESIAN_POINT('Ctrl Pts',(-3.56341281923826,1.63095788799417,-2.8899999999482));
#12226=CARTESIAN_POINT('',(-3.56341281923826,1.63095788799417,-2.8899999999482));
#12227=CARTESIAN_POINT('Origin',(-3.56341281923826,1.63095788799417,-2.8899999999482));
#12228=CARTESIAN_POINT('',(-3.35755558921996,1.63095788799417,-2.8899999999482));
#12229=CARTESIAN_POINT('',(-3.56341281923826,1.63095788799417,-2.8899999999482));
#12230=CARTESIAN_POINT('',(-3.35755558921996,1.63095788799417,-2.8899999999482));
#12231=CARTESIAN_POINT('Ctrl Pts',(-3.35755558921996,1.63095788799417,-2.8899999999482));
#12232=CARTESIAN_POINT('Ctrl Pts',(-3.35755558921996,1.63095788799417,-2.9019999999482));
#12233=CARTESIAN_POINT('Ctrl Pts',(-3.31832686453776,1.69555255495208,-2.8899999999482));
#12234=CARTESIAN_POINT('Ctrl Pts',(-3.31832686453776,1.69555255495208,-2.9019999999482));
#12235=CARTESIAN_POINT('Ctrl Pts',(-3.23988382895737,1.82310497584026,-2.8899999999482));
#12236=CARTESIAN_POINT('Ctrl Pts',(-3.23988382895737,1.82310497584026,-2.9019999999482));
#12237=CARTESIAN_POINT('Ctrl Pts',(-3.12213279288274,2.02425508533832,-2.8899999999482));
#12238=CARTESIAN_POINT('Ctrl Pts',(-3.12213279288274,2.02425508533832,-2.9019999999482));
#12239=CARTESIAN_POINT('Ctrl Pts',(-2.98917007405939,2.21464820516264,-2.8899999999482));
#12240=CARTESIAN_POINT('Ctrl Pts',(-2.98917007405939,2.21464820516264,-2.9019999999482));
#12241=CARTESIAN_POINT('Ctrl Pts',(-2.8190041730847,2.19898717414426,-2.8899999999482));
#12242=CARTESIAN_POINT('Ctrl Pts',(-2.8190041730847,2.19898717414426,-2.9019999999482));
#12243=CARTESIAN_POINT('Ctrl Pts',(-2.74340061667572,2.19898717414426,-2.8899999999482));
#12244=CARTESIAN_POINT('Ctrl Pts',(-2.74340061667572,2.19898717414426,-2.9019999999482));
#12245=CARTESIAN_POINT('',(-2.74340061667572,2.19898717414426,-2.8899999999482));
#12246=CARTESIAN_POINT('Ctrl Pts',(-3.35755558921996,1.63095788799417,-2.8899999999482));
#12247=CARTESIAN_POINT('Ctrl Pts',(-3.31832686453776,1.69555255495208,-2.8899999999482));
#12248=CARTESIAN_POINT('Ctrl Pts',(-3.23988382895737,1.82310497584026,-2.8899999999482));
#12249=CARTESIAN_POINT('Ctrl Pts',(-3.12213279288274,2.02425508533832,-2.8899999999482));
#12250=CARTESIAN_POINT('Ctrl Pts',(-2.98917007405939,2.21464820516264,-2.8899999999482));
#12251=CARTESIAN_POINT('Ctrl Pts',(-2.8190041730847,2.19898717414426,-2.8899999999482));
#12252=CARTESIAN_POINT('Ctrl Pts',(-2.74340061667572,2.19898717414426,-2.8899999999482));
#12253=CARTESIAN_POINT('',(-2.74340061667572,2.19898717414426,-2.8899999999482));
#12254=CARTESIAN_POINT('Origin',(-2.74340061667572,2.19898717414426,-2.8899999999482));
#12255=CARTESIAN_POINT('',(-2.74340061667572,1.63095788799417,-2.8899999999482));
#12256=CARTESIAN_POINT('',(-2.74340061667572,2.19898717414426,-2.8899999999482));
#12257=CARTESIAN_POINT('',(-2.74340061667572,1.63095788799417,-2.8899999999482));
#12258=CARTESIAN_POINT('Origin',(-2.74340061667572,1.63095788799417,-2.8899999999482));
#12259=CARTESIAN_POINT('',(-2.56914802363118,1.63095788799417,-2.8899999999482));
#12260=CARTESIAN_POINT('',(-2.74340061667572,1.63095788799417,-2.8899999999482));
#12261=CARTESIAN_POINT('',(-2.56914802363118,1.63095788799417,-2.8899999999482));
#12262=CARTESIAN_POINT('Origin',(-2.56914802363118,1.63095788799417,-2.8899999999482));
#12263=CARTESIAN_POINT('',(-2.56914802363118,2.9856863809777,-2.8899999999482));
#12264=CARTESIAN_POINT('',(-2.56914802363118,1.63095788799417,-2.8899999999482));
#12265=CARTESIAN_POINT('',(-2.56914802363118,2.9856863809777,-2.8899999999482));
#12266=CARTESIAN_POINT('Ctrl Pts',(-2.74340061667572,2.35530200025774,-2.8899999999482));
#12267=CARTESIAN_POINT('Ctrl Pts',(-2.74340061667572,2.35530200025774,-2.90200000001036));
#12268=CARTESIAN_POINT('Ctrl Pts',(-2.8461807370054,2.35530200025774,-2.8899999999482));
#12269=CARTESIAN_POINT('Ctrl Pts',(-2.8461807370054,2.35530200025774,-2.90200000001036));
#12270=CARTESIAN_POINT('Ctrl Pts',(-3.01648184229997,2.32986434639641,-2.8899999999482));
#12271=CARTESIAN_POINT('Ctrl Pts',(-3.01648184229997,2.32986434639641,-2.90200000001036));
#12272=CARTESIAN_POINT('Ctrl Pts',(-3.18857973525911,2.44226689416808,-2.8899999999482));
#12273=CARTESIAN_POINT('Ctrl Pts',(-3.18857973525911,2.44226689416808,-2.90200000001036));
#12274=CARTESIAN_POINT('Ctrl Pts',(-3.23998130122183,2.60018320411192,-2.8899999999482));
#12275=CARTESIAN_POINT('Ctrl Pts',(-3.23998130122183,2.60018320411192,-2.90200000001036));
#12276=CARTESIAN_POINT('Ctrl Pts',(-3.19187278017803,2.75989753729811,-2.8899999999482));
#12277=CARTESIAN_POINT('Ctrl Pts',(-3.19187278017803,2.75989753729811,-2.90200000001036));
#12278=CARTESIAN_POINT('Ctrl Pts',(-3.07113041916391,2.82909399693331,-2.8899999999482));
#12279=CARTESIAN_POINT('Ctrl Pts',(-3.07113041916391,2.82909399693331,-2.90200000001036));
#12280=CARTESIAN_POINT('Ctrl Pts',(-2.89197365170379,2.83054908775862,-2.8899999999482));
#12281=CARTESIAN_POINT('Ctrl Pts',(-2.89197365170379,2.83054908775862,-2.90200000001036));
#12282=CARTESIAN_POINT('Ctrl Pts',(-2.79477852122642,2.83022573424188,-2.8899999999482));
#12283=CARTESIAN_POINT('Ctrl Pts',(-2.79477852122642,2.83022573424188,-2.90200000001036));
#12284=CARTESIAN_POINT('Ctrl Pts',(-2.74340061667572,2.83022573424188,-2.8899999999482));
#12285=CARTESIAN_POINT('Ctrl Pts',(-2.74340061667572,2.83022573424188,-2.90200000001036));
#12286=CARTESIAN_POINT('',(-2.74340061667572,2.35530200025774,-2.9));
#12287=CARTESIAN_POINT('',(-2.74340061667572,2.83022573424188,-2.8999999999482));
#12288=CARTESIAN_POINT('Ctrl Pts',(-2.74340061667572,2.35530200025774,-2.8999999999482));
#12289=CARTESIAN_POINT('Ctrl Pts',(-2.8461807370054,2.35530200025774,-2.8999999999482));
#12290=CARTESIAN_POINT('Ctrl Pts',(-3.01648184229997,2.32986434639641,-2.8999999999482));
#12291=CARTESIAN_POINT('Ctrl Pts',(-3.18857973525911,2.44226689416808,-2.8999999999482));
#12292=CARTESIAN_POINT('Ctrl Pts',(-3.23998130122183,2.60018320411192,-2.8999999999482));
#12293=CARTESIAN_POINT('Ctrl Pts',(-3.19187278017803,2.75989753729811,-2.8999999999482));
#12294=CARTESIAN_POINT('Ctrl Pts',(-3.07113041916391,2.82909399693331,-2.8999999999482));
#12295=CARTESIAN_POINT('Ctrl Pts',(-2.89197365170379,2.83054908775862,-2.8999999999482));
#12296=CARTESIAN_POINT('Ctrl Pts',(-2.79477852122642,2.83022573424188,-2.8999999999482));
#12297=CARTESIAN_POINT('Ctrl Pts',(-2.74340061667572,2.83022573424188,-2.8999999999482));
#12298=CARTESIAN_POINT('',(-2.74340061667572,2.35530200025774,-2.8899999999482));
#12299=CARTESIAN_POINT('',(-2.74340061667572,2.35530200025774,-2.8899999999482));
#12300=CARTESIAN_POINT('',(-2.74340061667572,2.83022573424188,-2.8899999999482));
#12301=CARTESIAN_POINT('Ctrl Pts',(-2.74340061667572,2.35530200025774,-2.8899999999482));
#12302=CARTESIAN_POINT('Ctrl Pts',(-2.8461807370054,2.35530200025774,-2.8899999999482));
#12303=CARTESIAN_POINT('Ctrl Pts',(-3.01648184229997,2.32986434639641,-2.8899999999482));
#12304=CARTESIAN_POINT('Ctrl Pts',(-3.18857973525911,2.44226689416808,-2.8899999999482));
#12305=CARTESIAN_POINT('Ctrl Pts',(-3.23998130122183,2.60018320411192,-2.8899999999482));
#12306=CARTESIAN_POINT('Ctrl Pts',(-3.19187278017803,2.75989753729811,-2.8899999999482));
#12307=CARTESIAN_POINT('Ctrl Pts',(-3.07113041916391,2.82909399693331,-2.8899999999482));
#12308=CARTESIAN_POINT('Ctrl Pts',(-2.89197365170379,2.83054908775862,-2.8899999999482));
#12309=CARTESIAN_POINT('Ctrl Pts',(-2.79477852122642,2.83022573424188,-2.8899999999482));
#12310=CARTESIAN_POINT('Ctrl Pts',(-2.74340061667572,2.83022573424188,-2.8899999999482));
#12311=CARTESIAN_POINT('',(-2.74340061667572,2.83022573424188,-2.8899999999482));
#12312=CARTESIAN_POINT('Origin',(-2.74340061667572,2.83022573424188,-2.8899999999482));
#12313=CARTESIAN_POINT('',(-2.74340061667572,2.83022573424188,-2.8999999999482));
#12314=CARTESIAN_POINT('',(-2.74340061667572,2.83022573424188,-2.8899999999482));
#12315=CARTESIAN_POINT('Ctrl Pts',(-2.56914802363118,2.9856863809777,-2.8899999999482));
#12316=CARTESIAN_POINT('Ctrl Pts',(-2.56914802363118,2.9856863809777,-2.90200000001036));
#12317=CARTESIAN_POINT('Ctrl Pts',(-2.69935828861383,2.9856863809777,-2.8899999999482));
#12318=CARTESIAN_POINT('Ctrl Pts',(-2.69935828861383,2.9856863809777,-2.90200000001036));
#12319=CARTESIAN_POINT('Ctrl Pts',(-2.95234629459565,3.00031245913656,-2.8899999999482));
#12320=CARTESIAN_POINT('Ctrl Pts',(-2.95234629459565,3.00031245913656,-2.90200000001036));
#12321=CARTESIAN_POINT('Ctrl Pts',(-3.37642344746923,2.93449510742169,-2.8899999999482));
#12322=CARTESIAN_POINT('Ctrl Pts',(-3.37642344746923,2.93449510742169,-2.90200000001036));
#12323=CARTESIAN_POINT('Ctrl Pts',(-3.45096816260032,2.46579222952734,-2.8899999999482));
#12324=CARTESIAN_POINT('Ctrl Pts',(-3.45096816260032,2.46579222952734,-2.90200000001036));
#12325=CARTESIAN_POINT('Ctrl Pts',(-3.25951793928447,2.29965197744706,-2.8899999999482));
#12326=CARTESIAN_POINT('Ctrl Pts',(-3.25951793928447,2.29965197744706,-2.90200000001036));
#12327=CARTESIAN_POINT('Ctrl Pts',(-3.10557267280751,2.25707137182577,-2.8899999999482));
#12328=CARTESIAN_POINT('Ctrl Pts',(-3.10557267280751,2.25707137182577,-2.90200000001036));
#12329=CARTESIAN_POINT('Ctrl Pts',(-2.56914802363118,2.9856863809777,-2.8899999999482));
#12330=CARTESIAN_POINT('Ctrl Pts',(-2.69935828861383,2.9856863809777,-2.8899999999482));
#12331=CARTESIAN_POINT('Ctrl Pts',(-2.95234629459565,3.00031245913656,-2.8899999999482));
#12332=CARTESIAN_POINT('Ctrl Pts',(-3.37642344746923,2.93449510742169,-2.8899999999482));
#12333=CARTESIAN_POINT('Ctrl Pts',(-3.45096816260032,2.46579222952734,-2.8899999999482));
#12334=CARTESIAN_POINT('Ctrl Pts',(-3.25951793928447,2.29965197744706,-2.8899999999482));
#12335=CARTESIAN_POINT('Ctrl Pts',(-3.10557267280751,2.25707137182577,-2.8899999999482));
#12336=CARTESIAN_POINT('Origin',(-3.35431261215446,1.96076937741234,-2.8899999999482));
#12337=CARTESIAN_POINT('Origin',(1.9,-3.25,-2.9));
#12338=CARTESIAN_POINT('Origin',(2.23981283677418,5.23029933855157,-2.8899999999482));
#12339=CARTESIAN_POINT('',(-1.3579216660961,2.08281877878123,-2.8899999999482));
#12340=CARTESIAN_POINT('',(-1.3579216660961,2.08281877878123,-2.8899999999482));
#12341=CARTESIAN_POINT('',(-1.98061843241703,2.9856863809777,-2.8899999999482));
#12342=CARTESIAN_POINT('Origin',(2.23981283677418,5.23029933855157,-2.8899999999482));
#12343=CARTESIAN_POINT('',(-1.98061843241703,2.9856863809777,-2.8899999999482));
#12344=CARTESIAN_POINT('Origin',(-1.98061843241703,2.9856863809777,-2.8899999999482));
#12345=CARTESIAN_POINT('',(-2.15914192234992,2.9856863809777,-2.8899999999482));
#12346=CARTESIAN_POINT('',(-1.98061843241703,2.9856863809777,-2.8899999999482));
#12347=CARTESIAN_POINT('',(-2.15914192234992,2.9856863809777,-2.8899999999482));
#12348=CARTESIAN_POINT('Origin',(-2.15914192234992,2.9856863809777,-2.8899999999482));
#12349=CARTESIAN_POINT('',(-2.15914192234992,2.09050639318026,-2.8899999999482));
#12350=CARTESIAN_POINT('',(-2.15914192234992,2.9856863809777,-2.8899999999482));
#12351=CARTESIAN_POINT('',(-2.15914192234992,2.09050639318026,-2.8899999999482));
#12352=CARTESIAN_POINT('Origin',(-2.15914192234992,2.09050639318026,-2.8899999999482));
#12353=CARTESIAN_POINT('',(-2.36329079361288,2.09050639318026,-2.8899999999482));
#12354=CARTESIAN_POINT('',(-2.15914192234992,2.09050639318026,-2.8899999999482));
#12355=CARTESIAN_POINT('',(-2.36329079361288,2.09050639318026,-2.8899999999482));
#12356=CARTESIAN_POINT('Origin',(-2.36329079361288,2.09050639318026,-2.8899999999482));
#12357=CARTESIAN_POINT('',(-2.36329079361288,1.94785843710948,-2.8899999999482));
#12358=CARTESIAN_POINT('',(-2.36329079361288,2.09050639318026,-2.8899999999482));
#12359=CARTESIAN_POINT('',(-2.36329079361288,1.94785843710948,-2.8899999999482));
#12360=CARTESIAN_POINT('Origin',(-2.36329079361288,1.94785843710948,-2.8899999999482));
#12361=CARTESIAN_POINT('',(-2.15914192234992,1.94785843710948,-2.8899999999482));
#12362=CARTESIAN_POINT('',(-2.36329079361288,1.94785843710948,-2.8899999999482));
#12363=CARTESIAN_POINT('',(-2.15914192234992,1.94785843710948,-2.8899999999482));
#12364=CARTESIAN_POINT('Origin',(-2.15914192234992,1.94785843710948,-2.8899999999482));
#12365=CARTESIAN_POINT('',(-2.15914192234992,1.63095788799417,-2.8899999999482));
#12366=CARTESIAN_POINT('',(-2.15914192234992,1.94785843710948,-2.8899999999482));
#12367=CARTESIAN_POINT('',(-2.15914192234992,1.63095788799417,-2.8899999999482));
#12368=CARTESIAN_POINT('Origin',(-2.15914192234992,1.63095788799417,-2.8899999999482));
#12369=CARTESIAN_POINT('',(-1.99172276432673,1.63095788799417,-2.8899999999482));
#12370=CARTESIAN_POINT('',(-2.15914192234992,1.63095788799417,-2.8899999999482));
#12371=CARTESIAN_POINT('',(-1.99172276432673,1.63095788799417,-2.8899999999482));
#12372=CARTESIAN_POINT('Origin',(-1.99172276432673,1.63095788799417,-2.8899999999482));
#12373=CARTESIAN_POINT('',(-1.99172276432673,1.94785843710948,-2.8899999999482));
#12374=CARTESIAN_POINT('',(-1.99172276432673,1.63095788799417,-2.8899999999482));
#12375=CARTESIAN_POINT('',(-1.99172276432673,1.94785843710948,-2.8899999999482));
#12376=CARTESIAN_POINT('Origin',(-1.99172276432673,1.94785843710948,-2.8899999999482));
#12377=CARTESIAN_POINT('',(-1.3579216660961,1.94785843710948,-2.8899999999482));
#12378=CARTESIAN_POINT('',(-1.99172276432673,1.94785843710948,-2.8899999999482));
#12379=CARTESIAN_POINT('',(-1.3579216660961,1.94785843710948,-2.8899999999482));
#12380=CARTESIAN_POINT('Origin',(-1.55096620544937,2.09050639318026,-2.8899999999482));
#12381=CARTESIAN_POINT('',(-1.55096620544937,2.09050639318026,-2.9));
#12382=CARTESIAN_POINT('',(-1.99172276432673,2.09050639318026,-2.8999999999482));
#12383=CARTESIAN_POINT('',(-1.55096620544937,2.09050639318026,-2.8999999999482));
#12384=CARTESIAN_POINT('',(-1.55096620544937,2.09050639318026,-2.8899999999482));
#12385=CARTESIAN_POINT('',(-1.55096620544937,2.09050639318026,-2.8899999999482));
#12386=CARTESIAN_POINT('',(-1.99172276432673,2.09050639318026,-2.8899999999482));
#12387=CARTESIAN_POINT('',(-1.55096620544937,2.09050639318026,-2.8899999999482));
#12388=CARTESIAN_POINT('',(-1.99172276432673,2.09050639318026,-2.8899999999482));
#12389=CARTESIAN_POINT('Origin',(-1.99172276432673,2.09050639318026,-2.8899999999482));
#12390=CARTESIAN_POINT('',(-1.99172276432673,2.73626600269826,-2.8999999999482));
#12391=CARTESIAN_POINT('',(-1.99172276432673,2.09050639318026,-2.8999999999482));
#12392=CARTESIAN_POINT('',(-1.99172276432673,2.73626600269826,-2.8899999999482));
#12393=CARTESIAN_POINT('',(-1.99172276432673,2.09050639318026,-2.8899999999482));
#12394=CARTESIAN_POINT('',(-1.99172276432673,2.73626600269826,-2.8899999999482));
#12395=CARTESIAN_POINT('Origin',(1.80542223268086,4.85467141786724,-2.8899999999482));
#12396=CARTESIAN_POINT('Origin',(1.80542223268086,4.85467141786724,-2.8999999999482));
#12397=CARTESIAN_POINT('Origin',(1.80542223268086,4.85467141786724,-2.8899999999482));
#12398=CARTESIAN_POINT('Origin',(-1.3579216660961,1.94785843710948,-2.8899999999482));
#12399=CARTESIAN_POINT('',(-1.3579216660961,1.94785843710948,-2.8899999999482));
#12400=CARTESIAN_POINT('Origin',(2.23981283677418,5.23029933855157,-2.8899999999482));
#12401=CARTESIAN_POINT('Origin',(1.9,-3.25,-2.9));
#12402=CARTESIAN_POINT('Ctrl Pts',(-0.890685546510991,2.33821841270436,
-2.8899999999482));
#12403=CARTESIAN_POINT('Ctrl Pts',(-0.890685546510991,2.33821841270436,
-2.90200000001036));
#12404=CARTESIAN_POINT('Ctrl Pts',(-1.03571944050307,2.32308444115736,-2.8899999999482));
#12405=CARTESIAN_POINT('Ctrl Pts',(-1.03571944050307,2.32308444115736,-2.90200000001036));
#12406=CARTESIAN_POINT('Ctrl Pts',(-1.25899256132484,2.16812426173911,-2.8899999999482));
#12407=CARTESIAN_POINT('Ctrl Pts',(-1.25899256132484,2.16812426173911,-2.90200000001036));
#12408=CARTESIAN_POINT('Ctrl Pts',(-1.17088603813174,1.716551705005,-2.8899999999482));
#12409=CARTESIAN_POINT('Ctrl Pts',(-1.17088603813174,1.716551705005,-2.90200000001036));
#12410=CARTESIAN_POINT('Ctrl Pts',(-0.800032831607525,1.57547861917001,
-2.8899999999482));
#12411=CARTESIAN_POINT('Ctrl Pts',(-0.800032831607525,1.57547861917001,
-2.90200000001036));
#12412=CARTESIAN_POINT('Ctrl Pts',(-0.506050483028687,1.62444566598434,
-2.8899999999482));
#12413=CARTESIAN_POINT('Ctrl Pts',(-0.506050483028687,1.62444566598434,
-2.90200000001036));
#12414=CARTESIAN_POINT('Ctrl Pts',(-0.413199274393845,1.68135447127666,
-2.8899999999482));
#12415=CARTESIAN_POINT('Ctrl Pts',(-0.413199274393845,1.68135447127666,
-2.90200000001036));
#12416=CARTESIAN_POINT('',(-0.890685546510991,2.33821841270436,-2.8899999999482));
#12417=CARTESIAN_POINT('',(-0.890685546510991,2.33821841270436,-2.8899999999482));
#12418=CARTESIAN_POINT('',(-0.413199274393845,1.68135447127666,-2.8899999999482));
#12419=CARTESIAN_POINT('Ctrl Pts',(-0.890685546510991,2.33821841270436,
-2.8899999999482));
#12420=CARTESIAN_POINT('Ctrl Pts',(-1.03571944050307,2.32308444115736,-2.8899999999482));
#12421=CARTESIAN_POINT('Ctrl Pts',(-1.25899256132484,2.16812426173911,-2.8899999999482));
#12422=CARTESIAN_POINT('Ctrl Pts',(-1.17088603813174,1.716551705005,-2.8899999999482));
#12423=CARTESIAN_POINT('Ctrl Pts',(-0.800032831607525,1.57547861917001,
-2.8899999999482));
#12424=CARTESIAN_POINT('Ctrl Pts',(-0.506050483028687,1.62444566598434,
-2.8899999999482));
#12425=CARTESIAN_POINT('Ctrl Pts',(-0.413199274393845,1.68135447127666,
-2.8899999999482));
#12426=CARTESIAN_POINT('',(-0.413199274393845,1.68135447127666,-2.8899999999482));
#12427=CARTESIAN_POINT('Origin',(-0.413199274393845,1.68135447127666,-2.8899999999482));
#12428=CARTESIAN_POINT('',(-0.413199274393845,1.85987796120954,-2.8899999999482));
#12429=CARTESIAN_POINT('',(-0.413199274393845,1.68135447127666,-2.8899999999482));
#12430=CARTESIAN_POINT('',(-0.413199274393845,1.85987796120954,-2.8899999999482));
#12431=CARTESIAN_POINT('Ctrl Pts',(-0.413199274393845,1.85987796120954,
-2.8899999999482));
#12432=CARTESIAN_POINT('Ctrl Pts',(-0.413199274393845,1.85987796120954,
-2.9019999999482));
#12433=CARTESIAN_POINT('Ctrl Pts',(-0.509560143748514,1.78473416400636,
-2.8899999999482));
#12434=CARTESIAN_POINT('Ctrl Pts',(-0.509560143748514,1.78473416400636,
-2.9019999999482));
#12435=CARTESIAN_POINT('Ctrl Pts',(-0.741888375511639,1.70543950668358,
-2.8899999999482));
#12436=CARTESIAN_POINT('Ctrl Pts',(-0.741888375511639,1.70543950668358,
-2.9019999999482));
#12437=CARTESIAN_POINT('Ctrl Pts',(-1.03852180677301,1.83740980981812,-2.8899999999482));
#12438=CARTESIAN_POINT('Ctrl Pts',(-1.03852180677301,1.83740980981812,-2.9019999999482));
#12439=CARTESIAN_POINT('Ctrl Pts',(-1.03845863372936,2.09096844623467,-2.8899999999482));
#12440=CARTESIAN_POINT('Ctrl Pts',(-1.03845863372936,2.09096844623467,-2.9019999999482));
#12441=CARTESIAN_POINT('Ctrl Pts',(-0.927031606563713,2.25312834999634,
-2.8899999999482));
#12442=CARTESIAN_POINT('Ctrl Pts',(-0.927031606563713,2.25312834999634,
-2.9019999999482));
#12443=CARTESIAN_POINT('Ctrl Pts',(-0.66917446701313,2.25963390995878,-2.8899999999482));
#12444=CARTESIAN_POINT('Ctrl Pts',(-0.66917446701313,2.25963390995878,-2.9019999999482));
#12445=CARTESIAN_POINT('Ctrl Pts',(-0.551576333576273,2.25963390995878,
-2.8899999999482));
#12446=CARTESIAN_POINT('Ctrl Pts',(-0.551576333576273,2.25963390995878,
-2.9019999999482));
#12447=CARTESIAN_POINT('',(-0.551576333576273,2.25963390995878,-2.8899999999482));
#12448=CARTESIAN_POINT('Ctrl Pts',(-0.413199274393845,1.85987796120954,
-2.8899999999482));
#12449=CARTESIAN_POINT('Ctrl Pts',(-0.509560143748514,1.78473416400636,
-2.8899999999482));
#12450=CARTESIAN_POINT('Ctrl Pts',(-0.741888375511639,1.70543950668358,
-2.8899999999482));
#12451=CARTESIAN_POINT('Ctrl Pts',(-1.03852180677301,1.83740980981812,-2.8899999999482));
#12452=CARTESIAN_POINT('Ctrl Pts',(-1.03845863372936,2.09096844623467,-2.8899999999482));
#12453=CARTESIAN_POINT('Ctrl Pts',(-0.927031606563713,2.25312834999634,
-2.8899999999482));
#12454=CARTESIAN_POINT('Ctrl Pts',(-0.66917446701313,2.25963390995878,-2.8899999999482));
#12455=CARTESIAN_POINT('Ctrl Pts',(-0.551576333576273,2.25963390995878,
-2.8899999999482));
#12456=CARTESIAN_POINT('',(-0.551576333576273,2.25963390995878,-2.8899999999482));
#12457=CARTESIAN_POINT('Origin',(-0.551576333576273,2.25963390995878,-2.8899999999482));
#12458=CARTESIAN_POINT('',(-0.551576333576273,2.40228186602956,-2.8899999999482));
#12459=CARTESIAN_POINT('',(-0.551576333576273,2.25963390995878,-2.8899999999482));
#12460=CARTESIAN_POINT('',(-0.551576333576273,2.40228186602956,-2.8899999999482));
#12461=CARTESIAN_POINT('Ctrl Pts',(-0.551576333576273,2.40228186602956,
-2.8899999999482));
#12462=CARTESIAN_POINT('Ctrl Pts',(-0.551576333576273,2.40228186602956,
-2.9019999999482));
#12463=CARTESIAN_POINT('Ctrl Pts',(-0.655578927226607,2.40228186602956,
-2.8899999999482));
#12464=CARTESIAN_POINT('Ctrl Pts',(-0.655578927226607,2.40228186602956,
-2.9019999999482));
#12465=CARTESIAN_POINT('Ctrl Pts',(-0.869984281268723,2.40623774491163,
-2.8899999999482));
#12466=CARTESIAN_POINT('Ctrl Pts',(-0.869984281268723,2.40623774491163,
-2.9019999999482));
#12467=CARTESIAN_POINT('Ctrl Pts',(-0.981354041072827,2.53497360341759,
-2.8899999999482));
#12468=CARTESIAN_POINT('Ctrl Pts',(-0.981354041072827,2.53497360341759,
-2.9019999999482));
#12469=CARTESIAN_POINT('Ctrl Pts',(-0.998936984500281,2.75702256489098,
-2.8899999999482));
#12470=CARTESIAN_POINT('Ctrl Pts',(-0.998936984500281,2.75702256489098,
-2.9019999999482));
#12471=CARTESIAN_POINT('Ctrl Pts',(-0.845617770469349,2.90220145384619,
-2.8899999999482));
#12472=CARTESIAN_POINT('Ctrl Pts',(-0.845617770469349,2.90220145384619,
-2.9019999999482));
#12473=CARTESIAN_POINT('Ctrl Pts',(-0.573433354558716,2.85173304629873,
-2.8899999999482));
#12474=CARTESIAN_POINT('Ctrl Pts',(-0.573433354558716,2.85173304629873,
-2.9019999999482));
#12475=CARTESIAN_POINT('Ctrl Pts',(-0.465304216431674,2.76872481904969,
-2.8899999999482));
#12476=CARTESIAN_POINT('Ctrl Pts',(-0.465304216431674,2.76872481904969,
-2.9019999999482));
#12477=CARTESIAN_POINT('',(-0.465304216431674,2.76872481904969,-2.8899999999482));
#12478=CARTESIAN_POINT('Ctrl Pts',(-0.551576333576273,2.40228186602956,
-2.8899999999482));
#12479=CARTESIAN_POINT('Ctrl Pts',(-0.655578927226607,2.40228186602956,
-2.8899999999482));
#12480=CARTESIAN_POINT('Ctrl Pts',(-0.869984281268723,2.40623774491163,
-2.8899999999482));
#12481=CARTESIAN_POINT('Ctrl Pts',(-0.981354041072827,2.53497360341759,
-2.8899999999482));
#12482=CARTESIAN_POINT('Ctrl Pts',(-0.998936984500281,2.75702256489098,
-2.8899999999482));
#12483=CARTESIAN_POINT('Ctrl Pts',(-0.845617770469349,2.90220145384619,
-2.8899999999482));
#12484=CARTESIAN_POINT('Ctrl Pts',(-0.573433354558716,2.85173304629873,
-2.8899999999482));
#12485=CARTESIAN_POINT('Ctrl Pts',(-0.465304216431674,2.76872481904969,
-2.8899999999482));
#12486=CARTESIAN_POINT('',(-0.465304216431674,2.76872481904969,-2.8899999999482));
#12487=CARTESIAN_POINT('Origin',(-0.465304216431674,2.76872481904969,-2.8899999999482));
#12488=CARTESIAN_POINT('',(-0.465304216431674,2.93101890080686,-2.8899999999482));
#12489=CARTESIAN_POINT('',(-0.465304216431674,2.76872481904969,-2.8899999999482));
#12490=CARTESIAN_POINT('',(-0.465304216431674,2.93101890080686,-2.8899999999482));
#12491=CARTESIAN_POINT('Ctrl Pts',(-0.465304216431674,2.93101890080686,
-2.8899999999482));
#12492=CARTESIAN_POINT('Ctrl Pts',(-0.465304216431674,2.93101890080686,
-2.9019999999482));
#12493=CARTESIAN_POINT('Ctrl Pts',(-0.656686624792657,3.04143182870743,
-2.8899999999482));
#12494=CARTESIAN_POINT('Ctrl Pts',(-0.656686624792657,3.04143182870743,
-2.9019999999482));
#12495=CARTESIAN_POINT('Ctrl Pts',(-1.13106690361502,3.06114346941699,-2.8899999999482));
#12496=CARTESIAN_POINT('Ctrl Pts',(-1.13106690361502,3.06114346941699,-2.9019999999482));
#12497=CARTESIAN_POINT('Ctrl Pts',(-1.18747983007871,2.51077033819499,-2.8899999999482));
#12498=CARTESIAN_POINT('Ctrl Pts',(-1.18747983007871,2.51077033819499,-2.9019999999482));
#12499=CARTESIAN_POINT('Ctrl Pts',(-1.01908030143615,2.37753698111828,-2.8899999999482));
#12500=CARTESIAN_POINT('Ctrl Pts',(-1.01908030143615,2.37753698111828,-2.9019999999482));
#12501=CARTESIAN_POINT('Ctrl Pts',(-0.890685546510991,2.34163513021504,
-2.8899999999482));
#12502=CARTESIAN_POINT('Ctrl Pts',(-0.890685546510991,2.34163513021504,
-2.9019999999482));
#12503=CARTESIAN_POINT('',(-0.890685546510991,2.34163513021504,-2.8899999999482));
#12504=CARTESIAN_POINT('Ctrl Pts',(-0.465304216431674,2.93101890080686,
-2.8899999999482));
#12505=CARTESIAN_POINT('Ctrl Pts',(-0.656686624792657,3.04143182870743,
-2.8899999999482));
#12506=CARTESIAN_POINT('Ctrl Pts',(-1.13106690361502,3.06114346941699,-2.8899999999482));
#12507=CARTESIAN_POINT('Ctrl Pts',(-1.18747983007871,2.51077033819499,-2.8899999999482));
#12508=CARTESIAN_POINT('Ctrl Pts',(-1.01908030143615,2.37753698111828,-2.8899999999482));
#12509=CARTESIAN_POINT('Ctrl Pts',(-0.890685546510991,2.34163513021504,
-2.8899999999482));
#12510=CARTESIAN_POINT('',(-0.890685546510991,2.34163513021504,-2.8899999999482));
#12511=CARTESIAN_POINT('Origin',(-0.890685546510991,2.34163513021504,-2.8899999999482));
#12512=CARTESIAN_POINT('',(-0.890685546510991,2.34163513021504,-2.8899999999482));
#12513=CARTESIAN_POINT('Origin',(-1.12376159090989,1.76830161682152,-2.8899999999482));
#12514=CARTESIAN_POINT('Origin',(0.666483458980163,2.9856863809777,-2.8899999999482));
#12515=CARTESIAN_POINT('',(0.666483458980163,2.9856863809777,-2.8899999999482));
#12516=CARTESIAN_POINT('',(0.666483458980163,2.9856863809777,-2.8899999999482));
#12517=CARTESIAN_POINT('',(-0.196237712465841,2.9856863809777,-2.8899999999482));
#12518=CARTESIAN_POINT('',(0.666483458980163,2.9856863809777,-2.8899999999482));
#12519=CARTESIAN_POINT('',(-0.196237712465841,2.9856863809777,-2.8899999999482));
#12520=CARTESIAN_POINT('Origin',(-0.196237712465841,2.9856863809777,-2.8899999999482));
#12521=CARTESIAN_POINT('',(-0.196237712465841,2.8797681381467,-2.8899999999482));
#12522=CARTESIAN_POINT('',(-0.196237712465841,2.9856863809777,-2.8899999999482));
#12523=CARTESIAN_POINT('',(-0.196237712465841,2.8797681381467,-2.8899999999482));
#12524=CARTESIAN_POINT('Ctrl Pts',(-0.196237712465841,2.8797681381467,-2.8899999999482));
#12525=CARTESIAN_POINT('Ctrl Pts',(-0.196237712465841,2.8797681381467,-2.9019999999482));
#12526=CARTESIAN_POINT('Ctrl Pts',(-0.133589117895968,2.77060202425549,
-2.8899999999482));
#12527=CARTESIAN_POINT('Ctrl Pts',(-0.133589117895968,2.77060202425549,
-2.9019999999482));
#12528=CARTESIAN_POINT('Ctrl Pts',(-0.0188700480582321,2.55641228489627,
-2.8899999999482));
#12529=CARTESIAN_POINT('Ctrl Pts',(-0.0188700480582321,2.55641228489627,
-2.9019999999482));
#12530=CARTESIAN_POINT('Ctrl Pts',(0.0888130582490198,2.32233207365186,
-2.8899999999482));
#12531=CARTESIAN_POINT('Ctrl Pts',(0.0888130582490198,2.32233207365186,
-2.9019999999482));
#12532=CARTESIAN_POINT('Ctrl Pts',(0.171085179355887,2.11332074701526,-2.8899999999482));
#12533=CARTESIAN_POINT('Ctrl Pts',(0.171085179355887,2.11332074701526,-2.9019999999482));
#12534=CARTESIAN_POINT('Ctrl Pts',(0.249312246822929,1.87441309771619,-2.8899999999482));
#12535=CARTESIAN_POINT('Ctrl Pts',(0.249312246822929,1.87441309771619,-2.9019999999482));
#12536=CARTESIAN_POINT('Ctrl Pts',(0.280096739447122,1.72465235960915,-2.8899999999482));
#12537=CARTESIAN_POINT('Ctrl Pts',(0.280096739447122,1.72465235960915,-2.9019999999482));
#12538=CARTESIAN_POINT('Ctrl Pts',(0.291498712183337,1.63095788799417,-2.8899999999482));
#12539=CARTESIAN_POINT('Ctrl Pts',(0.291498712183337,1.63095788799417,-2.9019999999482));
#12540=CARTESIAN_POINT('',(0.291498712183337,1.63095788799417,-2.8899999999482));
#12541=CARTESIAN_POINT('Ctrl Pts',(-0.196237712465841,2.8797681381467,-2.8899999999482));
#12542=CARTESIAN_POINT('Ctrl Pts',(-0.133589117895968,2.77060202425549,
-2.8899999999482));
#12543=CARTESIAN_POINT('Ctrl Pts',(-0.0188700480582321,2.55641228489627,
-2.8899999999482));
#12544=CARTESIAN_POINT('Ctrl Pts',(0.0888130582490198,2.32233207365186,
-2.8899999999482));
#12545=CARTESIAN_POINT('Ctrl Pts',(0.171085179355887,2.11332074701526,-2.8899999999482));
#12546=CARTESIAN_POINT('Ctrl Pts',(0.249312246822929,1.87441309771619,-2.8899999999482));
#12547=CARTESIAN_POINT('Ctrl Pts',(0.280096739447122,1.72465235960915,-2.8899999999482));
#12548=CARTESIAN_POINT('Ctrl Pts',(0.291498712183337,1.63095788799417,-2.8899999999482));
#12549=CARTESIAN_POINT('',(0.291498712183337,1.63095788799417,-2.8899999999482));
#12550=CARTESIAN_POINT('Origin',(0.291498712183337,1.63095788799417,-2.8899999999482));
#12551=CARTESIAN_POINT('',(0.470022202116222,1.63095788799417,-2.8899999999482));
#12552=CARTESIAN_POINT('',(0.291498712183337,1.63095788799417,-2.8899999999482));
#12553=CARTESIAN_POINT('',(0.470022202116222,1.63095788799417,-2.8899999999482));
#12554=CARTESIAN_POINT('Ctrl Pts',(0.470022202116222,1.63095788799417,-2.8899999999482));
#12555=CARTESIAN_POINT('Ctrl Pts',(0.470022202116222,1.63095788799417,-2.9019999999482));
#12556=CARTESIAN_POINT('Ctrl Pts',(0.427313233232757,1.94871261648715,-2.8899999999482));
#12557=CARTESIAN_POINT('Ctrl Pts',(0.427313233232757,1.94871261648715,-2.9019999999482));
#12558=CARTESIAN_POINT('Ctrl Pts',(0.264164972097919,2.36469797341211,-2.8899999999482));
#12559=CARTESIAN_POINT('Ctrl Pts',(0.264164972097919,2.36469797341211,-2.9019999999482));
#12560=CARTESIAN_POINT('Ctrl Pts',(-0.00575571124558378,2.83449663113023,
-2.8899999999482));
#12561=CARTESIAN_POINT('Ctrl Pts',(-0.00575571124558378,2.83449663113023,
-2.9019999999482));
#12562=CARTESIAN_POINT('',(-0.00575571124558378,2.83449663113023,-2.8899999999482));
#12563=CARTESIAN_POINT('Origin',(-1.84080783541345,3.57752368011263,-2.8899999999482));
#12564=CARTESIAN_POINT('',(-0.00575571124558378,2.83449663113023,-2.8899999999482));
#12565=CARTESIAN_POINT('Origin',(-0.00575571124558378,2.83449663113023,
-2.8899999999482));
#12566=CARTESIAN_POINT('',(0.666483458980163,2.83449663113023,-2.8899999999482));
#12567=CARTESIAN_POINT('',(-0.00575571124558378,2.83449663113023,-2.8899999999482));
#12568=CARTESIAN_POINT('',(0.666483458980163,2.83449663113023,-2.8899999999482));
#12569=CARTESIAN_POINT('Origin',(0.666483458980163,2.83449663113023,-2.8899999999482));
#12570=CARTESIAN_POINT('',(0.666483458980163,2.83449663113023,-2.8899999999482));
#12571=CARTESIAN_POINT('Origin',(0.109058224864159,2.26826697885595,-2.8899999999482));
#12572=CARTESIAN_POINT('Origin',(0.856965460200419,1.63095788799417,-2.8899999999482));
#12573=CARTESIAN_POINT('',(0.856965460200419,1.63095788799417,-2.8899999999482));
#12574=CARTESIAN_POINT('',(0.856965460200419,1.63095788799417,-2.8899999999482));
#12575=CARTESIAN_POINT('',(1.71285319662507,1.63095788799417,-2.8899999999482));
#12576=CARTESIAN_POINT('',(0.856965460200419,1.63095788799417,-2.8899999999482));
#12577=CARTESIAN_POINT('',(1.71285319662507,1.63095788799417,-2.8899999999482));
#12578=CARTESIAN_POINT('Ctrl Pts',(1.71285319662507,1.63095788799417,-2.8899999999482));
#12579=CARTESIAN_POINT('Ctrl Pts',(1.71285319662507,1.63095788799417,-2.9019999999482));
#12580=CARTESIAN_POINT('Ctrl Pts',(1.71285319662507,1.73572398252999,-2.8899999999482));
#12581=CARTESIAN_POINT('Ctrl Pts',(1.71285319662507,1.73572398252999,-2.9019999999482));
#12582=CARTESIAN_POINT('Ctrl Pts',(1.68470191154218,1.95807358623503,-2.8899999999482));
#12583=CARTESIAN_POINT('Ctrl Pts',(1.68470191154218,1.95807358623503,-2.9019999999482));
#12584=CARTESIAN_POINT('Ctrl Pts',(1.56849720464484,2.08114905228006,-2.8899999999482));
#12585=CARTESIAN_POINT('Ctrl Pts',(1.56849720464484,2.08114905228006,-2.9019999999482));
#12586=CARTESIAN_POINT('Ctrl Pts',(1.30530747906148,2.26888790941712,-2.8899999999482));
#12587=CARTESIAN_POINT('Ctrl Pts',(1.30530747906148,2.26888790941712,-2.9019999999482));
#12588=CARTESIAN_POINT('Ctrl Pts',(1.17788011430506,2.37357911273518,-2.8899999999482));
#12589=CARTESIAN_POINT('Ctrl Pts',(1.17788011430506,2.37357911273518,-2.9019999999482));
#12590=CARTESIAN_POINT('Ctrl Pts',(1.09789071949972,2.46713764849972,-2.8899999999482));
#12591=CARTESIAN_POINT('Ctrl Pts',(1.09789071949972,2.46713764849972,-2.9019999999482));
#12592=CARTESIAN_POINT('Ctrl Pts',(1.06965612524008,2.57527625826209,-2.8899999999482));
#12593=CARTESIAN_POINT('Ctrl Pts',(1.06965612524008,2.57527625826209,-2.9019999999482));
#12594=CARTESIAN_POINT('Ctrl Pts',(1.06965612524008,2.63120193924493,-2.8899999999482));
#12595=CARTESIAN_POINT('Ctrl Pts',(1.06965612524008,2.63120193924493,-2.9019999999482));
#12596=CARTESIAN_POINT('',(1.06965612524008,2.63120193924493,-2.8899999999482));
#12597=CARTESIAN_POINT('Ctrl Pts',(1.71285319662507,1.63095788799417,-2.8899999999482));
#12598=CARTESIAN_POINT('Ctrl Pts',(1.71285319662507,1.73572398252999,-2.8899999999482));
#12599=CARTESIAN_POINT('Ctrl Pts',(1.68470191154218,1.95807358623503,-2.8899999999482));
#12600=CARTESIAN_POINT('Ctrl Pts',(1.56849720464484,2.08114905228006,-2.8899999999482));
#12601=CARTESIAN_POINT('Ctrl Pts',(1.30530747906148,2.26888790941712,-2.8899999999482));
#12602=CARTESIAN_POINT('Ctrl Pts',(1.17788011430506,2.37357911273518,-2.8899999999482));
#12603=CARTESIAN_POINT('Ctrl Pts',(1.09789071949972,2.46713764849972,-2.8899999999482));
#12604=CARTESIAN_POINT('Ctrl Pts',(1.06965612524008,2.57527625826209,-2.8899999999482));
#12605=CARTESIAN_POINT('Ctrl Pts',(1.06965612524008,2.63120193924493,-2.8899999999482));
#12606=CARTESIAN_POINT('',(1.06965612524008,2.63120193924493,-2.8899999999482));
#12607=CARTESIAN_POINT('Ctrl Pts',(1.06965612524008,2.63120193924493,-2.8899999999482));
#12608=CARTESIAN_POINT('Ctrl Pts',(1.06965612524008,2.63120193924493,-2.9019999999482));
#12609=CARTESIAN_POINT('Ctrl Pts',(1.06965612524008,2.76457415595963,-2.8899999999482));
#12610=CARTESIAN_POINT('Ctrl Pts',(1.06965612524008,2.76457415595963,-2.9019999999482));
#12611=CARTESIAN_POINT('Ctrl Pts',(1.19236102869331,2.90535612325384,-2.8899999999482));
#12612=CARTESIAN_POINT('Ctrl Pts',(1.19236102869331,2.90535612325384,-2.9019999999482));
#12613=CARTESIAN_POINT('Ctrl Pts',(1.52635653032964,2.82942055622514,-2.8899999999482));
#12614=CARTESIAN_POINT('Ctrl Pts',(1.52635653032964,2.82942055622514,-2.9019999999482));
#12615=CARTESIAN_POINT('Ctrl Pts',(1.61099386197909,2.75083693396474,-2.8899999999482));
#12616=CARTESIAN_POINT('Ctrl Pts',(1.61099386197909,2.75083693396474,-2.9019999999482));
#12617=CARTESIAN_POINT('Ctrl Pts',(1.65818571645423,2.70039046883615,-2.8899999999482));
#12618=CARTESIAN_POINT('Ctrl Pts',(1.65818571645423,2.70039046883615,-2.9019999999482));
#12619=CARTESIAN_POINT('',(1.65818571645423,2.70039046883615,-2.8899999999482));
#12620=CARTESIAN_POINT('Ctrl Pts',(1.06965612524008,2.63120193924493,-2.8899999999482));
#12621=CARTESIAN_POINT('Ctrl Pts',(1.06965612524008,2.76457415595963,-2.8899999999482));
#12622=CARTESIAN_POINT('Ctrl Pts',(1.19236102869331,2.90535612325384,-2.8899999999482));
#12623=CARTESIAN_POINT('Ctrl Pts',(1.52635653032964,2.82942055622514,-2.8899999999482));
#12624=CARTESIAN_POINT('Ctrl Pts',(1.61099386197909,2.75083693396474,-2.8899999999482));
#12625=CARTESIAN_POINT('Ctrl Pts',(1.65818571645423,2.70039046883615,-2.8899999999482));
#12626=CARTESIAN_POINT('',(1.65818571645423,2.70039046883615,-2.8899999999482));
#12627=CARTESIAN_POINT('Origin',(1.65818571645423,2.70039046883615,-2.8899999999482));
#12628=CARTESIAN_POINT('',(1.65818571645423,2.86695544748166,-2.8899999999482));
#12629=CARTESIAN_POINT('',(1.65818571645423,2.70039046883615,-2.8899999999482));
#12630=CARTESIAN_POINT('',(1.65818571645423,2.86695544748166,-2.8899999999482));
#12631=CARTESIAN_POINT('Ctrl Pts',(1.65818571645423,2.86695544748166,-2.8899999999482));
#12632=CARTESIAN_POINT('Ctrl Pts',(1.65818571645423,2.86695544748166,-2.9019999999482));
#12633=CARTESIAN_POINT('Ctrl Pts',(1.59760047734276,2.92870578734527,-2.8899999999482));
#12634=CARTESIAN_POINT('Ctrl Pts',(1.59760047734276,2.92870578734527,-2.9019999999482));
#12635=CARTESIAN_POINT('Ctrl Pts',(1.46099324437872,3.01710905663622,-2.8899999999482));
#12636=CARTESIAN_POINT('Ctrl Pts',(1.46099324437872,3.01710905663622,-2.9019999999482));
#12637=CARTESIAN_POINT('Ctrl Pts',(1.1385254220694,3.01116745835593,-2.8899999999482));
#12638=CARTESIAN_POINT('Ctrl Pts',(1.1385254220694,3.01116745835593,-2.9019999999482));
#12639=CARTESIAN_POINT('Ctrl Pts',(0.925116747854161,2.87190367016753,-2.8899999999482));
#12640=CARTESIAN_POINT('Ctrl Pts',(0.925116747854161,2.87190367016753,-2.9019999999482));
#12641=CARTESIAN_POINT('Ctrl Pts',(0.876201348993502,2.57383016408133,-2.8899999999482));
#12642=CARTESIAN_POINT('Ctrl Pts',(0.876201348993502,2.57383016408133,-2.9019999999482));
#12643=CARTESIAN_POINT('Ctrl Pts',(0.975690560671031,2.33425547360673,-2.8899999999482));
#12644=CARTESIAN_POINT('Ctrl Pts',(0.975690560671031,2.33425547360673,-2.9019999999482));
#12645=CARTESIAN_POINT('Ctrl Pts',(1.13554971850854,2.20592860472602,-2.8899999999482));
#12646=CARTESIAN_POINT('Ctrl Pts',(1.13554971850854,2.20592860472602,-2.9019999999482));
#12647=CARTESIAN_POINT('Ctrl Pts',(1.34617562501177,2.06030956383245,-2.8899999999482));
#12648=CARTESIAN_POINT('Ctrl Pts',(1.34617562501177,2.06030956383245,-2.9019999999482));
#12649=CARTESIAN_POINT('Ctrl Pts',(1.44180021652879,1.9900571476798,-2.8899999999482));
#12650=CARTESIAN_POINT('Ctrl Pts',(1.44180021652879,1.9900571476798,-2.9019999999482));
#12651=CARTESIAN_POINT('Ctrl Pts',(1.53432970669218,1.88309768828764,-2.8899999999482));
#12652=CARTESIAN_POINT('Ctrl Pts',(1.53432970669218,1.88309768828764,-2.9019999999482));
#12653=CARTESIAN_POINT('Ctrl Pts',(1.53432970669218,1.78300181721931,-2.8899999999482));
#12654=CARTESIAN_POINT('Ctrl Pts',(1.53432970669218,1.78300181721931,-2.9019999999482));
#12655=CARTESIAN_POINT('',(1.53432970669218,1.78300181721931,-2.8899999999482));
#12656=CARTESIAN_POINT('Ctrl Pts',(1.65818571645423,2.86695544748166,-2.8899999999482));
#12657=CARTESIAN_POINT('Ctrl Pts',(1.59760047734276,2.92870578734527,-2.8899999999482));
#12658=CARTESIAN_POINT('Ctrl Pts',(1.46099324437872,3.01710905663622,-2.8899999999482));
#12659=CARTESIAN_POINT('Ctrl Pts',(1.1385254220694,3.01116745835593,-2.8899999999482));
#12660=CARTESIAN_POINT('Ctrl Pts',(0.925116747854161,2.87190367016753,-2.8899999999482));
#12661=CARTESIAN_POINT('Ctrl Pts',(0.876201348993502,2.57383016408133,-2.8899999999482));
#12662=CARTESIAN_POINT('Ctrl Pts',(0.975690560671031,2.33425547360673,-2.8899999999482));
#12663=CARTESIAN_POINT('Ctrl Pts',(1.13554971850854,2.20592860472602,-2.8899999999482));
#12664=CARTESIAN_POINT('Ctrl Pts',(1.34617562501177,2.06030956383245,-2.8899999999482));
#12665=CARTESIAN_POINT('Ctrl Pts',(1.44180021652879,1.9900571476798,-2.8899999999482));
#12666=CARTESIAN_POINT('Ctrl Pts',(1.53432970669218,1.88309768828764,-2.8899999999482));
#12667=CARTESIAN_POINT('Ctrl Pts',(1.53432970669218,1.78300181721931,-2.8899999999482));
#12668=CARTESIAN_POINT('',(1.53432970669218,1.78300181721931,-2.8899999999482));
#12669=CARTESIAN_POINT('Origin',(1.53432970669218,1.78300181721931,-2.8899999999482));
#12670=CARTESIAN_POINT('',(0.856965460200419,1.78300181721931,-2.8899999999482));
#12671=CARTESIAN_POINT('',(1.53432970669218,1.78300181721931,-2.8899999999482));
#12672=CARTESIAN_POINT('',(0.856965460200419,1.78300181721931,-2.8899999999482));
#12673=CARTESIAN_POINT('Origin',(0.856965460200419,1.78300181721931,-2.8899999999482));
#12674=CARTESIAN_POINT('',(0.856965460200419,1.78300181721931,-2.8899999999482));
#12675=CARTESIAN_POINT('Origin',(1.48851427657688,2.13552364025608,-2.8899999999482));
#12676=CARTESIAN_POINT('Origin',(50.0000007450581,20.0000007450581,20.));
#12677=CARTESIAN_POINT('',(47.0000007003546,20.0000007450581,35.));
#12678=CARTESIAN_POINT('Origin',(50.0000007450581,20.0000007450581,35.));
#12679=CARTESIAN_POINT('',(47.0000007003546,20.0000007450581,40.));
#12680=CARTESIAN_POINT('',(47.0000007003546,20.0000007450581,20.));
#12681=CARTESIAN_POINT('Origin',(50.0000007450581,20.0000007450581,40.));
#12682=CARTESIAN_POINT('Origin',(50.0000007450581,50.0000007450581,20.));
#12683=CARTESIAN_POINT('',(47.0000007003546,50.0000007450581,35.));
#12684=CARTESIAN_POINT('Origin',(50.0000007450581,50.0000007450581,35.));
#12685=CARTESIAN_POINT('',(47.0000007003546,50.0000007450581,40.));
#12686=CARTESIAN_POINT('',(47.0000007003546,50.0000007450581,20.));
#12687=CARTESIAN_POINT('Origin',(50.0000007450581,50.0000007450581,40.));
#12688=CARTESIAN_POINT('Origin',(20.0000007450581,20.0000007450581,20.));
#12689=CARTESIAN_POINT('',(17.0000007003546,20.0000007450581,35.));
#12690=CARTESIAN_POINT('Origin',(20.0000007450581,20.0000007450581,35.));
#12691=CARTESIAN_POINT('',(17.0000007003546,20.0000007450581,40.));
#12692=CARTESIAN_POINT('',(17.0000007003546,20.0000007450581,20.));
#12693=CARTESIAN_POINT('Origin',(20.0000007450581,20.0000007450581,40.));
#12694=CARTESIAN_POINT('Origin',(20.0000007450581,50.0000007450581,20.));
#12695=CARTESIAN_POINT('',(17.0000007003546,50.0000007450581,35.));
#12696=CARTESIAN_POINT('Origin',(20.0000007450581,50.0000007450581,35.));
#12697=CARTESIAN_POINT('',(17.0000007003546,50.0000007450581,40.));
#12698=CARTESIAN_POINT('',(17.0000007003546,50.0000007450581,20.));
#12699=CARTESIAN_POINT('Origin',(20.0000007450581,50.0000007450581,40.));
#12700=CARTESIAN_POINT('Origin',(35.0000005215406,35.0000005215406,40.));
#12701=CARTESIAN_POINT('',(43.5000006482005,35.0000005215406,40.));
#12702=CARTESIAN_POINT('Origin',(35.0000005215406,35.0000005215406,40.));
#12703=CARTESIAN_POINT('',(43.5000006482005,35.0000005215406,35.));
#12704=CARTESIAN_POINT('',(43.5000006482005,35.0000005215406,40.));
#12705=CARTESIAN_POINT('Origin',(35.0000005215406,35.0000005215406,35.));
#12706=CARTESIAN_POINT('Origin',(70.,70.,35.));
#12707=CARTESIAN_POINT('',(70.,70.,35.));
#12708=CARTESIAN_POINT('',(0.,70.,35.));
#12709=CARTESIAN_POINT('',(70.,70.,35.));
#12710=CARTESIAN_POINT('',(0.,70.,40.));
#12711=CARTESIAN_POINT('',(0.,70.,35.));
#12712=CARTESIAN_POINT('',(70.,70.,40.));
#12713=CARTESIAN_POINT('',(70.,70.,40.));
#12714=CARTESIAN_POINT('',(70.,70.,35.));
#12715=CARTESIAN_POINT('Origin',(70.,0.,35.));
#12716=CARTESIAN_POINT('',(70.,0.,35.));
#12717=CARTESIAN_POINT('',(70.,0.,35.));
#12718=CARTESIAN_POINT('',(70.,0.,40.));
#12719=CARTESIAN_POINT('',(70.,0.,40.));
#12720=CARTESIAN_POINT('',(70.,0.,35.));
#12721=CARTESIAN_POINT('Origin',(0.,0.,35.));
#12722=CARTESIAN_POINT('',(0.,0.,35.));
#12723=CARTESIAN_POINT('',(0.,0.,35.));
#12724=CARTESIAN_POINT('',(0.,0.,40.));
#12725=CARTESIAN_POINT('',(0.,0.,40.));
#12726=CARTESIAN_POINT('',(0.,0.,35.));
#12727=CARTESIAN_POINT('Origin',(0.,70.,35.));
#12728=CARTESIAN_POINT('',(0.,70.,35.));
#12729=CARTESIAN_POINT('',(0.,70.,40.));
#12730=CARTESIAN_POINT('Origin',(35.,35.,40.));
#12731=CARTESIAN_POINT('Origin',(35.,35.,35.));
#12732=CARTESIAN_POINT('Origin',(35.,35.,104.));
#12733=CARTESIAN_POINT('',(39.9999995529652,35.,104.));
#12734=CARTESIAN_POINT('Origin',(35.,35.,104.));
#12735=CARTESIAN_POINT('',(39.9999995529652,35.,119.));
#12736=CARTESIAN_POINT('',(39.9999995529652,35.,104.));
#12737=CARTESIAN_POINT('Origin',(35.,35.,119.));
#12738=CARTESIAN_POINT('Origin',(35.,35.,119.));
#12739=CARTESIAN_POINT('Origin',(35.,35.,100.));
#12740=CARTESIAN_POINT('',(42.5,35.,101.151519964576));
#12741=CARTESIAN_POINT('',(27.5,35.,101.151519964576));
#12742=CARTESIAN_POINT('Origin',(35.,35.,101.151519964576));
#12743=CARTESIAN_POINT('',(42.5,35.,104.));
#12744=CARTESIAN_POINT('',(42.5,35.,100.));
#12745=CARTESIAN_POINT('Origin',(35.,35.,104.));
#12746=CARTESIAN_POINT('Origin',(35.,35.,101.151519964576));
#12747=CARTESIAN_POINT('Origin',(35.,35.,104.));
#12748=CARTESIAN_POINT('Origin',(35.,35.,125.));
#12749=CARTESIAN_POINT('',(35.,35.,150.));
#12750=CARTESIAN_POINT('Origin',(35.,35.,125.));
#12751=CARTESIAN_POINT('Origin',(35.,35.,104.));
#12752=CARTESIAN_POINT('',(39.9999995529652,35.,119.));
#12753=CARTESIAN_POINT('Origin',(35.,35.,119.));
#12754=CARTESIAN_POINT('',(39.9999995529652,35.,104.));
#12755=CARTESIAN_POINT('',(39.9999995529652,35.,104.));
#12756=CARTESIAN_POINT('Origin',(35.,35.,104.));
#12757=CARTESIAN_POINT('Origin',(35.,35.,119.));
#12758=CARTESIAN_POINT('Origin',(35.,35.,104.));
#12759=CARTESIAN_POINT('',(42.5,35.,104.));
#12760=CARTESIAN_POINT('Origin',(35.,35.,104.));
#12761=CARTESIAN_POINT('Origin',(35.0000005215406,35.0000005215406,10.3));
#12762=CARTESIAN_POINT('',(29.0000005215406,35.0000005215406,10.3));
#12763=CARTESIAN_POINT('Origin',(35.0000005215406,35.0000005215406,10.3));
#12764=CARTESIAN_POINT('Origin',(35.0000005215406,35.0000005215406,21.3));
#12765=CARTESIAN_POINT('',(29.0000005215406,35.0000005215406,21.2522729151325));
#12766=CARTESIAN_POINT('',(29.0000005215406,35.0000005215406,21.3));
#12767=CARTESIAN_POINT('Origin',(35.0000005215406,35.0000005215406,21.2522729151325));
#12768=CARTESIAN_POINT('Origin',(35.0000005215406,35.0000005215406,35.));
#12769=CARTESIAN_POINT('',(20.0000005215406,35.0000005215406,35.));
#12770=CARTESIAN_POINT('Origin',(35.0000005215406,35.0000005215406,35.));
#12771=CARTESIAN_POINT('Origin',(35.0000005215406,35.0000005215406,35.));
#12772=CARTESIAN_POINT('Origin',(35.0000005215406,35.0000005215406,35.));
#12773=CARTESIAN_POINT('',(42.5,35.,35.));
#12774=CARTESIAN_POINT('Origin',(35.,35.,35.));
#12775=CARTESIAN_POINT('Origin',(35.,35.,65.));
#12776=CARTESIAN_POINT('',(42.5,35.,65.));
#12777=CARTESIAN_POINT('Origin',(35.748072280738,22.576764377785,14.2319953370231));
#12778=CARTESIAN_POINT('',(34.748072280738,22.576764377785,20.));
#12779=CARTESIAN_POINT('Origin',(35.748072280738,22.576764377785,20.));
#12780=CARTESIAN_POINT('',(34.748072280738,22.576764377785,21.2319953370231));
#12781=CARTESIAN_POINT('',(34.748072280738,22.576764377785,14.2319953370231));
#12782=CARTESIAN_POINT('Origin',(35.748072280738,22.576764377785,21.2319953370231));
#12783=CARTESIAN_POINT('Origin',(35.748072280738,22.576764377785,21.2319953370231));
#12784=CARTESIAN_POINT('Origin',(50.0000008195639,20.0000002235174,35.));
#12785=CARTESIAN_POINT('',(50.0000008195639,15.0000002235174,20.));
#12786=CARTESIAN_POINT('',(55.0000008195639,20.0000002235174,20.));
#12787=CARTESIAN_POINT('Origin',(50.0000008195639,20.0000002235174,20.));
#12788=CARTESIAN_POINT('',(55.0000008195639,20.0000002235174,35.));
#12789=CARTESIAN_POINT('',(55.0000008195639,20.0000002235174,35.));
#12790=CARTESIAN_POINT('',(50.0000008195639,15.0000002235174,35.));
#12791=CARTESIAN_POINT('Origin',(50.0000008195639,20.0000002235174,35.));
#12792=CARTESIAN_POINT('',(50.0000008195639,15.0000002235174,35.));
#12793=CARTESIAN_POINT('Origin',(40.4274990947545,47.2999989427626,21.5));
#12794=CARTESIAN_POINT('',(39.4274990947545,47.2999989427626,21.5));
#12795=CARTESIAN_POINT('Origin',(40.4274990947545,47.2999989427626,21.5));
#12796=CARTESIAN_POINT('Origin',(40.4264529603112,47.2980524926977,21.2));
#12797=CARTESIAN_POINT('',(41.3078154492731,46.8256118476947,21.2));
#12798=CARTESIAN_POINT('',(39.4274990947545,47.2999989427626,21.2));
#12799=CARTESIAN_POINT('Origin',(40.4274990947545,47.2999989427626,21.2));
#12800=CARTESIAN_POINT('',(39.5461366057925,47.7724395877656,21.2));
#12801=CARTESIAN_POINT('Origin',(40.4264529603112,47.2980524926977,21.2));
#12802=CARTESIAN_POINT('Origin',(40.4274990947545,47.2999989427626,21.2));
#12803=CARTESIAN_POINT('Origin',(22.7699979110958,40.3525007751916,21.2));
#12804=CARTESIAN_POINT('',(21.7699979110958,40.3525007751916,21.2));
#12805=CARTESIAN_POINT('Origin',(22.7699979110958,40.3525007751916,21.2));
#12806=CARTESIAN_POINT('Origin',(47.3625014207908,29.4862516617574,21.2));
#12807=CARTESIAN_POINT('',(46.3625014207908,29.4862516617574,21.2));
#12808=CARTESIAN_POINT('Origin',(47.3625014207908,29.4862516617574,21.2));
#12809=CARTESIAN_POINT('Origin',(33.9264529603112,47.2980524926976,21.2));
#12810=CARTESIAN_POINT('',(32.9264529603112,47.2980524926976,21.2));
#12811=CARTESIAN_POINT('Origin',(33.9264529603112,47.2980524926976,21.2));
#12812=CARTESIAN_POINT('Origin',(22.7699979110958,33.8525007751916,21.2));
#12813=CARTESIAN_POINT('',(21.7699979110958,33.8525007751916,21.2));
#12814=CARTESIAN_POINT('Origin',(22.7699979110958,33.8525007751916,21.2));
#12815=CARTESIAN_POINT('Origin',(47.3625014207908,35.9862516617574,21.2));
#12816=CARTESIAN_POINT('',(46.3625014207908,35.9862516617574,21.2));
#12817=CARTESIAN_POINT('Origin',(47.3625014207908,35.9862516617574,21.2));
#12818=CARTESIAN_POINT('Origin',(29.2500016505364,22.6500010283198,21.2));
#12819=CARTESIAN_POINT('',(28.2500016505364,22.6500010283198,21.2));
#12820=CARTESIAN_POINT('Origin',(29.2500016505364,22.6500010283198,21.2));
#12821=CARTESIAN_POINT('Origin',(35.0000005215406,35.0000005215406,35.));
#12822=CARTESIAN_POINT('',(28.0000005215406,35.0000005215406,20.6125054300618));
#12823=CARTESIAN_POINT('Origin',(35.0000005215406,35.0000005215406,20.6125054300618));
#12824=CARTESIAN_POINT('',(19.0000005215406,35.0000005215406,35.));
#12825=CARTESIAN_POINT('Origin',(35.0000005215406,35.0000005215406,35.));
#12826=CARTESIAN_POINT('Origin',(35.0000005215406,35.0000005215406,35.));
#12827=CARTESIAN_POINT('Origin',(50.0000007450581,20.0000007450581,20.));
#12828=CARTESIAN_POINT('',(47.0000007003546,20.0000007450581,20.));
#12829=CARTESIAN_POINT('Origin',(50.0000007450581,20.0000007450581,20.));
#12830=CARTESIAN_POINT('',(47.0000007003546,20.0000007450581,35.));
#12831=CARTESIAN_POINT('',(47.0000007003546,20.0000007450581,20.));
#12832=CARTESIAN_POINT('Origin',(50.0000007450581,20.0000007450581,35.));
#12833=CARTESIAN_POINT('Origin',(50.0000007450581,50.0000007450581,20.));
#12834=CARTESIAN_POINT('',(47.0000007003546,50.0000007450581,20.));
#12835=CARTESIAN_POINT('Origin',(50.0000007450581,50.0000007450581,20.));
#12836=CARTESIAN_POINT('',(47.0000007003546,50.0000007450581,35.));
#12837=CARTESIAN_POINT('',(47.0000007003546,50.0000007450581,20.));
#12838=CARTESIAN_POINT('Origin',(50.0000007450581,50.0000007450581,35.));
#12839=CARTESIAN_POINT('Origin',(20.0000007450581,20.0000007450581,20.));
#12840=CARTESIAN_POINT('',(17.0000007003546,20.0000007450581,20.));
#12841=CARTESIAN_POINT('Origin',(20.0000007450581,20.0000007450581,20.));
#12842=CARTESIAN_POINT('',(17.0000007003546,20.0000007450581,35.));
#12843=CARTESIAN_POINT('',(17.0000007003546,20.0000007450581,20.));
#12844=CARTESIAN_POINT('Origin',(20.0000007450581,20.0000007450581,35.));
#12845=CARTESIAN_POINT('Origin',(20.0000007450581,50.0000007450581,20.));
#12846=CARTESIAN_POINT('',(17.0000007003546,50.0000007450581,20.));
#12847=CARTESIAN_POINT('Origin',(20.0000007450581,50.0000007450581,20.));
#12848=CARTESIAN_POINT('',(17.0000007003546,50.0000007450581,35.));
#12849=CARTESIAN_POINT('',(17.0000007003546,50.0000007450581,20.));
#12850=CARTESIAN_POINT('Origin',(20.0000007450581,50.0000007450581,35.));
#12851=CARTESIAN_POINT('Origin',(35.0000005215406,35.0000005215406,20.));
#12852=CARTESIAN_POINT('',(28.0000005215406,35.0000005215406,20.));
#12853=CARTESIAN_POINT('Origin',(35.0000005215406,35.0000005215406,20.));
#12854=CARTESIAN_POINT('',(28.0000005215406,35.0000005215406,20.));
#12855=CARTESIAN_POINT('Origin',(40.4274990947545,47.2999989427626,20.));
#12856=CARTESIAN_POINT('',(39.5461366057925,47.7724395877656,20.));
#12857=CARTESIAN_POINT('',(39.5461366057925,47.7724395877656,14.2));
#12858=CARTESIAN_POINT('',(41.3078154492731,46.8256118476947,20.));
#12859=CARTESIAN_POINT('Origin',(40.4274990947545,47.2999989427626,20.));
#12860=CARTESIAN_POINT('',(41.3078154492731,46.8256118476947,14.2));
#12861=CARTESIAN_POINT('',(39.4274990947545,47.2999989427626,20.));
#12862=CARTESIAN_POINT('Origin',(40.4264529603112,47.2980524926977,14.2));
#12863=CARTESIAN_POINT('Origin',(40.4264529603112,47.2980524926977,20.));
#12864=CARTESIAN_POINT('Origin',(22.7699979110958,40.3525007751916,14.2));
#12865=CARTESIAN_POINT('',(21.7699979110958,40.3525007751916,20.));
#12866=CARTESIAN_POINT('Origin',(22.7699979110958,40.3525007751916,20.));
#12867=CARTESIAN_POINT('',(21.7699979110958,40.3525007751916,14.2));
#12868=CARTESIAN_POINT('Origin',(47.3625014207908,29.4862516617574,14.2));
#12869=CARTESIAN_POINT('',(46.3625014207908,29.4862516617574,20.));
#12870=CARTESIAN_POINT('Origin',(47.3625014207908,29.4862516617574,20.));
#12871=CARTESIAN_POINT('',(46.3625014207908,29.4862516617574,14.2));
#12872=CARTESIAN_POINT('Origin',(33.9264529603112,47.2980524926976,14.2));
#12873=CARTESIAN_POINT('',(32.9264529603112,47.2980524926976,20.));
#12874=CARTESIAN_POINT('Origin',(33.9264529603112,47.2980524926976,20.));
#12875=CARTESIAN_POINT('',(32.9264529603112,47.2980524926976,14.2));
#12876=CARTESIAN_POINT('Origin',(22.7699979110958,33.8525007751916,14.2));
#12877=CARTESIAN_POINT('',(21.7699979110958,33.8525007751916,20.));
#12878=CARTESIAN_POINT('Origin',(22.7699979110958,33.8525007751916,20.));
#12879=CARTESIAN_POINT('',(21.7699979110958,33.8525007751916,14.2));
#12880=CARTESIAN_POINT('Origin',(47.3625014207908,35.9862516617574,14.2));
#12881=CARTESIAN_POINT('',(46.3625014207908,35.9862516617574,20.));
#12882=CARTESIAN_POINT('Origin',(47.3625014207908,35.9862516617574,20.));
#12883=CARTESIAN_POINT('',(46.3625014207908,35.9862516617574,14.2));
#12884=CARTESIAN_POINT('Origin',(29.2500016505364,22.6500010283198,14.2));
#12885=CARTESIAN_POINT('',(28.2500016505364,22.6500010283198,20.));
#12886=CARTESIAN_POINT('Origin',(29.2500016505364,22.6500010283198,20.));
#12887=CARTESIAN_POINT('',(28.2500016505364,22.6500010283198,14.2));
#12888=CARTESIAN_POINT('Origin',(50.0000008195639,50.0000008195639,35.));
#12889=CARTESIAN_POINT('',(55.0000008195639,50.0000008195639,20.));
#12890=CARTESIAN_POINT('',(50.0000008195639,55.0000008195639,20.));
#12891=CARTESIAN_POINT('Origin',(50.0000008195639,50.0000008195639,20.));
#12892=CARTESIAN_POINT('',(50.0000008195639,55.0000008195639,35.));
#12893=CARTESIAN_POINT('',(50.0000008195639,55.0000008195639,35.));
#12894=CARTESIAN_POINT('',(55.0000008195639,50.0000008195639,35.));
#12895=CARTESIAN_POINT('Origin',(50.0000008195639,50.0000008195639,35.));
#12896=CARTESIAN_POINT('',(55.0000008195639,50.0000008195639,35.));
#12897=CARTESIAN_POINT('Origin',(15.0000002235174,55.0000008195639,35.));
#12898=CARTESIAN_POINT('',(20.0000002235174,55.0000008195639,20.));
#12899=CARTESIAN_POINT('',(15.0000002235174,55.0000008195639,20.));
#12900=CARTESIAN_POINT('',(20.0000002235174,55.0000008195639,35.));
#12901=CARTESIAN_POINT('',(20.0000002235174,55.0000008195639,35.));
#12902=CARTESIAN_POINT('',(15.0000002235174,55.0000008195639,35.));
#12903=CARTESIAN_POINT('Origin',(20.0000002235174,50.0000008195639,35.));
#12904=CARTESIAN_POINT('',(15.0000002235174,50.0000008195639,20.));
#12905=CARTESIAN_POINT('Origin',(20.0000002235174,50.0000008195639,20.));
#12906=CARTESIAN_POINT('',(15.0000002235174,50.0000008195639,35.));
#12907=CARTESIAN_POINT('',(15.0000002235174,50.0000008195639,35.));
#12908=CARTESIAN_POINT('Origin',(20.0000002235174,50.0000008195639,35.));
#12909=CARTESIAN_POINT('Origin',(15.0000002235174,15.0000002235174,35.));
#12910=CARTESIAN_POINT('',(15.0000002235174,20.0000002235174,35.));
#12911=CARTESIAN_POINT('',(15.0000002235174,20.0000002235174,20.));
#12912=CARTESIAN_POINT('',(15.0000002235174,20.0000002235174,35.));
#12913=CARTESIAN_POINT('',(15.0000002235174,15.0000002235174,35.));
#12914=CARTESIAN_POINT('',(15.0000002235174,15.0000002235174,20.));
#12915=CARTESIAN_POINT('Origin',(20.0000002235174,20.0000002235174,35.));
#12916=CARTESIAN_POINT('',(20.0000002235174,15.0000002235174,20.));
#12917=CARTESIAN_POINT('Origin',(20.0000002235174,20.0000002235174,20.));
#12918=CARTESIAN_POINT('',(20.0000002235174,15.0000002235174,35.));
#12919=CARTESIAN_POINT('',(20.0000002235174,15.0000002235174,35.));
#12920=CARTESIAN_POINT('Origin',(20.0000002235174,20.0000002235174,35.));
#12921=CARTESIAN_POINT('Origin',(55.0000008195639,15.0000002235174,35.));
#12922=CARTESIAN_POINT('',(55.0000008195639,15.0000002235174,35.));
#12923=CARTESIAN_POINT('',(55.0000008195639,15.0000002235174,20.));
#12924=CARTESIAN_POINT('Origin',(35.0000005215406,35.0000005215406,35.));
#12925=CARTESIAN_POINT('',(55.0000008195639,55.0000008195639,35.));
#12926=CARTESIAN_POINT('Origin',(55.0000008195639,55.0000008195639,35.));
#12927=CARTESIAN_POINT('',(55.0000008195639,55.0000008195639,20.));
#12928=CARTESIAN_POINT('Origin',(35.0000005215406,35.0000005215406,20.));
#12929=CARTESIAN_POINT('Origin',(20.0000002980232,50.0000007450581,42.));
#12930=CARTESIAN_POINT('',(22.0000003576279,50.0000007450581,42.));
#12931=CARTESIAN_POINT('',(18.0000002384186,50.0000007450581,42.));
#12932=CARTESIAN_POINT('Origin',(20.0000002980232,50.0000007450581,42.));
#12933=CARTESIAN_POINT('',(22.0000003576279,50.0000007450581,41.5));
#12934=CARTESIAN_POINT('',(22.0000003576279,50.0000007450581,42.));
#12935=CARTESIAN_POINT('Origin',(20.0000002980232,50.0000007450581,41.5));
#12936=CARTESIAN_POINT('Origin',(20.0000002980232,50.0000007450581,42.));
#12937=CARTESIAN_POINT('Origin',(20.0000002980232,50.0000007450581,41.5));
#12938=CARTESIAN_POINT('Ctrl Pts',(16.0000002384186,50.0000007450581,40.));
#12939=CARTESIAN_POINT('Ctrl Pts',(16.0000002384186,46.0000006854534,40.));
#12940=CARTESIAN_POINT('Ctrl Pts',(20.0000002980232,46.0000006854534,40.));
#12941=CARTESIAN_POINT('Ctrl Pts',(24.0000003576279,46.0000006854534,40.));
#12942=CARTESIAN_POINT('Ctrl Pts',(24.0000003576279,50.0000007450581,40.));
#12943=CARTESIAN_POINT('Ctrl Pts',(24.0000003576279,54.0000008046627,40.));
#12944=CARTESIAN_POINT('Ctrl Pts',(20.0000002980232,54.0000008046627,40.));
#12945=CARTESIAN_POINT('Ctrl Pts',(16.0000002384186,54.0000008046627,40.));
#12946=CARTESIAN_POINT('Ctrl Pts',(16.0000002384186,50.0000007450581,40.));
#12947=CARTESIAN_POINT('Ctrl Pts',(16.0000002384186,50.0000007450581,42.));
#12948=CARTESIAN_POINT('Ctrl Pts',(16.0000002384186,46.0000006854534,42.));
#12949=CARTESIAN_POINT('Ctrl Pts',(20.0000002980232,46.0000006854534,42.));
#12950=CARTESIAN_POINT('Ctrl Pts',(24.0000003576279,46.0000006854534,42.));
#12951=CARTESIAN_POINT('Ctrl Pts',(24.0000003576279,50.0000007450581,42.));
#12952=CARTESIAN_POINT('Ctrl Pts',(24.0000003576279,54.0000008046627,42.));
#12953=CARTESIAN_POINT('Ctrl Pts',(20.0000002980232,54.0000008046627,42.));
#12954=CARTESIAN_POINT('Ctrl Pts',(16.0000002384186,54.0000008046627,42.));
#12955=CARTESIAN_POINT('Ctrl Pts',(16.0000002384186,50.0000007450581,42.));
#12956=CARTESIAN_POINT('Ctrl Pts',(18.0000002384186,50.0000007450581,42.));
#12957=CARTESIAN_POINT('Ctrl Pts',(18.0000002384186,48.0000006854534,42.));
#12958=CARTESIAN_POINT('Ctrl Pts',(20.0000002980232,48.0000006854534,42.));
#12959=CARTESIAN_POINT('Ctrl Pts',(22.0000003576279,48.0000006854534,42.));
#12960=CARTESIAN_POINT('Ctrl Pts',(22.0000003576279,50.0000007450581,42.));
#12961=CARTESIAN_POINT('Ctrl Pts',(22.0000003576279,52.0000008046627,42.));
#12962=CARTESIAN_POINT('Ctrl Pts',(20.0000002980232,52.0000008046627,42.));
#12963=CARTESIAN_POINT('Ctrl Pts',(18.0000002384186,52.0000008046627,42.));
#12964=CARTESIAN_POINT('Ctrl Pts',(18.0000002384186,50.0000007450581,42.));
#12965=CARTESIAN_POINT('',(16.0000002384186,50.0000007450581,40.));
#12966=CARTESIAN_POINT('Origin',(18.0000002384186,50.0000007450581,40.));
#12967=CARTESIAN_POINT('Origin',(20.0000002980232,50.0000007450581,40.));
#12968=CARTESIAN_POINT('Origin',(20.0000002980232,50.0000007450581,40.));
#12969=CARTESIAN_POINT('',(17.1500002980232,50.0000007450581,40.));
#12970=CARTESIAN_POINT('Origin',(20.0000002980232,50.0000007450581,40.));
#12971=CARTESIAN_POINT('Origin',(20.0000002980232,50.0000007450581,40.));
#12972=CARTESIAN_POINT('',(17.1500002980232,50.0000007450581,20.));
#12973=CARTESIAN_POINT('Origin',(20.0000002980232,50.0000007450581,20.));
#12974=CARTESIAN_POINT('',(17.1500002980232,50.0000007450581,40.));
#12975=CARTESIAN_POINT('Origin',(20.0000002980232,50.0000007450581,20.));
#12976=CARTESIAN_POINT('Origin',(20.0000002980232,20.0000007450581,42.));
#12977=CARTESIAN_POINT('',(22.0000003576279,20.0000007450581,42.));
#12978=CARTESIAN_POINT('',(18.0000002384186,20.0000007450581,42.));
#12979=CARTESIAN_POINT('Origin',(20.0000002980232,20.0000007450581,42.));
#12980=CARTESIAN_POINT('',(22.0000003576279,20.0000007450581,41.5));
#12981=CARTESIAN_POINT('',(22.0000003576279,20.0000007450581,42.));
#12982=CARTESIAN_POINT('Origin',(20.0000002980232,20.0000007450581,41.5));
#12983=CARTESIAN_POINT('Origin',(20.0000002980232,20.0000007450581,42.));
#12984=CARTESIAN_POINT('Origin',(20.0000002980232,20.0000007450581,41.5));
#12985=CARTESIAN_POINT('Ctrl Pts',(16.0000002384186,20.0000007450581,40.));
#12986=CARTESIAN_POINT('Ctrl Pts',(16.0000002384186,16.0000006854534,40.));
#12987=CARTESIAN_POINT('Ctrl Pts',(20.0000002980232,16.0000006854534,40.));
#12988=CARTESIAN_POINT('Ctrl Pts',(24.0000003576279,16.0000006854534,40.));
#12989=CARTESIAN_POINT('Ctrl Pts',(24.0000003576279,20.0000007450581,40.));
#12990=CARTESIAN_POINT('Ctrl Pts',(24.0000003576279,24.0000008046627,40.));
#12991=CARTESIAN_POINT('Ctrl Pts',(20.0000002980232,24.0000008046627,40.));
#12992=CARTESIAN_POINT('Ctrl Pts',(16.0000002384186,24.0000008046627,40.));
#12993=CARTESIAN_POINT('Ctrl Pts',(16.0000002384186,20.0000007450581,40.));
#12994=CARTESIAN_POINT('Ctrl Pts',(16.0000002384186,20.0000007450581,42.));
#12995=CARTESIAN_POINT('Ctrl Pts',(16.0000002384186,16.0000006854534,42.));
#12996=CARTESIAN_POINT('Ctrl Pts',(20.0000002980232,16.0000006854534,42.));
#12997=CARTESIAN_POINT('Ctrl Pts',(24.0000003576279,16.0000006854534,42.));
#12998=CARTESIAN_POINT('Ctrl Pts',(24.0000003576279,20.0000007450581,42.));
#12999=CARTESIAN_POINT('Ctrl Pts',(24.0000003576279,24.0000008046627,42.));
#13000=CARTESIAN_POINT('Ctrl Pts',(20.0000002980232,24.0000008046627,42.));
#13001=CARTESIAN_POINT('Ctrl Pts',(16.0000002384186,24.0000008046627,42.));
#13002=CARTESIAN_POINT('Ctrl Pts',(16.0000002384186,20.0000007450581,42.));
#13003=CARTESIAN_POINT('Ctrl Pts',(18.0000002384186,20.0000007450581,42.));
#13004=CARTESIAN_POINT('Ctrl Pts',(18.0000002384186,18.0000006854534,42.));
#13005=CARTESIAN_POINT('Ctrl Pts',(20.0000002980232,18.0000006854534,42.));
#13006=CARTESIAN_POINT('Ctrl Pts',(22.0000003576279,18.0000006854534,42.));
#13007=CARTESIAN_POINT('Ctrl Pts',(22.0000003576279,20.0000007450581,42.));
#13008=CARTESIAN_POINT('Ctrl Pts',(22.0000003576279,22.0000008046627,42.));
#13009=CARTESIAN_POINT('Ctrl Pts',(20.0000002980232,22.0000008046627,42.));
#13010=CARTESIAN_POINT('Ctrl Pts',(18.0000002384186,22.0000008046627,42.));
#13011=CARTESIAN_POINT('Ctrl Pts',(18.0000002384186,20.0000007450581,42.));
#13012=CARTESIAN_POINT('',(16.0000002384186,20.0000007450581,40.));
#13013=CARTESIAN_POINT('Origin',(18.0000002384186,20.0000007450581,40.));
#13014=CARTESIAN_POINT('Origin',(20.0000002980232,20.0000007450581,40.));
#13015=CARTESIAN_POINT('Origin',(20.0000002980232,20.0000007450581,40.));
#13016=CARTESIAN_POINT('',(17.1500002980232,20.0000007450581,40.));
#13017=CARTESIAN_POINT('Origin',(20.0000002980232,20.0000007450581,40.));
#13018=CARTESIAN_POINT('Origin',(20.0000002980232,20.0000007450581,40.));
#13019=CARTESIAN_POINT('',(17.1500002980232,20.0000007450581,20.));
#13020=CARTESIAN_POINT('Origin',(20.0000002980232,20.0000007450581,20.));
#13021=CARTESIAN_POINT('',(17.1500002980232,20.0000007450581,40.));
#13022=CARTESIAN_POINT('Origin',(20.0000002980232,20.0000007450581,20.));
#13023=CARTESIAN_POINT('Origin',(50.0000002980232,20.0000007450581,42.));
#13024=CARTESIAN_POINT('',(52.0000003576279,20.0000007450581,42.));
#13025=CARTESIAN_POINT('',(48.0000002384186,20.0000007450581,42.));
#13026=CARTESIAN_POINT('Origin',(50.0000002980232,20.0000007450581,42.));
#13027=CARTESIAN_POINT('',(52.0000003576279,20.0000007450581,41.5));
#13028=CARTESIAN_POINT('',(52.0000003576279,20.0000007450581,42.));
#13029=CARTESIAN_POINT('Origin',(50.0000002980232,20.0000007450581,41.5));
#13030=CARTESIAN_POINT('Origin',(50.0000002980232,20.0000007450581,42.));
#13031=CARTESIAN_POINT('Origin',(50.0000002980232,20.0000007450581,41.5));
#13032=CARTESIAN_POINT('Ctrl Pts',(46.0000002384186,20.0000007450581,40.));
#13033=CARTESIAN_POINT('Ctrl Pts',(46.0000002384186,16.0000006854534,40.));
#13034=CARTESIAN_POINT('Ctrl Pts',(50.0000002980232,16.0000006854534,40.));
#13035=CARTESIAN_POINT('Ctrl Pts',(54.0000003576279,16.0000006854534,40.));
#13036=CARTESIAN_POINT('Ctrl Pts',(54.0000003576279,20.0000007450581,40.));
#13037=CARTESIAN_POINT('Ctrl Pts',(54.0000003576279,24.0000008046627,40.));
#13038=CARTESIAN_POINT('Ctrl Pts',(50.0000002980232,24.0000008046627,40.));
#13039=CARTESIAN_POINT('Ctrl Pts',(46.0000002384186,24.0000008046627,40.));
#13040=CARTESIAN_POINT('Ctrl Pts',(46.0000002384186,20.0000007450581,40.));
#13041=CARTESIAN_POINT('Ctrl Pts',(46.0000002384186,20.0000007450581,42.));
#13042=CARTESIAN_POINT('Ctrl Pts',(46.0000002384186,16.0000006854534,42.));
#13043=CARTESIAN_POINT('Ctrl Pts',(50.0000002980232,16.0000006854534,42.));
#13044=CARTESIAN_POINT('Ctrl Pts',(54.0000003576279,16.0000006854534,42.));
#13045=CARTESIAN_POINT('Ctrl Pts',(54.0000003576279,20.0000007450581,42.));
#13046=CARTESIAN_POINT('Ctrl Pts',(54.0000003576279,24.0000008046627,42.));
#13047=CARTESIAN_POINT('Ctrl Pts',(50.0000002980232,24.0000008046627,42.));
#13048=CARTESIAN_POINT('Ctrl Pts',(46.0000002384186,24.0000008046627,42.));
#13049=CARTESIAN_POINT('Ctrl Pts',(46.0000002384186,20.0000007450581,42.));
#13050=CARTESIAN_POINT('Ctrl Pts',(48.0000002384186,20.0000007450581,42.));
#13051=CARTESIAN_POINT('Ctrl Pts',(48.0000002384186,18.0000006854534,42.));
#13052=CARTESIAN_POINT('Ctrl Pts',(50.0000002980232,18.0000006854534,42.));
#13053=CARTESIAN_POINT('Ctrl Pts',(52.0000003576279,18.0000006854534,42.));
#13054=CARTESIAN_POINT('Ctrl Pts',(52.0000003576279,20.0000007450581,42.));
#13055=CARTESIAN_POINT('Ctrl Pts',(52.0000003576279,22.0000008046627,42.));
#13056=CARTESIAN_POINT('Ctrl Pts',(50.0000002980232,22.0000008046627,42.));
#13057=CARTESIAN_POINT('Ctrl Pts',(48.0000002384186,22.0000008046627,42.));
#13058=CARTESIAN_POINT('Ctrl Pts',(48.0000002384186,20.0000007450581,42.));
#13059=CARTESIAN_POINT('',(46.0000002384186,20.0000007450581,40.));
#13060=CARTESIAN_POINT('Origin',(48.0000002384186,20.0000007450581,40.));
#13061=CARTESIAN_POINT('Origin',(50.0000002980232,20.0000007450581,40.));
#13062=CARTESIAN_POINT('Origin',(50.0000002980232,20.0000007450581,40.));
#13063=CARTESIAN_POINT('',(47.1500002980232,20.0000007450581,40.));
#13064=CARTESIAN_POINT('Origin',(50.0000002980232,20.0000007450581,40.));
#13065=CARTESIAN_POINT('Origin',(50.0000002980232,20.0000007450581,40.));
#13066=CARTESIAN_POINT('',(47.1500002980232,20.0000007450581,20.));
#13067=CARTESIAN_POINT('Origin',(50.0000002980232,20.0000007450581,20.));
#13068=CARTESIAN_POINT('',(47.1500002980232,20.0000007450581,40.));
#13069=CARTESIAN_POINT('Origin',(50.0000002980232,20.0000007450581,20.));
#13070=CARTESIAN_POINT('Origin',(50.0000002980232,50.0000007450581,42.));
#13071=CARTESIAN_POINT('',(52.0000003576279,50.0000007450581,42.));
#13072=CARTESIAN_POINT('',(48.0000002384186,50.0000007450581,42.));
#13073=CARTESIAN_POINT('Origin',(50.0000002980232,50.0000007450581,42.));
#13074=CARTESIAN_POINT('',(52.0000003576279,50.0000007450581,41.5));
#13075=CARTESIAN_POINT('',(52.0000003576279,50.0000007450581,42.));
#13076=CARTESIAN_POINT('Origin',(50.0000002980232,50.0000007450581,41.5));
#13077=CARTESIAN_POINT('Origin',(50.0000002980232,50.0000007450581,42.));
#13078=CARTESIAN_POINT('Origin',(50.0000002980232,50.0000007450581,41.5));
#13079=CARTESIAN_POINT('Ctrl Pts',(46.0000002384186,50.0000007450581,40.));
#13080=CARTESIAN_POINT('Ctrl Pts',(46.0000002384186,46.0000006854534,40.));
#13081=CARTESIAN_POINT('Ctrl Pts',(50.0000002980232,46.0000006854534,40.));
#13082=CARTESIAN_POINT('Ctrl Pts',(54.0000003576279,46.0000006854534,40.));
#13083=CARTESIAN_POINT('Ctrl Pts',(54.0000003576279,50.0000007450581,40.));
#13084=CARTESIAN_POINT('Ctrl Pts',(54.0000003576279,54.0000008046627,40.));
#13085=CARTESIAN_POINT('Ctrl Pts',(50.0000002980232,54.0000008046627,40.));
#13086=CARTESIAN_POINT('Ctrl Pts',(46.0000002384186,54.0000008046627,40.));
#13087=CARTESIAN_POINT('Ctrl Pts',(46.0000002384186,50.0000007450581,40.));
#13088=CARTESIAN_POINT('Ctrl Pts',(46.0000002384186,50.0000007450581,42.));
#13089=CARTESIAN_POINT('Ctrl Pts',(46.0000002384186,46.0000006854534,42.));
#13090=CARTESIAN_POINT('Ctrl Pts',(50.0000002980232,46.0000006854534,42.));
#13091=CARTESIAN_POINT('Ctrl Pts',(54.0000003576279,46.0000006854534,42.));
#13092=CARTESIAN_POINT('Ctrl Pts',(54.0000003576279,50.0000007450581,42.));
#13093=CARTESIAN_POINT('Ctrl Pts',(54.0000003576279,54.0000008046627,42.));
#13094=CARTESIAN_POINT('Ctrl Pts',(50.0000002980232,54.0000008046627,42.));
#13095=CARTESIAN_POINT('Ctrl Pts',(46.0000002384186,54.0000008046627,42.));
#13096=CARTESIAN_POINT('Ctrl Pts',(46.0000002384186,50.0000007450581,42.));
#13097=CARTESIAN_POINT('Ctrl Pts',(48.0000002384186,50.0000007450581,42.));
#13098=CARTESIAN_POINT('Ctrl Pts',(48.0000002384186,48.0000006854534,42.));
#13099=CARTESIAN_POINT('Ctrl Pts',(50.0000002980232,48.0000006854534,42.));
#13100=CARTESIAN_POINT('Ctrl Pts',(52.0000003576279,48.0000006854534,42.));
#13101=CARTESIAN_POINT('Ctrl Pts',(52.0000003576279,50.0000007450581,42.));
#13102=CARTESIAN_POINT('Ctrl Pts',(52.0000003576279,52.0000008046627,42.));
#13103=CARTESIAN_POINT('Ctrl Pts',(50.0000002980232,52.0000008046627,42.));
#13104=CARTESIAN_POINT('Ctrl Pts',(48.0000002384186,52.0000008046627,42.));
#13105=CARTESIAN_POINT('Ctrl Pts',(48.0000002384186,50.0000007450581,42.));
#13106=CARTESIAN_POINT('',(46.0000002384186,50.0000007450581,40.));
#13107=CARTESIAN_POINT('Origin',(48.0000002384186,50.0000007450581,40.));
#13108=CARTESIAN_POINT('Origin',(50.0000002980232,50.0000007450581,40.));
#13109=CARTESIAN_POINT('Origin',(50.0000002980232,50.0000007450581,40.));
#13110=CARTESIAN_POINT('',(47.1500002980232,50.0000007450581,40.));
#13111=CARTESIAN_POINT('Origin',(50.0000002980232,50.0000007450581,40.));
#13112=CARTESIAN_POINT('Origin',(50.0000002980232,50.0000007450581,40.));
#13113=CARTESIAN_POINT('',(47.1500002980232,50.0000007450581,20.));
#13114=CARTESIAN_POINT('Origin',(50.0000002980232,50.0000007450581,20.));
#13115=CARTESIAN_POINT('',(47.1500002980232,50.0000007450581,40.));
#13116=CARTESIAN_POINT('Origin',(50.0000002980232,50.0000007450581,20.));
#13117=CARTESIAN_POINT('',(24.5203339912844,37.1026268253946,17.1));
#13118=CARTESIAN_POINT('',(37.1764529603112,45.5480524926976,17.1));
#13119=CARTESIAN_POINT('',(32.498072280738,24.326764377785,17.1319953370231));
#13120=CARTESIAN_POINT('',(45.6122527265044,32.7357997661931,17.1));
#13121=UNCERTAINTY_MEASURE_WITH_UNIT(LENGTH_MEASURE(0.01),#13127,
'DISTANCE_ACCURACY_VALUE',
'Maximum model space distance between geometric entities at asserted c
onnectivities');
#13122=UNCERTAINTY_MEASURE_WITH_UNIT(LENGTH_MEASURE(0.01),#13127,
'DISTANCE_ACCURACY_VALUE',
'Maximum model space distance between geometric entities at asserted c
onnectivities');
#13123=UNCERTAINTY_MEASURE_WITH_UNIT(LENGTH_MEASURE(0.01),#13127,
'DISTANCE_ACCURACY_VALUE',
'Maximum model space distance between geometric entities at asserted c
onnectivities');
#13124=(
GEOMETRIC_REPRESENTATION_CONTEXT(3)
GLOBAL_UNCERTAINTY_ASSIGNED_CONTEXT((#13121))
GLOBAL_UNIT_ASSIGNED_CONTEXT((#13127,#13129,#13130))
REPRESENTATION_CONTEXT('','3D')
);
#13125=(
GEOMETRIC_REPRESENTATION_CONTEXT(3)
GLOBAL_UNCERTAINTY_ASSIGNED_CONTEXT((#13122))
GLOBAL_UNIT_ASSIGNED_CONTEXT((#13127,#13129,#13130))
REPRESENTATION_CONTEXT('','3D')
);
#13126=(
GEOMETRIC_REPRESENTATION_CONTEXT(3)
GLOBAL_UNCERTAINTY_ASSIGNED_CONTEXT((#13123))
GLOBAL_UNIT_ASSIGNED_CONTEXT((#13127,#13129,#13130))
REPRESENTATION_CONTEXT('','3D')
);
#13127=(
LENGTH_UNIT()
NAMED_UNIT(*)
SI_UNIT(.MILLI.,.METRE.)
);
#13128=(
LENGTH_UNIT()
NAMED_UNIT(*)
SI_UNIT($,.METRE.)
);
#13129=(
NAMED_UNIT(*)
PLANE_ANGLE_UNIT()
SI_UNIT($,.RADIAN.)
);
#13130=(
NAMED_UNIT(*)
SI_UNIT($,.STERADIAN.)
SOLID_ANGLE_UNIT()
);
#13131=SHAPE_DEFINITION_REPRESENTATION(#13133,#13139);
#13132=SHAPE_DEFINITION_REPRESENTATION(#13134,#13140);
#13133=PRODUCT_DEFINITION_SHAPE('',$,#13142);
#13134=PRODUCT_DEFINITION_SHAPE('',$,#13143);
#13135=PRODUCT_DEFINITION_SHAPE($,$,#23);
#13136=PRODUCT_DEFINITION_SHAPE($,$,#24);
#13137=PRODUCT_DEFINITION_SHAPE($,$,#25);
#13138=PRODUCT_DEFINITION_SHAPE($,$,#26);
#13139=SHAPE_REPRESENTATION('',(#7381,#7872,#7873,#7874,#7875),#13124);
#13140=SHAPE_REPRESENTATION('',(#7382),#13125);
#13141=PRODUCT_DEFINITION_CONTEXT('part definition',#13149,'design');
#13142=PRODUCT_DEFINITION('2026-10-04-20-42-54-734','joystick',#13144,#13141);
#13143=PRODUCT_DEFINITION('2026-10-04-18-06-07-465',
'MicroSwitch D2F-01F-T \X2\202600A7\X0\ \X2\203900AE00A8\X0\ s',#13145,
#13141);
#13144=PRODUCT_DEFINITION_FORMATION('',$,#13151);
#13145=PRODUCT_DEFINITION_FORMATION('',$,#13152);
#13146=PRODUCT_RELATED_PRODUCT_CATEGORY('joystick','joystick',(#13151));
#13147=PRODUCT_RELATED_PRODUCT_CATEGORY(
'MicroSwitch D2F-01F-T \X2\202600A7\X0\ \X2\203900AE00A8\X0\ s',
'MicroSwitch D2F-01F-T \X2\202600A7\X0\ \X2\203900AE00A8\X0\ s',(#13152));
#13148=APPLICATION_PROTOCOL_DEFINITION('international standard',
'automotive_design',2009,#13149);
#13149=APPLICATION_CONTEXT(
'Core Data for Automotive Mechanical Design Process');
#13150=PRODUCT_CONTEXT('part definition',#13149,'mechanical');
#13151=PRODUCT('2026-10-04-20-42-54-734','joystick',$,(#13150));
#13152=PRODUCT('2026-10-04-18-06-07-465',
'MicroSwitch D2F-01F-T \X2\202600A7\X0\ \X2\203900AE00A8\X0\ s',
'Unknown',(#13150));
#13153=PRESENTATION_STYLE_ASSIGNMENT((#13158));
#13154=PRESENTATION_STYLE_ASSIGNMENT((#13159));
#13155=PRESENTATION_STYLE_ASSIGNMENT((#13160));
#13156=PRESENTATION_STYLE_ASSIGNMENT((#13161));
#13157=PRESENTATION_STYLE_ASSIGNMENT((#13162));
#13158=SURFACE_STYLE_USAGE(.BOTH.,#13163);
#13159=SURFACE_STYLE_USAGE(.BOTH.,#13164);
#13160=SURFACE_STYLE_USAGE(.BOTH.,#13165);
#13161=SURFACE_STYLE_USAGE(.BOTH.,#13166);
#13162=SURFACE_STYLE_USAGE(.BOTH.,#13167);
#13163=SURFACE_SIDE_STYLE('',(#13168));
#13164=SURFACE_SIDE_STYLE('',(#13169));
#13165=SURFACE_SIDE_STYLE('',(#13170));
#13166=SURFACE_SIDE_STYLE('',(#13171));
#13167=SURFACE_SIDE_STYLE('',(#13172));
#13168=SURFACE_STYLE_FILL_AREA(#13173);
#13169=SURFACE_STYLE_FILL_AREA(#13174);
#13170=SURFACE_STYLE_FILL_AREA(#13175);
#13171=SURFACE_STYLE_FILL_AREA(#13176);
#13172=SURFACE_STYLE_FILL_AREA(#13177);
#13173=FILL_AREA_STYLE('Steel - Satin',(#13178));
#13174=FILL_AREA_STYLE('Opaque(51,51,51)',(#13179));
#13175=FILL_AREA_STYLE('Opaque(229,229,229)',(#13180));
#13176=FILL_AREA_STYLE('Opaque(102,178,255)',(#13181));
#13177=FILL_AREA_STYLE('Opaque(204,204,204)',(#13182));
#13178=FILL_AREA_STYLE_COLOUR('Steel - Satin',#13183);
#13179=FILL_AREA_STYLE_COLOUR('Opaque(51,51,51)',#13184);
#13180=FILL_AREA_STYLE_COLOUR('Opaque(229,229,229)',#13185);
#13181=FILL_AREA_STYLE_COLOUR('Opaque(102,178,255)',#13186);
#13182=FILL_AREA_STYLE_COLOUR('Opaque(204,204,204)',#13187);
#13183=COLOUR_RGB('Steel - Satin',0.627450980392157,0.627450980392157,0.627450980392157);
#13184=COLOUR_RGB('Opaque(51,51,51)',0.2,0.2,0.2);
#13185=COLOUR_RGB('Opaque(229,229,229)',0.898039215686275,0.898039215686275,
0.898039215686275);
#13186=COLOUR_RGB('Opaque(102,178,255)',0.4,0.698039215686274,1.);
#13187=COLOUR_RGB('Opaque(204,204,204)',0.8,0.8,0.8);
ENDSEC;
END-ISO-10303-21;
